Red Universitaria de Observatorios Atmosfericos (RUOA)
Atmospheric Observatory Hermosillo (erno), Sonora
Lat 29.0814 N, Lon 110.9706 W, Alt 154 masl
Time UTC-7h
Air Quality data
Flags: OK = Reliable data, BDL = Below Detection Limit, OR = Out of Range, OS = Out of Service 
 
Time,O3,O3_flag,SO2,SO2_flag,NO2,NO2_flag,NO,NO_flag,CO,CO_flag,PM10,PM10_flag,PM2.5,PM2.5_flag
yyyy-mm-dd HH:MM:SS,ppb,flag,ppb,flag,ppb,flag,ppb,flag,ppm,flag,ug/m^3,flag,ug/m^3,flag
2016-11-01 00:00:00,1.27,OK,1.18,OK,null,OS,null,OS,4.72,OK,39.21,OK,6.11,OK
2016-11-01 01:00:00,4.19,OK,1.1,OK,null,OS,null,OS,4.6,OK,47.01,OK,12.46,OK
2016-11-01 02:00:00,3.09,OK,1.1,OK,null,OS,null,OS,4.6,OK,23.34,OK,8.55,OK
2016-11-01 03:00:00,4.03,OK,1.1,OK,null,OS,null,OS,4.55,OK,30.5,OK,5.97,OK
2016-11-01 04:00:00,1.84,OK,1.16,OK,null,OS,null,OS,4.6,OK,26.15,OK,5.31,OK
2016-11-01 05:00:00,1.13,OK,1.2,OK,null,OS,null,OS,4.76,OK,43.92,OK,10.51,OK
2016-11-01 06:00:00,1.62,OK,1.33,OK,null,OS,null,OS,5.09,OK,46.1,OK,6.91,OK
2016-11-01 07:00:00,3.76,OK,1.33,OK,null,OS,null,OS,5.03,OK,55.98,OK,-7.75,OR
2016-11-01 08:00:00,6.74,OK,1.2,OK,null,OS,null,OS,4.9,OK,41.88,OK,6.46,OK
2016-11-01 09:00:00,6.12,OK,1.22,OK,null,OS,null,OS,4.95,OK,45.49,OK,6.97,OK
2016-11-01 10:00:00,6.54,OK,1.17,OK,null,OS,null,OS,4.89,OK,61.86,OK,15.41,OK
2016-11-01 11:00:00,6.83,OK,1.13,OK,null,OS,null,OS,4.87,OK,41.26,OK,10.56,OK
2016-11-01 12:00:00,5.66,OK,1.14,OK,null,OS,null,OS,4.95,OK,40.22,OK,5.19,OK
2016-11-01 13:00:00,5.09,OK,1.16,OK,null,OS,null,OS,5.0,OK,39.77,OK,5.06,OK
2016-11-01 14:00:00,4.18,OK,1.15,OK,null,OS,null,OS,5.02,OK,38.18,OK,2.81,BDL
2016-11-01 15:00:00,4.31,OK,1.2,OK,null,OS,null,OS,5.04,OK,48.97,OK,17.51,OK
2016-11-01 16:00:00,2.89,OK,1.21,OK,null,OS,null,OS,5.21,OK,54.0,OK,5.25,OK
2016-11-01 17:00:00,1.39,OK,1.3,OK,null,OS,null,OS,5.28,OK,61.99,OK,15.22,OK
2016-11-01 18:00:00,1.57,OK,1.27,OK,null,OS,null,OS,5.2,OK,77.86,OK,10.5,OK
2016-11-01 19:00:00,2.69,OK,1.21,OK,null,OS,null,OS,5.02,OK,63.79,OK,12.04,OK
2016-11-01 20:00:00,3.15,OK,1.12,OK,null,OS,null,OS,4.92,OK,41.05,OK,8.69,OK
2016-11-01 21:00:00,3.08,OK,1.13,OK,null,OS,null,OS,4.9,OK,40.45,OK,6.31,OK
2016-11-01 22:00:00,2.28,OK,1.21,OK,null,OS,null,OS,4.91,OK,41.2,OK,12.55,OK
2016-11-01 23:00:00,1.11,OK,1.15,OK,null,OS,null,OS,4.98,OK,42.5,OK,6.83,OK
2016-11-02 00:00:00,2.01,OK,1.18,OK,null,OS,null,OS,4.82,OK,55.08,OK,12.19,OK
2016-11-02 01:00:00,1.78,OK,1.11,OK,null,OS,null,OS,4.85,OK,32.76,OK,10.39,OK
2016-11-02 02:00:00,1.26,OK,1.12,OK,null,OS,null,OS,4.84,OK,32.59,OK,9.61,OK
2016-11-02 03:00:00,1.21,OK,1.1,OK,null,OS,null,OS,4.78,OK,38.37,OK,11.56,OK
2016-11-02 04:00:00,1.29,OK,1.08,OK,null,OS,null,OS,4.68,OK,37.12,OK,9.33,OK
2016-11-02 05:00:00,1.29,OK,1.18,OK,null,OS,null,OS,4.79,OK,33.49,OK,9.13,OK
2016-11-02 06:00:00,2.24,OK,1.18,OK,null,OS,null,OS,4.89,OK,26.06,OK,-0.93,BDL
2016-11-02 07:00:00,6.55,OK,1.17,OK,null,OS,null,OS,4.83,OK,33.97,OK,-2.53,BDL
2016-11-02 08:00:00,8.5,OK,1.15,OK,null,OS,null,OS,4.84,OK,40.86,OK,-0.06,BDL
2016-11-02 09:00:00,12.79,OK,1.13,OK,null,OS,null,OS,4.78,OK,53.51,OK,6.16,OK
2016-11-02 10:00:00,14.97,OK,1.11,OK,null,OS,null,OS,4.74,OK,43.28,OK,4.07,OK
2016-11-02 11:00:00,15.81,OK,1.11,OK,null,OS,null,OS,4.7,OK,40.69,OK,3.29,BDL
2016-11-02 12:00:00,15.31,OK,1.13,OK,null,OS,null,OS,4.72,OK,35.52,OK,8.3,OK
2016-11-02 13:00:00,17.72,OK,1.13,OK,null,OS,null,OS,4.71,OK,44.12,OK,5.78,OK
2016-11-02 14:00:00,18.76,OK,1.09,OK,null,OS,null,OS,4.71,OK,28.82,OK,7.16,OK
2016-11-02 15:00:00,18.07,OK,1.09,OK,null,OS,null,OS,4.72,OK,24.32,OK,-7.58,OR
2016-11-02 16:00:00,13.07,OK,1.14,OK,null,OS,null,OS,4.86,OK,29.35,OK,2.67,BDL
2016-11-02 17:00:00,7.09,OK,1.13,OK,null,OS,null,OS,4.9,OK,38.05,OK,7.53,OK
2016-11-02 18:00:00,5.89,OK,1.16,OK,null,OS,null,OS,4.86,OK,64.2,OK,9.46,OK
2016-11-02 19:00:00,8.71,OK,1.18,OK,null,OS,null,OS,4.91,OK,50.14,OK,13.03,OK
2016-11-02 20:00:00,7.17,OK,1.15,OK,null,OS,null,OS,4.85,OK,43.06,OK,8.24,OK
2016-11-02 21:00:00,6.22,OK,1.27,OK,null,OS,null,OS,4.87,OK,46.84,OK,13.14,OK
2016-11-02 22:00:00,4.06,OK,1.13,OK,null,OS,null,OS,4.85,OK,67.7,OK,19.41,OK
2016-11-02 23:00:00,3.28,OK,1.18,OK,null,OS,null,OS,4.84,OK,44.46,OK,13.19,OK
2016-11-03 00:00:00,2.75,OK,1.1,OK,null,OS,null,OS,4.81,OK,36.97,OK,7.86,OK
2016-11-03 01:00:00,6.15,OK,1.07,OK,null,OS,null,OS,4.73,OK,38.44,OK,8.23,OK
2016-11-03 02:00:00,6.32,OK,1.13,OK,null,OS,null,OS,4.63,OK,50.59,OK,21.49,OK
2016-11-03 03:00:00,14.0,OK,1.06,OK,null,OS,null,OS,4.53,OK,39.72,OK,5.78,OK
2016-11-03 04:00:00,22.27,OK,1.09,OK,null,OS,null,OS,4.47,OK,20.04,OK,2.48,BDL
2016-11-03 05:00:00,15.86,OK,1.11,OK,null,OS,null,OS,4.59,OK,29.81,OK,6.9,OK
2016-11-03 06:00:00,1.75,OK,1.26,OK,null,OS,null,OS,4.96,OK,52.35,OK,1.71,BDL
2016-11-03 07:00:00,2.63,OK,1.69,OK,null,OS,null,OS,5.86,OK,123.46,OK,9.02,OK
2016-11-03 08:00:00,7.61,OK,1.6,OK,null,OS,null,OS,5.61,OK,129.42,OK,15.42,OK
2016-11-03 09:00:00,16.84,OK,1.36,OK,null,OS,null,OS,5.28,OK,102.62,OK,15.16,OK
2016-11-03 10:00:00,23.76,OK,1.25,OK,null,OS,null,OS,4.95,OK,52.98,OK,5.27,OK
2016-11-03 11:00:00,19.91,OK,1.29,OK,null,OS,null,OS,4.89,OK,47.82,OK,7.0,OK
2016-11-03 12:00:00,21.32,OK,1.23,OK,null,OS,null,OS,4.84,OK,40.46,OK,8.02,OK
2016-11-03 13:00:00,22.81,OK,1.22,OK,null,OS,null,OS,4.79,OK,26.49,OK,8.61,OK
2016-11-03 14:00:00,20.34,OK,1.2,OK,null,OS,null,OS,4.81,OK,33.39,OK,9.82,OK
2016-11-03 15:00:00,18.26,OK,1.27,OK,null,OS,null,OS,4.92,OK,31.5,OK,16.64,OK
2016-11-03 16:00:00,11.88,OK,1.3,OK,null,OS,null,OS,5.15,OK,32.52,OK,6.5,OK
2016-11-03 17:00:00,4.93,OK,1.37,OK,null,OS,null,OS,5.25,OK,67.16,OK,6.62,OK
2016-11-03 18:00:00,6.43,OK,1.25,OK,null,OS,null,OS,5.04,OK,64.07,OK,10.91,OK
2016-11-03 19:00:00,6.3,OK,1.26,OK,null,OS,null,OS,4.98,OK,57.58,OK,14.64,OK
2016-11-03 20:00:00,4.5,OK,1.32,OK,null,OS,null,OS,5.04,OK,65.82,OK,8.8,OK
2016-11-03 21:00:00,1.48,OK,1.32,OK,null,OS,null,OS,5.15,OK,71.81,OK,18.57,OK
2016-11-03 22:00:00,2.39,OK,1.36,OK,null,OS,null,OS,5.19,OK,104.57,OK,20.18,OK
2016-11-03 23:00:00,10.38,OK,1.21,OK,null,OS,null,OS,4.75,OK,60.97,OK,19.71,OK
2016-11-04 00:00:00,8.85,OK,1.23,OK,null,OS,null,OS,4.76,OK,43.55,OK,4.89,OK
2016-11-04 01:00:00,10.72,OK,1.16,OK,null,OS,null,OS,4.61,OK,37.71,OK,11.89,OK
2016-11-04 02:00:00,10.78,OK,1.16,OK,null,OS,null,OS,4.49,OK,42.51,OK,15.19,OK
2016-11-04 03:00:00,8.55,OK,1.17,OK,null,OS,null,OS,4.51,OK,35.75,OK,13.16,OK
2016-11-04 04:00:00,12.75,OK,1.17,OK,null,OS,null,OS,4.48,OK,24.91,OK,6.91,OK
2016-11-04 05:00:00,11.46,OK,1.11,OK,null,OS,null,OS,4.57,OK,31.59,OK,2.35,BDL
2016-11-04 06:00:00,4.88,OK,1.3,OK,null,OS,null,OS,4.86,OK,6.55,OK,-6.65,OR
2016-11-04 07:00:00,10.24,OK,1.35,OK,null,OS,null,OS,4.94,OK,45.87,OK,-3.63,BDL
2016-11-04 08:00:00,16.48,OK,1.32,OK,null,OS,null,OS,4.84,OK,63.12,OK,2.56,BDL
2016-11-04 09:00:00,23.69,OK,1.24,OK,null,OS,null,OS,4.8,OK,55.49,OK,-0.81,BDL
2016-11-04 10:00:00,21.63,OK,1.25,OK,null,OS,null,OS,4.84,OK,26.3,OK,1.11,BDL
2016-11-04 11:00:00,27.52,OK,1.24,OK,null,OS,null,OS,4.78,OK,53.91,OK,7.38,OK
2016-11-04 12:00:00,24.26,OK,1.29,OK,null,OS,null,OS,4.91,OK,69.9,OK,18.21,OK
2016-11-04 13:00:00,24.52,OK,1.23,OK,null,OS,null,OS,4.79,OK,38.06,OK,8.79,OK
2016-11-04 14:00:00,19.6,OK,1.19,OK,null,OS,null,OS,4.86,OK,30.35,OK,8.02,OK
2016-11-04 15:00:00,16.55,OK,1.21,OK,null,OS,null,OS,4.94,OK,19.36,OK,6.96,OK
2016-11-04 16:00:00,7.43,OK,1.33,OK,null,OS,null,OS,5.31,OK,36.49,OK,6.38,OK
2016-11-04 17:00:00,3.16,OK,1.42,OK,null,OS,null,OS,5.44,OK,73.85,OK,13.31,OK
2016-11-04 18:00:00,3.88,OK,1.33,OK,null,OS,null,OS,5.27,OK,90.78,OK,15.61,OK
2016-11-04 19:00:00,1.8,OK,1.55,OK,null,OS,null,OS,5.41,OK,88.47,OK,12.32,OK
2016-11-04 20:00:00,1.51,OK,1.29,OK,null,OS,null,OS,5.3,OK,111.1,OK,17.98,OK
2016-11-04 21:00:00,1.91,OK,1.27,OK,null,OS,null,OS,5.24,OK,97.46,OK,19.93,OK
2016-11-04 22:00:00,1.15,OK,1.4,OK,null,OS,null,OS,5.44,OK,91.54,OK,19.88,OK
2016-11-04 23:00:00,4.27,OK,1.25,OK,null,OS,null,OS,4.92,OK,87.01,OK,23.76,OK
2016-11-05 00:00:00,5.22,OK,1.24,OK,null,OS,null,OS,4.97,OK,44.84,OK,9.63,OK
2016-11-05 01:00:00,2.41,OK,1.23,OK,null,OS,null,OS,4.96,OK,52.2,OK,13.07,OK
2016-11-05 02:00:00,15.86,OK,1.14,OK,null,OS,null,OS,4.62,OK,50.62,OK,12.21,OK
2016-11-05 03:00:00,10.44,OK,1.1,OK,null,OS,null,OS,4.73,OK,27.35,OK,7.37,OK
2016-11-05 04:00:00,6.79,OK,1.15,OK,null,OS,null,OS,4.76,OK,31.26,OK,8.5,OK
2016-11-05 05:00:00,1.38,OK,1.18,OK,null,OS,null,OS,4.94,OK,34.54,OK,13.36,OK
2016-11-05 06:00:00,1.38,OK,1.27,OK,null,OS,null,OS,5.04,OK,76.84,OK,17.15,OK
2016-11-05 07:00:00,2.63,OK,1.42,OK,null,OS,null,OS,5.29,OK,86.96,OK,9.45,OK
2016-11-05 08:00:00,5.51,OK,1.3,OK,null,OS,null,OS,5.03,OK,97.8,OK,16.86,OK
2016-11-05 09:00:00,10.42,OK,1.31,OK,null,OS,null,OS,5.18,OK,97.58,OK,0.8,BDL
2016-11-05 10:00:00,24.1,OK,1.25,OK,null,OS,null,OS,4.91,OK,74.69,OK,14.99,OK
2016-11-05 11:00:00,31.02,OK,1.2,OK,null,OS,null,OS,4.88,OK,43.34,OK,5.18,OK
2016-11-05 12:00:00,39.24,OK,1.21,OK,null,OS,null,OS,4.8,OK,54.17,OK,16.0,OK
2016-11-05 13:00:00,22.97,OK,1.23,OK,null,OS,null,OS,4.84,OK,35.62,OK,11.23,OK
2016-11-05 14:00:00,23.09,OK,1.1,OK,null,OS,null,OS,4.75,OK,29.56,OK,10.97,OK
2016-11-05 15:00:00,23.44,OK,1.11,OK,null,OS,null,OS,4.75,OK,15.57,OK,5.49,OK
2016-11-05 16:00:00,16.88,OK,1.21,OK,null,OS,null,OS,4.98,OK,36.52,OK,4.82,OK
2016-11-05 17:00:00,4.27,OK,1.25,OK,null,OS,null,OS,5.2,OK,83.03,OK,12.28,OK
2016-11-05 18:00:00,4.27,OK,1.39,OK,null,OS,null,OS,5.26,OK,91.83,OK,17.08,OK
2016-11-05 19:00:00,4.77,OK,1.2,OK,null,OS,null,OS,5.16,OK,87.68,OK,18.23,OK
2016-11-05 20:00:00,4.8,OK,1.21,OK,null,OS,null,OS,5.06,OK,73.29,OK,14.92,OK
2016-11-05 21:00:00,2.38,OK,1.21,OK,null,OS,null,OS,5.14,OK,69.22,OK,12.51,OK
2016-11-05 22:00:00,1.15,OK,1.22,OK,null,OS,null,OS,5.29,OK,64.73,OK,19.88,OK
2016-11-05 23:00:00,12.2,OK,1.13,OK,null,OS,null,OS,4.84,OK,73.83,OK,18.62,OK
2016-11-06 00:00:00,10.01,OK,1.13,OK,null,OS,null,OS,4.74,OK,53.98,OK,10.74,OK
2016-11-06 01:00:00,9.02,OK,1.15,OK,null,OS,null,OS,4.76,OK,52.44,OK,13.37,OK
2016-11-06 02:00:00,21.37,OK,1.11,OK,null,OS,null,OS,4.61,OK,40.99,OK,6.05,OK
2016-11-06 03:00:00,11.33,OK,1.17,OK,null,OS,null,OS,4.62,OK,35.88,OK,14.48,OK
2016-11-06 04:00:00,13.79,OK,1.09,OK,null,OS,null,OS,4.6,OK,46.63,OK,8.41,OK
2016-11-06 05:00:00,18.76,OK,1.11,OK,null,OS,null,OS,4.57,OK,18.41,OK,3.5,BDL
2016-11-06 06:00:00,17.3,OK,1.13,OK,null,OS,null,OS,4.65,OK,11.33,OK,-6.57,OR
2016-11-06 07:00:00,24.79,OK,1.16,OK,null,OS,null,OS,4.65,OK,14.96,OK,-0.17,BDL
2016-11-06 08:00:00,29.32,OK,1.18,OK,null,OS,null,OS,4.64,OK,24.89,OK,1.64,BDL
2016-11-06 09:00:00,38.5,OK,1.23,OK,null,OS,null,OS,4.63,OK,27.21,OK,-1.98,BDL
2016-11-06 10:00:00,39.76,OK,1.23,OK,null,OS,null,OS,4.66,OK,26.73,OK,0.25,BDL
2016-11-06 11:00:00,41.0,OK,1.17,OK,null,OS,null,OS,4.68,OK,18.03,OK,7.66,OK
2016-11-06 12:00:00,34.01,OK,1.16,OK,null,OS,null,OS,4.67,OK,34.39,OK,12.7,OK
2016-11-06 13:00:00,41.18,OK,1.2,OK,null,OS,null,OS,4.62,OK,17.4,OK,8.85,OK
2016-11-06 14:00:00,41.4,OK,1.19,OK,null,OS,null,OS,4.65,OK,28.32,OK,9.52,OK
2016-11-06 15:00:00,39.03,OK,1.16,OK,null,OS,null,OS,4.69,OK,32.9,OK,5.34,OK
2016-11-06 16:00:00,21.57,OK,1.17,OK,null,OS,null,OS,4.82,OK,25.32,OK,6.12,OK
2016-11-06 17:00:00,6.81,OK,1.55,OK,null,OS,null,OS,5.12,OK,62.8,OK,8.95,OK
2016-11-06 18:00:00,10.84,OK,1.24,OK,null,OS,null,OS,4.83,OK,72.93,OK,11.78,OK
2016-11-06 19:00:00,7.25,OK,1.18,OK,null,OS,null,OS,4.93,OK,56.78,OK,13.74,OK
2016-11-06 20:00:00,6.29,OK,1.24,OK,null,OS,null,OS,4.9,OK,48.93,OK,10.02,OK
2016-11-06 21:00:00,5.83,OK,1.16,OK,null,OS,null,OS,4.96,OK,46.06,OK,11.55,OK
2016-11-06 22:00:00,1.71,OK,1.22,OK,null,OS,null,OS,5.0,OK,46.1,OK,12.1,OK
2016-11-06 23:00:00,5.84,OK,1.24,OK,null,OS,null,OS,4.95,OK,54.13,OK,8.33,OK
2016-11-07 00:00:00,17.94,OK,1.16,OK,null,OS,null,OS,4.67,OK,53.89,OK,16.48,OK
2016-11-07 01:00:00,26.58,OK,1.13,OK,null,OS,null,OS,4.56,OK,28.01,OK,4.65,OK
2016-11-07 02:00:00,19.1,OK,1.12,OK,null,OS,null,OS,4.54,OK,21.8,OK,7.86,OK
2016-11-07 03:00:00,14.47,OK,1.14,OK,null,OS,null,OS,4.58,OK,15.54,OK,5.19,OK
2016-11-07 04:00:00,10.11,OK,1.14,OK,null,OS,null,OS,4.6,OK,21.58,OK,8.57,OK
2016-11-07 05:00:00,3.29,OK,1.21,OK,null,OS,null,OS,4.76,OK,42.7,OK,8.72,OK
2016-11-07 06:00:00,2.87,OK,1.38,OK,null,OS,null,OS,5.14,OK,44.83,OK,-1.54,BDL
2016-11-07 07:00:00,8.36,OK,1.42,OK,null,OS,null,OS,5.16,OK,56.63,OK,0.13,BDL
2016-11-07 08:00:00,16.6,OK,1.35,OK,null,OS,null,OS,4.99,OK,62.47,OK,2.44,BDL
2016-11-07 09:00:00,27.47,OK,1.29,OK,null,OS,null,OS,4.81,OK,72.8,OK,2.58,BDL
2016-11-07 10:00:00,40.21,OK,1.21,OK,null,OS,null,OS,4.64,OK,91.37,OK,9.13,OK
2016-11-07 11:00:00,37.52,OK,1.2,OK,null,OS,null,OS,4.67,OK,34.68,OK,1.72,BDL
2016-11-07 12:00:00,34.35,OK,1.24,OK,null,OS,null,OS,4.77,OK,25.66,OK,10.42,OK
2016-11-07 13:00:00,33.18,OK,1.22,OK,null,OS,null,OS,4.75,OK,58.07,OK,11.48,OK
2016-11-07 14:00:00,37.35,OK,1.17,OK,null,OS,null,OS,4.89,OK,41.17,OK,8.08,OK
2016-11-07 15:00:00,32.83,OK,1.25,OK,null,OS,null,OS,5.02,OK,37.6,OK,12.75,OK
2016-11-07 16:00:00,13.95,OK,1.57,OK,null,OS,null,OS,5.41,OK,53.48,OK,8.71,OK
2016-11-07 17:00:00,6.38,OK,1.44,OK,null,OS,null,OS,5.48,OK,79.1,OK,12.32,OK
2016-11-07 18:00:00,4.75,OK,1.38,OK,null,OS,null,OS,5.45,OK,62.22,OK,10.18,OK
2016-11-07 19:00:00,2.6,OK,1.42,OK,null,OS,null,OS,5.46,OK,75.12,OK,18.48,OK
2016-11-07 20:00:00,3.43,OK,1.35,OK,null,OS,null,OS,5.2,OK,72.41,OK,11.68,OK
2016-11-07 21:00:00,5.02,OK,1.27,OK,null,OS,null,OS,5.08,OK,58.29,OK,15.8,OK
2016-11-07 22:00:00,1.49,OK,1.32,OK,null,OS,null,OS,5.34,OK,67.57,OK,14.85,OK
2016-11-07 23:00:00,9.25,OK,1.27,OK,null,OS,null,OS,4.91,OK,65.93,OK,16.14,OK
2016-11-08 00:00:00,17.18,OK,1.14,OK,null,OS,null,OS,4.73,OK,46.27,OK,10.53,OK
2016-11-08 01:00:00,15.13,OK,1.21,OK,null,OS,null,OS,4.72,OK,29.1,OK,6.14,OK
2016-11-08 02:00:00,20.27,OK,1.14,OK,null,OS,null,OS,4.61,OK,35.7,OK,14.69,OK
2016-11-08 03:00:00,21.72,OK,1.11,OK,null,OS,null,OS,4.59,OK,16.82,OK,2.0,BDL
2016-11-08 04:00:00,16.92,OK,1.18,OK,null,OS,null,OS,4.62,OK,21.0,OK,5.49,OK
2016-11-08 05:00:00,9.16,OK,1.12,OK,null,OS,null,OS,4.74,OK,34.85,OK,5.89,OK
2016-11-08 06:00:00,3.96,OK,1.35,OK,null,OS,null,OS,5.15,OK,27.27,OK,-4.3,OR
2016-11-08 07:00:00,11.31,OK,1.55,OK,null,OS,null,OS,5.29,OK,62.08,OK,0.04,BDL
2016-11-08 08:00:00,30.72,OK,1.37,OK,null,OS,null,OS,4.67,OK,135.36,OK,6.25,OK
2016-11-08 09:00:00,33.18,OK,1.4,OK,null,OS,null,OS,4.64,OK,113.36,OK,2.26,BDL
2016-11-08 10:00:00,33.05,OK,1.2,OK,null,OS,null,OS,4.62,OK,71.67,OK,2.07,BDL
2016-11-08 11:00:00,38.71,OK,1.18,OK,null,OS,null,OS,4.61,OK,29.97,OK,7.65,OK
2016-11-08 12:00:00,38.64,OK,1.16,OK,null,OS,null,OS,4.62,OK,32.97,OK,7.87,OK
2016-11-08 13:00:00,34.27,OK,1.16,OK,null,OS,null,OS,4.62,OK,23.85,OK,5.64,OK
2016-11-08 14:00:00,33.36,OK,1.19,OK,null,OS,null,OS,4.66,OK,33.73,OK,6.59,OK
2016-11-08 15:00:00,34.86,OK,1.23,OK,null,OS,null,OS,4.64,OK,73.08,OK,10.92,OK
2016-11-08 16:00:00,19.58,OK,1.19,OK,null,OS,null,OS,4.86,OK,46.86,OK,3.63,BDL
2016-11-08 17:00:00,2.06,OK,1.55,OK,null,OS,null,OS,5.63,OK,59.26,OK,8.99,OK
2016-11-08 18:00:00,3.05,OK,2.1,OK,null,OS,null,OS,6.53,OK,92.09,OK,12.06,OK
2016-11-08 19:00:00,24.79,OK,1.24,OK,null,OS,null,OS,4.76,OK,97.53,OK,15.79,OK
2016-11-08 20:00:00,33.26,OK,1.16,OK,null,OS,null,OS,4.61,OK,39.95,OK,6.77,OK
2016-11-08 21:00:00,35.14,OK,1.15,OK,null,OS,null,OS,4.56,OK,118.09,OK,7.53,OK
2016-11-08 22:00:00,34.95,OK,1.12,OK,null,OS,null,OS,4.55,OK,77.38,OK,5.64,OK
2016-11-08 23:00:00,36.81,OK,1.17,OK,null,OS,null,OS,4.54,OK,61.12,OK,10.58,OK
2016-11-09 00:00:00,37.13,OK,1.14,OK,null,OS,null,OS,4.54,OK,41.77,OK,7.67,OK
2016-11-09 01:00:00,36.41,OK,1.14,OK,null,OS,null,OS,4.54,OK,49.91,OK,6.96,OK
2016-11-09 02:00:00,37.14,OK,1.13,OK,null,OS,null,OS,4.54,OK,93.08,OK,7.92,OK
2016-11-09 03:00:00,37.55,OK,1.11,OK,null,OS,null,OS,4.53,OK,143.34,OK,6.46,OK
2016-11-09 04:00:00,38.09,OK,1.13,OK,null,OS,null,OS,4.52,OK,185.5,OK,10.01,OK
2016-11-09 05:00:00,35.29,OK,1.15,OK,null,OS,null,OS,4.56,OK,155.96,OK,10.45,OK
2016-11-09 06:00:00,31.51,OK,1.19,OK,null,OS,null,OS,4.63,OK,104.68,OK,4.71,OK
2016-11-09 07:00:00,32.42,OK,1.19,OK,null,OS,null,OS,4.66,OK,130.34,OK,6.97,OK
2016-11-09 08:00:00,36.17,OK,1.19,OK,null,OS,null,OS,4.62,OK,181.04,OK,13.4,OK
2016-11-09 09:00:00,35.75,OK,1.14,OK,null,OS,null,OS,4.61,OK,110.91,OK,7.35,OK
2016-11-09 10:00:00,36.71,OK,1.19,OK,null,OS,null,OS,4.61,OK,59.52,OK,7.0,OK
2016-11-09 11:00:00,33.54,OK,1.16,OK,null,OS,null,OS,4.6,OK,37.53,OK,5.27,OK
2016-11-09 12:00:00,34.87,OK,1.17,OK,null,OS,null,OS,4.61,OK,22.32,OK,10.39,OK
2016-11-09 13:00:00,36.11,OK,1.15,OK,null,OS,null,OS,4.6,OK,31.45,OK,2.02,BDL
2016-11-09 14:00:00,39.24,OK,1.24,OK,null,OS,null,OS,4.61,OK,20.46,OK,3.64,BDL
2016-11-09 15:00:00,34.31,OK,1.21,OK,null,OS,null,OS,4.66,OK,41.91,OK,1.37,BDL
2016-11-09 16:00:00,14.09,OK,1.34,OK,null,OS,null,OS,5.03,OK,29.21,OK,6.18,OK
2016-11-09 17:00:00,3.77,OK,1.5,OK,null,OS,null,OS,5.33,OK,62.52,OK,3.78,BDL
2016-11-09 18:00:00,19.24,OK,1.21,OK,null,OS,null,OS,4.81,OK,48.67,OK,5.86,OK
2016-11-09 19:00:00,27.67,OK,1.16,OK,null,OS,null,OS,4.68,OK,29.42,OK,9.11,OK
2016-11-09 20:00:00,32.08,OK,1.16,OK,null,OS,null,OS,4.62,OK,20.58,OK,5.72,OK
2016-11-09 21:00:00,30.97,OK,1.18,OK,null,OS,null,OS,4.61,OK,17.34,OK,1.35,BDL
2016-11-09 22:00:00,34.73,OK,1.15,OK,null,OS,null,OS,4.58,OK,13.83,OK,3.68,BDL
2016-11-09 23:00:00,34.37,OK,1.2,OK,null,OS,null,OS,4.59,OK,17.23,OK,4.15,OK
2016-11-10 00:00:00,34.25,OK,1.19,OK,null,OS,null,OS,4.58,OK,15.97,OK,5.56,OK
2016-11-10 01:00:00,34.73,OK,1.41,OK,null,OS,null,OS,4.57,OK,9.6,OK,1.6,BDL
2016-11-10 02:00:00,32.45,OK,1.51,OK,null,OS,null,OS,4.57,OK,16.07,OK,4.54,OK
2016-11-10 03:00:00,31.03,OK,1.42,OK,null,OS,null,OS,4.57,OK,14.06,OK,5.97,OK
2016-11-10 04:00:00,30.42,OK,1.46,OK,null,OS,null,OS,4.58,OK,17.84,OK,2.76,BDL
2016-11-10 05:00:00,27.52,OK,1.44,OK,null,OS,null,OS,4.62,OK,18.95,OK,5.25,OK
2016-11-10 06:00:00,21.23,OK,1.49,OK,null,OS,null,OS,4.74,OK,25.42,OK,0.65,BDL
2016-11-10 07:00:00,21.5,OK,1.45,OK,null,OS,null,OS,4.78,OK,30.01,OK,-1.48,BDL
2016-11-10 08:00:00,27.37,OK,1.41,OK,null,OS,null,OS,4.73,OK,34.91,OK,3.22,BDL
2016-11-10 09:00:00,30.17,OK,1.32,OK,null,OS,null,OS,4.69,OK,37.0,OK,-1.61,BDL
2016-11-10 10:00:00,32.16,OK,1.27,OK,null,OS,null,OS,4.71,OK,24.05,OK,2.24,BDL
2016-11-10 11:00:00,27.55,OK,1.27,OK,null,OS,null,OS,4.79,OK,31.25,OK,4.83,OK
2016-11-10 12:00:00,21.67,OK,1.36,OK,null,OS,null,OS,4.88,OK,41.75,OK,13.22,OK
2016-11-10 13:00:00,26.55,OK,1.36,OK,null,OS,null,OS,4.87,OK,39.25,OK,6.8,OK
2016-11-10 14:00:00,20.82,OK,1.27,OK,null,OS,null,OS,4.93,OK,43.93,OK,10.08,OK
2016-11-10 15:00:00,18.29,OK,1.41,OK,null,OS,null,OS,5.02,OK,53.18,OK,8.49,OK
2016-11-10 16:00:00,11.67,OK,1.46,OK,null,OS,null,OS,5.27,OK,48.04,OK,7.84,OK
2016-11-10 17:00:00,3.01,OK,1.71,OK,null,OS,null,OS,5.79,OK,64.76,OK,11.26,OK
2016-11-10 18:00:00,1.76,OK,1.93,OK,null,OS,null,OS,6.27,OK,135.77,OK,24.02,OK
2016-11-10 19:00:00,3.72,OK,1.58,OK,null,OS,null,OS,5.63,OK,137.79,OK,25.86,OK
2016-11-10 20:00:00,6.95,OK,1.36,OK,null,OS,null,OS,5.18,OK,85.87,OK,17.0,OK
2016-11-10 21:00:00,3.21,OK,1.42,OK,null,OS,null,OS,5.29,OK,70.88,OK,14.07,OK
2016-11-10 22:00:00,9.99,OK,1.39,OK,null,OS,null,OS,4.9,OK,89.76,OK,18.03,OK
2016-11-10 23:00:00,12.19,OK,1.29,OK,null,OS,null,OS,4.85,OK,68.64,OK,15.65,OK
2016-11-11 00:00:00,19.03,OK,1.26,OK,null,OS,null,OS,4.71,OK,48.63,OK,9.24,OK
2016-11-11 01:00:00,13.54,OK,1.29,OK,null,OS,null,OS,4.69,OK,44.82,OK,13.6,OK
2016-11-11 02:00:00,20.13,OK,1.24,OK,null,OS,null,OS,4.65,OK,35.58,OK,7.11,OK
2016-11-11 03:00:00,27.83,OK,1.2,OK,null,OS,null,OS,4.62,OK,30.04,OK,5.0,OK
2016-11-11 04:00:00,19.92,OK,1.22,OK,null,OS,null,OS,4.65,OK,32.83,OK,7.84,OK
2016-11-11 05:00:00,11.69,OK,1.21,OK,null,OS,null,OS,4.77,OK,36.35,OK,10.15,OK
2016-11-11 06:00:00,9.36,OK,1.35,OK,null,OS,null,OS,4.95,OK,53.53,OK,0.11,BDL
2016-11-11 07:00:00,16.62,OK,1.32,OK,null,OS,null,OS,4.93,OK,45.72,OK,0.69,BDL
2016-11-11 08:00:00,28.06,OK,1.31,OK,null,OS,null,OS,4.76,OK,38.4,OK,1.49,BDL
2016-11-11 09:00:00,31.61,OK,1.22,OK,null,OS,null,OS,4.73,OK,36.45,OK,3.02,BDL
2016-11-11 10:00:00,34.67,OK,1.23,OK,null,OS,null,OS,4.78,OK,52.03,OK,1.12,BDL
2016-11-11 11:00:00,38.21,OK,1.23,OK,null,OS,null,OS,4.74,OK,42.67,OK,6.98,OK
2016-11-11 12:00:00,37.95,OK,1.33,OK,null,OS,null,OS,4.85,OK,27.1,OK,10.82,OK
2016-11-11 13:00:00,33.71,OK,1.23,OK,null,OS,null,OS,4.92,OK,46.01,OK,9.92,OK
2016-11-11 14:00:00,32.06,OK,1.28,OK,null,OS,null,OS,5.03,OK,37.43,OK,11.54,OK
2016-11-11 15:00:00,21.87,OK,1.29,OK,null,OS,null,OS,5.11,OK,28.37,OK,9.58,OK
2016-11-11 16:00:00,11.59,OK,1.36,OK,null,OS,null,OS,5.4,OK,57.12,OK,4.53,OK
2016-11-11 17:00:00,2.78,OK,1.68,OK,null,OS,null,OS,5.91,OK,84.3,OK,13.43,OK
2016-11-11 18:00:00,3.08,OK,1.47,OK,null,OS,null,OS,5.66,OK,94.03,OK,17.07,OK
2016-11-11 19:00:00,2.49,OK,1.47,OK,null,OS,null,OS,5.51,OK,83.31,OK,21.48,OK
2016-11-11 20:00:00,1.59,OK,1.43,OK,null,OS,null,OS,5.52,OK,92.82,OK,20.5,OK
2016-11-11 21:00:00,1.65,OK,1.82,OK,null,OS,null,OS,5.91,OK,120.24,OK,26.49,OK
2016-11-11 22:00:00,3.41,OK,1.43,OK,null,OS,null,OS,5.27,OK,83.3,OK,20.16,OK
2016-11-11 23:00:00,10.67,OK,1.3,OK,null,OS,null,OS,5.01,OK,48.16,OK,11.14,OK
2016-11-12 00:00:00,15.96,OK,1.2,OK,null,OS,null,OS,4.79,OK,45.21,OK,13.74,OK
2016-11-12 01:00:00,9.35,OK,1.23,OK,null,OS,null,OS,4.94,OK,33.67,OK,13.25,OK
2016-11-12 02:00:00,13.33,OK,1.21,OK,null,OS,null,OS,4.8,OK,42.01,OK,9.21,OK
2016-11-12 03:00:00,12.62,OK,1.19,OK,null,OS,null,OS,4.77,OK,32.66,OK,6.91,OK
2016-11-12 04:00:00,15.05,OK,1.34,OK,null,OS,null,OS,4.71,OK,20.71,OK,13.42,OK
2016-11-12 05:00:00,13.64,OK,1.35,OK,null,OS,null,OS,4.77,OK,41.66,OK,10.78,OK
2016-11-12 06:00:00,18.84,OK,1.44,OK,null,OS,null,OS,4.79,OK,32.67,OK,-4.1,OR
2016-11-12 07:00:00,25.52,OK,1.42,OK,null,OS,null,OS,4.78,OK,40.37,OK,-4.11,OR
2016-11-12 08:00:00,32.44,OK,1.38,OK,null,OS,null,OS,4.7,OK,48.67,OK,-1.65,BDL
2016-11-12 09:00:00,35.24,OK,1.37,OK,null,OS,null,OS,4.69,OK,67.97,OK,0.86,BDL
2016-11-12 10:00:00,32.52,OK,1.25,OK,null,OS,null,OS,4.67,OK,31.05,OK,-1.85,BDL
2016-11-12 11:00:00,28.83,OK,1.24,OK,null,OS,null,OS,4.71,OK,14.56,OK,4.15,OK
2016-11-12 12:00:00,23.11,OK,1.13,OK,null,OS,null,OS,4.68,OK,25.3,OK,14.04,OK
2016-11-12 13:00:00,32.37,OK,1.13,OK,null,OS,null,OS,4.67,OK,18.08,OK,3.87,BDL
2016-11-12 14:00:00,31.55,OK,1.13,OK,null,OS,null,OS,4.69,OK,15.47,OK,2.68,BDL
2016-11-12 15:00:00,30.21,OK,1.15,OK,null,OS,null,OS,4.67,OK,20.23,OK,9.54,OK
2016-11-12 16:00:00,24.49,OK,1.17,OK,null,OS,null,OS,4.83,OK,22.77,OK,4.09,OK
2016-11-12 17:00:00,2.6,OK,1.82,OK,null,OS,null,OS,6.34,OK,44.35,OK,5.68,OK
2016-11-12 18:00:00,5.23,OK,1.58,OK,null,OS,null,OS,5.6,OK,108.59,OK,25.47,OK
2016-11-12 19:00:00,7.96,OK,1.27,OK,null,OS,null,OS,5.23,OK,59.62,OK,11.01,OK
2016-11-12 20:00:00,4.8,OK,1.32,OK,null,OS,null,OS,5.29,OK,58.08,OK,13.76,OK
2016-11-12 21:00:00,2.05,OK,1.36,OK,null,OS,null,OS,5.44,OK,66.87,OK,16.61,OK
2016-11-12 22:00:00,3.72,OK,1.32,OK,null,OS,null,OS,5.25,OK,87.54,OK,21.94,OK
2016-11-12 23:00:00,9.33,OK,1.21,OK,null,OS,null,OS,4.89,OK,70.65,OK,12.58,OK
2016-11-13 00:00:00,9.04,OK,1.18,OK,null,OS,null,OS,4.84,OK,64.3,OK,13.91,OK
2016-11-13 01:00:00,11.89,OK,1.17,OK,null,OS,null,OS,4.75,OK,44.68,OK,10.46,OK
2016-11-13 02:00:00,12.63,OK,1.14,OK,null,OS,null,OS,4.74,OK,37.4,OK,5.12,OK
2016-11-13 03:00:00,20.67,OK,1.15,OK,null,OS,null,OS,4.67,OK,29.43,OK,3.86,BDL
2016-11-13 04:00:00,21.86,OK,1.13,OK,null,OS,null,OS,4.67,OK,15.7,OK,8.07,OK
2016-11-13 05:00:00,16.13,OK,1.16,OK,null,OS,null,OS,4.7,OK,18.54,OK,3.01,BDL
2016-11-13 06:00:00,12.41,OK,1.22,OK,null,OS,null,OS,4.77,OK,21.45,OK,-3.15,BDL
2016-11-13 07:00:00,22.68,OK,1.2,OK,null,OS,null,OS,4.78,OK,23.0,OK,0.87,BDL
2016-11-13 08:00:00,29.63,OK,1.21,OK,null,OS,null,OS,4.7,OK,12.64,OK,-3.76,BDL
2016-11-13 09:00:00,32.37,OK,1.24,OK,null,OS,null,OS,4.69,OK,28.76,OK,-0.48,BDL
2016-11-13 10:00:00,32.49,OK,1.19,OK,null,OS,null,OS,4.69,OK,47.24,OK,3.29,BDL
2016-11-13 11:00:00,30.12,OK,1.17,OK,null,OS,null,OS,4.69,OK,16.46,OK,0.65,BDL
2016-11-13 12:00:00,25.32,OK,1.15,OK,null,OS,null,OS,4.7,OK,12.7,OK,15.47,OK
2016-11-13 13:00:00,33.07,OK,1.11,OK,null,OS,null,OS,4.7,OK,16.84,OK,5.33,OK
2016-11-13 14:00:00,34.25,OK,1.12,OK,null,OS,null,OS,4.76,OK,9.91,OK,5.99,OK
2016-11-13 15:00:00,30.98,OK,1.12,OK,null,OS,null,OS,4.86,OK,29.24,OK,8.36,OK
2016-11-13 16:00:00,16.1,OK,1.26,OK,null,OS,null,OS,5.38,OK,27.7,OK,6.93,OK
2016-11-13 17:00:00,2.01,OK,1.58,OK,null,OS,null,OS,6.11,OK,48.48,OK,7.22,OK
2016-11-13 18:00:00,8.78,OK,1.45,OK,null,OS,null,OS,5.55,OK,71.42,OK,21.66,OK
2016-11-13 19:00:00,8.72,OK,1.26,OK,null,OS,null,OS,5.26,OK,55.57,OK,13.34,OK
2016-11-13 20:00:00,3.88,OK,1.29,OK,null,OS,null,OS,5.21,OK,73.24,OK,20.31,OK
2016-11-13 21:00:00,8.48,OK,1.25,OK,null,OS,null,OS,5.02,OK,73.7,OK,16.2,OK
2016-11-13 22:00:00,3.86,OK,1.22,OK,null,OS,null,OS,5.2,OK,58.67,OK,13.0,OK
2016-11-13 23:00:00,6.26,OK,1.18,OK,null,OS,null,OS,5.06,OK,51.32,OK,12.68,OK
2016-11-14 00:00:00,19.61,OK,1.15,OK,null,OS,null,OS,4.76,OK,46.49,OK,9.93,OK
2016-11-14 01:00:00,24.39,OK,1.09,OK,null,OS,null,OS,4.66,OK,26.6,OK,4.8,OK
2016-11-14 02:00:00,23.28,OK,1.1,OK,null,OS,null,OS,4.68,OK,21.4,OK,4.5,OK
2016-11-14 03:00:00,19.86,OK,1.12,OK,null,OS,null,OS,4.71,OK,25.6,OK,2.74,BDL
2016-11-14 04:00:00,22.32,OK,1.11,OK,null,OS,null,OS,4.68,OK,17.99,OK,5.44,OK
2016-11-14 05:00:00,16.06,OK,1.12,OK,null,OS,null,OS,4.77,OK,31.23,OK,5.4,OK
2016-11-14 06:00:00,4.01,OK,1.2,OK,null,OS,null,OS,4.99,OK,69.84,OK,2.61,BDL
2016-11-14 07:00:00,15.66,OK,1.36,OK,null,OS,null,OS,5.06,OK,68.57,OK,2.17,BDL
2016-11-14 08:00:00,28.07,OK,1.28,OK,null,OS,null,OS,4.81,OK,36.46,OK,-0.94,BDL
2016-11-14 09:00:00,32.07,OK,1.33,OK,null,OS,null,OS,4.78,OK,27.23,OK,-5.67,OR
2016-11-14 10:00:00,34.68,OK,1.22,OK,null,OS,null,OS,4.76,OK,40.86,OK,7.86,OK
2016-11-14 11:00:00,36.43,OK,1.15,OK,null,OS,null,OS,4.73,OK,44.23,OK,4.63,OK
2016-11-14 12:00:00,36.84,OK,1.2,OK,null,OS,null,OS,4.8,OK,11.2,OK,7.23,OK
2016-11-14 13:00:00,36.39,OK,1.26,OK,null,OS,null,OS,4.78,OK,20.77,OK,5.34,OK
2016-11-14 14:00:00,25.09,OK,1.26,OK,null,OS,null,OS,4.89,OK,29.58,OK,8.14,OK
2016-11-14 15:00:00,27.24,OK,1.42,OK,null,OS,null,OS,4.77,OK,32.5,OK,9.52,OK
2016-11-14 16:00:00,8.96,OK,1.56,OK,null,OS,null,OS,5.95,OK,29.09,OK,2.57,BDL
2016-11-14 17:00:00,2.15,OK,2.43,OK,null,OS,null,OS,7.25,OK,109.09,OK,11.99,OK
2016-11-14 18:00:00,2.67,OK,1.6,OK,null,OS,null,OS,5.75,OK,123.31,OK,19.44,OK
2016-11-14 19:00:00,1.48,OK,1.66,OK,null,OS,null,OS,5.73,OK,95.41,OK,20.09,OK
2016-11-14 20:00:00,3.68,OK,1.86,OK,null,OS,null,OS,5.89,OK,90.14,OK,17.01,OK
2016-11-14 21:00:00,8.74,OK,1.34,OK,null,OS,null,OS,5.06,OK,72.67,OK,14.17,OK
2016-11-14 22:00:00,14.99,OK,1.24,OK,null,OS,null,OS,4.85,OK,54.74,OK,13.14,OK
2016-11-14 23:00:00,16.09,OK,1.18,OK,null,OS,null,OS,4.77,OK,60.63,OK,14.68,OK
2016-11-15 00:00:00,11.67,OK,1.2,OK,null,OS,null,OS,4.85,OK,40.12,OK,12.54,OK
2016-11-15 01:00:00,17.57,OK,1.12,OK,null,OS,null,OS,4.72,OK,25.58,OK,8.08,OK
2016-11-15 02:00:00,14.45,OK,1.16,OK,null,OS,null,OS,4.78,OK,30.1,OK,4.76,OK
2016-11-15 03:00:00,15.12,OK,1.18,OK,null,OS,null,OS,4.76,OK,21.04,OK,5.11,OK
2016-11-15 04:00:00,24.42,OK,1.2,OK,null,OS,null,OS,4.67,OK,20.99,OK,3.83,BDL
2016-11-15 05:00:00,21.63,OK,1.22,OK,null,OS,null,OS,4.75,OK,19.11,OK,0.54,BDL
2016-11-15 06:00:00,9.92,OK,1.37,OK,null,OS,null,OS,4.97,OK,39.56,OK,0.81,BDL
2016-11-15 07:00:00,16.11,OK,1.56,OK,null,OS,null,OS,5.2,OK,47.55,OK,-3.5,BDL
2016-11-15 08:00:00,30.47,OK,1.53,OK,null,OS,null,OS,4.83,OK,61.02,OK,-0.02,BDL
2016-11-15 09:00:00,33.98,OK,1.46,OK,null,OS,null,OS,4.81,OK,44.5,OK,-0.04,BDL
2016-11-15 10:00:00,35.68,OK,1.35,OK,null,OS,null,OS,4.79,OK,40.81,OK,-0.06,BDL
2016-11-15 11:00:00,36.82,OK,1.26,OK,null,OS,null,OS,4.79,OK,21.41,OK,1.85,BDL
2016-11-15 12:00:00,33.56,OK,1.25,OK,null,OS,null,OS,4.91,OK,22.88,OK,13.31,OK
2016-11-15 13:00:00,30.39,OK,1.34,OK,null,OS,null,OS,5.08,OK,36.03,OK,8.96,OK
2016-11-15 14:00:00,21.12,OK,1.28,OK,null,OS,null,OS,5.03,OK,68.06,OK,14.08,OK
2016-11-15 15:00:00,18.36,OK,1.23,OK,null,OS,null,OS,5.01,OK,76.61,OK,6.05,OK
2016-11-15 16:00:00,12.45,OK,1.35,OK,null,OS,null,OS,5.3,OK,77.69,OK,10.52,OK
2016-11-15 17:00:00,5.0,OK,1.51,OK,null,OS,null,OS,5.56,OK,94.15,OK,10.91,OK
2016-11-15 18:00:00,1.55,OK,1.65,OK,null,OS,null,OS,5.85,OK,101.93,OK,22.04,OK
2016-11-15 19:00:00,1.47,OK,1.46,OK,null,OS,null,OS,5.63,OK,94.62,OK,21.8,OK
2016-11-15 20:00:00,3.99,OK,1.51,OK,null,OS,null,OS,5.61,OK,92.87,OK,17.59,OK
2016-11-15 21:00:00,10.34,OK,1.27,OK,null,OS,null,OS,5.23,OK,61.81,OK,16.99,OK
2016-11-15 22:00:00,3.4,OK,1.41,OK,null,OS,null,OS,5.34,OK,62.02,OK,16.78,OK
2016-11-15 23:00:00,13.25,OK,1.27,OK,null,OS,null,OS,4.92,OK,87.28,OK,19.85,OK
2016-11-16 00:00:00,23.66,OK,1.15,OK,null,OS,null,OS,4.75,OK,45.23,OK,7.99,OK
2016-11-16 01:00:00,23.59,OK,1.17,OK,null,OS,null,OS,4.72,OK,30.36,OK,6.01,OK
2016-11-16 02:00:00,29.01,OK,1.19,OK,null,OS,null,OS,4.72,OK,23.85,OK,3.65,BDL
2016-11-16 03:00:00,26.35,OK,1.21,OK,null,OS,null,OS,4.74,OK,31.5,OK,7.07,OK
2016-11-16 04:00:00,25.76,OK,1.2,OK,null,OS,null,OS,4.73,OK,35.87,OK,5.58,OK
2016-11-16 05:00:00,18.59,OK,1.25,OK,null,OS,null,OS,4.86,OK,33.12,OK,1.86,BDL
2016-11-16 06:00:00,5.4,OK,1.32,OK,null,OS,null,OS,5.21,OK,50.03,OK,6.67,OK
2016-11-16 07:00:00,8.89,OK,1.62,OK,null,OS,null,OS,5.31,OK,71.64,OK,2.35,BDL
2016-11-16 08:00:00,11.23,OK,1.4,OK,null,OS,null,OS,5.29,OK,74.56,OK,8.69,OK
2016-11-16 09:00:00,20.66,OK,1.37,OK,null,OS,null,OS,5.07,OK,88.76,OK,11.14,OK
2016-11-16 10:00:00,23.48,OK,1.34,OK,null,OS,null,OS,5.02,OK,71.71,OK,8.41,OK
2016-11-16 11:00:00,25.57,OK,1.39,OK,null,OS,null,OS,5.05,OK,68.0,OK,5.84,OK
2016-11-16 12:00:00,23.99,OK,1.4,OK,null,OS,null,OS,5.14,OK,38.91,OK,5.97,OK
2016-11-16 13:00:00,20.45,OK,1.35,OK,null,OS,null,OS,5.2,OK,61.8,OK,12.59,OK
2016-11-16 14:00:00,24.44,OK,1.35,OK,null,OS,null,OS,5.19,OK,28.83,OK,5.88,OK
2016-11-16 15:00:00,10.32,OK,1.62,OK,null,OS,null,OS,5.6,OK,56.21,OK,6.92,OK
2016-11-16 16:00:00,6.9,OK,1.54,OK,null,OS,null,OS,5.62,OK,73.92,OK,12.21,OK
2016-11-16 17:00:00,1.72,OK,1.73,OK,null,OS,null,OS,6.08,OK,71.61,OK,7.09,OK
2016-11-16 18:00:00,1.27,OK,1.71,OK,null,OS,null,OS,5.97,OK,109.4,OK,17.05,OK
2016-11-16 19:00:00,1.53,OK,2.38,OK,null,OS,null,OS,7.25,OK,184.04,OK,26.51,OK
2016-11-16 20:00:00,1.27,OK,2.15,OK,null,OS,null,OS,6.67,OK,166.23,OK,29.72,OK
2016-11-16 21:00:00,1.38,OK,2.04,OK,null,OS,null,OS,6.76,OK,163.79,OK,26.7,OK
2016-11-16 22:00:00,1.36,OK,1.93,OK,null,OS,null,OS,6.63,OK,188.28,OK,38.86,OK
2016-11-16 23:00:00,1.21,OK,1.97,OK,null,OS,null,OS,6.49,OK,165.99,OK,32.95,OK
2016-11-17 00:00:00,1.04,OK,1.72,OK,null,OS,null,OS,5.95,OK,115.71,OK,21.98,OK
2016-11-17 01:00:00,1.08,OK,1.54,OK,null,OS,null,OS,5.59,OK,70.62,OK,16.74,OK
2016-11-17 02:00:00,6.62,OK,1.36,OK,null,OS,null,OS,4.97,OK,64.15,OK,18.91,OK
2016-11-17 03:00:00,6.19,OK,1.26,OK,null,OS,null,OS,4.94,OK,44.71,OK,20.22,OK
2016-11-17 04:00:00,9.69,OK,1.57,OK,null,OS,null,OS,5.03,OK,40.81,OK,16.35,OK
2016-11-17 05:00:00,5.61,OK,1.53,OK,null,OS,null,OS,5.05,OK,49.92,OK,11.33,OK
2016-11-17 06:00:00,2.64,OK,2.09,OK,null,OS,null,OS,5.53,OK,47.89,OK,8.95,OK
2016-11-17 07:00:00,4.22,OK,2.02,OK,null,OS,null,OS,5.72,OK,69.27,OK,3.54,BDL
2016-11-17 08:00:00,13.14,OK,1.55,OK,null,OS,null,OS,5.23,OK,79.01,OK,4.34,OK
2016-11-17 09:00:00,18.15,OK,1.26,OK,null,OS,null,OS,5.14,OK,43.79,OK,1.92,BDL
2016-11-17 10:00:00,19.22,OK,1.14,OK,null,OS,null,OS,5.16,OK,39.73,OK,6.98,OK
2016-11-17 11:00:00,17.43,OK,1.16,OK,null,OS,null,OS,5.12,OK,48.62,OK,5.05,OK
2016-11-17 12:00:00,16.74,OK,1.2,OK,null,OS,null,OS,5.13,OK,40.56,OK,9.37,OK
2016-11-17 13:00:00,16.48,OK,1.12,OK,null,OS,null,OS,5.09,OK,40.16,OK,7.35,OK
2016-11-17 14:00:00,16.77,OK,1.12,OK,null,OS,null,OS,5.14,OK,33.47,OK,8.1,OK
2016-11-17 15:00:00,16.07,OK,1.19,OK,null,OS,null,OS,5.24,OK,49.53,OK,15.73,OK
2016-11-17 16:00:00,7.46,OK,1.29,OK,null,OS,null,OS,5.47,OK,55.05,OK,6.99,OK
2016-11-17 17:00:00,3.0,OK,1.34,OK,null,OS,null,OS,5.57,OK,119.3,OK,17.85,OK
2016-11-17 18:00:00,5.71,OK,1.23,OK,null,OS,null,OS,5.43,OK,99.18,OK,11.65,OK
2016-11-17 19:00:00,2.46,OK,1.23,OK,null,OS,null,OS,5.39,OK,62.83,OK,17.94,OK
2016-11-17 20:00:00,2.27,OK,1.2,OK,null,OS,null,OS,5.33,OK,86.73,OK,16.88,OK
2016-11-17 21:00:00,3.04,OK,1.2,OK,null,OS,null,OS,5.27,OK,93.04,OK,13.79,OK
2016-11-17 22:00:00,3.24,OK,1.19,OK,null,OS,null,OS,5.23,OK,86.63,OK,14.97,OK
2016-11-17 23:00:00,2.78,OK,1.16,OK,null,OS,null,OS,5.19,OK,89.63,OK,15.06,OK
2016-11-18 00:00:00,8.49,OK,1.12,OK,null,OS,null,OS,5.02,OK,91.54,OK,17.25,OK
2016-11-18 01:00:00,8.52,OK,1.11,OK,null,OS,null,OS,4.91,OK,46.9,OK,14.23,OK
2016-11-18 02:00:00,3.06,OK,1.16,OK,null,OS,null,OS,5.02,OK,52.47,OK,14.14,OK
2016-11-18 03:00:00,5.45,OK,1.13,OK,null,OS,null,OS,4.9,OK,57.8,OK,16.04,OK
2016-11-18 04:00:00,4.02,OK,1.12,OK,null,OS,null,OS,4.9,OK,54.05,OK,15.49,OK
2016-11-18 05:00:00,3.26,OK,1.16,OK,null,OS,null,OS,4.87,OK,60.9,OK,8.28,OK
2016-11-18 06:00:00,2.29,OK,1.27,OK,null,OS,null,OS,5.17,OK,66.01,OK,4.64,OK
2016-11-18 07:00:00,4.52,OK,1.37,OK,null,OS,null,OS,5.24,OK,59.05,OK,-7.56,OR
2016-11-18 08:00:00,8.63,OK,1.39,OK,null,OS,null,OS,5.29,OK,88.56,OK,1.57,BDL
2016-11-18 09:00:00,8.73,OK,1.34,OK,null,OS,null,OS,5.35,OK,89.79,OK,3.79,BDL
2016-11-18 10:00:00,13.29,OK,1.38,OK,null,OS,null,OS,5.45,OK,84.57,OK,13.18,OK
2016-11-18 11:00:00,21.45,OK,1.28,OK,null,OS,null,OS,5.25,OK,90.85,OK,15.42,OK
2016-11-18 12:00:00,23.98,OK,1.47,OK,null,OS,null,OS,5.21,OK,80.59,OK,13.25,OK
2016-11-18 13:00:00,19.63,OK,1.35,OK,null,OS,null,OS,5.19,OK,65.08,OK,13.95,OK
2016-11-18 14:00:00,19.17,OK,1.26,OK,null,OS,null,OS,5.2,OK,46.82,OK,13.62,OK
2016-11-18 15:00:00,13.07,OK,1.31,OK,null,OS,null,OS,5.35,OK,51.88,OK,14.12,OK
2016-11-18 16:00:00,5.81,OK,1.25,OK,null,OS,null,OS,5.36,OK,65.74,OK,3.01,BDL
2016-11-18 17:00:00,1.72,OK,1.48,OK,null,OS,null,OS,5.74,OK,101.77,OK,19.26,OK
2016-11-18 18:00:00,2.44,OK,1.33,OK,null,OS,null,OS,5.48,OK,107.93,OK,14.29,OK
2016-11-18 19:00:00,1.75,OK,1.32,OK,null,OS,null,OS,5.48,OK,65.77,OK,15.2,OK
2016-11-18 20:00:00,1.65,OK,1.45,OK,null,OS,null,OS,5.58,OK,78.27,OK,10.44,OK
2016-11-18 21:00:00,1.5,OK,1.52,OK,null,OS,null,OS,5.67,OK,104.35,OK,20.47,OK
2016-11-18 22:00:00,7.0,OK,1.55,OK,null,OS,null,OS,5.21,OK,94.22,OK,19.45,OK
2016-11-18 23:00:00,10.57,OK,1.25,OK,null,OS,null,OS,4.98,OK,67.56,OK,27.95,OK
2016-11-19 00:00:00,5.01,OK,1.24,OK,null,OS,null,OS,5.11,OK,58.95,OK,15.51,OK
2016-11-19 01:00:00,1.49,OK,1.24,OK,null,OS,null,OS,5.19,OK,71.15,OK,28.01,OK
2016-11-19 02:00:00,1.45,OK,1.26,OK,null,OS,null,OS,5.19,OK,80.25,OK,32.53,OK
2016-11-19 03:00:00,1.65,OK,1.35,OK,null,OS,null,OS,5.23,OK,91.65,OK,27.3,OK
2016-11-19 04:00:00,10.23,OK,1.31,OK,null,OS,null,OS,4.88,OK,60.78,OK,12.8,OK
2016-11-19 05:00:00,4.71,OK,1.27,OK,null,OS,null,OS,4.96,OK,42.47,OK,8.92,OK
2016-11-19 06:00:00,3.23,OK,1.33,OK,null,OS,null,OS,5.09,OK,62.88,OK,10.88,OK
2016-11-19 07:00:00,6.69,OK,1.56,OK,null,OS,null,OS,5.24,OK,84.4,OK,9.26,OK
2016-11-19 08:00:00,11.41,OK,1.56,OK,null,OS,null,OS,5.26,OK,88.21,OK,7.65,OK
2016-11-19 09:00:00,22.08,OK,1.49,OK,null,OS,null,OS,5.02,OK,70.22,OK,5.52,OK
2016-11-19 10:00:00,23.36,OK,1.45,OK,null,OS,null,OS,5.12,OK,51.55,OK,8.12,OK
2016-11-19 11:00:00,29.8,OK,1.35,OK,null,OS,null,OS,5.01,OK,46.59,OK,5.62,OK
2016-11-19 12:00:00,25.52,OK,1.43,OK,null,OS,null,OS,5.26,OK,39.23,OK,10.79,OK
2016-11-19 13:00:00,30.45,OK,1.47,OK,null,OS,null,OS,5.22,OK,97.94,OK,17.57,OK
2016-11-19 14:00:00,30.07,OK,1.4,OK,null,OS,null,OS,5.21,OK,78.75,OK,12.3,OK
2016-11-19 15:00:00,23.66,OK,1.23,OK,null,OS,null,OS,5.09,OK,61.82,OK,16.8,OK
2016-11-19 16:00:00,7.43,OK,1.38,OK,null,OS,null,OS,5.44,OK,67.76,OK,11.59,OK
2016-11-19 17:00:00,1.7,OK,1.55,OK,null,OS,null,OS,5.72,OK,114.5,OK,16.46,OK
2016-11-19 18:00:00,2.53,OK,1.37,OK,null,OS,null,OS,5.43,OK,119.96,OK,16.92,OK
2016-11-19 19:00:00,2.74,OK,1.29,OK,null,OS,null,OS,5.49,OK,121.39,OK,22.05,OK
2016-11-19 20:00:00,1.36,OK,1.62,OK,null,OS,null,OS,5.96,OK,126.33,OK,23.94,OK
2016-11-19 21:00:00,1.61,OK,1.68,OK,null,OS,null,OS,5.89,OK,125.56,OK,29.76,OK
2016-11-19 22:00:00,6.92,OK,1.4,OK,null,OS,null,OS,5.16,OK,87.53,OK,17.27,OK
2016-11-19 23:00:00,3.85,OK,1.39,OK,null,OS,null,OS,5.27,OK,90.15,OK,16.5,OK
2016-11-20 00:00:00,4.08,OK,1.37,OK,null,OS,null,OS,5.24,OK,112.03,OK,25.85,OK
2016-11-20 01:00:00,5.13,OK,1.25,OK,null,OS,null,OS,5.12,OK,80.31,OK,14.46,OK
2016-11-20 02:00:00,5.61,OK,1.19,OK,null,OS,null,OS,5.06,OK,51.32,OK,16.56,OK
2016-11-20 03:00:00,2.73,OK,1.41,OK,null,OS,null,OS,5.12,OK,50.24,OK,12.49,OK
2016-11-20 04:00:00,9.72,OK,1.22,OK,null,OS,null,OS,4.95,OK,49.31,OK,16.91,OK
2016-11-20 05:00:00,7.07,OK,1.19,OK,null,OS,null,OS,4.94,OK,36.32,OK,13.39,OK
2016-11-20 06:00:00,10.32,OK,1.32,OK,null,OS,null,OS,4.95,OK,31.18,OK,-0.85,BDL
2016-11-20 07:00:00,22.02,OK,1.25,OK,null,OS,null,OS,4.91,OK,23.03,OK,-2.18,BDL
2016-11-20 08:00:00,27.72,OK,1.3,OK,null,OS,null,OS,4.93,OK,31.02,OK,-3.84,BDL
2016-11-20 09:00:00,32.32,OK,1.24,OK,null,OS,null,OS,4.9,OK,24.98,OK,-6.06,OR
2016-11-20 10:00:00,32.1,OK,1.37,OK,null,OS,null,OS,4.97,OK,24.09,OK,2.51,BDL
2016-11-20 11:00:00,26.78,OK,1.26,OK,null,OS,null,OS,5.01,OK,37.95,OK,8.87,OK
2016-11-20 12:00:00,27.29,OK,1.21,OK,null,OS,null,OS,4.98,OK,44.47,OK,15.87,OK
2016-11-20 13:00:00,28.95,OK,1.31,OK,null,OS,null,OS,5.02,OK,45.21,OK,7.63,OK
2016-11-20 14:00:00,26.23,OK,1.2,OK,null,OS,null,OS,5.02,OK,50.25,OK,12.75,OK
2016-11-20 15:00:00,20.75,OK,1.21,OK,null,OS,null,OS,5.0,OK,31.86,OK,-1.66,BDL
2016-11-20 16:00:00,18.27,OK,1.21,OK,null,OS,null,OS,5.08,OK,35.17,OK,7.73,OK
2016-11-20 17:00:00,15.56,OK,1.22,OK,null,OS,null,OS,5.1,OK,39.7,OK,6.3,OK
2016-11-20 18:00:00,9.29,OK,1.31,OK,null,OS,null,OS,5.21,OK,33.56,OK,4.85,OK
2016-11-20 19:00:00,5.87,OK,1.27,OK,null,OS,null,OS,5.28,OK,71.06,OK,13.35,OK
2016-11-20 20:00:00,5.05,OK,1.29,OK,null,OS,null,OS,5.37,OK,60.13,OK,17.0,OK
2016-11-20 21:00:00,2.59,OK,1.48,OK,null,OS,null,OS,5.52,OK,70.33,OK,14.65,OK
2016-11-20 22:00:00,14.53,OK,1.28,OK,null,OS,null,OS,5.08,OK,61.39,OK,10.86,OK
2016-11-20 23:00:00,11.5,OK,1.22,OK,null,OS,null,OS,5.06,OK,43.18,OK,11.37,OK
2016-11-21 00:00:00,4.26,OK,1.23,OK,null,OS,null,OS,5.19,OK,67.42,OK,13.93,OK
2016-11-21 01:00:00,18.24,OK,1.23,OK,null,OS,null,OS,4.95,OK,60.9,OK,12.15,OK
2016-11-21 02:00:00,22.89,OK,1.18,OK,null,OS,null,OS,4.84,OK,43.93,OK,8.42,OK
2016-11-21 03:00:00,12.73,OK,1.17,OK,null,OS,null,OS,4.91,OK,25.15,OK,-0.86,BDL
2016-11-21 04:00:00,8.51,OK,1.12,OK,null,OS,null,OS,4.93,OK,29.42,OK,8.24,OK
2016-11-21 05:00:00,3.52,OK,1.22,OK,null,OS,null,OS,5.03,OK,27.27,OK,7.0,OK
2016-11-21 06:00:00,1.93,OK,1.24,OK,null,OS,null,OS,5.11,OK,43.9,OK,6.75,OK
2016-11-21 07:00:00,5.97,OK,1.34,OK,null,OS,null,OS,5.3,OK,32.68,OK,-0.03,BDL
2016-11-21 08:00:00,13.06,OK,1.2,OK,null,OS,null,OS,5.1,OK,40.85,OK,5.64,OK
2016-11-21 09:00:00,15.79,OK,1.2,OK,null,OS,null,OS,5.04,OK,14.04,OK,-3.67,BDL
2016-11-21 10:00:00,13.57,OK,1.23,OK,null,OS,null,OS,5.03,OK,9.15,OK,-3.23,BDL
2016-11-21 11:00:00,15.0,OK,1.22,OK,null,OS,null,OS,5.03,OK,27.74,OK,7.24,OK
2016-11-21 12:00:00,14.63,OK,1.17,OK,null,OS,null,OS,5.02,OK,31.51,OK,4.83,OK
2016-11-21 13:00:00,15.87,OK,1.14,OK,null,OS,null,OS,4.99,OK,29.44,OK,10.32,OK
2016-11-21 14:00:00,15.29,OK,1.16,OK,null,OS,null,OS,5.0,OK,22.39,OK,5.94,OK
2016-11-21 15:00:00,13.48,OK,1.1,OK,null,OS,null,OS,5.0,OK,13.21,OK,10.44,OK
2016-11-21 16:00:00,10.07,OK,1.13,OK,null,OS,null,OS,5.17,OK,30.44,OK,4.82,OK
2016-11-21 17:00:00,7.74,OK,1.2,OK,null,OS,null,OS,5.29,OK,40.98,OK,6.5,OK
2016-11-21 18:00:00,7.53,OK,1.15,OK,null,OS,null,OS,5.25,OK,33.95,OK,9.35,OK
2016-11-21 19:00:00,6.49,OK,1.15,OK,null,OS,null,OS,5.15,OK,29.12,OK,11.69,OK
2016-11-21 20:00:00,7.39,OK,1.1,OK,null,OS,null,OS,5.08,OK,23.6,OK,2.25,BDL
2016-11-21 21:00:00,3.68,OK,1.13,OK,null,OS,null,OS,5.14,OK,19.1,OK,4.01,OK
2016-11-21 22:00:00,2.25,OK,1.14,OK,null,OS,null,OS,5.21,OK,35.5,OK,18.12,OK
2016-11-21 23:00:00,10.26,OK,1.12,OK,null,OS,null,OS,5.02,OK,48.03,OK,5.96,OK
2016-11-22 00:00:00,3.6,OK,1.14,OK,null,OS,null,OS,5.06,OK,28.57,OK,12.41,OK
2016-11-22 01:00:00,2.41,OK,1.23,OK,null,OS,null,OS,5.1,OK,41.66,OK,14.46,OK
2016-11-22 02:00:00,16.38,OK,1.09,OK,null,OS,null,OS,4.85,OK,22.53,OK,9.04,OK
2016-11-22 03:00:00,15.76,OK,1.07,OK,null,OS,null,OS,4.85,OK,10.74,OK,4.96,OK
2016-11-22 04:00:00,6.96,OK,1.07,OK,null,OS,null,OS,4.9,OK,19.07,OK,4.56,OK
2016-11-22 05:00:00,5.89,OK,1.14,OK,null,OS,null,OS,4.95,OK,27.13,OK,5.76,OK
2016-11-22 06:00:00,2.84,OK,1.25,OK,null,OS,null,OS,5.27,OK,18.91,OK,-2.24,BDL
2016-11-22 07:00:00,5.49,OK,1.27,OK,null,OS,null,OS,5.31,OK,37.57,OK,-0.41,BDL
2016-11-22 08:00:00,6.58,OK,1.25,OK,null,OS,null,OS,5.31,OK,36.31,OK,-4.7,OR
2016-11-22 09:00:00,12.11,OK,1.28,OK,null,OS,null,OS,5.42,OK,59.34,OK,6.95,OK
2016-11-22 10:00:00,14.21,OK,1.21,OK,null,OS,null,OS,5.38,OK,38.6,OK,6.08,OK
2016-11-22 11:00:00,29.77,OK,1.16,OK,null,OS,null,OS,5.32,OK,42.0,OK,2.35,BDL
2016-11-22 12:00:00,26.29,OK,1.15,OK,null,OS,null,OS,5.25,OK,49.72,OK,12.73,OK
2016-11-22 13:00:00,19.27,OK,1.12,OK,null,OS,null,OS,5.18,OK,30.12,OK,3.31,BDL
2016-11-22 14:00:00,19.62,OK,1.15,OK,null,OS,null,OS,5.21,OK,26.22,OK,4.82,OK
2016-11-22 15:00:00,15.2,OK,1.21,OK,null,OS,null,OS,5.25,OK,31.58,OK,-1.2,BDL
2016-11-22 16:00:00,6.32,OK,1.25,OK,null,OS,null,OS,5.55,OK,33.72,OK,8.81,OK
2016-11-22 17:00:00,1.79,OK,1.33,OK,null,OS,null,OS,5.64,OK,84.44,OK,9.44,OK
2016-11-22 18:00:00,2.29,OK,1.27,OK,null,OS,null,OS,5.51,OK,114.21,OK,19.18,OK
2016-11-22 19:00:00,1.64,OK,1.25,OK,null,OS,null,OS,5.54,OK,72.2,OK,9.97,OK
2016-11-22 20:00:00,1.64,OK,1.3,OK,null,OS,null,OS,5.53,OK,101.09,OK,15.16,OK
2016-11-22 21:00:00,1.53,OK,1.26,OK,null,OS,null,OS,5.51,OK,78.04,OK,16.31,OK
2016-11-22 22:00:00,3.39,OK,1.21,OK,null,OS,null,OS,5.42,OK,78.12,OK,17.19,OK
2016-11-22 23:00:00,4.43,OK,1.2,OK,null,OS,null,OS,5.29,OK,37.0,OK,10.29,OK
2016-11-23 00:00:00,4.02,OK,1.27,OK,null,OS,null,OS,5.13,OK,43.59,OK,10.26,OK
2016-11-23 01:00:00,15.47,OK,1.1,OK,null,OS,null,OS,4.87,OK,47.43,OK,15.68,OK
2016-11-23 02:00:00,4.52,OK,1.11,OK,null,OS,null,OS,5.05,OK,23.62,OK,5.39,OK
2016-11-23 03:00:00,6.11,OK,1.12,OK,null,OS,null,OS,4.99,OK,23.78,OK,2.47,BDL
2016-11-23 04:00:00,4.1,OK,1.13,OK,null,OS,null,OS,4.99,OK,20.87,OK,8.99,OK
2016-11-23 05:00:00,3.1,OK,1.18,OK,null,OS,null,OS,5.04,OK,41.88,OK,8.14,OK
2016-11-23 06:00:00,2.86,OK,1.32,OK,null,OS,null,OS,5.31,OK,47.11,OK,15.02,OK
2016-11-23 07:00:00,7.46,OK,1.33,OK,null,OS,null,OS,5.35,OK,41.61,OK,-2.22,BDL
2016-11-23 08:00:00,11.22,OK,1.34,OK,null,OS,null,OS,5.34,OK,68.83,OK,-1.06,BDL
2016-11-23 09:00:00,17.06,OK,1.3,OK,null,OS,null,OS,5.29,OK,40.24,OK,-1.11,BDL
2016-11-23 10:00:00,16.78,OK,1.27,OK,null,OS,null,OS,5.36,OK,44.35,OK,2.46,BDL
2016-11-23 11:00:00,21.25,OK,1.25,OK,null,OS,null,OS,5.45,OK,48.31,OK,7.99,OK
2016-11-23 12:00:00,20.9,OK,1.35,OK,null,OS,null,OS,5.38,OK,59.71,OK,12.2,OK
2016-11-23 13:00:00,19.25,OK,1.34,OK,null,OS,null,OS,5.32,OK,55.32,OK,10.13,OK
2016-11-23 14:00:00,16.95,OK,1.22,OK,null,OS,null,OS,5.28,OK,32.24,OK,4.2,OK
2016-11-23 15:00:00,12.95,OK,1.24,OK,null,OS,null,OS,5.34,OK,25.39,OK,7.65,OK
2016-11-23 16:00:00,3.34,OK,1.34,OK,null,OS,null,OS,5.73,OK,58.46,OK,3.37,BDL
2016-11-23 17:00:00,2.04,OK,1.39,OK,null,OS,null,OS,5.7,OK,100.29,OK,16.17,OK
2016-11-23 18:00:00,1.33,OK,1.44,OK,null,OS,null,OS,5.85,OK,121.88,OK,20.37,OK
2016-11-23 19:00:00,1.29,OK,1.34,OK,null,OS,null,OS,5.69,OK,128.71,OK,18.43,OK
2016-11-23 20:00:00,3.05,OK,1.28,OK,null,OS,null,OS,5.55,OK,91.63,OK,16.93,OK
2016-11-23 21:00:00,1.47,OK,1.35,OK,null,OS,null,OS,5.58,OK,67.13,OK,13.35,OK
2016-11-23 22:00:00,1.33,OK,1.33,OK,null,OS,null,OS,5.71,OK,86.92,OK,17.96,OK
2016-11-23 23:00:00,1.65,OK,1.85,OK,null,OS,null,OS,5.79,OK,98.85,OK,30.06,OK
2016-11-24 00:00:00,1.36,OK,1.38,OK,null,OS,null,OS,5.74,OK,87.2,OK,22.25,OK
2016-11-24 01:00:00,1.35,OK,1.37,OK,null,OS,null,OS,5.67,OK,80.14,OK,23.23,OK
2016-11-24 02:00:00,3.94,OK,1.23,OK,null,OS,null,OS,5.28,OK,58.91,OK,14.9,OK
2016-11-24 03:00:00,6.73,OK,1.22,OK,null,OS,null,OS,5.16,OK,46.84,OK,13.35,OK
2016-11-24 04:00:00,1.72,OK,1.24,OK,null,OS,null,OS,5.27,OK,28.97,OK,9.83,OK
2016-11-24 05:00:00,2.06,OK,1.34,OK,null,OS,null,OS,5.22,OK,43.74,OK,12.63,OK
2016-11-24 06:00:00,3.71,OK,1.48,OK,null,OS,null,OS,5.36,OK,45.47,OK,5.65,OK
2016-11-24 07:00:00,10.91,OK,1.37,OK,null,OS,null,OS,5.35,OK,38.25,OK,-7.6,OR
2016-11-24 08:00:00,20.89,OK,1.27,OK,null,OS,null,OS,5.08,OK,34.68,OK,-3.44,BDL
2016-11-24 09:00:00,8.73,OK,1.44,OK,null,OS,null,OS,5.65,OK,70.76,OK,2.45,BDL
2016-11-24 10:00:00,17.03,OK,1.4,OK,null,OS,null,OS,5.56,OK,85.34,OK,7.49,OK
2016-11-24 11:00:00,22.29,OK,1.45,OK,null,OS,null,OS,5.52,OK,76.61,OK,12.03,OK
2016-11-24 12:00:00,20.41,OK,1.39,OK,null,OS,null,OS,5.36,OK,88.0,OK,19.41,OK
2016-11-24 13:00:00,20.41,OK,1.36,OK,null,OS,null,OS,5.33,OK,55.82,OK,5.04,OK
2016-11-24 14:00:00,17.0,OK,1.29,OK,null,OS,null,OS,5.3,OK,47.07,OK,10.36,OK
2016-11-24 15:00:00,13.9,OK,1.31,OK,null,OS,null,OS,5.33,OK,38.73,OK,2.4,BDL
2016-11-24 16:00:00,5.09,OK,1.36,OK,null,OS,null,OS,5.66,OK,57.3,OK,9.92,OK
2016-11-24 17:00:00,1.72,OK,1.49,OK,null,OS,null,OS,5.8,OK,141.52,OK,18.58,OK
2016-11-24 18:00:00,1.58,OK,1.41,OK,null,OS,null,OS,5.74,OK,149.17,OK,23.93,OK
2016-11-24 19:00:00,1.67,OK,1.32,OK,null,OS,null,OS,5.58,OK,90.79,OK,18.05,OK
2016-11-24 20:00:00,1.36,OK,1.38,OK,null,OS,null,OS,5.69,OK,104.69,OK,16.09,OK
2016-11-24 21:00:00,1.28,OK,1.33,OK,null,OS,null,OS,5.66,OK,119.0,OK,22.31,OK
2016-11-24 22:00:00,1.57,OK,1.77,OK,null,OS,null,OS,5.98,OK,102.5,OK,19.82,OK
2016-11-24 23:00:00,5.45,OK,1.34,OK,null,OS,null,OS,5.28,OK,115.89,OK,28.42,OK
2016-11-25 00:00:00,10.2,OK,1.15,OK,null,OS,null,OS,4.99,OK,63.77,OK,16.17,OK
2016-11-25 01:00:00,4.54,OK,1.26,OK,null,OS,null,OS,5.16,OK,43.0,OK,11.09,OK
2016-11-25 02:00:00,4.41,OK,1.2,OK,null,OS,null,OS,5.1,OK,50.22,OK,14.57,OK
2016-11-25 03:00:00,5.18,OK,1.19,OK,null,OS,null,OS,5.02,OK,34.91,OK,13.52,OK
2016-11-25 04:00:00,5.16,OK,1.18,OK,null,OS,null,OS,4.97,OK,32.82,OK,7.24,OK
2016-11-25 05:00:00,2.02,OK,1.18,OK,null,OS,null,OS,5.07,OK,24.98,OK,3.3,BDL
2016-11-25 06:00:00,2.73,OK,1.37,OK,null,OS,null,OS,5.27,OK,34.34,OK,2.33,BDL
2016-11-25 07:00:00,3.3,OK,1.45,OK,null,OS,null,OS,5.48,OK,41.31,OK,-0.7,BDL
2016-11-25 08:00:00,9.6,OK,1.52,OK,null,OS,null,OS,5.45,OK,66.26,OK,7.37,OK
2016-11-25 09:00:00,21.35,OK,1.41,OK,null,OS,null,OS,5.3,OK,67.91,OK,6.6,OK
2016-11-25 10:00:00,20.1,OK,1.29,OK,null,OS,null,OS,5.28,OK,50.5,OK,2.05,BDL
2016-11-25 11:00:00,19.17,OK,1.31,OK,null,OS,null,OS,5.29,OK,49.11,OK,8.7,OK
2016-11-25 12:00:00,17.2,OK,1.32,OK,null,OS,null,OS,5.3,OK,75.41,OK,16.28,OK
2016-11-25 13:00:00,20.83,OK,1.33,OK,null,OS,null,OS,5.28,OK,65.71,OK,11.77,OK
2016-11-25 14:00:00,22.21,OK,1.28,OK,null,OS,null,OS,5.33,OK,48.66,OK,6.33,OK
2016-11-25 15:00:00,17.61,OK,1.26,OK,null,OS,null,OS,5.34,OK,61.92,OK,14.12,OK
2016-11-25 16:00:00,6.96,OK,1.38,OK,null,OS,null,OS,5.7,OK,68.03,OK,12.82,OK
2016-11-25 17:00:00,1.56,OK,1.45,OK,null,OS,null,OS,5.9,OK,118.07,OK,14.09,OK
2016-11-25 18:00:00,1.95,OK,1.38,OK,null,OS,null,OS,5.75,OK,167.85,OK,30.49,OK
2016-11-25 19:00:00,1.32,OK,1.34,OK,null,OS,null,OS,5.7,OK,126.48,OK,23.03,OK
2016-11-25 20:00:00,1.22,OK,1.33,OK,null,OS,null,OS,5.77,OK,100.28,OK,16.38,OK
2016-11-25 21:00:00,1.15,OK,1.78,OK,null,OS,null,OS,5.99,OK,105.59,OK,20.69,OK
2016-11-25 22:00:00,7.68,OK,1.44,OK,null,OS,null,OS,5.47,OK,116.66,OK,29.05,OK
2016-11-25 23:00:00,18.16,OK,1.27,OK,null,OS,null,OS,5.09,OK,65.78,OK,13.8,OK
2016-11-26 00:00:00,11.29,OK,1.21,OK,null,OS,null,OS,5.05,OK,57.57,OK,14.29,OK
2016-11-26 01:00:00,11.32,OK,1.18,OK,null,OS,null,OS,5.03,OK,52.68,OK,17.41,OK
2016-11-26 02:00:00,7.68,OK,1.2,OK,null,OS,null,OS,5.06,OK,39.07,OK,10.11,OK
2016-11-26 03:00:00,12.04,OK,1.09,OK,null,OS,null,OS,4.98,OK,35.79,OK,13.02,OK
2016-11-26 04:00:00,13.06,OK,1.08,OK,null,OS,null,OS,4.99,OK,28.93,OK,7.29,OK
2016-11-26 05:00:00,5.47,OK,1.14,OK,null,OS,null,OS,5.07,OK,29.67,OK,6.69,OK
2016-11-26 06:00:00,9.19,OK,1.23,OK,null,OS,null,OS,5.06,OK,46.0,OK,8.19,OK
2016-11-26 07:00:00,8.91,OK,1.35,OK,null,OS,null,OS,5.26,OK,48.63,OK,6.52,OK
2016-11-26 08:00:00,11.8,OK,1.32,OK,null,OS,null,OS,5.3,OK,47.1,OK,-3.06,BDL
2016-11-26 09:00:00,13.59,OK,1.42,OK,null,OS,null,OS,5.45,OK,64.08,OK,2.06,BDL
2016-11-26 10:00:00,21.64,OK,1.35,OK,null,OS,null,OS,5.33,OK,67.32,OK,12.25,OK
2016-11-26 11:00:00,26.72,OK,1.35,OK,null,OS,null,OS,5.3,OK,39.58,OK,5.59,OK
2016-11-26 12:00:00,23.33,OK,1.43,OK,null,OS,null,OS,5.34,OK,90.04,OK,17.7,OK
2016-11-26 13:00:00,24.9,OK,1.36,OK,null,OS,null,OS,5.34,OK,60.98,OK,6.39,OK
2016-11-26 14:00:00,18.92,OK,1.25,OK,null,OS,null,OS,5.4,OK,51.83,OK,6.93,OK
2016-11-26 15:00:00,16.77,OK,1.23,OK,null,OS,null,OS,5.32,OK,57.26,OK,13.2,OK
2016-11-26 16:00:00,14.41,OK,1.35,OK,null,OS,null,OS,5.42,OK,58.18,OK,14.77,OK
2016-11-26 17:00:00,7.9,OK,1.69,OK,null,OS,null,OS,5.61,OK,73.51,OK,10.97,OK
2016-11-26 18:00:00,6.14,OK,1.42,OK,null,OS,null,OS,5.48,OK,75.38,OK,14.8,OK
2016-11-26 19:00:00,4.69,OK,1.28,OK,null,OS,null,OS,5.43,OK,63.15,OK,14.59,OK
2016-11-26 20:00:00,2.81,OK,1.42,OK,null,OS,null,OS,5.49,OK,71.87,OK,13.48,OK
2016-11-26 21:00:00,4.82,OK,1.31,OK,null,OS,null,OS,5.44,OK,98.26,OK,17.12,OK
2016-11-26 22:00:00,3.97,OK,1.19,OK,null,OS,null,OS,5.39,OK,50.8,OK,9.14,OK
2016-11-26 23:00:00,7.44,OK,1.22,OK,null,OS,null,OS,5.33,OK,62.21,OK,15.08,OK
2016-11-27 00:00:00,8.7,OK,1.21,OK,null,OS,null,OS,5.23,OK,47.81,OK,11.38,OK
2016-11-27 01:00:00,10.96,OK,1.17,OK,null,OS,null,OS,5.2,OK,41.34,OK,7.14,OK
2016-11-27 02:00:00,4.08,OK,1.15,OK,null,OS,null,OS,5.24,OK,44.73,OK,10.5,OK
2016-11-27 03:00:00,3.33,OK,1.13,OK,null,OS,null,OS,5.23,OK,43.6,OK,12.31,OK
2016-11-27 04:00:00,3.06,OK,1.13,OK,null,OS,null,OS,5.2,OK,33.66,OK,7.4,OK
2016-11-27 05:00:00,2.17,OK,1.18,OK,null,OS,null,OS,5.19,OK,33.36,OK,9.72,OK
2016-11-27 06:00:00,3.55,OK,1.15,OK,null,OS,null,OS,5.18,OK,31.99,OK,5.36,OK
2016-11-27 07:00:00,5.92,OK,1.17,OK,null,OS,null,OS,5.15,OK,29.29,OK,3.82,BDL
2016-11-27 08:00:00,10.41,OK,1.17,OK,null,OS,null,OS,5.16,OK,14.94,OK,-1.21,BDL
2016-11-27 09:00:00,14.27,OK,1.16,OK,null,OS,null,OS,5.12,OK,24.97,OK,0.81,BDL
2016-11-27 10:00:00,17.01,OK,1.12,OK,null,OS,null,OS,5.08,OK,7.62,OK,-2.88,BDL
2016-11-27 11:00:00,19.26,OK,1.11,OK,null,OS,null,OS,5.07,OK,42.09,OK,2.84,BDL
2016-11-27 12:00:00,20.94,OK,1.12,OK,null,OS,null,OS,5.07,OK,13.62,OK,2.78,BDL
2016-11-27 13:00:00,19.26,OK,1.09,OK,null,OS,null,OS,5.09,OK,20.02,OK,7.52,OK
2016-11-27 14:00:00,18.84,OK,1.1,OK,null,OS,null,OS,5.09,OK,19.05,OK,9.82,OK
2016-11-27 15:00:00,15.16,OK,1.09,OK,null,OS,null,OS,5.09,OK,26.34,OK,9.93,OK
2016-11-27 16:00:00,19.93,OK,1.13,OK,null,OS,null,OS,5.11,OK,45.05,OK,9.44,OK
2016-11-27 17:00:00,13.14,OK,1.09,OK,null,OS,null,OS,5.26,OK,24.01,OK,9.94,OK
2016-11-27 18:00:00,7.29,OK,1.09,OK,null,OS,null,OS,5.18,OK,21.43,OK,3.45,BDL
2016-11-27 19:00:00,8.19,OK,1.14,OK,null,OS,null,OS,5.17,OK,19.0,OK,6.81,OK
2016-11-27 20:00:00,6.09,OK,1.1,OK,null,OS,null,OS,5.16,OK,36.28,OK,10.08,OK
2016-11-27 21:00:00,5.06,OK,1.1,OK,null,OS,null,OS,5.13,OK,21.03,OK,6.54,OK
2016-11-27 22:00:00,3.54,OK,1.16,OK,null,OS,null,OS,5.12,OK,34.58,OK,11.08,OK
2016-11-27 23:00:00,2.31,OK,1.12,OK,null,OS,null,OS,5.15,OK,58.95,OK,14.14,OK
2016-11-28 00:00:00,2.26,OK,1.13,OK,null,OS,null,OS,5.15,OK,49.1,OK,14.24,OK
2016-11-28 01:00:00,2.05,OK,1.14,OK,null,OS,null,OS,5.16,OK,39.52,OK,16.51,OK
2016-11-28 02:00:00,7.24,OK,1.17,OK,null,OS,null,OS,5.1,OK,39.31,OK,10.11,OK
2016-11-28 03:00:00,9.69,OK,1.12,OK,null,OS,null,OS,5.05,OK,21.82,OK,7.2,OK
2016-11-28 04:00:00,9.68,OK,1.08,OK,null,OS,null,OS,5.04,OK,16.71,OK,1.45,BDL
2016-11-28 05:00:00,7.7,OK,1.1,OK,null,OS,null,OS,5.12,OK,25.85,OK,-1.29,BDL
2016-11-28 06:00:00,2.14,OK,1.22,OK,null,OS,null,OS,5.38,OK,23.88,OK,-0.56,BDL
2016-11-28 07:00:00,2.38,OK,1.38,OK,null,OS,null,OS,5.69,OK,40.27,OK,-3.01,BDL
2016-11-28 08:00:00,15.8,OK,1.24,OK,null,OS,null,OS,5.38,OK,75.81,OK,10.42,OK
2016-11-28 09:00:00,23.67,OK,1.18,OK,null,OS,null,OS,5.22,OK,46.94,OK,7.47,OK
2016-11-28 10:00:00,30.07,OK,1.13,OK,null,OS,null,OS,5.12,OK,24.79,OK,-4.15,OR
2016-11-28 11:00:00,22.18,OK,1.06,OK,null,OS,null,OS,5.18,OK,19.2,OK,3.27,BDL
2016-11-28 12:00:00,23.42,OK,1.11,OK,null,OS,null,OS,5.26,OK,19.87,OK,2.69,BDL
2016-11-28 13:00:00,20.94,OK,1.12,OK,null,OS,null,OS,5.29,OK,37.7,OK,6.77,OK
2016-11-28 14:00:00,19.99,OK,1.14,OK,null,OS,null,OS,5.33,OK,36.47,OK,6.78,OK
2016-11-28 15:00:00,12.97,OK,1.17,OK,null,OS,null,OS,5.37,OK,33.03,OK,14.93,OK
2016-11-28 16:00:00,7.77,OK,1.11,OK,null,OS,null,OS,5.34,OK,48.34,OK,9.0,OK
2016-11-28 17:00:00,4.73,OK,1.12,OK,null,OS,null,OS,5.34,OK,61.08,OK,12.43,OK
2016-11-28 18:00:00,4.15,OK,1.51,OK,null,OS,null,OS,5.51,OK,63.39,OK,7.07,OK
2016-11-28 19:00:00,1.39,OK,1.15,OK,null,OS,null,OS,5.42,OK,56.54,OK,16.43,OK
2016-11-28 20:00:00,1.25,OK,1.17,OK,null,OS,null,OS,5.53,OK,64.34,OK,16.04,OK
2016-11-28 21:00:00,1.17,OK,1.24,OK,null,OS,null,OS,5.66,OK,86.33,OK,13.14,OK
2016-11-28 22:00:00,1.28,OK,1.35,OK,null,OS,null,OS,5.85,OK,83.41,OK,17.14,OK
2016-11-28 23:00:00,1.2,OK,1.4,OK,null,OS,null,OS,5.79,OK,89.28,OK,25.04,OK
2016-11-29 00:00:00,3.3,OK,1.27,OK,null,OS,null,OS,5.57,OK,53.98,OK,14.54,OK
2016-11-29 01:00:00,4.89,OK,1.18,OK,null,OS,null,OS,5.33,OK,36.51,OK,8.04,OK
2016-11-29 02:00:00,10.41,OK,1.08,OK,null,OS,null,OS,5.13,OK,32.44,OK,10.05,OK
2016-11-29 03:00:00,17.17,OK,1.06,OK,null,OS,null,OS,5.04,OK,20.65,OK,1.49,BDL
2016-11-29 04:00:00,9.42,OK,1.1,OK,null,OS,null,OS,5.1,OK,17.25,OK,2.9,BDL
2016-11-29 05:00:00,2.96,OK,1.07,OK,null,OS,null,OS,5.23,OK,18.55,OK,-0.06,BDL
2016-11-29 06:00:00,1.51,OK,1.21,OK,null,OS,null,OS,5.43,OK,21.62,OK,2.68,BDL
2016-11-29 07:00:00,8.68,OK,1.33,OK,null,OS,null,OS,5.53,OK,42.42,OK,0.22,BDL
2016-11-29 08:00:00,18.42,OK,1.18,OK,null,OS,null,OS,5.28,OK,46.28,OK,7.0,OK
2016-11-29 09:00:00,25.98,OK,1.21,OK,null,OS,null,OS,5.24,OK,35.83,OK,0.43,BDL
2016-11-29 10:00:00,26.79,OK,1.14,OK,null,OS,null,OS,5.29,OK,30.13,OK,-1.32,BDL
2016-11-29 11:00:00,26.45,OK,1.14,OK,null,OS,null,OS,5.34,OK,29.41,OK,6.71,OK
2016-11-29 12:00:00,14.85,OK,1.18,OK,null,OS,null,OS,5.31,OK,39.83,OK,12.51,OK
2016-11-29 13:00:00,16.55,OK,1.05,OK,null,OS,null,OS,5.26,OK,23.71,OK,-1.28,BDL
2016-11-29 14:00:00,13.89,OK,1.15,OK,null,OS,null,OS,5.3,OK,21.14,OK,6.35,OK
2016-11-29 15:00:00,12.68,OK,1.18,OK,null,OS,null,OS,5.4,OK,17.74,OK,1.52,BDL
2016-11-29 16:00:00,6.11,OK,1.26,OK,null,OS,null,OS,5.65,OK,30.85,OK,6.72,OK
2016-11-29 17:00:00,3.06,OK,1.36,OK,null,OS,null,OS,5.78,OK,60.83,OK,10.18,OK
2016-11-29 18:00:00,4.91,OK,1.17,OK,null,OS,null,OS,5.53,OK,61.83,OK,13.14,OK
2016-11-29 19:00:00,1.51,OK,1.11,OK,null,OS,null,OS,5.49,OK,47.21,OK,6.74,OK
2016-11-29 20:00:00,3.13,OK,1.1,OK,null,OS,null,OS,5.43,OK,42.0,OK,8.28,OK
2016-11-29 21:00:00,3.54,OK,1.14,OK,null,OS,null,OS,5.43,OK,44.54,OK,13.63,OK
2016-11-29 22:00:00,1.33,OK,1.17,OK,null,OS,null,OS,5.47,OK,104.98,OK,24.59,OK
2016-11-29 23:00:00,3.36,OK,1.19,OK,null,OS,null,OS,5.39,OK,77.44,OK,19.7,OK
2016-11-30 00:00:00,4.5,OK,1.16,OK,null,OS,null,OS,5.27,OK,33.73,OK,6.88,OK
2016-11-30 01:00:00,4.63,OK,1.1,OK,null,OS,null,OS,5.21,OK,24.53,OK,3.81,BDL
2016-11-30 02:00:00,14.61,OK,1.05,OK,null,OS,null,OS,5.02,OK,16.07,OK,3.92,BDL
2016-11-30 03:00:00,16.89,OK,1.03,OK,null,OS,null,OS,4.99,OK,6.68,OK,-5.49,OR
2016-11-30 04:00:00,4.74,OK,1.01,OK,null,OS,null,OS,5.09,OK,3.96,BDL,-4.39,OR
2016-11-30 05:00:00,6.96,OK,1.1,OK,null,OS,null,OS,5.13,OK,16.39,OK,-2.43,BDL
2016-11-30 06:00:00,2.37,OK,1.23,OK,null,OS,null,OS,5.4,OK,25.17,OK,-2.92,BDL
2016-11-30 07:00:00,3.12,OK,1.39,OK,null,OS,null,OS,5.56,OK,52.84,OK,4.37,OK
2016-11-30 08:00:00,1.81,OK,1.35,OK,null,OS,null,OS,5.63,OK,82.97,OK,11.36,OK
2016-11-30 09:00:00,3.38,OK,1.43,OK,null,OS,null,OS,5.89,OK,105.95,OK,21.95,OK
2016-11-30 10:00:00,7.3,OK,1.39,OK,null,OS,null,OS,5.81,OK,99.06,OK,12.9,OK
2016-11-30 11:00:00,10.91,OK,1.5,OK,null,OS,null,OS,5.56,OK,60.96,OK,8.0,OK
2016-11-30 12:00:00,12.5,OK,1.31,OK,null,OS,null,OS,5.48,OK,36.56,OK,3.89,BDL
2016-11-30 13:00:00,16.54,OK,1.28,OK,null,OS,null,OS,5.39,OK,32.75,OK,2.74,BDL
2016-11-30 14:00:00,15.43,OK,1.27,OK,null,OS,null,OS,5.43,OK,33.62,OK,13.07,OK
2016-11-30 15:00:00,11.23,OK,1.2,OK,null,OS,null,OS,5.43,OK,40.52,OK,2.62,BDL
2016-11-30 16:00:00,6.15,OK,1.58,OK,null,OS,null,OS,5.66,OK,53.7,OK,13.89,OK
2016-11-30 17:00:00,2.03,OK,1.41,OK,null,OS,null,OS,5.83,OK,79.91,OK,12.75,OK
2016-11-30 18:00:00,2.13,OK,1.39,OK,null,OS,null,OS,5.84,OK,87.09,OK,11.87,OK
2016-11-30 19:00:00,1.34,OK,1.31,OK,null,OS,null,OS,5.76,OK,49.38,OK,11.86,OK
2016-11-30 20:00:00,1.43,OK,1.36,OK,null,OS,null,OS,5.76,OK,69.11,OK,17.3,OK
2016-11-30 21:00:00,1.43,OK,1.35,OK,null,OS,null,OS,5.76,OK,82.22,OK,15.42,OK
2016-11-30 22:00:00,1.41,OK,1.32,OK,null,OS,null,OS,5.78,OK,86.17,OK,17.85,OK
2016-11-30 23:00:00,1.42,OK,1.34,OK,null,OS,null,OS,5.76,OK,67.3,OK,13.68,OK
