Red Universitaria de Observatorios Atmosfericos (RUOA)
Atmospheric Observatory Hermosillo (erno), Sonora
Lat 29.0814 N, Lon 110.9706 W, Alt 154 masl
Time UTC-7h
Air Quality data
Flags: OK = Reliable data, BDL = Below Detection Limit, OR = Out of Range, OS = Out of Service 
 
Time,O3,O3_flag,SO2,SO2_flag,NO2,NO2_flag,NO,NO_flag,CO,CO_flag,PM10,PM10_flag,PM2.5,PM2.5_flag
yyyy-mm-dd HH:MM:SS,ppb,flag,ppb,flag,ppb,flag,ppb,flag,ppm,flag,ug/m^3,flag,ug/m^3,flag
2016-02-01 00:00:00,32.32,OK,1.08,OK,null,OS,null,OS,3.0,OK,56.16,OK,4.0,OK
2016-02-01 01:00:00,24.16,OK,0.85,BDL,null,OS,null,OS,3.01,OK,18.42,OK,6.95,OK
2016-02-01 02:00:00,21.3,OK,0.73,BDL,null,OS,null,OS,3.0,OK,19.12,OK,6.08,OK
2016-02-01 03:00:00,20.81,OK,0.73,BDL,null,OS,null,OS,2.99,OK,8.48,OK,5.8,OK
2016-02-01 04:00:00,25.06,OK,0.7,BDL,null,OS,null,OS,2.99,OK,18.38,OK,1.61,BDL
2016-02-01 05:00:00,34.23,OK,0.69,BDL,null,OS,null,OS,2.98,OK,17.23,OK,5.86,OK
2016-02-01 06:00:00,30.71,OK,0.68,BDL,null,OS,null,OS,3.02,OK,1.44,BDL,-3.18,BDL
2016-02-01 07:00:00,32.11,OK,0.75,BDL,null,OS,null,OS,3.1,OK,14.35,OK,4.48,OK
2016-02-01 08:00:00,35.21,OK,0.85,BDL,null,OS,null,OS,3.04,OK,17.84,OK,-0.1,BDL
2016-02-01 09:00:00,38.03,OK,0.96,BDL,null,OS,null,OS,3.06,OK,10.92,OK,-6.25,OR
2016-02-01 10:00:00,38.29,OK,1.01,OK,null,OS,null,OS,3.07,OK,37.72,OK,5.02,OK
2016-02-01 11:00:00,39.3,OK,1.03,OK,null,OS,null,OS,3.06,OK,70.23,OK,-3.24,BDL
2016-02-01 12:00:00,40.59,OK,0.96,BDL,null,OS,null,OS,3.04,OK,142.02,OK,8.22,OK
2016-02-01 13:00:00,40.23,OK,0.96,BDL,null,OS,null,OS,3.06,OK,38.92,OK,1.99,BDL
2016-02-01 14:00:00,40.1,OK,0.93,BDL,null,OS,null,OS,3.06,OK,29.32,OK,6.73,OK
2016-02-01 15:00:00,39.79,OK,1.0,OK,null,OS,null,OS,3.11,OK,15.49,OK,12.5,OK
2016-02-01 16:00:00,36.97,OK,1.01,OK,null,OS,null,OS,3.13,OK,21.76,OK,6.2,OK
2016-02-01 17:00:00,32.68,OK,1.16,OK,null,OS,null,OS,3.18,OK,28.02,OK,5.22,OK
2016-02-01 18:00:00,28.96,OK,1.19,OK,null,OS,null,OS,3.22,OK,33.72,OK,9.83,OK
2016-02-01 19:00:00,25.22,OK,1.04,OK,null,OS,null,OS,3.19,OK,32.29,OK,12.45,OK
2016-02-01 20:00:00,16.94,OK,1.24,OK,null,OS,null,OS,3.29,OK,43.64,OK,7.33,OK
2016-02-01 21:00:00,9.85,OK,1.38,OK,null,OS,null,OS,3.56,OK,45.28,OK,12.2,OK
2016-02-01 22:00:00,4.36,OK,1.23,OK,null,OS,null,OS,3.55,OK,54.35,OK,15.72,OK
2016-02-01 23:00:00,17.74,OK,1.02,OK,null,OS,null,OS,3.29,OK,69.76,OK,19.16,OK
2016-02-02 00:00:00,26.08,OK,0.78,BDL,null,OS,null,OS,3.02,OK,17.51,OK,6.78,OK
2016-02-02 01:00:00,19.65,OK,0.77,BDL,null,OS,null,OS,3.07,OK,18.19,OK,5.41,OK
2016-02-02 02:00:00,20.96,OK,0.68,BDL,null,OS,null,OS,2.97,OK,31.71,OK,6.1,OK
2016-02-02 03:00:00,18.03,OK,0.72,BDL,null,OS,null,OS,2.96,OK,30.31,OK,11.65,OK
2016-02-02 04:00:00,13.14,OK,0.71,BDL,null,OS,null,OS,2.98,OK,29.81,OK,10.33,OK
2016-02-02 05:00:00,6.3,OK,0.74,BDL,null,OS,null,OS,3.15,OK,19.52,OK,4.68,OK
2016-02-02 06:00:00,2.17,OK,1.15,OK,null,OS,null,OS,3.66,OK,38.34,OK,8.31,OK
2016-02-02 07:00:00,5.32,OK,1.63,OK,null,OS,null,OS,3.67,OK,28.49,OK,0.72,BDL
2016-02-02 08:00:00,7.24,OK,2.33,OK,null,OS,null,OS,3.89,OK,43.08,OK,3.64,BDL
2016-02-02 09:00:00,19.53,OK,2.33,OK,null,OS,null,OS,3.7,OK,66.75,OK,7.04,OK
2016-02-02 10:00:00,39.24,OK,0.89,BDL,null,OS,null,OS,3.03,OK,44.25,OK,5.83,OK
2016-02-02 11:00:00,38.72,OK,1.07,OK,null,OS,null,OS,3.07,OK,24.27,OK,-1.46,BDL
2016-02-02 12:00:00,37.71,OK,1.19,OK,null,OS,null,OS,3.12,OK,23.32,OK,0.49,BDL
2016-02-02 13:00:00,39.71,OK,0.97,BDL,null,OS,null,OS,3.01,OK,29.96,OK,7.08,OK
2016-02-02 14:00:00,39.25,OK,1.04,OK,null,OS,null,OS,3.04,OK,22.12,OK,1.98,BDL
2016-02-02 15:00:00,33.92,OK,1.53,OK,null,OS,null,OS,3.21,OK,13.83,OK,1.77,BDL
2016-02-02 16:00:00,31.92,OK,1.58,OK,null,OS,null,OS,3.23,OK,19.91,OK,4.5,OK
2016-02-02 17:00:00,18.18,OK,1.72,OK,null,OS,null,OS,3.38,OK,25.96,OK,4.98,OK
2016-02-02 18:00:00,8.04,OK,2.43,OK,null,OS,null,OS,3.64,OK,42.67,OK,11.34,OK
2016-02-02 19:00:00,10.86,OK,3.13,OK,null,OS,null,OS,3.58,OK,48.17,OK,6.11,OK
2016-02-02 20:00:00,3.97,OK,3.17,OK,null,OS,null,OS,3.89,OK,51.42,OK,11.76,OK
2016-02-02 21:00:00,7.07,OK,1.59,OK,null,OS,null,OS,3.37,OK,52.11,OK,15.23,OK
2016-02-02 22:00:00,5.49,OK,1.45,OK,null,OS,null,OS,3.3,OK,35.79,OK,8.7,OK
2016-02-02 23:00:00,11.43,OK,1.35,OK,null,OS,null,OS,3.26,OK,39.85,OK,11.82,OK
2016-02-03 00:00:00,21.14,OK,1.03,OK,null,OS,null,OS,3.11,OK,21.63,OK,5.54,OK
2016-02-03 01:00:00,20.64,OK,0.9,BDL,null,OS,null,OS,3.01,OK,19.27,OK,4.87,OK
2016-02-03 02:00:00,23.38,OK,0.76,BDL,null,OS,null,OS,2.93,OK,18.34,OK,7.94,OK
2016-02-03 03:00:00,23.8,OK,0.76,BDL,null,OS,null,OS,2.92,OK,12.84,OK,2.91,BDL
2016-02-03 04:00:00,21.67,OK,0.81,BDL,null,OS,null,OS,2.94,OK,43.41,OK,6.36,OK
2016-02-03 05:00:00,10.9,OK,1.0,OK,null,OS,null,OS,3.04,OK,7.74,OK,0.28,BDL
2016-02-03 06:00:00,5.18,OK,1.85,OK,null,OS,null,OS,3.36,OK,23.34,OK,1.75,BDL
2016-02-03 07:00:00,11.32,OK,2.02,OK,null,OS,null,OS,3.42,OK,35.06,OK,-1.53,BDL
2016-02-03 08:00:00,21.15,OK,1.78,OK,null,OS,null,OS,3.33,OK,36.36,OK,3.54,BDL
2016-02-03 09:00:00,32.11,OK,1.11,OK,null,OS,null,OS,3.06,OK,24.6,OK,-1.89,BDL
2016-02-03 10:00:00,37.95,OK,0.91,BDL,null,OS,null,OS,3.0,OK,6.79,OK,-1.48,BDL
2016-02-03 11:00:00,42.19,OK,0.8,BDL,null,OS,null,OS,2.98,OK,4.49,OK,-3.28,BDL
2016-02-03 12:00:00,43.41,OK,0.87,BDL,null,OS,null,OS,3.0,OK,9.24,OK,4.35,OK
2016-02-03 13:00:00,42.82,OK,0.96,BDL,null,OS,null,OS,3.02,OK,9.3,OK,-1.69,BDL
2016-02-03 14:00:00,43.21,OK,0.93,BDL,null,OS,null,OS,3.01,OK,5.98,OK,2.76,BDL
2016-02-03 15:00:00,42.09,OK,0.99,BDL,null,OS,null,OS,3.04,OK,-0.5,BDL,7.68,OK
2016-02-03 16:00:00,33.69,OK,1.16,OK,null,OS,null,OS,3.15,OK,13.1,OK,2.48,BDL
2016-02-03 17:00:00,10.85,OK,2.14,OK,null,OS,null,OS,3.55,OK,26.88,OK,2.01,BDL
2016-02-03 18:00:00,6.08,OK,4.03,OK,null,OS,null,OS,4.03,OK,49.78,OK,12.93,OK
2016-02-03 19:00:00,28.29,OK,1.21,OK,null,OS,null,OS,3.16,OK,68.16,OK,14.39,OK
2016-02-03 20:00:00,36.65,OK,0.86,BDL,null,OS,null,OS,2.99,OK,79.13,OK,3.29,BDL
2016-02-03 21:00:00,37.56,OK,0.82,BDL,null,OS,null,OS,2.97,OK,28.82,OK,4.59,OK
2016-02-03 22:00:00,39.26,OK,0.72,BDL,null,OS,null,OS,2.95,OK,24.95,OK,0.56,BDL
2016-02-03 23:00:00,39.17,OK,0.77,BDL,null,OS,null,OS,2.95,OK,17.21,OK,2.58,BDL
2016-02-04 00:00:00,40.73,OK,0.76,BDL,null,OS,null,OS,2.95,OK,13.64,OK,1.6,BDL
2016-02-04 01:00:00,41.69,OK,0.76,BDL,null,OS,null,OS,2.95,OK,5.36,OK,1.36,BDL
2016-02-04 02:00:00,35.95,OK,0.82,BDL,null,OS,null,OS,2.97,OK,14.19,OK,5.41,OK
2016-02-04 03:00:00,36.27,OK,0.8,BDL,null,OS,null,OS,2.97,OK,7.56,OK,1.06,BDL
2016-02-04 04:00:00,26.82,OK,0.91,BDL,null,OS,null,OS,3.04,OK,12.66,OK,5.41,OK
2016-02-04 05:00:00,19.75,OK,1.19,OK,null,OS,null,OS,3.11,OK,15.19,OK,6.02,OK
2016-02-04 06:00:00,5.84,OK,2.74,OK,null,OS,null,OS,3.68,OK,47.78,OK,12.15,OK
2016-02-04 07:00:00,14.14,OK,2.73,OK,null,OS,null,OS,3.69,OK,53.4,OK,-9.63,OR
2016-02-04 08:00:00,14.59,OK,2.88,OK,null,OS,null,OS,3.75,OK,38.82,OK,2.32,BDL
2016-02-04 09:00:00,20.45,OK,3.11,OK,null,OS,null,OS,3.74,OK,97.92,OK,11.4,OK
2016-02-04 10:00:00,35.35,OK,1.77,OK,null,OS,null,OS,3.33,OK,80.18,OK,13.17,OK
2016-02-04 11:00:00,45.13,OK,0.94,BDL,null,OS,null,OS,3.05,OK,31.36,OK,5.59,OK
2016-02-04 12:00:00,46.87,OK,0.93,BDL,null,OS,null,OS,3.04,OK,7.61,OK,3.96,BDL
2016-02-04 13:00:00,39.0,OK,1.56,OK,null,OS,null,OS,3.21,OK,15.96,OK,7.92,OK
2016-02-04 14:00:00,36.8,OK,1.79,OK,null,OS,null,OS,3.27,OK,28.11,OK,6.44,OK
2016-02-04 15:00:00,37.29,OK,1.78,OK,null,OS,null,OS,3.31,OK,28.1,OK,1.04,BDL
2016-02-04 16:00:00,30.1,OK,2.27,OK,null,OS,null,OS,3.34,OK,30.04,OK,7.13,OK
2016-02-04 17:00:00,14.14,OK,2.86,OK,null,OS,null,OS,3.65,OK,42.72,OK,10.84,OK
2016-02-04 18:00:00,13.83,OK,2.43,OK,null,OS,null,OS,3.65,OK,65.17,OK,10.98,OK
2016-02-04 19:00:00,14.16,OK,2.03,OK,null,OS,null,OS,3.52,OK,100.33,OK,15.83,OK
2016-02-04 20:00:00,11.67,OK,1.96,OK,null,OS,null,OS,3.48,OK,85.19,OK,19.33,OK
2016-02-04 21:00:00,3.84,OK,2.18,OK,null,OS,null,OS,3.65,OK,53.39,OK,8.99,OK
2016-02-04 22:00:00,3.89,OK,1.99,OK,null,OS,null,OS,3.71,OK,85.55,OK,20.22,OK
2016-02-04 23:00:00,3.17,OK,1.78,OK,null,OS,null,OS,3.59,OK,90.19,OK,22.64,OK
2016-02-05 00:00:00,9.0,OK,1.32,OK,null,OS,null,OS,3.25,OK,68.49,OK,20.28,OK
2016-02-05 01:00:00,19.29,OK,0.99,BDL,null,OS,null,OS,3.04,OK,34.31,OK,11.25,OK
2016-02-05 02:00:00,18.76,OK,0.86,BDL,null,OS,null,OS,3.03,OK,20.0,OK,6.0,OK
2016-02-05 03:00:00,10.65,OK,0.97,BDL,null,OS,null,OS,3.1,OK,17.96,OK,8.46,OK
2016-02-05 04:00:00,6.89,OK,1.11,OK,null,OS,null,OS,3.13,OK,33.12,OK,12.15,OK
2016-02-05 05:00:00,5.06,OK,1.38,OK,null,OS,null,OS,3.22,OK,21.94,OK,7.01,OK
2016-02-05 06:00:00,3.1,OK,6.15,OK,null,OS,null,OS,4.88,OK,49.49,OK,6.12,OK
2016-02-05 07:00:00,4.16,OK,9.74,OK,null,OS,null,OS,6.62,OK,126.48,OK,14.52,OK
2016-02-05 08:00:00,5.52,OK,6.62,OK,null,OS,null,OS,5.4,OK,168.93,OK,30.03,OK
2016-02-05 09:00:00,23.96,OK,1.78,OK,null,OS,null,OS,3.37,OK,75.53,OK,13.58,OK
2016-02-05 10:00:00,33.52,OK,1.39,OK,null,OS,null,OS,3.21,OK,15.07,OK,-6.89,OR
2016-02-05 11:00:00,36.63,OK,1.94,OK,null,OS,null,OS,3.43,OK,16.28,OK,0.35,BDL
2016-02-05 12:00:00,37.93,OK,2.5,OK,null,OS,null,OS,3.52,OK,46.08,OK,12.6,OK
2016-02-05 13:00:00,44.48,OK,2.32,OK,null,OS,null,OS,3.39,OK,50.17,OK,10.42,OK
2016-02-05 14:00:00,42.36,OK,2.25,OK,null,OS,null,OS,3.32,OK,40.27,OK,8.55,OK
2016-02-05 15:00:00,33.47,OK,2.4,OK,null,OS,null,OS,null,OS,32.11,OK,4.54,OK
2016-02-05 16:00:00,22.31,OK,3.16,OK,null,OS,null,OS,null,OS,42.0,OK,9.44,OK
2016-02-05 17:00:00,9.99,OK,4.04,OK,null,OS,null,OS,null,OS,60.75,OK,16.97,OK
2016-02-05 18:00:00,10.53,OK,3.3,OK,null,OS,null,OS,null,OS,77.03,OK,10.1,OK
2016-02-05 19:00:00,5.43,OK,2.99,OK,null,OS,null,OS,null,OS,65.18,OK,14.69,OK
2016-02-05 20:00:00,1.9,OK,3.87,OK,null,OS,null,OS,null,OS,98.57,OK,18.54,OK
2016-02-05 21:00:00,1.81,OK,2.91,OK,null,OS,null,OS,null,OS,132.06,OK,29.1,OK
2016-02-05 22:00:00,3.29,OK,2.04,OK,null,OS,null,OS,null,OS,94.73,OK,23.51,OK
2016-02-05 23:00:00,2.14,OK,2.04,OK,null,OS,null,OS,null,OS,72.05,OK,17.92,OK
2016-02-06 00:00:00,2.28,OK,1.71,OK,null,OS,null,OS,null,OS,84.48,OK,26.17,OK
2016-02-06 01:00:00,2.71,OK,1.71,OK,null,OS,null,OS,null,OS,74.61,OK,20.4,OK
2016-02-06 02:00:00,8.64,OK,1.17,OK,null,OS,null,OS,null,OS,27.11,OK,7.6,OK
2016-02-06 03:00:00,21.54,OK,0.95,BDL,null,OS,null,OS,null,OS,15.88,OK,0.77,BDL
2016-02-06 04:00:00,23.42,OK,0.95,BDL,null,OS,null,OS,null,OS,14.35,OK,6.46,OK
2016-02-06 05:00:00,13.08,OK,1.23,OK,null,OS,null,OS,null,OS,19.81,OK,0.73,BDL
2016-02-06 06:00:00,5.11,OK,2.6,OK,null,OS,null,OS,null,OS,38.54,OK,0.93,BDL
2016-02-06 07:00:00,8.22,OK,2.67,OK,null,OS,null,OS,null,OS,43.88,OK,-5.33,OR
2016-02-06 08:00:00,27.3,OK,2.02,OK,null,OS,null,OS,null,OS,60.93,OK,1.94,BDL
2016-02-06 09:00:00,39.02,OK,1.01,OK,null,OS,null,OS,null,OS,35.75,OK,-0.85,BDL
2016-02-06 10:00:00,39.63,OK,1.08,OK,null,OS,null,OS,null,OS,16.7,OK,-0.85,BDL
2016-02-06 11:00:00,43.84,OK,1.0,OK,null,OS,null,OS,null,OS,24.53,OK,5.62,OK
2016-02-06 12:00:00,45.2,OK,1.09,OK,null,OS,null,OS,null,OS,15.97,OK,-0.42,BDL
2016-02-06 13:00:00,45.15,OK,1.1,OK,null,OS,null,OS,null,OS,17.12,OK,9.97,OK
2016-02-06 14:00:00,46.66,OK,1.02,OK,null,OS,null,OS,null,OS,18.7,OK,-2.16,BDL
2016-02-06 15:00:00,45.03,OK,1.21,OK,null,OS,null,OS,null,OS,13.68,OK,5.46,OK
2016-02-06 16:00:00,27.89,OK,2.24,OK,null,OS,null,OS,null,OS,30.1,OK,7.52,OK
2016-02-06 17:00:00,11.22,OK,3.11,OK,null,OS,null,OS,null,OS,58.05,OK,16.49,OK
2016-02-06 18:00:00,13.06,OK,2.05,OK,null,OS,null,OS,null,OS,58.12,OK,11.25,OK
2016-02-06 19:00:00,4.53,OK,2.55,OK,null,OS,null,OS,null,OS,71.88,OK,14.34,OK
2016-02-06 20:00:00,5.64,OK,2.3,OK,null,OS,null,OS,null,OS,80.56,OK,18.29,OK
2016-02-06 21:00:00,8.79,OK,2.05,OK,null,OS,null,OS,null,OS,71.95,OK,15.92,OK
2016-02-06 22:00:00,2.48,OK,2.32,OK,null,OS,null,OS,null,OS,74.82,OK,17.18,OK
2016-02-06 23:00:00,3.17,OK,1.91,OK,null,OS,null,OS,null,OS,95.7,OK,25.6,OK
2016-02-07 00:00:00,6.21,OK,1.56,OK,null,OS,null,OS,null,OS,70.26,OK,19.89,OK
2016-02-07 01:00:00,1.83,OK,2.19,OK,null,OS,null,OS,null,OS,64.75,OK,19.74,OK
2016-02-07 02:00:00,1.99,OK,1.58,OK,null,OS,null,OS,null,OS,64.51,OK,25.34,OK
2016-02-07 03:00:00,2.89,OK,1.27,OK,null,OS,null,OS,null,OS,47.43,OK,17.2,OK
2016-02-07 04:00:00,9.84,OK,1.12,OK,null,OS,null,OS,null,OS,37.48,OK,12.58,OK
2016-02-07 05:00:00,15.77,OK,1.06,OK,null,OS,null,OS,null,OS,22.97,OK,5.52,OK
2016-02-07 06:00:00,7.98,OK,1.45,OK,null,OS,null,OS,null,OS,20.37,OK,2.43,BDL
2016-02-07 07:00:00,5.73,OK,2.86,OK,null,OS,null,OS,null,OS,39.34,OK,-5.2,OR
2016-02-07 08:00:00,14.31,OK,2.14,OK,null,OS,null,OS,null,OS,65.48,OK,27.95,OK
2016-02-07 09:00:00,21.14,OK,2.16,OK,null,OS,null,OS,null,OS,26.57,OK,-2.69,BDL
2016-02-07 10:00:00,29.0,OK,2.01,OK,null,OS,null,OS,null,OS,44.28,OK,13.14,OK
2016-02-07 11:00:00,31.26,OK,1.79,OK,null,OS,null,OS,null,OS,48.05,OK,12.29,OK
2016-02-07 12:00:00,33.1,OK,1.54,OK,null,OS,null,OS,null,OS,31.48,OK,1.05,BDL
2016-02-07 13:00:00,33.43,OK,1.46,OK,null,OS,null,OS,null,OS,19.67,OK,1.62,BDL
2016-02-07 14:00:00,33.06,OK,1.49,OK,null,OS,null,OS,null,OS,16.11,OK,1.15,BDL
2016-02-07 15:00:00,31.03,OK,1.41,OK,null,OS,null,OS,null,OS,24.05,OK,3.33,BDL
2016-02-07 16:00:00,19.29,OK,1.77,OK,null,OS,null,OS,null,OS,33.44,OK,17.65,OK
2016-02-07 17:00:00,5.34,OK,2.71,OK,null,OS,null,OS,null,OS,69.96,OK,16.78,OK
2016-02-07 18:00:00,2.62,OK,3.53,OK,null,OS,null,OS,null,OS,116.52,OK,22.73,OK
2016-02-07 19:00:00,3.02,OK,2.74,OK,null,OS,null,OS,null,OS,118.69,OK,24.77,OK
2016-02-07 20:00:00,7.31,OK,2.05,OK,null,OS,null,OS,null,OS,101.18,OK,23.74,OK
2016-02-07 21:00:00,4.0,OK,2.16,OK,null,OS,null,OS,null,OS,64.0,OK,13.56,OK
2016-02-07 22:00:00,4.95,OK,2.02,OK,null,OS,null,OS,null,OS,73.47,OK,19.32,OK
2016-02-07 23:00:00,5.07,OK,1.53,OK,null,OS,null,OS,null,OS,62.91,OK,13.23,OK
2016-02-08 00:00:00,1.56,OK,1.84,OK,null,OS,null,OS,null,OS,64.77,OK,12.71,OK
2016-02-08 01:00:00,2.67,OK,1.54,OK,null,OS,null,OS,null,OS,71.73,OK,19.19,OK
2016-02-08 02:00:00,4.33,OK,1.34,OK,null,OS,null,OS,null,OS,50.26,OK,12.4,OK
2016-02-08 03:00:00,4.37,OK,1.2,OK,null,OS,null,OS,null,OS,49.29,OK,17.6,OK
2016-02-08 04:00:00,9.64,OK,1.05,OK,null,OS,null,OS,null,OS,37.64,OK,8.14,OK
2016-02-08 05:00:00,3.47,OK,1.9,OK,null,OS,null,OS,null,OS,33.91,OK,9.01,OK
2016-02-08 06:00:00,2.47,OK,3.11,OK,null,OS,null,OS,null,OS,55.92,OK,11.63,OK
2016-02-08 07:00:00,4.53,OK,2.46,OK,null,OS,null,OS,null,OS,63.25,OK,12.92,OK
2016-02-08 08:00:00,9.41,OK,2.46,OK,null,OS,null,OS,null,OS,71.35,OK,4.44,OK
2016-02-08 09:00:00,21.86,OK,1.62,OK,null,OS,null,OS,null,OS,54.5,OK,1.41,BDL
2016-02-08 10:00:00,29.76,OK,1.38,OK,null,OS,null,OS,null,OS,25.56,OK,-1.08,BDL
2016-02-08 11:00:00,28.53,OK,1.66,OK,null,OS,null,OS,null,OS,38.38,OK,4.05,OK
2016-02-08 12:00:00,35.68,OK,1.83,OK,null,OS,null,OS,null,OS,27.4,OK,1.84,BDL
2016-02-08 13:00:00,38.95,OK,3.23,OK,null,OS,null,OS,null,OS,66.7,OK,5.04,OK
2016-02-08 14:00:00,39.56,OK,2.62,OK,null,OS,null,OS,null,OS,91.47,OK,21.44,OK
2016-02-08 15:00:00,26.74,OK,2.35,OK,null,OS,null,OS,null,OS,81.59,OK,15.28,OK
2016-02-08 16:00:00,21.7,OK,2.09,OK,null,OS,null,OS,null,OS,57.21,OK,13.77,OK
2016-02-08 17:00:00,10.8,OK,3.27,OK,null,OS,null,OS,null,OS,59.6,OK,7.98,OK
2016-02-08 18:00:00,5.86,OK,3.59,OK,null,OS,null,OS,null,OS,59.0,OK,11.29,OK
2016-02-08 19:00:00,4.67,OK,3.31,OK,null,OS,null,OS,null,OS,70.96,OK,16.57,OK
2016-02-08 20:00:00,16.32,OK,1.86,OK,null,OS,null,OS,null,OS,74.61,OK,19.48,OK
2016-02-08 21:00:00,16.86,OK,1.62,OK,null,OS,null,OS,null,OS,46.45,OK,10.82,OK
2016-02-08 22:00:00,6.22,OK,1.72,OK,null,OS,null,OS,null,OS,51.55,OK,11.31,OK
2016-02-08 23:00:00,4.48,OK,1.7,OK,null,OS,null,OS,null,OS,57.38,OK,15.53,OK
2016-02-09 00:00:00,14.63,OK,1.1,OK,null,OS,null,OS,null,OS,46.46,OK,12.13,OK
2016-02-09 01:00:00,12.14,OK,0.88,BDL,null,OS,null,OS,null,OS,42.42,OK,12.1,OK
2016-02-09 02:00:00,9.48,OK,1.01,OK,null,OS,null,OS,null,OS,27.78,OK,10.67,OK
2016-02-09 03:00:00,4.56,OK,1.14,OK,null,OS,null,OS,null,OS,53.15,OK,17.65,OK
2016-02-09 04:00:00,13.64,OK,0.99,BDL,null,OS,null,OS,null,OS,44.17,OK,13.08,OK
2016-02-09 05:00:00,18.64,OK,1.16,OK,null,OS,null,OS,null,OS,17.61,OK,-0.36,BDL
2016-02-09 06:00:00,10.22,OK,1.65,OK,null,OS,null,OS,null,OS,27.26,OK,4.67,OK
2016-02-09 07:00:00,13.38,OK,2.04,OK,null,OS,null,OS,null,OS,37.12,OK,-3.94,BDL
2016-02-09 08:00:00,28.03,OK,1.43,OK,0.19,BDL,51.14,OK,3.4,OK,51.83,OK,-0.29,BDL
2016-02-09 09:00:00,32.87,OK,1.31,OK,9.8,OK,1.73,OK,3.41,OK,40.98,OK,1.16,BDL
2016-02-09 10:00:00,36.84,OK,1.28,OK,11.08,OK,0.58,OK,3.34,OK,40.31,OK,4.12,OK
2016-02-09 11:00:00,41.56,OK,1.2,OK,8.49,OK,-0.36,BDL,3.29,OK,25.79,OK,2.2,BDL
2016-02-09 12:00:00,44.6,OK,1.16,OK,6.44,OK,-0.64,OR,3.24,OK,20.12,OK,5.04,OK
2016-02-09 13:00:00,43.28,OK,1.25,OK,9.12,OK,0.86,OK,3.31,OK,23.37,OK,3.98,BDL
2016-02-09 14:00:00,45.63,OK,1.13,OK,8.25,OK,-0.4,BDL,3.27,OK,20.14,OK,6.15,OK
2016-02-09 15:00:00,47.06,OK,1.03,OK,6.95,OK,-1.26,OR,3.23,OK,24.05,OK,8.91,OK
2016-02-09 16:00:00,30.3,OK,1.62,OK,26.49,OK,0.21,BDL,3.49,OK,25.09,OK,4.09,OK
2016-02-09 17:00:00,5.89,OK,9.13,OK,53.66,OK,136.46,OK,5.89,OK,65.95,OK,15.91,OK
2016-02-09 18:00:00,4.42,OK,3.88,OK,44.01,OK,33.04,OK,4.28,OK,94.26,OK,16.68,OK
2016-02-09 19:00:00,3.79,OK,3.35,OK,42.5,OK,27.27,OK,4.09,OK,78.25,OK,14.86,OK
2016-02-09 20:00:00,2.03,OK,3.01,OK,42.87,OK,29.93,OK,4.17,OK,91.9,OK,18.71,OK
2016-02-09 21:00:00,2.95,OK,2.31,OK,42.52,OK,18.4,OK,3.97,OK,88.21,OK,18.42,OK
2016-02-09 22:00:00,1.66,OK,2.8,OK,43.89,OK,38.46,OK,4.25,OK,80.32,OK,17.59,OK
2016-02-09 23:00:00,7.84,OK,1.86,OK,31.25,OK,22.17,OK,3.78,OK,83.16,OK,24.76,OK
2016-02-10 00:00:00,18.71,OK,1.0,OK,15.11,OK,-0.29,BDL,3.29,OK,49.51,OK,10.44,OK
2016-02-10 01:00:00,16.92,OK,0.91,BDL,16.39,OK,-0.95,OR,3.24,OK,37.08,OK,11.37,OK
2016-02-10 02:00:00,20.27,OK,0.78,BDL,13.62,OK,-1.1,OR,3.19,OK,27.79,OK,8.15,OK
2016-02-10 03:00:00,20.95,OK,0.82,BDL,11.22,OK,-1.2,OR,3.17,OK,19.88,OK,5.74,OK
2016-02-10 04:00:00,21.08,OK,0.95,BDL,13.85,OK,-1.22,OR,3.17,OK,32.4,OK,1.63,BDL
2016-02-10 05:00:00,18.62,OK,1.33,OK,21.21,OK,-0.37,BDL,3.26,OK,20.23,OK,4.67,OK
2016-02-10 06:00:00,9.36,OK,2.1,OK,32.95,OK,9.13,OK,3.5,OK,28.95,OK,1.54,BDL
2016-02-10 07:00:00,17.51,OK,1.98,OK,26.58,OK,8.19,OK,3.45,OK,45.52,OK,-5.8,OR
2016-02-10 08:00:00,24.59,OK,1.7,OK,19.13,OK,5.39,OK,3.34,OK,45.57,OK,5.08,OK
2016-02-10 09:00:00,30.77,OK,1.57,OK,14.98,OK,3.29,OK,3.31,OK,46.7,OK,3.29,BDL
2016-02-10 10:00:00,37.34,OK,1.48,OK,12.02,OK,1.31,OK,3.27,OK,43.9,OK,6.35,OK
2016-02-10 11:00:00,40.93,OK,1.52,OK,11.43,OK,2.59,OK,3.27,OK,37.41,OK,1.49,BDL
2016-02-10 12:00:00,41.74,OK,1.95,OK,17.3,OK,6.87,OK,3.44,OK,28.53,OK,4.96,OK
2016-02-10 13:00:00,48.79,OK,1.91,OK,17.17,OK,3.21,OK,3.43,OK,32.81,OK,12.26,OK
2016-02-10 14:00:00,47.58,OK,2.2,OK,21.99,OK,6.68,OK,3.51,OK,42.51,OK,8.83,OK
2016-02-10 15:00:00,45.77,OK,2.57,OK,25.02,OK,6.76,OK,3.53,OK,15.92,OK,9.67,OK
2016-02-10 16:00:00,31.28,OK,2.99,OK,35.67,OK,11.83,OK,3.73,OK,47.31,OK,9.92,OK
2016-02-10 17:00:00,7.58,OK,5.57,OK,59.5,OK,33.23,OK,4.31,OK,111.3,OK,24.36,OK
2016-02-10 18:00:00,8.91,OK,3.41,OK,40.46,OK,22.28,OK,4.06,OK,133.24,OK,28.64,OK
2016-02-10 19:00:00,3.7,OK,2.95,OK,43.03,OK,18.37,OK,3.96,OK,92.5,OK,17.86,OK
2016-02-10 20:00:00,3.74,OK,3.74,OK,43.98,OK,32.9,OK,4.16,OK,71.78,OK,13.9,OK
2016-02-10 21:00:00,1.45,OK,3.74,OK,45.31,OK,57.06,OK,4.47,OK,75.59,OK,13.49,OK
2016-02-10 22:00:00,1.87,OK,4.23,OK,47.14,OK,86.72,OK,4.85,OK,91.49,OK,17.65,OK
2016-02-10 23:00:00,8.5,OK,1.7,OK,31.67,OK,6.76,OK,3.56,OK,85.42,OK,22.2,OK
2016-02-11 00:00:00,19.99,OK,1.17,OK,17.71,OK,0.54,OK,3.3,OK,59.09,OK,13.62,OK
2016-02-11 01:00:00,22.6,OK,0.85,BDL,12.39,OK,-0.47,OR,3.2,OK,30.19,OK,10.9,OK
2016-02-11 02:00:00,23.51,OK,0.77,BDL,11.46,OK,-0.79,OR,3.17,OK,23.09,OK,9.81,OK
2016-02-11 03:00:00,23.0,OK,0.85,BDL,14.78,OK,-0.1,BDL,3.15,OK,25.1,OK,6.45,OK
2016-02-11 04:00:00,23.55,OK,0.85,BDL,13.26,OK,-0.99,OR,3.17,OK,23.93,OK,4.94,OK
2016-02-11 05:00:00,16.24,OK,1.04,OK,21.05,OK,0.09,BDL,3.25,OK,28.68,OK,5.25,OK
2016-02-11 06:00:00,6.62,OK,1.82,OK,31.5,OK,11.18,OK,3.51,OK,38.89,OK,4.49,OK
2016-02-11 07:00:00,11.94,OK,2.52,OK,33.85,OK,22.85,OK,3.74,OK,42.61,OK,-4.04,OR
2016-02-11 08:00:00,19.47,OK,1.96,OK,26.5,OK,11.83,OK,3.52,OK,49.15,OK,6.7,OK
2016-02-11 09:00:00,26.58,OK,1.87,OK,22.77,OK,8.79,OK,3.46,OK,53.0,OK,5.67,OK
2016-02-11 10:00:00,41.31,OK,1.5,OK,12.55,OK,2.0,OK,3.26,OK,42.93,OK,5.29,OK
2016-02-11 11:00:00,47.46,OK,1.44,OK,11.47,OK,0.8,OK,3.25,OK,34.43,OK,5.79,OK
2016-02-11 12:00:00,48.97,OK,1.97,OK,18.38,OK,4.27,OK,3.42,OK,26.33,OK,6.34,OK
2016-02-11 13:00:00,53.38,OK,1.68,OK,15.27,OK,3.6,OK,3.38,OK,34.2,OK,9.05,OK
2016-02-11 14:00:00,44.12,OK,1.66,OK,15.69,OK,4.9,OK,3.4,OK,19.93,OK,1.11,BDL
2016-02-11 15:00:00,31.59,OK,2.32,OK,21.83,OK,12.0,OK,3.56,OK,21.98,OK,9.21,OK
2016-02-11 16:00:00,23.32,OK,2.55,OK,27.83,OK,12.21,OK,3.63,OK,30.26,OK,7.94,OK
2016-02-11 17:00:00,7.85,OK,4.08,OK,41.6,OK,34.28,OK,4.24,OK,59.51,OK,6.78,OK
2016-02-11 18:00:00,7.78,OK,4.51,OK,40.15,OK,42.48,OK,4.16,OK,64.48,OK,13.14,OK
2016-02-11 19:00:00,3.23,OK,4.2,OK,42.79,OK,39.04,OK,4.24,OK,65.93,OK,10.61,OK
2016-02-11 20:00:00,1.77,OK,4.31,OK,44.03,OK,50.52,OK,4.31,OK,76.52,OK,15.84,OK
2016-02-11 21:00:00,1.81,OK,3.88,OK,42.85,OK,58.07,OK,4.34,OK,88.72,OK,16.11,OK
2016-02-11 22:00:00,2.34,OK,4.88,OK,42.97,OK,110.81,OK,5.14,OK,107.83,OK,24.73,OK
2016-02-11 23:00:00,2.68,OK,2.54,OK,39.86,OK,43.14,OK,4.15,OK,106.83,OK,25.99,OK
2016-02-12 00:00:00,5.0,OK,1.59,OK,33.38,OK,5.9,OK,3.54,OK,54.02,OK,13.64,OK
2016-02-12 01:00:00,16.12,OK,1.09,OK,18.33,OK,0.73,OK,3.29,OK,38.98,OK,10.84,OK
2016-02-12 02:00:00,12.09,OK,1.02,OK,20.07,OK,0.33,BDL,3.3,OK,35.83,OK,14.88,OK
2016-02-12 03:00:00,21.21,OK,0.78,BDL,11.29,OK,-0.32,BDL,3.17,OK,31.51,OK,11.17,OK
2016-02-12 04:00:00,22.88,OK,0.78,BDL,12.11,OK,-0.73,OR,3.18,OK,24.73,OK,2.27,BDL
2016-02-12 05:00:00,16.1,OK,1.1,OK,20.81,OK,0.49,OK,3.26,OK,26.95,OK,7.56,OK
2016-02-12 06:00:00,3.74,OK,3.86,OK,39.83,OK,47.22,OK,4.07,OK,47.14,OK,3.94,BDL
2016-02-12 07:00:00,8.24,OK,2.87,OK,36.84,OK,32.47,OK,3.85,OK,59.26,OK,-0.22,BDL
2016-02-12 08:00:00,14.37,OK,3.01,OK,31.92,OK,26.05,OK,3.83,OK,73.1,OK,7.59,OK
2016-02-12 09:00:00,28.62,OK,2.09,OK,23.35,OK,9.28,OK,3.49,OK,81.55,OK,10.22,OK
2016-02-12 10:00:00,39.27,OK,1.65,OK,15.93,OK,2.73,OK,3.33,OK,58.2,OK,9.74,OK
2016-02-12 11:00:00,42.41,OK,1.83,OK,14.36,OK,4.93,OK,3.35,OK,28.33,OK,5.95,OK
2016-02-12 12:00:00,44.76,OK,2.95,OK,31.37,OK,11.03,OK,3.71,OK,32.25,OK,5.95,OK
2016-02-12 13:00:00,56.83,OK,2.61,OK,28.6,OK,7.65,OK,3.59,OK,40.62,OK,10.74,OK
2016-02-12 14:00:00,54.73,OK,2.87,OK,28.98,OK,7.58,OK,3.61,OK,48.15,OK,11.17,OK
2016-02-12 15:00:00,37.53,OK,2.67,OK,24.41,OK,13.04,OK,3.59,OK,50.86,OK,20.08,OK
2016-02-12 16:00:00,22.65,OK,3.13,OK,31.13,OK,19.61,OK,3.84,OK,36.98,OK,7.5,OK
2016-02-12 17:00:00,9.65,OK,5.12,OK,45.26,OK,43.75,OK,4.38,OK,53.18,OK,7.44,OK
2016-02-12 18:00:00,6.7,OK,4.23,OK,44.16,OK,35.29,OK,4.31,OK,72.72,OK,13.51,OK
2016-02-12 19:00:00,3.55,OK,4.01,OK,45.47,OK,32.15,OK,4.25,OK,71.81,OK,14.86,OK
2016-02-12 20:00:00,5.65,OK,3.03,OK,42.78,OK,13.79,OK,4.0,OK,102.32,OK,18.81,OK
2016-02-12 21:00:00,2.08,OK,4.77,OK,47.44,OK,64.03,OK,4.65,OK,97.48,OK,20.57,OK
2016-02-12 22:00:00,6.87,OK,2.52,OK,35.89,OK,23.19,OK,3.89,OK,109.78,OK,27.21,OK
2016-02-12 23:00:00,13.36,OK,1.4,OK,25.14,OK,1.27,OK,3.44,OK,66.68,OK,18.6,OK
2016-02-13 00:00:00,15.6,OK,1.12,OK,19.06,OK,0.16,BDL,3.34,OK,51.13,OK,16.74,OK
2016-02-13 01:00:00,10.66,OK,1.15,OK,21.74,OK,0.53,OK,3.39,OK,41.39,OK,8.57,OK
2016-02-13 02:00:00,3.07,OK,1.5,OK,29.41,OK,7.9,OK,3.59,OK,44.71,OK,9.83,OK
2016-02-13 03:00:00,13.96,OK,0.97,BDL,18.43,OK,-0.18,BDL,3.27,OK,41.42,OK,12.48,OK
2016-02-13 04:00:00,20.23,OK,0.86,BDL,12.51,OK,-0.58,OR,3.21,OK,27.58,OK,6.64,OK
2016-02-13 05:00:00,11.65,OK,1.01,OK,21.31,OK,0.04,BDL,3.26,OK,26.6,OK,8.15,OK
2016-02-13 06:00:00,7.96,OK,1.29,OK,24.8,OK,4.66,OK,3.36,OK,49.66,OK,3.64,BDL
2016-02-13 07:00:00,8.95,OK,1.82,OK,24.58,OK,17.46,OK,3.56,OK,45.18,OK,-2.18,BDL
2016-02-13 08:00:00,12.85,OK,3.1,OK,33.44,OK,29.3,OK,3.86,OK,73.57,OK,3.4,BDL
2016-02-13 09:00:00,28.07,OK,2.66,OK,38.02,OK,14.08,OK,3.79,OK,69.68,OK,10.04,OK
2016-02-13 10:00:00,35.82,OK,3.39,OK,46.95,OK,16.21,OK,4.06,OK,63.47,OK,15.42,OK
2016-02-13 11:00:00,44.69,OK,2.77,OK,32.93,OK,9.06,OK,3.79,OK,64.47,OK,9.98,OK
2016-02-13 12:00:00,42.92,OK,2.98,OK,26.34,OK,10.38,OK,3.65,OK,94.1,OK,20.2,OK
2016-02-13 13:00:00,41.58,OK,2.48,OK,20.48,OK,9.46,OK,3.53,OK,45.85,OK,11.81,OK
2016-02-13 14:00:00,43.55,OK,1.87,OK,16.62,OK,6.98,OK,3.45,OK,25.05,OK,4.01,OK
2016-02-13 15:00:00,42.44,OK,1.67,OK,14.61,OK,4.76,OK,3.41,OK,23.1,OK,7.22,OK
2016-02-13 16:00:00,34.44,OK,2.05,OK,21.23,OK,6.43,OK,3.52,OK,26.06,OK,9.83,OK
2016-02-13 17:00:00,14.43,OK,2.96,OK,40.54,OK,15.72,OK,3.89,OK,39.44,OK,9.07,OK
2016-02-13 18:00:00,17.36,OK,2.29,OK,31.53,OK,7.64,OK,3.66,OK,69.1,OK,8.77,OK
2016-02-13 19:00:00,9.83,OK,3.08,OK,39.59,OK,19.77,OK,4.01,OK,47.23,OK,7.33,OK
2016-02-13 20:00:00,5.82,OK,2.97,OK,42.88,OK,17.67,OK,4.01,OK,77.61,OK,14.26,OK
2016-02-13 21:00:00,2.82,OK,4.21,OK,47.33,OK,57.19,OK,4.61,OK,79.08,OK,18.36,OK
2016-02-13 22:00:00,2.22,OK,4.14,OK,47.17,OK,60.48,OK,4.68,OK,113.76,OK,29.61,OK
2016-02-13 23:00:00,4.89,OK,2.45,OK,38.89,OK,12.43,OK,3.8,OK,98.48,OK,35.75,OK
2016-02-14 00:00:00,12.14,OK,1.29,OK,25.65,OK,0.7,OK,3.49,OK,90.91,OK,33.26,OK
2016-02-14 01:00:00,3.93,OK,1.92,OK,33.16,OK,14.27,OK,3.73,OK,58.83,OK,19.55,OK
2016-02-14 02:00:00,1.83,OK,2.55,OK,34.86,OK,37.05,OK,3.99,OK,72.2,OK,18.57,OK
2016-02-14 03:00:00,2.04,OK,1.99,OK,33.47,OK,28.04,OK,3.86,OK,75.33,OK,26.92,OK
2016-02-14 04:00:00,17.92,OK,1.0,OK,16.16,OK,0.46,OK,3.3,OK,59.01,OK,17.38,OK
2016-02-14 05:00:00,11.8,OK,1.15,OK,21.83,OK,1.44,OK,3.36,OK,39.98,OK,5.34,OK
2016-02-14 06:00:00,11.33,OK,1.22,OK,23.08,OK,3.11,OK,3.39,OK,40.24,OK,9.08,OK
2016-02-14 07:00:00,13.94,OK,1.85,OK,23.81,OK,8.52,OK,3.49,OK,41.44,OK,6.15,OK
2016-02-14 08:00:00,21.45,OK,1.71,OK,23.48,OK,9.73,OK,3.53,OK,59.2,OK,11.14,OK
2016-02-14 09:00:00,29.57,OK,1.69,OK,22.65,OK,7.44,OK,3.51,OK,45.19,OK,7.74,OK
2016-02-14 10:00:00,40.19,OK,1.92,OK,24.98,OK,6.03,OK,3.58,OK,49.39,OK,8.29,OK
2016-02-14 11:00:00,46.75,OK,1.79,OK,13.81,OK,2.69,OK,3.41,OK,44.53,OK,11.56,OK
2016-02-14 12:00:00,51.66,OK,1.85,OK,13.84,OK,2.78,OK,3.38,OK,28.38,OK,7.38,OK
2016-02-14 13:00:00,45.96,OK,1.53,OK,10.06,OK,2.28,OK,3.34,OK,20.29,OK,4.87,OK
2016-02-14 14:00:00,43.85,OK,1.3,OK,9.68,OK,1.59,OK,3.3,OK,22.45,OK,2.94,BDL
2016-02-14 15:00:00,42.72,OK,1.17,OK,10.95,OK,1.78,OK,3.29,OK,16.0,OK,17.02,OK
2016-02-14 16:00:00,39.45,OK,1.29,OK,11.77,OK,1.8,OK,3.36,OK,44.51,OK,10.51,OK
2016-02-14 17:00:00,27.87,OK,1.78,OK,21.5,OK,3.86,OK,3.52,OK,48.06,OK,6.38,OK
2016-02-14 18:00:00,22.17,OK,1.77,OK,26.31,OK,4.98,OK,3.57,OK,54.42,OK,6.61,OK
2016-02-14 19:00:00,14.36,OK,2.15,OK,32.36,OK,8.54,OK,3.69,OK,61.22,OK,11.41,OK
2016-02-14 20:00:00,9.09,OK,2.31,OK,37.03,OK,11.45,OK,3.84,OK,76.16,OK,12.63,OK
2016-02-14 21:00:00,3.34,OK,3.42,OK,42.89,OK,34.89,OK,4.21,OK,74.97,OK,17.76,OK
2016-02-14 22:00:00,1.9,OK,3.67,OK,44.3,OK,57.7,OK,4.37,OK,75.05,OK,16.9,OK
2016-02-14 23:00:00,2.0,OK,3.79,OK,40.8,OK,87.1,OK,4.72,OK,85.86,OK,19.52,OK
2016-02-15 00:00:00,1.46,OK,2.08,OK,38.36,OK,27.23,OK,3.87,OK,81.07,OK,18.04,OK
2016-02-15 01:00:00,1.33,OK,1.39,OK,34.72,OK,13.28,OK,3.6,OK,77.07,OK,18.61,OK
2016-02-15 02:00:00,14.91,OK,0.94,BDL,17.5,OK,1.28,OK,3.32,OK,63.45,OK,16.69,OK
2016-02-15 03:00:00,13.61,OK,0.88,BDL,19.38,OK,0.71,OK,3.32,OK,52.32,OK,11.77,OK
2016-02-15 04:00:00,16.99,OK,0.88,BDL,16.98,OK,0.61,OK,3.29,OK,42.94,OK,9.86,OK
2016-02-15 05:00:00,7.0,OK,1.63,OK,27.76,OK,9.24,OK,3.54,OK,37.25,OK,6.71,OK
2016-02-15 06:00:00,5.99,OK,2.13,OK,29.78,OK,16.65,OK,3.61,OK,40.12,OK,4.92,OK
2016-02-15 07:00:00,9.36,OK,2.34,OK,29.96,OK,24.7,OK,3.76,OK,43.79,OK,-8.46,OR
2016-02-15 08:00:00,16.89,OK,3.0,OK,30.6,OK,32.11,OK,3.96,OK,62.61,OK,-1.98,BDL
2016-02-15 09:00:00,34.56,OK,1.33,OK,15.09,OK,3.53,OK,3.36,OK,61.63,OK,15.04,OK
2016-02-15 10:00:00,43.42,OK,1.44,OK,9.22,OK,0.42,OK,3.27,OK,46.69,OK,-1.94,BDL
2016-02-15 11:00:00,null,OS,2.15,OK,20.03,OK,3.98,OK,3.47,OK,24.77,OK,6.52,OK
2016-02-15 12:00:00,null,OS,2.76,OK,26.32,OK,9.14,OK,3.63,OK,63.37,OK,13.34,OK
2016-02-15 13:00:00,null,OS,2.33,OK,21.78,OK,11.36,OK,3.58,OK,45.4,OK,8.65,OK
2016-02-15 14:00:00,null,OS,2.21,OK,18.24,OK,9.1,OK,3.53,OK,30.7,OK,8.91,OK
2016-02-15 15:00:00,null,OS,2.67,OK,24.9,OK,17.64,OK,3.67,OK,27.69,OK,12.8,OK
2016-02-15 16:00:00,null,OS,3.08,OK,31.06,OK,18.64,OK,3.8,OK,28.13,OK,4.95,OK
2016-02-15 17:00:00,null,OS,4.14,OK,39.1,OK,31.53,OK,4.11,OK,41.76,OK,11.1,OK
2016-02-15 18:00:00,null,OS,3.9,OK,40.95,OK,32.67,OK,4.12,OK,58.67,OK,9.13,OK
2016-02-15 19:00:00,null,OS,3.58,OK,41.94,OK,27.39,OK,4.05,OK,68.51,OK,11.51,OK
2016-02-15 20:00:00,null,OS,2.85,OK,42.01,OK,17.53,OK,3.92,OK,73.5,OK,19.0,OK
2016-02-15 21:00:00,null,OS,2.13,OK,36.17,OK,12.62,OK,3.82,OK,72.21,OK,13.95,OK
2016-02-15 22:00:00,null,OS,2.08,OK,35.9,OK,15.7,OK,3.82,OK,75.21,OK,17.92,OK
2016-02-15 23:00:00,null,OS,1.23,OK,21.02,OK,1.22,OK,3.4,OK,56.29,OK,14.79,OK
2016-02-16 00:00:00,null,OS,1.14,OK,22.2,OK,0.16,BDL,3.36,OK,42.14,OK,13.0,OK
2016-02-16 01:00:00,null,OS,0.91,BDL,16.6,OK,-0.27,BDL,3.28,OK,40.65,OK,10.56,OK
2016-02-16 02:00:00,null,OS,0.79,BDL,12.61,OK,-0.48,OR,3.25,OK,29.06,OK,14.8,OK
2016-02-16 03:00:00,null,OS,0.9,BDL,13.36,OK,-0.42,OR,3.3,OK,26.34,OK,6.19,OK
2016-02-16 04:00:00,null,OS,1.15,OK,18.32,OK,2.26,OK,3.34,OK,33.23,OK,10.58,OK
2016-02-16 05:00:00,null,OS,3.0,OK,32.7,OK,51.72,OK,3.95,OK,58.27,OK,13.62,OK
2016-02-16 06:00:00,null,OS,8.44,OK,35.12,OK,174.8,OK,5.81,OK,89.41,OK,17.33,OK
2016-02-16 07:00:00,null,OS,4.42,OK,34.73,OK,71.32,OK,4.39,OK,112.25,OK,7.42,OK
2016-02-16 08:00:00,null,OS,2.55,OK,31.35,OK,28.89,OK,3.82,OK,94.7,OK,6.99,OK
2016-02-16 09:00:00,null,OS,2.3,OK,24.19,OK,14.75,OK,3.67,OK,86.65,OK,6.99,OK
2016-02-16 10:00:00,null,OS,1.89,OK,14.78,OK,3.89,OK,3.43,OK,54.24,OK,10.09,OK
2016-02-16 11:00:00,null,OS,2.15,OK,18.64,OK,6.9,OK,3.48,OK,31.2,OK,8.91,OK
2016-02-16 12:00:00,null,OS,3.17,OK,24.75,OK,11.05,OK,3.71,OK,44.37,OK,11.0,OK
2016-02-16 13:00:00,null,OS,3.27,OK,20.94,OK,9.92,OK,3.56,OK,33.52,OK,6.49,OK
2016-02-16 14:00:00,null,OS,3.13,OK,21.14,OK,8.84,OK,3.55,OK,35.61,OK,5.73,OK
2016-02-16 15:00:00,null,OS,3.02,OK,24.31,OK,10.64,OK,3.61,OK,37.31,OK,14.63,OK
2016-02-16 16:00:00,null,OS,3.08,OK,26.24,OK,13.22,OK,3.73,OK,35.98,OK,9.27,OK
2016-02-16 17:00:00,null,OS,4.17,OK,42.42,OK,29.97,OK,4.21,OK,50.82,OK,12.91,OK
2016-02-16 18:00:00,null,OS,5.83,OK,51.28,OK,63.13,OK,4.81,OK,134.5,OK,18.43,OK
2016-02-16 19:00:00,null,OS,3.42,OK,41.61,OK,24.35,OK,4.09,OK,119.23,OK,24.24,OK
2016-02-16 20:00:00,null,OS,2.58,OK,37.56,OK,16.9,OK,3.89,OK,98.22,OK,17.81,OK
2016-02-16 21:00:00,null,OS,3.71,OK,46.29,OK,50.85,OK,4.44,OK,88.77,OK,17.59,OK
2016-02-16 22:00:00,null,OS,3.3,OK,43.91,OK,53.93,OK,4.39,OK,91.08,OK,23.06,OK
2016-02-16 23:00:00,null,OS,1.87,OK,34.67,OK,4.89,OK,3.6,OK,92.81,OK,23.73,OK
2016-02-17 00:00:00,null,OS,null,OS,23.12,OK,0.56,OK,3.42,OK,56.76,OK,15.65,OK
2016-02-17 01:00:00,null,OS,null,OS,19.04,OK,0.01,BDL,3.35,OK,51.4,OK,17.15,OK
2016-02-17 02:00:00,null,OS,null,OS,14.78,OK,-0.25,BDL,3.31,OK,39.45,OK,11.95,OK
2016-02-17 03:00:00,null,OS,null,OS,13.71,OK,-0.3,BDL,3.29,OK,34.4,OK,16.17,OK
2016-02-17 04:00:00,null,OS,null,OS,17.91,OK,0.01,BDL,3.27,OK,31.46,OK,5.7,OK
2016-02-17 05:00:00,null,OS,null,OS,23.66,OK,5.16,OK,3.42,OK,29.51,OK,9.15,OK
2016-02-17 06:00:00,null,OS,null,OS,33.75,OK,46.3,OK,4.08,OK,48.57,OK,9.35,OK
2016-02-17 07:00:00,null,OS,null,OS,34.89,OK,52.37,OK,4.25,OK,79.81,OK,0.83,BDL
2016-02-17 08:00:00,null,OS,null,OS,32.7,OK,28.11,OK,3.96,OK,86.7,OK,9.59,OK
2016-02-17 09:00:00,null,OS,null,OS,26.32,OK,11.63,OK,3.72,OK,74.32,OK,9.39,OK
2016-02-17 10:00:00,null,OS,null,OS,18.49,OK,3.93,OK,3.56,OK,64.48,OK,7.66,OK
2016-02-17 11:00:00,null,OS,null,OS,23.33,OK,6.79,OK,3.63,OK,57.41,OK,16.06,OK
2016-02-17 12:00:00,null,OS,null,OS,24.85,OK,10.2,OK,3.67,OK,58.73,OK,17.23,OK
2016-02-17 13:00:00,null,OS,null,OS,21.34,OK,11.34,OK,3.63,OK,42.97,OK,6.85,OK
2016-02-17 14:00:00,null,OS,null,OS,20.52,OK,10.23,OK,3.61,OK,41.08,OK,5.64,OK
2016-02-17 15:00:00,null,OS,null,OS,24.55,OK,7.38,OK,3.67,OK,39.21,OK,12.27,OK
2016-02-17 16:00:00,null,OS,null,OS,28.55,OK,6.02,OK,3.79,OK,59.69,OK,30.81,OK
2016-02-17 17:00:00,null,OS,null,OS,39.33,OK,14.35,OK,3.99,OK,69.02,OK,21.59,OK
2016-02-17 18:00:00,null,OS,null,OS,50.98,OK,106.61,OK,5.38,OK,95.89,OK,13.08,OK
2016-02-17 19:00:00,null,OS,null,OS,51.76,OK,202.56,OK,6.7,OK,159.89,OK,31.65,OK
2016-02-17 20:00:00,null,OS,null,OS,49.82,OK,209.65,OK,6.88,OK,183.45,OK,40.47,OK
2016-02-17 21:00:00,null,OS,null,OS,48.36,OK,257.62,OK,7.55,OK,172.53,OK,46.74,OK
2016-02-17 22:00:00,null,OS,null,OS,44.92,OK,224.81,OK,6.87,OK,206.63,OK,54.39,OK
2016-02-17 23:00:00,null,OS,null,OS,43.06,OK,102.55,OK,4.98,OK,151.4,OK,38.94,OK
2016-02-18 00:00:00,null,OS,null,OS,39.75,OK,30.57,OK,4.02,OK,108.56,OK,32.36,OK
2016-02-18 01:00:00,null,OS,null,OS,31.36,OK,13.4,OK,3.73,OK,78.64,OK,26.69,OK
2016-02-18 02:00:00,null,OS,null,OS,26.02,OK,4.8,OK,3.49,OK,61.94,OK,23.84,OK
2016-02-18 03:00:00,null,OS,null,OS,20.39,OK,0.99,OK,3.36,OK,50.38,OK,15.07,OK
2016-02-18 04:00:00,null,OS,null,OS,17.16,OK,1.11,OK,3.32,OK,33.65,OK,12.01,OK
2016-02-18 05:00:00,null,OS,null,OS,23.69,OK,1.91,OK,3.38,OK,26.95,OK,2.28,BDL
2016-02-18 06:00:00,null,OS,null,OS,32.79,OK,24.82,OK,3.79,OK,50.37,OK,7.36,OK
2016-02-18 07:00:00,null,OS,null,OS,31.47,OK,37.21,OK,3.97,OK,78.68,OK,7.71,OK
2016-02-18 08:00:00,null,OS,null,OS,24.88,OK,10.43,OK,3.59,OK,72.98,OK,2.65,BDL
2016-02-18 09:00:00,null,OS,null,OS,20.54,OK,5.27,OK,3.51,OK,60.48,OK,3.59,BDL
2016-02-18 10:00:00,null,OS,null,OS,20.23,OK,5.68,OK,3.59,OK,52.31,OK,1.95,BDL
2016-02-18 11:00:00,null,OS,null,OS,14.01,OK,4.48,OK,3.47,OK,33.26,OK,10.41,OK
2016-02-18 12:00:00,null,OS,null,OS,17.58,OK,9.68,OK,3.59,OK,31.04,OK,5.67,OK
2016-02-18 13:00:00,null,OS,null,OS,19.65,OK,9.69,OK,3.61,OK,31.93,OK,7.43,OK
2016-02-18 14:00:00,null,OS,null,OS,19.4,OK,9.31,OK,3.6,OK,32.43,OK,5.98,OK
2016-02-18 15:00:00,null,OS,null,OS,19.62,OK,9.55,OK,3.61,OK,36.42,OK,17.58,OK
2016-02-18 16:00:00,null,OS,null,OS,23.24,OK,9.5,OK,3.66,OK,42.38,OK,12.88,OK
2016-02-18 17:00:00,null,OS,null,OS,30.23,OK,16.61,OK,3.92,OK,56.35,OK,6.23,OK
2016-02-18 18:00:00,null,OS,null,OS,31.08,OK,23.14,OK,3.96,OK,64.36,OK,15.76,OK
2016-02-18 19:00:00,null,OS,null,OS,29.64,OK,18.96,OK,3.9,OK,50.95,OK,10.12,OK
2016-02-18 20:00:00,null,OS,null,OS,33.78,OK,14.21,OK,3.83,OK,53.93,OK,12.07,OK
2016-02-18 21:00:00,null,OS,null,OS,38.36,OK,37.18,OK,4.2,OK,77.58,OK,13.96,OK
2016-02-18 22:00:00,null,OS,null,OS,37.02,OK,67.32,OK,4.58,OK,117.56,OK,23.01,OK
2016-02-18 23:00:00,null,OS,null,OS,36.16,OK,79.85,OK,4.73,OK,125.37,OK,23.47,OK
2016-02-19 00:00:00,null,OS,null,OS,31.84,OK,41.42,OK,4.29,OK,137.45,OK,30.21,OK
2016-02-19 01:00:00,null,OS,null,OS,29.36,OK,11.59,OK,3.86,OK,117.04,OK,31.88,OK
2016-02-19 02:00:00,null,OS,null,OS,29.17,OK,7.67,OK,3.68,OK,94.44,OK,25.55,OK
2016-02-19 03:00:00,null,OS,null,OS,27.09,OK,3.38,OK,3.56,OK,63.39,OK,22.26,OK
2016-02-19 04:00:00,null,OS,null,OS,22.09,OK,1.8,OK,3.45,OK,55.18,OK,23.38,OK
2016-02-19 05:00:00,null,OS,null,OS,24.86,OK,8.11,OK,3.49,OK,49.94,OK,13.94,OK
2016-02-19 06:00:00,null,OS,null,OS,29.46,OK,32.63,OK,3.81,OK,55.21,OK,20.44,OK
2016-02-19 07:00:00,null,OS,null,OS,33.63,OK,60.03,OK,4.29,OK,80.2,OK,8.5,OK
2016-02-19 08:00:00,null,OS,null,OS,34.61,OK,43.01,OK,4.11,OK,130.58,OK,19.38,OK
2016-02-19 09:00:00,null,OS,null,OS,31.53,OK,21.98,OK,3.83,OK,103.59,OK,17.23,OK
2016-02-19 10:00:00,null,OS,null,OS,18.07,OK,4.83,OK,3.48,OK,62.83,OK,6.46,OK
2016-02-19 11:00:00,null,OS,null,OS,18.63,OK,6.77,OK,3.53,OK,57.57,OK,1.19,BDL
2016-02-19 12:00:00,null,OS,null,OS,20.08,OK,6.19,OK,3.58,OK,33.74,OK,6.47,OK
2016-02-19 13:00:00,null,OS,null,OS,27.43,OK,17.35,OK,3.78,OK,50.77,OK,5.88,OK
2016-02-19 14:00:00,null,OS,null,OS,18.13,OK,9.79,OK,3.62,OK,29.68,OK,9.91,OK
2016-02-19 15:00:00,null,OS,null,OS,24.58,OK,13.81,OK,3.77,OK,36.95,OK,7.16,OK
2016-02-19 16:00:00,null,OS,null,OS,25.75,OK,14.52,OK,3.79,OK,48.22,OK,14.15,OK
2016-02-19 17:00:00,null,OS,null,OS,30.85,OK,13.75,OK,3.79,OK,62.92,OK,8.48,OK
2016-02-19 18:00:00,null,OS,null,OS,27.86,OK,12.83,OK,3.8,OK,83.94,OK,8.04,OK
2016-02-19 19:00:00,null,OS,null,OS,29.94,OK,25.36,OK,4.01,OK,63.51,OK,11.08,OK
2016-02-19 20:00:00,null,OS,null,OS,32.67,OK,13.64,OK,3.84,OK,56.09,OK,11.17,OK
2016-02-19 21:00:00,null,OS,null,OS,33.91,OK,18.77,OK,3.96,OK,54.63,OK,9.63,OK
2016-02-19 22:00:00,null,OS,null,OS,33.5,OK,15.53,OK,3.88,OK,77.14,OK,16.66,OK
2016-02-19 23:00:00,null,OS,null,OS,36.61,OK,30.83,OK,4.17,OK,90.54,OK,18.15,OK
2016-02-20 00:00:00,null,OS,null,OS,33.32,OK,34.89,OK,4.17,OK,83.03,OK,16.35,OK
2016-02-20 01:00:00,null,OS,null,OS,21.12,OK,2.43,OK,3.44,OK,60.77,OK,16.49,OK
2016-02-20 02:00:00,null,OS,null,OS,17.61,OK,0.23,BDL,3.38,OK,36.26,OK,10.22,OK
2016-02-20 03:00:00,null,OS,null,OS,17.73,OK,0.18,BDL,3.38,OK,38.68,OK,16.17,OK
2016-02-20 04:00:00,null,OS,null,OS,23.07,OK,1.12,OK,3.39,OK,33.38,OK,8.42,OK
2016-02-20 05:00:00,null,OS,null,OS,27.35,OK,3.15,OK,3.45,OK,32.46,OK,11.97,OK
2016-02-20 06:00:00,null,OS,null,OS,23.56,OK,8.43,OK,3.52,OK,37.86,OK,6.06,OK
2016-02-20 07:00:00,null,OS,null,OS,27.43,OK,25.72,OK,3.76,OK,105.53,OK,10.35,OK
2016-02-20 08:00:00,null,OS,null,OS,30.37,OK,25.15,OK,3.78,OK,118.5,OK,10.78,OK
2016-02-20 09:00:00,null,OS,null,OS,37.0,OK,25.0,OK,3.99,OK,98.98,OK,3.86,BDL
2016-02-20 10:00:00,null,OS,null,OS,26.01,OK,11.24,OK,3.71,OK,139.11,OK,23.7,OK
2016-02-20 11:00:00,null,OS,null,OS,18.06,OK,8.17,OK,3.58,OK,85.79,OK,13.77,OK
2016-02-20 12:00:00,null,OS,null,OS,19.39,OK,11.76,OK,3.68,OK,47.06,OK,11.56,OK
2016-02-20 13:00:00,null,OS,null,OS,17.31,OK,12.62,OK,3.63,OK,33.98,OK,4.89,OK
2016-02-20 14:00:00,null,OS,null,OS,13.26,OK,5.39,OK,3.48,OK,19.2,OK,1.37,BDL
2016-02-20 15:00:00,null,OS,null,OS,13.64,OK,5.64,OK,3.51,OK,30.71,OK,6.86,OK
2016-02-20 16:00:00,null,OS,null,OS,21.35,OK,4.76,OK,3.63,OK,41.78,OK,6.23,OK
2016-02-20 17:00:00,null,OS,null,OS,19.86,OK,6.44,OK,3.65,OK,54.2,OK,10.53,OK
2016-02-20 18:00:00,null,OS,null,OS,19.31,OK,5.63,OK,3.65,OK,44.31,OK,10.01,OK
2016-02-20 19:00:00,null,OS,null,OS,28.87,OK,13.57,OK,3.88,OK,52.94,OK,9.71,OK
2016-02-20 20:00:00,null,OS,null,OS,26.81,OK,10.54,OK,3.78,OK,63.23,OK,11.52,OK
2016-02-20 21:00:00,null,OS,null,OS,19.29,OK,5.69,OK,3.63,OK,58.72,OK,11.23,OK
2016-02-20 22:00:00,null,OS,null,OS,22.48,OK,6.18,OK,3.63,OK,43.28,OK,11.03,OK
2016-02-20 23:00:00,null,OS,null,OS,25.3,OK,11.3,OK,3.76,OK,46.99,OK,8.1,OK
2016-02-21 00:00:00,null,OS,null,OS,28.17,OK,6.83,OK,3.78,OK,45.42,OK,10.97,OK
2016-02-21 01:00:00,null,OS,null,OS,33.13,OK,27.55,OK,4.16,OK,48.65,OK,10.45,OK
2016-02-21 02:00:00,null,OS,null,OS,22.93,OK,7.4,OK,3.66,OK,67.8,OK,16.25,OK
2016-02-21 03:00:00,null,OS,null,OS,11.9,OK,0.46,OK,3.41,OK,26.51,OK,7.19,OK
2016-02-21 04:00:00,null,OS,null,OS,24.61,OK,2.01,OK,3.58,OK,30.6,OK,8.14,OK
2016-02-21 05:00:00,null,OS,null,OS,22.91,OK,2.49,OK,3.52,OK,39.46,OK,11.9,OK
2016-02-21 06:00:00,null,OS,null,OS,23.08,OK,7.62,OK,3.55,OK,33.52,OK,3.94,BDL
2016-02-21 07:00:00,null,OS,null,OS,30.34,OK,28.8,OK,3.91,OK,34.79,OK,-0.09,BDL
2016-02-21 08:00:00,null,OS,null,OS,29.84,OK,16.63,OK,3.83,OK,54.94,OK,7.72,OK
2016-02-21 09:00:00,null,OS,null,OS,21.96,OK,7.37,OK,3.69,OK,56.88,OK,7.92,OK
2016-02-21 10:00:00,null,OS,null,OS,17.47,OK,3.66,OK,3.57,OK,49.1,OK,9.15,OK
2016-02-21 11:00:00,null,OS,null,OS,11.55,OK,1.81,OK,3.47,OK,37.64,OK,11.98,OK
2016-02-21 12:00:00,null,OS,null,OS,9.13,OK,2.76,OK,3.45,OK,37.16,OK,11.28,OK
2016-02-21 13:00:00,null,OS,null,OS,7.93,OK,1.82,OK,3.42,OK,25.05,OK,1.84,BDL
2016-02-21 14:00:00,null,OS,null,OS,8.46,OK,1.9,OK,3.4,OK,28.24,OK,8.91,OK
2016-02-21 15:00:00,null,OS,null,OS,9.72,OK,2.96,OK,3.46,OK,173.52,OK,25.95,OK
2016-02-21 16:00:00,null,OS,null,OS,10.82,OK,2.38,OK,3.44,OK,221.55,OK,16.6,OK
2016-02-21 17:00:00,null,OS,null,OS,21.59,OK,8.05,OK,3.65,OK,106.08,OK,13.75,OK
2016-02-21 18:00:00,null,OS,null,OS,23.14,OK,4.74,OK,3.66,OK,48.45,OK,8.25,OK
2016-02-21 19:00:00,null,OS,null,OS,25.74,OK,6.76,OK,3.72,OK,42.64,OK,9.88,OK
2016-02-21 20:00:00,null,OS,null,OS,34.02,OK,7.25,OK,3.87,OK,46.58,OK,9.42,OK
2016-02-21 21:00:00,null,OS,null,OS,31.74,OK,3.45,OK,3.79,OK,48.12,OK,11.73,OK
2016-02-21 22:00:00,null,OS,null,OS,38.11,OK,2.93,OK,3.89,OK,61.37,OK,12.89,OK
2016-02-21 23:00:00,null,OS,null,OS,30.32,OK,1.08,OK,3.72,OK,63.52,OK,11.73,OK
2016-02-22 00:00:00,null,OS,null,OS,11.45,OK,-0.54,OR,3.47,OK,49.25,OK,15.78,OK
2016-02-22 01:00:00,null,OS,null,OS,19.81,OK,-0.33,BDL,3.55,OK,24.43,OK,10.44,OK
2016-02-22 02:00:00,null,OS,null,OS,28.07,OK,-0.13,BDL,3.67,OK,44.73,OK,11.09,OK
2016-02-22 03:00:00,null,OS,null,OS,23.55,OK,-0.03,BDL,3.6,OK,41.55,OK,16.82,OK
2016-02-22 04:00:00,null,OS,null,OS,33.84,OK,8.02,OK,3.77,OK,28.88,OK,10.04,OK
2016-02-22 05:00:00,null,OS,null,OS,37.42,OK,58.46,OK,4.26,OK,69.52,OK,15.32,OK
2016-02-22 06:00:00,null,OS,null,OS,35.82,OK,70.73,OK,4.5,OK,98.84,OK,18.66,OK
2016-02-22 07:00:00,null,OS,null,OS,42.73,OK,59.7,OK,4.54,OK,59.58,OK,-4.17,OR
2016-02-22 08:00:00,null,OS,null,OS,60.34,OK,75.11,OK,5.06,OK,86.79,OK,10.02,OK
2016-02-22 09:00:00,null,OS,null,OS,69.57,OK,41.2,OK,4.79,OK,100.83,OK,20.03,OK
2016-02-22 10:00:00,null,OS,null,OS,28.67,OK,10.9,OK,3.82,OK,80.27,OK,12.69,OK
2016-02-22 11:00:00,null,OS,null,OS,20.11,OK,7.82,OK,3.67,OK,53.34,OK,13.44,OK
2016-02-22 12:00:00,null,OS,null,OS,17.08,OK,11.1,OK,3.64,OK,71.35,OK,10.7,OK
2016-02-22 13:00:00,null,OS,null,OS,15.52,OK,7.75,OK,3.55,OK,43.4,OK,3.86,BDL
2016-02-22 14:00:00,null,OS,null,OS,12.03,OK,3.16,OK,3.47,OK,70.7,OK,9.4,OK
2016-02-22 15:00:00,null,OS,null,OS,18.35,OK,6.38,OK,3.6,OK,48.58,OK,3.66,BDL
2016-02-22 16:00:00,null,OS,null,OS,16.31,OK,2.24,OK,3.54,OK,70.6,OK,13.18,OK
2016-02-22 17:00:00,null,OS,null,OS,27.51,OK,9.26,OK,3.78,OK,42.46,OK,8.52,OK
2016-02-22 18:00:00,null,OS,null,OS,30.92,OK,17.77,OK,3.96,OK,51.47,OK,5.81,OK
2016-02-22 19:00:00,null,OS,null,OS,32.84,OK,13.8,OK,3.89,OK,47.25,OK,10.01,OK
2016-02-22 20:00:00,null,OS,null,OS,24.09,OK,3.49,OK,3.68,OK,48.14,OK,10.67,OK
2016-02-22 21:00:00,null,OS,null,OS,24.04,OK,2.77,OK,3.65,OK,44.01,OK,11.38,OK
2016-02-22 22:00:00,null,OS,null,OS,26.06,OK,1.03,OK,3.62,OK,31.98,OK,8.87,OK
2016-02-22 23:00:00,null,OS,null,OS,26.46,OK,2.04,OK,3.6,OK,37.04,OK,9.37,OK
2016-02-23 00:00:00,null,OS,null,OS,14.08,OK,-0.48,OR,3.44,OK,38.39,OK,9.36,OK
2016-02-23 01:00:00,null,OS,null,OS,14.44,OK,-0.38,BDL,3.43,OK,36.92,OK,11.77,OK
2016-02-23 02:00:00,null,OS,null,OS,15.23,OK,-0.56,OR,3.42,OK,38.75,OK,15.07,OK
2016-02-23 03:00:00,null,OS,null,OS,26.28,OK,1.11,OK,3.56,OK,43.61,OK,17.69,OK
2016-02-23 04:00:00,null,OS,null,OS,32.03,OK,3.57,OK,3.59,OK,49.68,OK,14.68,OK
2016-02-23 05:00:00,null,OS,null,OS,31.51,OK,17.25,OK,3.77,OK,51.28,OK,16.63,OK
2016-02-23 06:00:00,null,OS,null,OS,36.61,OK,40.92,OK,4.14,OK,68.11,OK,10.53,OK
2016-02-23 07:00:00,null,OS,null,OS,30.31,OK,19.22,OK,3.83,OK,52.61,OK,2.24,BDL
2016-02-23 08:00:00,null,OS,null,OS,28.91,OK,16.31,OK,3.85,OK,71.94,OK,2.92,BDL
2016-02-23 09:00:00,null,OS,null,OS,26.5,OK,13.82,OK,3.75,OK,42.69,OK,5.14,OK
2016-02-23 10:00:00,null,OS,null,OS,22.64,OK,8.75,OK,3.66,OK,46.59,OK,8.0,OK
2016-02-23 11:00:00,null,OS,null,OS,23.47,OK,7.9,OK,3.71,OK,48.55,OK,8.21,OK
2016-02-23 12:00:00,null,OS,null,OS,21.27,OK,7.35,OK,3.68,OK,55.49,OK,12.3,OK
2016-02-23 13:00:00,null,OS,null,OS,12.76,OK,2.75,OK,3.48,OK,44.15,OK,7.74,OK
2016-02-23 14:00:00,null,OS,null,OS,13.34,OK,3.71,OK,3.47,OK,30.55,OK,7.56,OK
2016-02-23 15:00:00,null,OS,null,OS,21.05,OK,10.47,OK,3.7,OK,19.47,OK,1.55,BDL
2016-02-23 16:00:00,null,OS,null,OS,23.92,OK,9.08,OK,3.71,OK,34.63,OK,8.96,OK
2016-02-23 17:00:00,null,OS,null,OS,37.19,OK,11.0,OK,3.92,OK,46.8,OK,7.85,OK
2016-02-23 18:00:00,null,OS,null,OS,26.28,OK,11.08,OK,3.8,OK,65.67,OK,6.2,OK
2016-02-23 19:00:00,null,OS,null,OS,20.19,OK,2.83,OK,3.6,OK,48.22,OK,7.16,OK
2016-02-23 20:00:00,null,OS,null,OS,35.54,OK,9.57,OK,3.85,OK,46.57,OK,8.38,OK
2016-02-23 21:00:00,null,OS,null,OS,42.54,OK,22.51,OK,4.12,OK,50.6,OK,12.56,OK
2016-02-23 22:00:00,null,OS,null,OS,25.37,OK,2.38,OK,3.63,OK,50.44,OK,9.66,OK
2016-02-23 23:00:00,null,OS,null,OS,29.5,OK,1.76,OK,3.62,OK,31.45,OK,8.75,OK
2016-02-24 00:00:00,null,OS,null,OS,14.84,OK,-0.2,BDL,3.43,OK,37.35,OK,12.22,OK
2016-02-24 01:00:00,null,OS,null,OS,17.21,OK,0.24,BDL,3.44,OK,28.66,OK,6.33,OK
2016-02-24 02:00:00,null,OS,null,OS,13.12,OK,-0.35,BDL,3.39,OK,24.17,OK,8.41,OK
2016-02-24 03:00:00,null,OS,null,OS,9.86,OK,-0.47,OR,3.35,OK,25.09,OK,6.46,OK
2016-02-24 04:00:00,null,OS,null,OS,12.67,OK,-0.19,BDL,3.37,OK,19.18,OK,5.99,OK
2016-02-24 05:00:00,null,OS,null,OS,26.77,OK,1.03,OK,3.47,OK,30.85,OK,11.75,OK
2016-02-24 06:00:00,null,OS,null,OS,40.1,OK,32.45,OK,4.07,OK,40.41,OK,1.51,BDL
2016-02-24 07:00:00,null,OS,null,OS,43.29,OK,40.08,OK,4.18,OK,70.23,OK,0.4,BDL
2016-02-24 08:00:00,null,OS,null,OS,13.12,OK,1.69,OK,3.45,OK,62.61,OK,6.22,OK
2016-02-24 09:00:00,null,OS,null,OS,7.83,OK,0.14,BDL,3.38,OK,32.6,OK,3.57,BDL
2016-02-24 10:00:00,null,OS,null,OS,6.68,OK,-0.12,BDL,3.37,OK,40.94,OK,-0.34,BDL
2016-02-24 11:00:00,null,OS,null,OS,6.34,OK,-0.32,BDL,3.37,OK,38.03,OK,8.13,OK
2016-02-24 12:00:00,null,OS,null,OS,6.24,OK,-0.29,BDL,3.37,OK,28.02,OK,7.67,OK
2016-02-24 13:00:00,null,OS,null,OS,5.87,OK,-0.44,OR,3.37,OK,24.7,OK,0.54,BDL
2016-02-24 14:00:00,null,OS,null,OS,6.57,OK,-0.54,OR,3.37,OK,33.16,OK,3.75,BDL
2016-02-24 15:00:00,null,OS,null,OS,7.26,OK,-0.84,OR,3.38,OK,20.15,OK,3.97,BDL
2016-02-24 16:00:00,null,OS,null,OS,16.16,OK,-0.41,OR,3.5,OK,14.22,OK,2.49,BDL
2016-02-24 17:00:00,null,OS,null,OS,33.0,OK,7.17,OK,3.85,OK,58.44,OK,8.21,OK
2016-02-24 18:00:00,null,OS,null,OS,32.88,OK,11.41,OK,3.92,OK,88.45,OK,14.14,OK
2016-02-24 19:00:00,null,OS,null,OS,32.93,OK,9.33,OK,3.88,OK,75.09,OK,11.19,OK
2016-02-24 20:00:00,null,OS,null,OS,28.39,OK,5.8,OK,3.78,OK,58.15,OK,11.26,OK
2016-02-24 21:00:00,null,OS,null,OS,18.91,OK,1.55,OK,3.6,OK,95.92,OK,33.77,OK
2016-02-24 22:00:00,null,OS,null,OS,22.77,OK,2.88,OK,3.7,OK,54.82,OK,19.19,OK
2016-02-24 23:00:00,null,OS,null,OS,27.79,OK,2.13,OK,3.74,OK,69.66,OK,28.05,OK
2016-02-25 00:00:00,null,OS,null,OS,16.62,OK,0.71,OK,3.52,OK,56.4,OK,19.13,OK
2016-02-25 01:00:00,null,OS,null,OS,17.21,OK,-0.42,OR,3.51,OK,29.23,OK,3.92,BDL
2016-02-25 02:00:00,null,OS,null,OS,18.7,OK,-0.18,BDL,3.5,OK,33.87,OK,7.79,OK
2016-02-25 03:00:00,null,OS,null,OS,11.32,OK,-0.38,BDL,3.39,OK,33.24,OK,13.89,OK
2016-02-25 04:00:00,null,OS,null,OS,12.76,OK,-0.32,BDL,3.41,OK,25.76,OK,10.12,OK
2016-02-25 05:00:00,null,OS,null,OS,27.38,OK,2.77,OK,3.56,OK,54.13,OK,6.48,OK
2016-02-25 06:00:00,null,OS,null,OS,39.81,OK,48.87,OK,4.31,OK,49.81,OK,9.18,OK
2016-02-25 07:00:00,null,OS,null,OS,41.84,OK,51.24,OK,4.35,OK,78.3,OK,4.06,OK
2016-02-25 08:00:00,null,OS,null,OS,41.81,OK,36.89,OK,4.22,OK,83.44,OK,-1.76,BDL
2016-02-25 09:00:00,null,OS,null,OS,32.76,OK,14.86,OK,3.93,OK,69.95,OK,8.0,OK
2016-02-25 10:00:00,null,OS,null,OS,15.21,OK,2.92,OK,3.56,OK,35.96,OK,6.28,OK
2016-02-25 11:00:00,null,OS,null,OS,21.85,OK,6.8,OK,3.7,OK,33.77,OK,8.73,OK
2016-02-25 12:00:00,null,OS,null,OS,24.09,OK,7.18,OK,3.75,OK,60.01,OK,13.63,OK
2016-02-25 13:00:00,null,OS,null,OS,18.98,OK,6.98,OK,3.64,OK,43.01,OK,11.12,OK
2016-02-25 14:00:00,null,OS,null,OS,18.38,OK,4.77,OK,3.64,OK,46.72,OK,7.9,OK
2016-02-25 15:00:00,null,OS,null,OS,19.52,OK,7.29,OK,3.72,OK,43.0,OK,7.1,OK
2016-02-25 16:00:00,null,OS,null,OS,27.21,OK,8.25,OK,3.78,OK,33.19,OK,5.69,OK
2016-02-25 17:00:00,null,OS,null,OS,51.8,OK,33.25,OK,4.42,OK,52.17,OK,7.45,OK
2016-02-25 18:00:00,null,OS,null,OS,42.46,OK,14.0,OK,4.12,OK,71.22,OK,8.27,OK
2016-02-25 19:00:00,null,OS,null,OS,44.28,OK,21.34,OK,4.23,OK,53.37,OK,11.35,OK
2016-02-25 20:00:00,null,OS,null,OS,51.52,OK,22.37,OK,4.28,OK,65.88,OK,17.53,OK
2016-02-25 21:00:00,null,OS,null,OS,53.6,OK,36.64,OK,4.59,OK,87.13,OK,12.5,OK
2016-02-25 22:00:00,null,OS,null,OS,52.62,OK,29.33,OK,4.54,OK,116.86,OK,30.16,OK
2016-02-25 23:00:00,null,OS,null,OS,32.0,OK,2.56,OK,3.68,OK,81.71,OK,19.6,OK
2016-02-26 00:00:00,null,OS,null,OS,18.7,OK,-0.17,BDL,3.54,OK,50.52,OK,15.59,OK
2016-02-26 01:00:00,null,OS,null,OS,19.05,OK,-0.32,BDL,3.53,OK,53.7,OK,24.53,OK
2016-02-26 02:00:00,null,OS,null,OS,16.3,OK,-0.57,OR,3.44,OK,39.28,OK,17.09,OK
2016-02-26 03:00:00,null,OS,null,OS,16.5,OK,-0.66,OR,3.46,OK,36.74,OK,16.82,OK
2016-02-26 04:00:00,null,OS,null,OS,24.04,OK,-0.21,BDL,3.48,OK,25.72,OK,9.56,OK
2016-02-26 05:00:00,null,OS,null,OS,35.24,OK,2.5,OK,3.58,OK,26.71,OK,6.68,OK
2016-02-26 06:00:00,null,OS,null,OS,43.25,OK,26.68,OK,4.01,OK,43.31,OK,3.26,BDL
2016-02-26 07:00:00,null,OS,null,OS,37.8,OK,28.13,OK,4.01,OK,70.57,OK,-0.35,BDL
2016-02-26 08:00:00,null,OS,null,OS,27.2,OK,12.86,OK,3.74,OK,101.8,OK,6.39,OK
2016-02-26 09:00:00,null,OS,null,OS,20.18,OK,4.15,OK,3.6,OK,84.71,OK,6.87,OK
2016-02-26 10:00:00,null,OS,null,OS,11.48,OK,0.43,OK,3.49,OK,51.28,OK,10.37,OK
2016-02-26 11:00:00,null,OS,null,OS,8.33,OK,0.17,BDL,3.47,OK,50.83,OK,10.38,OK
2016-02-26 12:00:00,null,OS,null,OS,17.89,OK,5.36,OK,3.73,OK,27.14,OK,5.74,OK
2016-02-26 13:00:00,null,OS,null,OS,21.83,OK,6.98,OK,3.75,OK,35.28,OK,10.37,OK
2016-02-26 14:00:00,null,OS,null,OS,20.27,OK,6.29,OK,3.71,OK,45.46,OK,12.1,OK
2016-02-26 15:00:00,null,OS,null,OS,18.49,OK,5.2,OK,3.71,OK,57.51,OK,12.03,OK
2016-02-26 16:00:00,null,OS,null,OS,24.03,OK,10.56,OK,3.84,OK,43.28,OK,7.75,OK
2016-02-26 17:00:00,null,OS,null,OS,30.3,OK,9.24,OK,3.89,OK,46.0,OK,5.72,OK
2016-02-26 18:00:00,null,OS,null,OS,42.26,OK,14.81,OK,4.1,OK,93.26,OK,11.1,OK
2016-02-26 19:00:00,null,OS,null,OS,41.88,OK,15.08,OK,4.15,OK,107.35,OK,17.13,OK
2016-02-26 20:00:00,null,OS,null,OS,52.34,OK,29.4,OK,4.49,OK,83.61,OK,17.98,OK
2016-02-26 21:00:00,null,OS,null,OS,54.16,OK,55.5,OK,4.89,OK,110.21,OK,25.48,OK
2016-02-26 22:00:00,null,OS,null,OS,46.76,OK,16.88,OK,4.21,OK,98.46,OK,20.43,OK
2016-02-26 23:00:00,null,OS,null,OS,28.43,OK,0.38,BDL,3.7,OK,67.35,OK,14.45,OK
2016-02-27 00:00:00,null,OS,null,OS,20.73,OK,-0.21,BDL,3.61,OK,51.11,OK,14.73,OK
2016-02-27 01:00:00,null,OS,null,OS,17.21,OK,-0.24,BDL,3.57,OK,44.66,OK,14.35,OK
2016-02-27 02:00:00,null,OS,null,OS,14.24,OK,-0.56,OR,3.49,OK,42.2,OK,11.27,OK
2016-02-27 03:00:00,null,OS,null,OS,16.27,OK,-0.56,OR,3.48,OK,28.03,OK,11.81,OK
2016-02-27 04:00:00,null,OS,null,OS,16.49,OK,-0.52,OR,3.49,OK,36.35,OK,11.14,OK
2016-02-27 05:00:00,null,OS,null,OS,18.33,OK,-0.24,BDL,3.5,OK,34.08,OK,5.16,OK
2016-02-27 06:00:00,null,OS,null,OS,26.14,OK,3.82,OK,3.61,OK,37.33,OK,6.55,OK
2016-02-27 07:00:00,null,OS,null,OS,32.38,OK,12.94,OK,3.82,OK,85.72,OK,-1.08,BDL
2016-02-27 08:00:00,null,OS,null,OS,20.67,OK,4.79,OK,3.61,OK,68.48,OK,1.83,BDL
2016-02-27 09:00:00,null,OS,null,OS,18.08,OK,3.41,OK,3.62,OK,70.36,OK,4.09,OK
2016-02-27 10:00:00,null,OS,null,OS,21.41,OK,4.23,OK,3.74,OK,68.99,OK,14.7,OK
2016-02-27 11:00:00,null,OS,null,OS,31.76,OK,4.86,OK,3.93,OK,58.11,OK,9.31,OK
2016-02-27 12:00:00,null,OS,null,OS,25.87,OK,3.58,OK,3.85,OK,77.08,OK,19.53,OK
2016-02-27 13:00:00,null,OS,null,OS,17.99,OK,6.38,OK,3.73,OK,51.15,OK,10.94,OK
2016-02-27 14:00:00,null,OS,null,OS,15.11,OK,4.78,OK,3.65,OK,30.8,OK,6.93,OK
2016-02-27 15:00:00,null,OS,null,OS,15.97,OK,3.47,OK,3.66,OK,31.49,OK,22.07,OK
2016-02-27 16:00:00,null,OS,null,OS,14.74,OK,1.21,OK,3.63,OK,32.8,OK,9.85,OK
2016-02-27 17:00:00,null,OS,null,OS,20.36,OK,1.06,OK,3.67,OK,43.69,OK,7.65,OK
2016-02-27 18:00:00,null,OS,null,OS,31.66,OK,4.37,OK,3.89,OK,68.37,OK,8.83,OK
2016-02-27 19:00:00,null,OS,null,OS,39.14,OK,9.21,OK,4.08,OK,69.83,OK,11.84,OK
2016-02-27 20:00:00,null,OS,null,OS,44.87,OK,17.34,OK,4.24,OK,82.15,OK,17.69,OK
2016-02-27 21:00:00,null,OS,null,OS,48.43,OK,26.72,OK,4.49,OK,92.06,OK,14.07,OK
2016-02-27 22:00:00,null,OS,null,OS,51.22,OK,70.0,OK,4.99,OK,89.69,OK,24.12,OK
2016-02-27 23:00:00,null,OS,null,OS,41.29,OK,13.3,OK,4.04,OK,83.15,OK,21.37,OK
2016-02-28 00:00:00,null,OS,null,OS,23.92,OK,0.3,BDL,3.69,OK,70.62,OK,16.48,OK
2016-02-28 01:00:00,null,OS,null,OS,18.0,OK,0.01,BDL,3.61,OK,51.87,OK,11.09,OK
2016-02-28 02:00:00,null,OS,null,OS,13.15,OK,-0.71,OR,3.53,OK,47.19,OK,16.26,OK
2016-02-28 03:00:00,null,OS,null,OS,12.87,OK,-0.57,OR,3.52,OK,36.9,OK,13.65,OK
2016-02-28 04:00:00,null,OS,null,OS,15.02,OK,-0.58,OR,3.53,OK,33.76,OK,6.83,OK
2016-02-28 05:00:00,null,OS,null,OS,15.5,OK,-0.4,BDL,3.52,OK,36.94,OK,15.06,OK
2016-02-28 06:00:00,null,OS,null,OS,16.39,OK,1.34,OK,3.55,OK,38.43,OK,10.12,OK
2016-02-28 07:00:00,null,OS,null,OS,15.7,OK,3.17,OK,3.59,OK,32.46,OK,3.0,BDL
2016-02-28 08:00:00,null,OS,null,OS,15.52,OK,3.03,OK,3.65,OK,39.4,OK,0.86,BDL
2016-02-28 09:00:00,null,OS,null,OS,11.91,OK,0.92,OK,3.58,OK,50.18,OK,6.73,OK
2016-02-28 10:00:00,null,OS,null,OS,12.35,OK,0.92,OK,3.6,OK,22.93,OK,0.29,BDL
2016-02-28 11:00:00,null,OS,null,OS,11.86,OK,1.13,OK,3.58,OK,30.55,OK,12.15,OK
2016-02-28 12:00:00,null,OS,null,OS,11.01,OK,2.86,OK,3.58,OK,27.88,OK,9.83,OK
2016-02-28 13:00:00,null,OS,null,OS,8.57,OK,1.13,OK,3.55,OK,26.59,OK,6.08,OK
2016-02-28 14:00:00,null,OS,null,OS,7.62,OK,0.3,BDL,3.52,OK,27.62,OK,7.19,OK
2016-02-28 15:00:00,null,OS,null,OS,10.84,OK,1.36,OK,3.6,OK,26.92,OK,5.69,OK
2016-02-28 16:00:00,null,OS,null,OS,12.37,OK,3.25,OK,3.61,OK,25.62,OK,7.71,OK
2016-02-28 17:00:00,null,OS,null,OS,15.48,OK,1.48,OK,3.63,OK,23.9,OK,3.21,BDL
2016-02-28 18:00:00,null,OS,null,OS,29.63,OK,4.48,OK,3.86,OK,38.77,OK,6.7,OK
2016-02-28 19:00:00,null,OS,null,OS,36.38,OK,5.73,OK,4.01,OK,75.7,OK,14.23,OK
2016-02-28 20:00:00,null,OS,null,OS,43.31,OK,21.9,OK,4.21,OK,74.85,OK,18.83,OK
2016-02-28 21:00:00,null,OS,null,OS,43.44,OK,15.72,OK,4.12,OK,63.7,OK,18.03,OK
2016-02-28 22:00:00,null,OS,null,OS,43.29,OK,43.78,OK,4.57,OK,50.71,OK,10.11,OK
2016-02-28 23:00:00,null,OS,null,OS,41.15,OK,26.65,OK,4.25,OK,56.66,OK,14.2,OK
2016-02-29 00:00:00,null,OS,null,OS,24.72,OK,0.15,BDL,3.74,OK,76.63,OK,25.26,OK
2016-02-29 01:00:00,null,OS,null,OS,14.54,OK,-0.39,BDL,3.53,OK,55.18,OK,19.24,OK
2016-02-29 02:00:00,null,OS,null,OS,12.41,OK,-0.66,OR,3.5,OK,29.21,OK,10.35,OK
2016-02-29 03:00:00,null,OS,null,OS,12.58,OK,-0.73,OR,3.49,OK,28.16,OK,12.67,OK
2016-02-29 04:00:00,null,OS,null,OS,13.59,OK,-0.51,OR,3.48,OK,30.96,OK,10.48,OK
2016-02-29 05:00:00,null,OS,null,OS,24.65,OK,1.69,OK,3.58,OK,29.95,OK,9.89,OK
2016-02-29 06:00:00,null,OS,null,OS,39.22,OK,35.43,OK,4.19,OK,37.63,OK,0.08,BDL
2016-02-29 07:00:00,null,OS,null,OS,37.2,OK,33.14,OK,4.2,OK,58.18,OK,-2.16,BDL
2016-02-29 08:00:00,null,OS,null,OS,25.68,OK,12.11,OK,3.86,OK,87.28,OK,8.55,OK
2016-02-29 09:00:00,null,OS,null,OS,20.69,OK,5.59,OK,3.72,OK,81.01,OK,10.05,OK
2016-02-29 10:00:00,null,OS,null,OS,21.76,OK,6.14,OK,3.77,OK,47.19,OK,1.87,BDL
2016-02-29 11:00:00,null,OS,null,OS,23.36,OK,5.61,OK,3.82,OK,27.72,OK,12.65,OK
2016-02-29 12:00:00,null,OS,null,OS,20.96,OK,4.61,OK,3.84,OK,45.83,OK,20.9,OK
2016-02-29 13:00:00,null,OS,null,OS,17.23,OK,6.64,OK,3.75,OK,43.64,OK,10.44,OK
2016-02-29 14:00:00,null,OS,null,OS,20.11,OK,9.34,OK,3.82,OK,28.67,OK,9.13,OK
2016-02-29 15:00:00,null,OS,null,OS,20.4,OK,10.9,OK,3.82,OK,29.47,OK,9.96,OK
2016-02-29 16:00:00,null,OS,null,OS,23.87,OK,10.21,OK,3.89,OK,32.22,OK,8.67,OK
2016-02-29 17:00:00,null,OS,null,OS,33.5,OK,10.34,OK,3.99,OK,36.54,OK,5.0,OK
2016-02-29 18:00:00,null,OS,null,OS,37.82,OK,15.77,OK,4.13,OK,71.41,OK,11.87,OK
2016-02-29 19:00:00,null,OS,null,OS,43.05,OK,19.54,OK,4.19,OK,61.01,OK,8.75,OK
2016-02-29 20:00:00,null,OS,null,OS,39.29,OK,12.09,OK,4.07,OK,56.73,OK,10.17,OK
2016-02-29 21:00:00,null,OS,null,OS,40.35,OK,5.52,OK,4.03,OK,54.74,OK,13.69,OK
2016-02-29 22:00:00,null,OS,null,OS,43.71,OK,6.75,OK,4.11,OK,88.51,OK,22.43,OK
2016-02-29 23:00:00,null,OS,null,OS,40.47,OK,6.3,OK,3.95,OK,76.81,OK,21.52,OK
