Red Universitaria de Observatorios Atmosfericos (RUOA)
Atmospheric Observatory Hermosillo (erno), Sonora
Lat 29.0814 N, Lon 110.9706 W, Alt 154 masl
Time UTC-7h
Air Quality data
Flags: OK = Reliable data, BDL = Below Detection Limit, OR = Out of Range, OS = Out of Service 
 
Time,O3,O3_flag,SO2,SO2_flag,NO2,NO2_flag,NO,NO_flag,CO,CO_flag,PM10,PM10_flag,PM2.5,PM2.5_flag
yyyy-mm-dd HH:MM:SS,ppb,flag,ppb,flag,ppb,flag,ppb,flag,ppm,flag,ug/m^3,flag,ug/m^3,flag
2017-12-01 00:00:00,1.59,OK,-1.43,OR,null,OS,null,OS,1.58,OK,109.37,OK,20.85,OK
2017-12-01 01:00:00,1.45,OK,-1.33,OR,null,OS,null,OS,1.55,OK,72.32,OK,13.25,OK
2017-12-01 02:00:00,1.44,OK,-1.41,OR,null,OS,null,OS,1.49,OK,72.53,OK,16.08,OK
2017-12-01 03:00:00,4.39,OK,-1.6,OR,null,OS,null,OS,1.4,OK,92.5,OK,22.51,OK
2017-12-01 04:00:00,6.13,OK,-1.49,OR,null,OS,null,OS,1.32,OK,53.01,OK,17.59,OK
2017-12-01 05:00:00,4.48,OK,-1.59,OR,null,OS,null,OS,1.36,OK,42.8,OK,5.48,OK
2017-12-01 06:00:00,1.9,OK,-1.31,OR,null,OS,null,OS,1.75,OK,48.02,OK,12.14,OK
2017-12-01 07:00:00,3.66,OK,-0.66,BDL,null,OS,null,OS,2.47,OK,126.46,OK,16.55,OK
2017-12-01 08:00:00,8.88,OK,-1.24,OR,null,OS,null,OS,1.94,OK,130.7,OK,20.58,OK
2017-12-01 09:00:00,14.43,OK,-1.24,OR,null,OS,null,OS,1.88,OK,154.87,OK,28.17,OK
2017-12-01 10:00:00,21.17,OK,-1.31,OR,null,OS,null,OS,1.64,OK,152.94,OK,13.81,OK
2017-12-01 11:00:00,44.2,OK,-1.39,OR,null,OS,null,OS,1.56,OK,81.98,OK,11.33,OK
2017-12-01 12:00:00,34.65,OK,-1.49,OR,null,OS,null,OS,1.63,OK,73.51,OK,13.63,OK
2017-12-01 13:00:00,33.51,OK,-1.4,OR,null,OS,null,OS,1.64,OK,74.14,OK,9.84,OK
2017-12-01 14:00:00,32.49,OK,-1.3,OR,null,OS,null,OS,1.68,OK,88.46,OK,12.44,OK
2017-12-01 15:00:00,20.42,OK,-1.24,OR,null,OS,null,OS,1.85,OK,77.02,OK,15.27,OK
2017-12-01 16:00:00,3.48,OK,-1.0,BDL,null,OS,null,OS,2.37,OK,134.07,OK,13.62,OK
2017-12-01 17:00:00,2.0,OK,-0.57,BDL,null,OS,null,OS,3.01,OK,191.17,OK,25.26,OK
2017-12-01 18:00:00,2.06,OK,0.46,BDL,null,OS,null,OS,3.62,OK,248.39,OK,35.64,OK
2017-12-01 19:00:00,1.69,OK,-0.57,BDL,null,OS,null,OS,3.29,OK,221.47,OK,35.53,OK
2017-12-01 20:00:00,1.8,OK,-0.78,BDL,null,OS,null,OS,2.92,OK,176.38,OK,32.37,OK
2017-12-01 21:00:00,1.57,OK,-0.66,BDL,null,OS,null,OS,2.7,OK,197.69,OK,36.85,OK
2017-12-01 22:00:00,1.51,OK,-1.17,OR,null,OS,null,OS,2.05,OK,142.5,OK,25.17,OK
2017-12-01 23:00:00,4.66,OK,-1.24,OR,null,OS,null,OS,1.98,OK,113.77,OK,27.65,OK
2017-12-02 00:00:00,1.98,OK,-1.45,OR,null,OS,null,OS,1.83,OK,103.13,OK,12.96,OK
2017-12-02 01:00:00,4.41,OK,-1.4,OR,null,OS,null,OS,1.64,OK,131.0,OK,23.15,OK
2017-12-02 02:00:00,12.71,OK,-1.55,OR,null,OS,null,OS,1.44,OK,83.01,OK,16.52,OK
2017-12-02 03:00:00,16.61,OK,-1.52,OR,null,OS,null,OS,1.39,OK,64.88,OK,14.59,OK
2017-12-02 04:00:00,23.44,OK,-1.52,OR,null,OS,null,OS,1.36,OK,63.05,OK,7.49,OK
2017-12-02 05:00:00,18.75,OK,-1.51,OR,null,OS,null,OS,1.46,OK,61.81,OK,13.48,OK
2017-12-02 06:00:00,4.1,OK,-1.33,OR,null,OS,null,OS,1.84,OK,69.17,OK,8.68,OK
2017-12-02 07:00:00,2.42,OK,-1.04,OR,null,OS,null,OS,2.05,OK,144.33,OK,30.38,OK
2017-12-02 08:00:00,2.91,OK,-1.09,OR,null,OS,null,OS,2.31,OK,148.07,OK,27.51,OK
2017-12-02 09:00:00,3.05,OK,-1.14,OR,null,OS,null,OS,2.05,OK,157.0,OK,26.68,OK
2017-12-02 10:00:00,12.56,OK,-1.24,OR,null,OS,null,OS,1.7,OK,194.35,OK,26.8,OK
2017-12-02 11:00:00,16.85,OK,-1.36,OR,null,OS,null,OS,1.67,OK,176.6,OK,18.0,OK
2017-12-02 12:00:00,9.23,OK,-1.22,OR,null,OS,null,OS,1.98,OK,172.06,OK,15.48,OK
2017-12-02 13:00:00,9.92,OK,-1.23,OR,null,OS,null,OS,2.05,OK,185.33,OK,25.03,OK
2017-12-02 14:00:00,19.71,OK,-1.33,OR,null,OS,null,OS,1.83,OK,117.32,OK,17.85,OK
2017-12-02 15:00:00,24.6,OK,-1.42,OR,null,OS,null,OS,1.64,OK,96.9,OK,21.75,OK
2017-12-02 16:00:00,20.18,OK,-1.43,OR,null,OS,null,OS,1.71,OK,86.35,OK,8.83,OK
2017-12-02 17:00:00,15.39,OK,-0.93,BDL,null,OS,null,OS,1.74,OK,89.39,OK,17.38,OK
2017-12-02 18:00:00,15.74,OK,-1.52,OR,null,OS,null,OS,1.75,OK,94.68,OK,16.02,OK
2017-12-02 19:00:00,8.61,OK,-1.56,OR,null,OS,null,OS,1.87,OK,78.37,OK,15.98,OK
2017-12-02 20:00:00,8.14,OK,-1.62,OR,null,OS,null,OS,1.83,OK,62.43,OK,14.58,OK
2017-12-02 21:00:00,2.39,OK,-1.55,OR,null,OS,null,OS,2.04,OK,48.15,OK,14.52,OK
2017-12-02 22:00:00,1.2,OK,-1.35,OR,null,OS,null,OS,2.59,OK,73.96,OK,15.99,OK
2017-12-02 23:00:00,1.44,OK,-1.23,OR,null,OS,null,OS,2.92,OK,75.19,OK,23.32,OK
2017-12-03 00:00:00,1.41,OK,-1.19,OR,null,OS,null,OS,2.9,OK,71.58,OK,19.76,OK
2017-12-03 01:00:00,2.95,OK,-1.5,OR,null,OS,null,OS,1.95,OK,67.7,OK,20.66,OK
2017-12-03 02:00:00,14.71,OK,-1.73,OR,null,OS,null,OS,1.49,OK,39.78,OK,7.98,OK
2017-12-03 03:00:00,23.66,OK,-1.71,OR,null,OS,null,OS,1.36,OK,23.0,OK,5.89,OK
2017-12-03 04:00:00,22.6,OK,-1.66,OR,null,OS,null,OS,1.38,OK,17.32,OK,5.91,OK
2017-12-03 05:00:00,11.07,OK,-1.72,OR,null,OS,null,OS,1.43,OK,24.82,OK,3.42,BDL
2017-12-03 06:00:00,9.07,OK,-1.68,OR,null,OS,null,OS,1.38,OK,27.32,OK,11.39,OK
2017-12-03 07:00:00,11.87,OK,-1.7,OR,null,OS,null,OS,1.43,OK,15.37,OK,5.65,OK
2017-12-03 08:00:00,23.1,OK,-1.65,OR,null,OS,null,OS,1.51,OK,27.8,OK,10.98,OK
2017-12-03 09:00:00,33.4,OK,-1.63,OR,null,OS,null,OS,1.44,OK,33.77,OK,5.61,OK
2017-12-03 10:00:00,41.24,OK,-1.64,OR,null,OS,null,OS,1.45,OK,27.8,OK,12.74,OK
2017-12-03 11:00:00,47.97,OK,-1.65,OR,null,OS,null,OS,1.43,OK,25.67,OK,7.57,OK
2017-12-03 12:00:00,52.58,OK,-1.65,OR,null,OS,null,OS,1.45,OK,29.33,OK,9.97,OK
2017-12-03 13:00:00,55.17,OK,-1.6,OR,null,OS,null,OS,1.43,OK,35.8,OK,5.92,OK
2017-12-03 14:00:00,53.59,OK,-1.58,OR,null,OS,null,OS,1.44,OK,26.99,OK,5.96,OK
2017-12-03 15:00:00,47.96,OK,-1.67,OR,null,OS,null,OS,1.51,OK,25.61,OK,6.94,OK
2017-12-03 16:00:00,33.56,OK,-1.39,OR,null,OS,null,OS,1.62,OK,34.03,OK,8.48,OK
2017-12-03 17:00:00,26.76,OK,-1.45,OR,null,OS,null,OS,1.61,OK,41.39,OK,3.41,BDL
2017-12-03 18:00:00,23.7,OK,-1.49,OR,null,OS,null,OS,1.61,OK,43.5,OK,6.53,OK
2017-12-03 19:00:00,9.17,OK,-1.5,OR,null,OS,null,OS,1.83,OK,34.59,OK,9.03,OK
2017-12-03 20:00:00,4.04,OK,-1.53,OR,null,OS,null,OS,1.98,OK,62.04,OK,17.65,OK
2017-12-03 21:00:00,6.99,OK,-1.44,OR,null,OS,null,OS,1.98,OK,72.49,OK,18.02,OK
2017-12-03 22:00:00,3.1,OK,-1.53,OR,null,OS,null,OS,1.91,OK,56.88,OK,11.82,OK
2017-12-03 23:00:00,3.95,OK,-1.57,OR,null,OS,null,OS,1.82,OK,56.16,OK,19.35,OK
2017-12-04 00:00:00,1.36,OK,-1.52,OR,null,OS,null,OS,1.96,OK,59.8,OK,15.55,OK
2017-12-04 01:00:00,8.08,OK,-1.61,OR,null,OS,null,OS,1.57,OK,59.2,OK,16.78,OK
2017-12-04 02:00:00,12.46,OK,-1.68,OR,null,OS,null,OS,1.44,OK,37.61,OK,10.62,OK
2017-12-04 03:00:00,11.67,OK,-1.7,OR,null,OS,null,OS,1.42,OK,37.56,OK,13.07,OK
2017-12-04 04:00:00,11.84,OK,-1.68,OR,null,OS,null,OS,1.42,OK,33.74,OK,10.99,OK
2017-12-04 05:00:00,5.63,OK,-1.63,OR,null,OS,null,OS,1.55,OK,34.25,OK,12.15,OK
2017-12-04 06:00:00,2.9,OK,-1.5,OR,null,OS,null,OS,1.84,OK,46.42,OK,6.86,OK
2017-12-04 07:00:00,5.55,OK,-1.36,OR,null,OS,null,OS,1.91,OK,43.24,OK,12.31,OK
2017-12-04 08:00:00,11.77,OK,-1.35,OR,null,OS,null,OS,1.87,OK,59.2,OK,14.01,OK
2017-12-04 09:00:00,29.81,OK,-1.44,OR,null,OS,null,OS,1.59,OK,71.0,OK,18.0,OK
2017-12-04 10:00:00,35.41,OK,-1.37,OR,null,OS,null,OS,1.5,OK,43.16,OK,9.04,OK
2017-12-04 11:00:00,38.73,OK,-1.4,OR,null,OS,null,OS,1.57,OK,42.91,OK,13.11,OK
2017-12-04 12:00:00,42.59,OK,-1.3,OR,null,OS,null,OS,1.52,OK,50.81,OK,9.29,OK
2017-12-04 13:00:00,39.29,OK,-1.26,OR,null,OS,null,OS,1.52,OK,36.28,OK,8.41,OK
2017-12-04 14:00:00,33.9,OK,-1.35,OR,null,OS,null,OS,1.56,OK,35.37,OK,6.71,OK
2017-12-04 15:00:00,29.57,OK,-1.33,OR,null,OS,null,OS,1.64,OK,29.86,OK,9.6,OK
2017-12-04 16:00:00,21.37,OK,-1.49,OR,null,OS,null,OS,1.67,OK,47.54,OK,9.31,OK
2017-12-04 17:00:00,19.32,OK,-1.62,OR,null,OS,null,OS,1.63,OK,54.38,OK,1.33,BDL
2017-12-04 18:00:00,15.54,OK,-1.65,OR,null,OS,null,OS,1.66,OK,38.62,OK,11.83,OK
2017-12-04 19:00:00,14.44,OK,-1.65,OR,null,OS,null,OS,1.68,OK,32.97,OK,4.57,OK
2017-12-04 20:00:00,15.91,OK,-1.7,OR,null,OS,null,OS,1.63,OK,32.08,OK,7.59,OK
2017-12-04 21:00:00,13.4,OK,-1.73,OR,null,OS,null,OS,1.62,OK,22.11,OK,4.64,OK
2017-12-04 22:00:00,10.83,OK,-1.73,OR,null,OS,null,OS,1.62,OK,25.47,OK,6.08,OK
2017-12-04 23:00:00,6.26,OK,-1.74,OR,null,OS,null,OS,1.6,OK,30.74,OK,8.03,OK
2017-12-05 00:00:00,1.44,OK,-1.67,OR,null,OS,null,OS,1.74,OK,32.4,OK,8.15,OK
2017-12-05 01:00:00,1.02,OK,-1.65,OR,null,OS,null,OS,1.56,OK,45.1,OK,10.39,OK
2017-12-05 02:00:00,2.11,OK,-1.72,OR,null,OS,null,OS,1.47,OK,33.59,OK,10.21,OK
2017-12-05 03:00:00,3.28,OK,-1.78,OR,null,OS,null,OS,1.46,OK,31.62,OK,11.07,OK
2017-12-05 04:00:00,4.94,OK,-1.77,OR,null,OS,null,OS,1.41,OK,31.04,OK,10.84,OK
2017-12-05 05:00:00,1.13,OK,-1.71,OR,null,OS,null,OS,1.54,OK,35.93,OK,10.98,OK
2017-12-05 06:00:00,1.42,OK,-1.52,OR,null,OS,null,OS,1.81,OK,45.53,OK,12.89,OK
2017-12-05 07:00:00,2.1,OK,-1.45,OR,null,OS,null,OS,2.0,OK,71.04,OK,13.07,OK
2017-12-05 08:00:00,4.58,OK,-1.53,OR,null,OS,null,OS,1.9,OK,70.39,OK,14.23,OK
2017-12-05 09:00:00,13.47,OK,-1.66,OR,null,OS,null,OS,1.65,OK,75.68,OK,17.31,OK
2017-12-05 10:00:00,16.68,OK,-1.69,OR,null,OS,null,OS,1.69,OK,55.42,OK,6.85,OK
2017-12-05 11:00:00,22.96,OK,-1.75,OR,null,OS,null,OS,1.68,OK,59.55,OK,10.16,OK
2017-12-05 12:00:00,22.82,OK,-1.7,OR,null,OS,null,OS,1.69,OK,81.14,OK,13.14,OK
2017-12-05 13:00:00,21.36,OK,-1.66,OR,null,OS,null,OS,1.78,OK,70.35,OK,15.45,OK
2017-12-05 14:00:00,20.57,OK,-1.45,OR,null,OS,null,OS,1.76,OK,65.61,OK,8.42,OK
2017-12-05 15:00:00,18.58,OK,-1.61,OR,null,OS,null,OS,1.74,OK,33.53,OK,4.84,OK
2017-12-05 16:00:00,10.99,OK,-1.54,OR,null,OS,null,OS,1.95,OK,42.37,OK,5.81,OK
2017-12-05 17:00:00,11.89,OK,-1.58,OR,null,OS,null,OS,1.81,OK,57.52,OK,5.47,OK
2017-12-05 18:00:00,13.07,OK,-1.61,OR,null,OS,null,OS,1.81,OK,48.69,OK,5.43,OK
2017-12-05 19:00:00,16.72,OK,-1.41,OR,null,OS,null,OS,1.58,OK,41.65,OK,6.61,OK
2017-12-05 20:00:00,18.95,OK,-1.6,OR,null,OS,null,OS,1.55,OK,35.52,OK,5.62,OK
2017-12-05 21:00:00,15.31,OK,-1.65,OR,null,OS,null,OS,1.52,OK,31.08,OK,2.67,BDL
2017-12-05 22:00:00,16.5,OK,-1.65,OR,null,OS,null,OS,1.44,OK,34.61,OK,6.17,OK
2017-12-05 23:00:00,21.92,OK,-1.7,OR,null,OS,null,OS,1.38,OK,38.25,OK,5.67,OK
2017-12-06 00:00:00,25.01,OK,-1.74,OR,null,OS,null,OS,1.31,OK,18.84,OK,0.31,BDL
2017-12-06 01:00:00,23.9,OK,-1.75,OR,null,OS,null,OS,1.31,OK,22.49,OK,-0.3,BDL
2017-12-06 02:00:00,22.69,OK,-1.7,OR,null,OS,null,OS,1.31,OK,19.56,OK,4.25,OK
2017-12-06 03:00:00,19.72,OK,-1.7,OR,null,OS,null,OS,1.33,OK,18.67,OK,2.14,BDL
2017-12-06 04:00:00,16.42,OK,-1.68,OR,null,OS,null,OS,1.37,OK,26.84,OK,4.78,OK
2017-12-06 05:00:00,4.83,OK,-1.68,OR,null,OS,null,OS,1.5,OK,27.05,OK,7.54,OK
2017-12-06 06:00:00,2.4,OK,-1.44,OR,null,OS,null,OS,1.9,OK,42.5,OK,8.75,OK
2017-12-06 07:00:00,3.11,OK,-1.39,OR,null,OS,null,OS,1.95,OK,77.34,OK,11.24,OK
2017-12-06 08:00:00,2.82,OK,-1.12,OR,null,OS,null,OS,2.41,OK,78.66,OK,7.26,OK
2017-12-06 09:00:00,9.02,OK,-1.31,OR,null,OS,null,OS,2.19,OK,82.72,OK,14.12,OK
2017-12-06 10:00:00,27.88,OK,-1.63,OR,null,OS,null,OS,1.45,OK,43.46,OK,9.31,OK
2017-12-06 11:00:00,29.43,OK,-1.64,OR,null,OS,null,OS,1.42,OK,13.11,OK,-0.15,BDL
2017-12-06 12:00:00,28.51,OK,-1.73,OR,null,OS,null,OS,1.41,OK,5.75,OK,2.56,BDL
2017-12-06 13:00:00,29.08,OK,-1.72,OR,null,OS,null,OS,1.4,OK,6.24,OK,2.29,BDL
2017-12-06 14:00:00,28.22,OK,-1.72,OR,null,OS,null,OS,1.41,OK,14.43,OK,0.9,BDL
2017-12-06 15:00:00,25.77,OK,-1.75,OR,null,OS,null,OS,1.42,OK,16.25,OK,1.79,BDL
2017-12-06 16:00:00,18.69,OK,-1.72,OR,null,OS,null,OS,1.49,OK,15.85,OK,7.69,OK
2017-12-06 17:00:00,15.14,OK,-1.77,OR,null,OS,null,OS,1.55,OK,20.53,OK,0.09,BDL
2017-12-06 18:00:00,3.49,OK,-1.64,OR,null,OS,null,OS,1.78,OK,28.9,OK,4.96,OK
2017-12-06 19:00:00,2.23,OK,-1.65,OR,null,OS,null,OS,1.75,OK,44.06,OK,8.38,OK
2017-12-06 20:00:00,2.47,OK,-1.55,OR,null,OS,null,OS,1.79,OK,34.98,OK,5.18,OK
2017-12-06 21:00:00,1.1,OK,-1.53,OR,null,OS,null,OS,1.96,OK,30.16,OK,6.42,OK
2017-12-06 22:00:00,1.19,OK,-1.48,OR,null,OS,null,OS,1.94,OK,35.62,OK,5.84,OK
2017-12-06 23:00:00,2.08,OK,-1.59,OR,null,OS,null,OS,1.87,OK,33.66,OK,8.56,OK
2017-12-07 00:00:00,4.04,OK,-1.64,OR,null,OS,null,OS,1.47,OK,30.81,OK,7.35,OK
2017-12-07 01:00:00,8.73,OK,-1.68,OR,null,OS,null,OS,1.36,OK,15.37,OK,3.29,BDL
2017-12-07 02:00:00,8.53,OK,-1.75,OR,null,OS,null,OS,1.33,OK,13.56,OK,7.04,OK
2017-12-07 03:00:00,8.17,OK,-1.74,OR,null,OS,null,OS,1.33,OK,13.48,OK,4.35,OK
2017-12-07 04:00:00,7.29,OK,-1.74,OR,null,OS,null,OS,1.34,OK,10.31,OK,3.27,BDL
2017-12-07 05:00:00,3.0,OK,-1.65,OR,null,OS,null,OS,1.51,OK,4.79,OK,1.45,BDL
2017-12-07 06:00:00,2.0,OK,-1.42,OR,null,OS,null,OS,1.94,OK,48.2,OK,8.56,OK
2017-12-07 07:00:00,4.87,OK,-1.54,OR,null,OS,null,OS,1.8,OK,18.88,OK,-1.14,BDL
2017-12-07 08:00:00,18.62,OK,-1.65,OR,null,OS,null,OS,1.5,OK,28.13,OK,12.18,OK
2017-12-07 09:00:00,24.92,OK,-1.68,OR,null,OS,null,OS,1.42,OK,15.14,OK,-2.08,BDL
2017-12-07 10:00:00,30.91,OK,-1.71,OR,null,OS,null,OS,1.39,OK,21.4,OK,0.96,BDL
2017-12-07 11:00:00,35.17,OK,-1.74,OR,null,OS,null,OS,1.37,OK,25.28,OK,3.41,BDL
2017-12-07 12:00:00,-429.46,OR,-1.26,OR,null,OS,null,OS,1.44,OK,46.34,OK,-39.82,OR
2017-12-07 13:00:00,42.02,OK,-1.68,OR,null,OS,null,OS,1.43,OK,-234.42,OR,-470.63,OR
2017-12-07 14:00:00,40.25,OK,-1.73,OR,null,OS,null,OS,1.43,OK,-121.98,OR,-221.46,OR
2017-12-07 15:00:00,39.12,OK,-1.72,OR,null,OS,null,OS,1.41,OK,-32.92,OR,-112.83,OR
2017-12-07 16:00:00,37.26,OK,-1.67,OR,null,OS,null,OS,1.41,OK,124.36,OK,-57.24,OR
2017-12-07 17:00:00,35.85,OK,-1.68,OR,null,OS,null,OS,1.41,OK,17.54,OK,-27.16,OR
2017-12-07 18:00:00,35.47,OK,-1.7,OR,null,OS,null,OS,1.39,OK,0.87,BDL,-20.85,OR
2017-12-07 19:00:00,35.9,OK,-1.67,OR,null,OS,null,OS,1.37,OK,36.84,OK,-10.9,OR
2017-12-07 20:00:00,35.77,OK,-1.61,OR,null,OS,null,OS,1.37,OK,20.48,OK,-1.28,BDL
2017-12-07 21:00:00,36.92,OK,-1.53,OR,null,OS,null,OS,1.34,OK,26.69,OK,-3.11,BDL
2017-12-07 22:00:00,36.76,OK,-1.48,OR,null,OS,null,OS,1.35,OK,7.56,OK,-1.54,BDL
2017-12-07 23:00:00,37.79,OK,-1.59,OR,null,OS,null,OS,1.33,OK,-1.18,BDL,-4.77,OR
2017-12-08 00:00:00,38.96,OK,-1.46,OR,null,OS,null,OS,1.31,OK,10.34,OK,4.44,OK
2017-12-08 01:00:00,39.91,OK,-1.54,OR,null,OS,null,OS,1.3,OK,8.96,OK,8.04,OK
2017-12-08 02:00:00,39.67,OK,-1.57,OR,null,OS,null,OS,1.3,OK,11.31,OK,4.2,OK
2017-12-08 03:00:00,37.7,OK,-1.57,OR,null,OS,null,OS,1.31,OK,11.64,OK,6.34,OK
2017-12-08 04:00:00,34.43,OK,-1.41,OR,null,OS,null,OS,1.33,OK,7.85,OK,3.36,BDL
2017-12-08 05:00:00,29.58,OK,-1.3,OR,null,OS,null,OS,1.4,OK,9.49,OK,0.99,BDL
2017-12-08 06:00:00,17.92,OK,-1.34,OR,null,OS,null,OS,1.61,OK,12.06,OK,1.46,BDL
2017-12-08 07:00:00,27.98,OK,-1.56,OR,null,OS,null,OS,1.49,OK,23.32,OK,4.65,OK
2017-12-08 08:00:00,33.41,OK,-1.53,OR,null,OS,null,OS,1.43,OK,14.35,OK,-0.76,BDL
2017-12-08 09:00:00,36.68,OK,-1.53,OR,null,OS,null,OS,1.41,OK,13.2,OK,-0.89,BDL
2017-12-08 10:00:00,38.34,OK,-1.59,OR,null,OS,null,OS,1.4,OK,15.63,OK,0.17,BDL
2017-12-08 11:00:00,39.52,OK,-1.53,OR,null,OS,null,OS,1.4,OK,16.16,OK,3.48,BDL
2017-12-08 12:00:00,41.17,OK,-1.54,OR,null,OS,null,OS,1.4,OK,12.99,OK,0.99,BDL
2017-12-08 13:00:00,41.27,OK,-1.53,OR,null,OS,null,OS,1.41,OK,11.58,OK,-1.46,BDL
2017-12-08 14:00:00,40.19,OK,-1.44,OR,null,OS,null,OS,1.44,OK,10.59,OK,4.67,OK
2017-12-08 15:00:00,38.69,OK,-1.34,OR,null,OS,null,OS,1.46,OK,4.79,OK,13.12,OK
2017-12-08 16:00:00,26.22,OK,-1.29,OR,null,OS,null,OS,1.59,OK,19.54,OK,4.95,OK
2017-12-08 17:00:00,11.71,OK,-1.22,OR,null,OS,null,OS,1.86,OK,23.38,OK,2.82,BDL
2017-12-08 18:00:00,9.93,OK,-1.22,OR,null,OS,null,OS,1.82,OK,26.37,OK,8.45,OK
2017-12-08 19:00:00,9.99,OK,-1.33,OR,null,OS,null,OS,1.78,OK,27.41,OK,15.43,OK
2017-12-08 20:00:00,14.69,OK,-1.36,OR,null,OS,null,OS,1.69,OK,24.89,OK,2.41,BDL
2017-12-08 21:00:00,15.06,OK,-1.28,OR,null,OS,null,OS,1.75,OK,18.17,OK,2.33,BDL
2017-12-08 22:00:00,7.25,OK,-1.35,OR,null,OS,null,OS,1.69,OK,40.01,OK,14.55,OK
2017-12-08 23:00:00,12.24,OK,-1.41,OR,null,OS,null,OS,1.5,OK,36.61,OK,2.64,BDL
2017-12-09 00:00:00,7.4,OK,-1.45,OR,null,OS,null,OS,1.52,OK,42.25,OK,10.62,OK
2017-12-09 01:00:00,20.89,OK,-1.43,OR,null,OS,null,OS,1.5,OK,34.67,OK,9.32,OK
2017-12-09 02:00:00,20.78,OK,-1.51,OR,null,OS,null,OS,1.47,OK,10.62,OK,8.74,OK
2017-12-09 03:00:00,32.78,OK,-1.45,OR,null,OS,null,OS,1.36,OK,9.48,OK,-1.11,BDL
2017-12-09 04:00:00,35.33,OK,-1.5,OR,null,OS,null,OS,1.37,OK,5.35,OK,2.07,BDL
2017-12-09 05:00:00,36.47,OK,-1.45,OR,null,OS,null,OS,1.36,OK,13.14,OK,-0.33,BDL
2017-12-09 06:00:00,36.25,OK,-1.48,OR,null,OS,null,OS,1.37,OK,12.95,OK,0.56,BDL
2017-12-09 07:00:00,32.28,OK,-1.45,OR,null,OS,null,OS,1.43,OK,16.94,OK,-1.4,BDL
2017-12-09 08:00:00,32.82,OK,-1.35,OR,null,OS,null,OS,1.46,OK,24.7,OK,1.89,BDL
2017-12-09 09:00:00,36.96,OK,-1.34,OR,null,OS,null,OS,1.41,OK,41.63,OK,1.56,BDL
2017-12-09 10:00:00,39.32,OK,-1.4,OR,null,OS,null,OS,1.42,OK,25.56,OK,2.33,BDL
2017-12-09 11:00:00,42.41,OK,-1.52,OR,null,OS,null,OS,1.41,OK,23.96,OK,3.54,BDL
2017-12-09 12:00:00,42.28,OK,-1.47,OR,null,OS,null,OS,1.43,OK,13.79,OK,4.04,OK
2017-12-09 13:00:00,42.64,OK,-1.52,OR,null,OS,null,OS,1.41,OK,26.63,OK,4.64,OK
2017-12-09 14:00:00,39.64,OK,-1.47,OR,null,OS,null,OS,1.45,OK,13.72,OK,-1.33,BDL
2017-12-09 15:00:00,30.27,OK,-1.53,OR,null,OS,null,OS,1.53,OK,13.51,OK,10.7,OK
2017-12-09 16:00:00,5.02,OK,-1.25,OR,null,OS,null,OS,1.94,OK,41.36,OK,3.73,BDL
2017-12-09 17:00:00,2.41,OK,-0.52,BDL,null,OS,null,OS,2.65,OK,73.57,OK,17.0,OK
2017-12-09 18:00:00,3.76,OK,0.95,BDL,null,OS,null,OS,4.81,OK,90.47,OK,28.64,OK
2017-12-09 19:00:00,2.66,OK,-0.19,BDL,null,OS,null,OS,3.35,OK,204.86,OK,47.87,OK
2017-12-09 20:00:00,2.62,OK,-0.28,BDL,null,OS,null,OS,3.19,OK,149.76,OK,35.49,OK
2017-12-09 21:00:00,4.73,OK,-1.0,BDL,null,OS,null,OS,1.98,OK,130.11,OK,27.44,OK
2017-12-09 22:00:00,1.89,OK,-1.1,OR,null,OS,null,OS,1.86,OK,80.97,OK,11.17,OK
2017-12-09 23:00:00,3.57,OK,-1.29,OR,null,OS,null,OS,1.72,OK,122.26,OK,24.04,OK
2017-12-10 00:00:00,23.0,OK,-1.09,OR,null,OS,null,OS,1.49,OK,41.49,OK,5.91,OK
2017-12-10 01:00:00,33.96,OK,-1.04,OR,null,OS,null,OS,1.42,OK,8.25,OK,2.72,BDL
2017-12-10 02:00:00,37.12,OK,-1.15,OR,null,OS,null,OS,1.39,OK,9.29,OK,-0.14,BDL
2017-12-10 03:00:00,38.09,OK,-1.13,OR,null,OS,null,OS,1.38,OK,6.38,OK,2.39,BDL
2017-12-10 04:00:00,38.69,OK,-1.04,OR,null,OS,null,OS,1.37,OK,12.83,OK,-0.15,BDL
2017-12-10 05:00:00,37.65,OK,-1.03,OR,null,OS,null,OS,1.38,OK,11.06,OK,0.18,BDL
2017-12-10 06:00:00,37.0,OK,-1.13,OR,null,OS,null,OS,1.39,OK,9.34,OK,2.75,BDL
2017-12-10 07:00:00,35.74,OK,-1.19,OR,null,OS,null,OS,1.4,OK,12.5,OK,4.26,OK
2017-12-10 08:00:00,35.97,OK,-1.24,OR,null,OS,null,OS,1.41,OK,7.67,OK,-1.36,BDL
2017-12-10 09:00:00,36.75,OK,-1.23,OR,null,OS,null,OS,1.41,OK,15.53,OK,2.08,BDL
2017-12-10 10:00:00,37.25,OK,-1.26,OR,null,OS,null,OS,1.43,OK,37.53,OK,4.14,OK
2017-12-10 11:00:00,37.29,OK,-1.28,OR,null,OS,null,OS,1.45,OK,22.14,OK,2.04,BDL
2017-12-10 12:00:00,31.51,OK,-1.33,OR,null,OS,null,OS,1.51,OK,20.77,OK,3.26,BDL
2017-12-10 13:00:00,9.13,OK,-1.08,OR,null,OS,null,OS,2.01,OK,35.69,OK,3.67,BDL
2017-12-10 14:00:00,3.91,OK,-0.4,BDL,null,OS,null,OS,2.97,OK,64.53,OK,18.16,OK
2017-12-10 15:00:00,2.62,OK,-0.24,BDL,null,OS,null,OS,3.34,OK,100.02,OK,38.26,OK
2017-12-10 16:00:00,2.59,OK,0.16,BDL,null,OS,null,OS,3.82,OK,216.15,OK,42.46,OK
2017-12-10 17:00:00,2.86,OK,0.41,BDL,null,OS,null,OS,4.3,OK,215.16,OK,46.51,OK
2017-12-10 18:00:00,4.24,OK,1.65,OK,null,OS,null,OS,6.53,OK,212.13,OK,52.36,OK
2017-12-10 19:00:00,3.96,OK,1.74,OK,null,OS,null,OS,6.16,OK,252.07,OK,75.25,OK
2017-12-10 20:00:00,2.74,OK,0.64,BDL,null,OS,null,OS,4.18,OK,182.51,OK,53.67,OK
2017-12-10 21:00:00,1.24,OK,-0.85,BDL,null,OS,null,OS,2.2,OK,166.93,OK,45.41,OK
2017-12-10 22:00:00,1.63,OK,-1.21,OR,null,OS,null,OS,1.82,OK,98.26,OK,17.94,OK
2017-12-10 23:00:00,2.97,OK,-1.34,OR,null,OS,null,OS,1.69,OK,68.91,OK,10.91,OK
2017-12-11 00:00:00,6.21,OK,-1.43,OR,null,OS,null,OS,1.58,OK,53.73,OK,8.73,OK
2017-12-11 01:00:00,12.43,OK,-1.44,OR,null,OS,null,OS,1.49,OK,28.38,OK,2.18,BDL
2017-12-11 02:00:00,10.13,OK,-1.42,OR,null,OS,null,OS,1.49,OK,24.61,OK,4.31,OK
2017-12-11 03:00:00,18.99,OK,-1.38,OR,null,OS,null,OS,1.42,OK,17.63,OK,5.59,OK
2017-12-11 04:00:00,14.37,OK,-1.44,OR,null,OS,null,OS,1.46,OK,14.84,OK,3.8,BDL
2017-12-11 05:00:00,9.02,OK,-1.29,OR,null,OS,null,OS,1.54,OK,20.03,OK,-0.26,BDL
2017-12-11 06:00:00,15.43,OK,-1.11,OR,null,OS,null,OS,1.56,OK,24.38,OK,1.92,BDL
2017-12-11 07:00:00,14.54,OK,-0.96,BDL,null,OS,null,OS,1.68,OK,21.9,OK,1.7,BDL
2017-12-11 08:00:00,14.69,OK,-0.79,BDL,null,OS,null,OS,1.75,OK,31.04,OK,3.52,BDL
2017-12-11 09:00:00,21.85,OK,-1.18,OR,null,OS,null,OS,1.62,OK,48.16,OK,7.15,OK
2017-12-11 10:00:00,28.39,OK,-1.43,OR,null,OS,null,OS,1.61,OK,43.85,OK,3.14,BDL
2017-12-11 11:00:00,29.03,OK,-1.55,OR,null,OS,null,OS,1.64,OK,54.96,OK,13.18,OK
2017-12-11 12:00:00,30.68,OK,-1.64,OR,null,OS,null,OS,1.58,OK,8.98,OK,-6.53,OR
2017-12-11 13:00:00,34.48,OK,-1.6,OR,null,OS,null,OS,1.57,OK,11.64,OK,3.3,BDL
2017-12-11 14:00:00,34.64,OK,-1.59,OR,null,OS,null,OS,1.58,OK,19.94,OK,7.42,OK
2017-12-11 15:00:00,27.39,OK,-1.61,OR,null,OS,null,OS,1.74,OK,26.71,OK,10.22,OK
2017-12-11 16:00:00,22.2,OK,-1.43,OR,null,OS,null,OS,1.85,OK,36.92,OK,3.06,BDL
2017-12-11 17:00:00,18.17,OK,-1.3,OR,null,OS,null,OS,1.9,OK,42.04,OK,6.61,OK
2017-12-11 18:00:00,6.6,OK,-1.09,OR,null,OS,null,OS,2.14,OK,69.85,OK,7.29,OK
2017-12-11 19:00:00,1.99,OK,-0.9,BDL,null,OS,null,OS,2.29,OK,76.04,OK,13.31,OK
2017-12-11 20:00:00,1.84,OK,-0.99,BDL,null,OS,null,OS,2.28,OK,96.74,OK,18.53,OK
2017-12-11 21:00:00,1.59,OK,-0.65,BDL,null,OS,null,OS,2.75,OK,83.54,OK,19.67,OK
2017-12-11 22:00:00,1.8,OK,-0.5,BDL,null,OS,null,OS,2.96,OK,91.53,OK,23.91,OK
2017-12-11 23:00:00,1.42,OK,-1.03,OR,null,OS,null,OS,2.06,OK,100.89,OK,24.89,OK
2017-12-12 00:00:00,9.83,OK,-1.47,OR,null,OS,null,OS,1.59,OK,66.76,OK,19.18,OK
2017-12-12 01:00:00,13.88,OK,-1.54,OR,null,OS,null,OS,1.49,OK,38.0,OK,8.92,OK
2017-12-12 02:00:00,14.66,OK,-1.57,OR,null,OS,null,OS,1.46,OK,27.05,OK,6.75,OK
2017-12-12 03:00:00,20.14,OK,-1.55,OR,null,OS,null,OS,1.43,OK,14.32,OK,2.2,BDL
2017-12-12 04:00:00,17.68,OK,-1.54,OR,null,OS,null,OS,1.45,OK,17.47,OK,10.04,OK
2017-12-12 05:00:00,10.03,OK,-1.62,OR,null,OS,null,OS,1.55,OK,24.85,OK,4.11,OK
2017-12-12 06:00:00,2.99,OK,-1.39,OR,null,OS,null,OS,1.82,OK,30.09,OK,4.03,OK
2017-12-12 07:00:00,5.06,OK,-0.94,BDL,null,OS,null,OS,2.03,OK,55.61,OK,6.59,OK
2017-12-12 08:00:00,27.03,OK,-1.03,OR,null,OS,null,OS,1.57,OK,54.79,OK,8.42,OK
2017-12-12 09:00:00,31.49,OK,-1.03,OR,null,OS,null,OS,1.51,OK,18.23,OK,1.0,BDL
2017-12-12 10:00:00,34.2,OK,-1.21,OR,null,OS,null,OS,1.5,OK,29.93,OK,9.1,OK
2017-12-12 11:00:00,37.2,OK,-1.26,OR,null,OS,null,OS,1.48,OK,23.01,OK,0.93,BDL
2017-12-12 12:00:00,38.29,OK,-1.48,OR,null,OS,null,OS,1.48,OK,15.57,OK,4.18,OK
2017-12-12 13:00:00,35.96,OK,-1.43,OR,null,OS,null,OS,1.64,OK,15.19,OK,3.14,BDL
2017-12-12 14:00:00,33.7,OK,-1.36,OR,null,OS,null,OS,1.77,OK,35.74,OK,8.55,OK
2017-12-12 15:00:00,26.68,OK,-1.34,OR,null,OS,null,OS,1.82,OK,31.84,OK,8.8,OK
2017-12-12 16:00:00,8.4,OK,-0.93,BDL,null,OS,null,OS,2.28,OK,46.75,OK,8.47,OK
2017-12-12 17:00:00,4.65,OK,-0.99,BDL,null,OS,null,OS,2.38,OK,66.71,OK,7.44,OK
2017-12-12 18:00:00,7.55,OK,-1.16,OR,null,OS,null,OS,2.07,OK,60.74,OK,4.53,OK
2017-12-12 19:00:00,3.45,OK,-1.17,OR,null,OS,null,OS,2.14,OK,49.77,OK,10.77,OK
2017-12-12 20:00:00,2.14,OK,-0.98,BDL,null,OS,null,OS,2.31,OK,77.02,OK,10.53,OK
2017-12-12 21:00:00,3.09,OK,-1.22,OR,null,OS,null,OS,2.1,OK,90.01,OK,16.63,OK
2017-12-12 22:00:00,2.64,OK,-1.07,OR,null,OS,null,OS,2.46,OK,92.0,OK,21.53,OK
2017-12-12 23:00:00,1.49,OK,-1.05,OR,null,OS,null,OS,2.41,OK,104.68,OK,17.42,OK
2017-12-13 00:00:00,2.42,OK,-1.37,OR,null,OS,null,OS,1.71,OK,73.9,OK,22.47,OK
2017-12-13 01:00:00,6.25,OK,-1.51,OR,null,OS,null,OS,1.61,OK,48.19,OK,6.05,OK
2017-12-13 02:00:00,10.94,OK,-1.52,OR,null,OS,null,OS,1.51,OK,38.51,OK,9.79,OK
2017-12-13 03:00:00,13.3,OK,-1.58,OR,null,OS,null,OS,1.47,OK,24.68,OK,7.45,OK
2017-12-13 04:00:00,10.08,OK,-1.59,OR,null,OS,null,OS,1.51,OK,20.07,OK,2.85,BDL
2017-12-13 05:00:00,1.94,OK,-1.49,OR,null,OS,null,OS,1.63,OK,43.83,OK,6.03,OK
2017-12-13 06:00:00,2.01,OK,-0.39,BDL,null,OS,null,OS,2.69,OK,63.52,OK,14.52,OK
2017-12-13 07:00:00,3.4,OK,-0.8,BDL,null,OS,null,OS,2.54,OK,92.12,OK,12.58,OK
2017-12-13 08:00:00,5.46,OK,-0.8,BDL,null,OS,null,OS,2.59,OK,100.92,OK,18.18,OK
2017-12-13 09:00:00,20.71,OK,-1.02,OR,null,OS,null,OS,2.0,OK,109.64,OK,16.3,OK
2017-12-13 10:00:00,31.43,OK,-1.22,OR,null,OS,null,OS,1.65,OK,61.18,OK,7.65,OK
2017-12-13 11:00:00,31.33,OK,-1.31,OR,null,OS,null,OS,1.68,OK,37.91,OK,7.97,OK
2017-12-13 12:00:00,32.94,OK,-1.39,OR,null,OS,null,OS,1.74,OK,32.43,OK,5.64,OK
2017-12-13 13:00:00,35.61,OK,-1.44,OR,null,OS,null,OS,1.75,OK,34.75,OK,5.51,OK
2017-12-13 14:00:00,37.16,OK,-1.44,OR,null,OS,null,OS,1.71,OK,30.44,OK,7.78,OK
2017-12-13 15:00:00,34.55,OK,-1.41,OR,null,OS,null,OS,1.74,OK,26.02,OK,7.23,OK
2017-12-13 16:00:00,23.67,OK,-1.23,OR,null,OS,null,OS,1.95,OK,74.27,OK,13.04,OK
2017-12-13 17:00:00,9.36,OK,-1.18,OR,null,OS,null,OS,2.14,OK,100.58,OK,10.63,OK
2017-12-13 18:00:00,8.66,OK,-1.36,OR,null,OS,null,OS,2.08,OK,99.98,OK,14.45,OK
2017-12-13 19:00:00,4.94,OK,-1.18,OR,null,OS,null,OS,2.41,OK,107.05,OK,12.08,OK
2017-12-13 20:00:00,1.56,OK,-1.18,OR,null,OS,null,OS,2.4,OK,103.13,OK,18.47,OK
2017-12-13 21:00:00,1.39,OK,-0.98,BDL,null,OS,null,OS,2.62,OK,115.7,OK,20.93,OK
2017-12-13 22:00:00,5.94,OK,-1.38,OR,null,OS,null,OS,1.92,OK,83.44,OK,17.65,OK
2017-12-13 23:00:00,21.09,OK,-0.62,BDL,null,OS,null,OS,1.66,OK,47.22,OK,8.71,OK
2017-12-14 00:00:00,20.55,OK,-0.57,BDL,null,OS,null,OS,1.63,OK,38.78,OK,12.38,OK
2017-12-14 01:00:00,20.32,OK,-0.89,BDL,null,OS,null,OS,1.57,OK,39.1,OK,9.06,OK
2017-12-14 02:00:00,23.45,OK,-1.04,OR,null,OS,null,OS,1.53,OK,36.67,OK,9.59,OK
2017-12-14 03:00:00,9.59,OK,-1.32,OR,null,OS,null,OS,1.56,OK,38.63,OK,11.96,OK
2017-12-14 04:00:00,6.13,OK,-1.43,OR,null,OS,null,OS,1.55,OK,50.41,OK,9.5,OK
2017-12-14 05:00:00,3.46,OK,-0.9,BDL,null,OS,null,OS,1.64,OK,50.7,OK,18.75,OK
2017-12-14 06:00:00,3.0,OK,-1.34,OR,null,OS,null,OS,1.9,OK,46.95,OK,9.34,OK
2017-12-14 07:00:00,3.29,OK,-0.76,BDL,null,OS,null,OS,2.57,OK,59.97,OK,2.18,BDL
2017-12-14 08:00:00,10.98,OK,-1.06,OR,null,OS,null,OS,2.04,OK,127.93,OK,27.08,OK
2017-12-14 09:00:00,26.89,OK,-1.13,OR,null,OS,null,OS,1.69,OK,62.08,OK,4.98,OK
2017-12-14 10:00:00,31.04,OK,-0.9,BDL,null,OS,null,OS,1.78,OK,37.58,OK,5.9,OK
2017-12-14 11:00:00,40.07,OK,-1.16,OR,null,OS,null,OS,1.74,OK,62.77,OK,12.95,OK
2017-12-14 12:00:00,39.58,OK,-1.36,OR,null,OS,null,OS,1.71,OK,62.71,OK,7.18,OK
2017-12-14 13:00:00,41.47,OK,-1.37,OR,null,OS,null,OS,1.69,OK,46.43,OK,3.41,BDL
2017-12-14 14:00:00,40.65,OK,-1.39,OR,null,OS,null,OS,1.71,OK,38.26,OK,6.89,OK
2017-12-14 15:00:00,36.13,OK,-1.39,OR,null,OS,null,OS,1.83,OK,42.18,OK,10.08,OK
2017-12-14 16:00:00,17.25,OK,-1.3,OR,null,OS,null,OS,2.1,OK,43.51,OK,6.52,OK
2017-12-14 17:00:00,5.48,OK,-1.03,OR,null,OS,null,OS,2.39,OK,105.05,OK,14.71,OK
2017-12-14 18:00:00,9.22,OK,-1.3,OR,null,OS,null,OS,2.06,OK,112.79,OK,13.57,OK
2017-12-14 19:00:00,11.6,OK,-1.17,OR,null,OS,null,OS,1.95,OK,94.41,OK,19.0,OK
2017-12-14 20:00:00,11.7,OK,-1.33,OR,null,OS,null,OS,1.89,OK,98.44,OK,15.4,OK
2017-12-14 21:00:00,7.86,OK,-1.42,OR,null,OS,null,OS,1.96,OK,63.68,OK,12.54,OK
2017-12-14 22:00:00,2.42,OK,-1.26,OR,null,OS,null,OS,2.26,OK,70.25,OK,15.34,OK
2017-12-14 23:00:00,14.34,OK,-1.46,OR,null,OS,null,OS,1.65,OK,77.23,OK,19.14,OK
2017-12-15 00:00:00,12.03,OK,-1.49,OR,null,OS,null,OS,1.64,OK,47.26,OK,13.37,OK
2017-12-15 01:00:00,12.41,OK,-1.52,OR,null,OS,null,OS,1.61,OK,39.84,OK,7.17,OK
2017-12-15 02:00:00,18.24,OK,-1.64,OR,null,OS,null,OS,1.49,OK,46.94,OK,10.23,OK
2017-12-15 03:00:00,17.62,OK,-1.64,OR,null,OS,null,OS,1.48,OK,35.75,OK,12.16,OK
2017-12-15 04:00:00,17.69,OK,-1.55,OR,null,OS,null,OS,1.53,OK,30.46,OK,6.84,OK
2017-12-15 05:00:00,7.45,OK,-1.49,OR,null,OS,null,OS,1.83,OK,17.41,OK,0.5,BDL
2017-12-15 06:00:00,3.58,OK,-1.19,OR,null,OS,null,OS,1.95,OK,52.02,OK,10.46,OK
2017-12-15 07:00:00,22.33,OK,-1.32,OR,null,OS,null,OS,1.79,OK,36.81,OK,2.47,BDL
2017-12-15 08:00:00,33.77,OK,-1.54,OR,null,OS,null,OS,1.57,OK,45.47,OK,4.09,OK
2017-12-15 09:00:00,35.08,OK,-1.59,OR,null,OS,null,OS,1.54,OK,26.78,OK,1.28,BDL
2017-12-15 10:00:00,37.58,OK,-1.57,OR,null,OS,null,OS,1.53,OK,93.84,OK,3.47,BDL
2017-12-15 11:00:00,38.77,OK,-1.42,OR,null,OS,null,OS,1.54,OK,32.66,OK,4.62,OK
2017-12-15 12:00:00,41.02,OK,-1.3,OR,null,OS,null,OS,1.54,OK,19.45,OK,5.19,OK
2017-12-15 13:00:00,43.01,OK,-1.48,OR,null,OS,null,OS,1.53,OK,23.55,OK,2.65,BDL
2017-12-15 14:00:00,42.86,OK,-1.35,OR,null,OS,null,OS,1.55,OK,15.8,OK,4.14,OK
2017-12-15 15:00:00,40.22,OK,-1.19,OR,null,OS,null,OS,1.59,OK,24.94,OK,15.2,OK
2017-12-15 16:00:00,20.74,OK,-1.16,OR,null,OS,null,OS,1.9,OK,30.24,OK,8.45,OK
2017-12-15 17:00:00,25.95,OK,-1.49,OR,null,OS,null,OS,1.78,OK,30.53,OK,9.78,OK
2017-12-15 18:00:00,34.39,OK,-1.55,OR,null,OS,null,OS,1.65,OK,16.34,OK,1.84,BDL
2017-12-15 19:00:00,33.17,OK,-1.34,OR,null,OS,null,OS,1.62,OK,19.51,OK,8.63,OK
2017-12-15 20:00:00,34.02,OK,-1.03,OR,null,OS,null,OS,1.61,OK,17.76,OK,7.79,OK
2017-12-15 21:00:00,18.15,OK,-0.98,BDL,null,OS,null,OS,1.84,OK,23.39,OK,5.38,OK
2017-12-15 22:00:00,12.15,OK,-1.09,OR,null,OS,null,OS,1.86,OK,45.43,OK,18.0,OK
2017-12-15 23:00:00,20.52,OK,-1.25,OR,null,OS,null,OS,1.63,OK,35.13,OK,8.95,OK
2017-12-16 00:00:00,23.14,OK,-1.44,OR,null,OS,null,OS,1.56,OK,35.25,OK,9.46,OK
2017-12-16 01:00:00,24.67,OK,-1.54,OR,null,OS,null,OS,1.52,OK,27.15,OK,8.44,OK
2017-12-16 02:00:00,31.33,OK,-1.51,OR,null,OS,null,OS,1.5,OK,26.09,OK,6.21,OK
2017-12-16 03:00:00,32.71,OK,-1.37,OR,null,OS,null,OS,1.49,OK,17.93,OK,12.28,OK
2017-12-16 04:00:00,31.94,OK,-1.41,OR,null,OS,null,OS,1.51,OK,16.21,OK,6.6,OK
2017-12-16 05:00:00,15.32,OK,-1.47,OR,null,OS,null,OS,1.63,OK,36.64,OK,7.15,OK
2017-12-16 06:00:00,8.21,OK,-1.4,OR,null,OS,null,OS,1.72,OK,45.6,OK,7.92,OK
2017-12-16 07:00:00,11.46,OK,-1.26,OR,null,OS,null,OS,1.86,OK,56.27,OK,11.6,OK
2017-12-16 08:00:00,20.08,OK,-1.25,OR,null,OS,null,OS,1.81,OK,74.88,OK,17.29,OK
2017-12-16 09:00:00,27.7,OK,-1.45,OR,null,OS,null,OS,1.67,OK,51.6,OK,12.04,OK
2017-12-16 10:00:00,30.33,OK,-1.53,OR,null,OS,null,OS,1.71,OK,44.0,OK,5.55,OK
2017-12-16 11:00:00,35.96,OK,-1.58,OR,null,OS,null,OS,1.66,OK,34.85,OK,4.22,OK
2017-12-16 12:00:00,37.96,OK,-1.44,OR,null,OS,null,OS,1.72,OK,22.64,OK,5.12,OK
2017-12-16 13:00:00,39.05,OK,-1.53,OR,null,OS,null,OS,1.67,OK,50.09,OK,6.07,OK
2017-12-16 14:00:00,37.38,OK,-1.47,OR,null,OS,null,OS,1.7,OK,59.5,OK,6.68,OK
2017-12-16 15:00:00,38.79,OK,-1.49,OR,null,OS,null,OS,1.7,OK,64.53,OK,0.59,BDL
2017-12-16 16:00:00,38.35,OK,-1.54,OR,null,OS,null,OS,1.68,OK,46.79,OK,10.54,OK
2017-12-16 17:00:00,36.27,OK,-1.53,OR,null,OS,null,OS,1.7,OK,44.93,OK,2.88,BDL
2017-12-16 18:00:00,34.19,OK,-1.54,OR,null,OS,null,OS,1.71,OK,38.61,OK,6.53,OK
2017-12-16 19:00:00,35.65,OK,-1.61,OR,null,OS,null,OS,1.71,OK,48.15,OK,6.22,OK
2017-12-16 20:00:00,38.98,OK,-1.67,OR,null,OS,null,OS,1.63,OK,63.02,OK,8.01,OK
2017-12-16 21:00:00,37.76,OK,-1.66,OR,null,OS,null,OS,1.63,OK,32.15,OK,5.0,OK
2017-12-16 22:00:00,34.42,OK,-1.71,OR,null,OS,null,OS,1.64,OK,25.39,OK,6.58,OK
2017-12-16 23:00:00,30.11,OK,-1.75,OR,null,OS,null,OS,1.65,OK,5.34,OK,3.74,BDL
2017-12-17 00:00:00,26.42,OK,-1.77,OR,null,OS,null,OS,1.68,OK,28.41,OK,6.09,OK
2017-12-17 01:00:00,30.96,OK,-1.75,OR,null,OS,null,OS,1.65,OK,26.47,OK,11.28,OK
2017-12-17 02:00:00,40.2,OK,-1.68,OR,null,OS,null,OS,1.56,OK,29.81,OK,3.43,BDL
2017-12-17 03:00:00,38.48,OK,-1.79,OR,null,OS,null,OS,1.56,OK,17.29,OK,5.51,OK
2017-12-17 04:00:00,39.21,OK,-1.77,OR,null,OS,null,OS,1.56,OK,99.93,OK,4.42,OK
2017-12-17 05:00:00,39.94,OK,-1.78,OR,null,OS,null,OS,1.57,OK,269.92,OK,5.16,OK
2017-12-17 06:00:00,35.74,OK,-1.83,OR,null,OS,null,OS,1.65,OK,8.11,OK,5.33,OK
2017-12-17 07:00:00,33.98,OK,-1.77,OR,null,OS,null,OS,1.69,OK,10.91,OK,4.67,OK
2017-12-17 08:00:00,30.43,OK,-1.83,OR,null,OS,null,OS,1.75,OK,13.62,OK,6.42,OK
2017-12-17 09:00:00,30.68,OK,-1.81,OR,null,OS,null,OS,1.75,OK,18.17,OK,8.48,OK
2017-12-17 10:00:00,31.43,OK,-1.8,OR,null,OS,null,OS,1.73,OK,10.52,OK,3.87,BDL
2017-12-17 11:00:00,32.28,OK,-1.83,OR,null,OS,null,OS,1.74,OK,24.38,OK,9.63,OK
2017-12-17 12:00:00,33.46,OK,-1.91,OR,null,OS,null,OS,1.68,OK,18.41,OK,9.61,OK
2017-12-17 13:00:00,34.46,OK,-1.83,OR,null,OS,null,OS,1.71,OK,10.53,OK,3.18,BDL
2017-12-17 14:00:00,30.92,OK,-1.84,OR,null,OS,null,OS,1.8,OK,27.47,OK,7.93,OK
2017-12-17 15:00:00,28.17,OK,-1.84,OR,null,OS,null,OS,1.79,OK,23.77,OK,6.81,OK
2017-12-17 16:00:00,18.1,OK,-1.79,OR,null,OS,null,OS,1.93,OK,22.55,OK,10.44,OK
2017-12-17 17:00:00,24.2,OK,-1.83,OR,null,OS,null,OS,1.78,OK,9.22,OK,5.59,OK
2017-12-17 18:00:00,24.43,OK,-1.81,OR,null,OS,null,OS,1.69,OK,14.24,OK,11.23,OK
2017-12-17 19:00:00,21.95,OK,-1.89,OR,null,OS,null,OS,1.71,OK,7.23,OK,4.66,OK
2017-12-17 20:00:00,25.41,OK,-1.89,OR,null,OS,null,OS,1.69,OK,13.87,OK,9.38,OK
2017-12-17 21:00:00,12.34,OK,-1.84,OR,null,OS,null,OS,1.86,OK,15.14,OK,4.84,OK
2017-12-17 22:00:00,2.86,OK,-1.82,OR,null,OS,null,OS,1.99,OK,8.65,OK,4.61,OK
2017-12-17 23:00:00,2.53,OK,-1.77,OR,null,OS,null,OS,1.93,OK,107.86,OK,10.79,OK
2017-12-18 00:00:00,4.73,OK,-1.77,OR,null,OS,null,OS,1.86,OK,26.06,OK,14.39,OK
2017-12-18 01:00:00,9.61,OK,-1.82,OR,null,OS,null,OS,1.65,OK,3.07,BDL,0.39,BDL
2017-12-18 02:00:00,7.87,OK,-1.85,OR,null,OS,null,OS,1.62,OK,18.9,OK,5.44,OK
2017-12-18 03:00:00,7.72,OK,-1.8,OR,null,OS,null,OS,1.59,OK,16.12,OK,7.21,OK
2017-12-18 04:00:00,5.1,OK,-1.88,OR,null,OS,null,OS,1.6,OK,9.26,OK,9.32,OK
2017-12-18 05:00:00,2.66,OK,-1.82,OR,null,OS,null,OS,1.69,OK,15.75,OK,8.4,OK
2017-12-18 06:00:00,3.09,OK,-1.77,OR,null,OS,null,OS,1.8,OK,9.2,OK,4.29,OK
2017-12-18 07:00:00,5.24,OK,-1.62,OR,null,OS,null,OS,2.03,OK,-4.29,OR,-3.24,BDL
2017-12-18 08:00:00,15.27,OK,-1.7,OR,null,OS,null,OS,1.91,OK,7.91,OK,11.78,OK
2017-12-18 09:00:00,26.55,OK,-1.79,OR,null,OS,null,OS,1.71,OK,23.3,OK,9.06,OK
2017-12-18 10:00:00,26.05,OK,-1.78,OR,null,OS,null,OS,1.8,OK,19.32,OK,-0.3,BDL
2017-12-18 11:00:00,35.03,OK,-1.8,OR,null,OS,null,OS,1.7,OK,34.14,OK,4.11,OK
2017-12-18 12:00:00,36.88,OK,-1.83,OR,null,OS,null,OS,1.76,OK,32.16,OK,10.03,OK
2017-12-18 13:00:00,40.54,OK,-1.82,OR,null,OS,null,OS,1.75,OK,13.43,OK,2.16,BDL
2017-12-18 14:00:00,40.63,OK,-1.77,OR,null,OS,null,OS,1.79,OK,27.22,OK,9.83,OK
2017-12-18 15:00:00,35.5,OK,-1.76,OR,null,OS,null,OS,1.86,OK,35.76,OK,11.21,OK
2017-12-18 16:00:00,21.34,OK,-1.67,OR,null,OS,null,OS,2.22,OK,37.32,OK,6.32,OK
2017-12-18 17:00:00,6.51,OK,-1.52,OR,null,OS,null,OS,2.71,OK,62.83,OK,10.97,OK
2017-12-18 18:00:00,4.52,OK,-1.64,OR,null,OS,null,OS,2.44,OK,71.92,OK,13.08,OK
2017-12-18 19:00:00,1.5,OK,-1.29,OR,null,OS,null,OS,3.06,OK,94.46,OK,20.66,OK
2017-12-18 20:00:00,1.58,OK,-1.11,OR,null,OS,null,OS,3.47,OK,140.88,OK,26.58,OK
2017-12-18 21:00:00,1.62,OK,-1.42,OR,null,OS,null,OS,2.73,OK,108.79,OK,23.56,OK
2017-12-18 22:00:00,1.68,OK,-1.16,OR,null,OS,null,OS,3.18,OK,103.99,OK,34.61,OK
2017-12-18 23:00:00,1.56,OK,-1.23,OR,null,OS,null,OS,2.92,OK,97.71,OK,32.38,OK
2017-12-19 00:00:00,3.44,OK,-1.59,OR,null,OS,null,OS,1.83,OK,61.31,OK,19.18,OK
2017-12-19 01:00:00,4.96,OK,-1.74,OR,null,OS,null,OS,1.66,OK,-0.15,BDL,4.36,OK
2017-12-19 02:00:00,8.04,OK,-1.77,OR,null,OS,null,OS,1.61,OK,15.59,OK,6.53,OK
2017-12-19 03:00:00,10.3,OK,-1.82,OR,null,OS,null,OS,1.56,OK,16.92,OK,8.49,OK
2017-12-19 04:00:00,16.43,OK,-1.8,OR,null,OS,null,OS,1.59,OK,9.14,OK,2.12,BDL
2017-12-19 05:00:00,4.16,OK,-1.73,OR,null,OS,null,OS,1.79,OK,21.67,OK,6.95,OK
2017-12-19 06:00:00,3.28,OK,-1.71,OR,null,OS,null,OS,1.8,OK,24.19,OK,7.87,OK
2017-12-19 07:00:00,7.3,OK,-1.69,OR,null,OS,null,OS,1.92,OK,31.36,OK,6.79,OK
2017-12-19 08:00:00,19.65,OK,-1.74,OR,null,OS,null,OS,1.74,OK,19.43,OK,1.92,BDL
2017-12-19 09:00:00,28.36,OK,-1.8,OR,null,OS,null,OS,1.66,OK,20.7,OK,-0.15,BDL
2017-12-19 10:00:00,35.73,OK,-1.76,OR,null,OS,null,OS,1.63,OK,20.78,OK,2.7,BDL
2017-12-19 11:00:00,37.65,OK,-1.62,OR,null,OS,null,OS,1.63,OK,15.38,OK,3.57,BDL
2017-12-19 12:00:00,42.44,OK,-1.62,OR,null,OS,null,OS,1.64,OK,8.57,OK,4.19,OK
2017-12-19 13:00:00,44.74,OK,-1.69,OR,null,OS,null,OS,1.65,OK,15.45,OK,4.54,OK
2017-12-19 14:00:00,44.39,OK,-1.77,OR,null,OS,null,OS,1.65,OK,29.18,OK,10.1,OK
2017-12-19 15:00:00,38.86,OK,-1.73,OR,null,OS,null,OS,1.71,OK,16.4,OK,9.24,OK
2017-12-19 16:00:00,22.08,OK,-1.68,OR,null,OS,null,OS,1.97,OK,18.19,OK,3.3,BDL
2017-12-19 17:00:00,1.72,OK,-1.16,OR,null,OS,null,OS,2.87,OK,57.4,OK,6.71,OK
2017-12-19 18:00:00,2.33,OK,-0.51,BDL,null,OS,null,OS,4.16,OK,129.51,OK,23.95,OK
2017-12-19 19:00:00,2.58,OK,-0.14,BDL,null,OS,null,OS,4.76,OK,229.38,OK,42.97,OK
2017-12-19 20:00:00,1.34,OK,-1.36,OR,null,OS,null,OS,2.32,OK,109.85,OK,29.5,OK
2017-12-19 21:00:00,2.64,OK,-1.51,OR,null,OS,null,OS,2.14,OK,60.18,OK,21.05,OK
2017-12-19 22:00:00,11.09,OK,-1.64,OR,null,OS,null,OS,1.85,OK,46.93,OK,13.86,OK
2017-12-19 23:00:00,12.14,OK,-1.67,OR,null,OS,null,OS,1.7,OK,20.81,OK,6.45,OK
2017-12-20 00:00:00,10.56,OK,-1.69,OR,null,OS,null,OS,1.68,OK,25.1,OK,8.8,OK
2017-12-20 01:00:00,14.17,OK,-1.78,OR,null,OS,null,OS,1.6,OK,19.03,OK,7.82,OK
2017-12-20 02:00:00,15.18,OK,-1.71,OR,null,OS,null,OS,1.6,OK,-5.72,OR,-2.65,BDL
2017-12-20 03:00:00,15.68,OK,-1.79,OR,null,OS,null,OS,1.58,OK,18.18,OK,10.29,OK
2017-12-20 04:00:00,14.57,OK,-1.76,OR,null,OS,null,OS,1.62,OK,13.37,OK,9.61,OK
2017-12-20 05:00:00,11.63,OK,-1.76,OR,null,OS,null,OS,1.65,OK,20.11,OK,5.74,OK
2017-12-20 06:00:00,9.82,OK,-1.74,OR,null,OS,null,OS,1.76,OK,31.38,OK,8.35,OK
2017-12-20 07:00:00,7.98,OK,-1.56,OR,null,OS,null,OS,2.04,OK,22.52,OK,6.05,OK
2017-12-20 08:00:00,16.56,OK,-1.61,OR,null,OS,null,OS,1.91,OK,43.14,OK,9.21,OK
2017-12-20 09:00:00,26.27,OK,-1.66,OR,null,OS,null,OS,1.71,OK,31.08,OK,2.46,BDL
2017-12-20 10:00:00,33.32,OK,-1.62,OR,null,OS,null,OS,1.69,OK,18.64,OK,2.45,BDL
2017-12-20 11:00:00,39.93,OK,-1.72,OR,null,OS,null,OS,1.65,OK,14.72,OK,4.44,OK
2017-12-20 12:00:00,42.95,OK,-1.68,OR,null,OS,null,OS,1.69,OK,15.66,OK,3.46,BDL
2017-12-20 13:00:00,40.7,OK,-1.69,OR,null,OS,null,OS,1.81,OK,25.89,OK,5.26,OK
2017-12-20 14:00:00,42.23,OK,-1.68,OR,null,OS,null,OS,1.85,OK,32.99,OK,7.44,OK
2017-12-20 15:00:00,39.08,OK,-1.64,OR,null,OS,null,OS,1.95,OK,34.83,OK,9.74,OK
2017-12-20 16:00:00,14.0,OK,-1.35,OR,null,OS,null,OS,2.64,OK,51.18,OK,9.45,OK
2017-12-20 17:00:00,1.99,OK,-0.85,BDL,null,OS,null,OS,3.57,OK,105.46,OK,15.52,OK
2017-12-20 18:00:00,1.96,OK,-0.89,BDL,null,OS,null,OS,3.48,OK,144.88,OK,22.03,OK
2017-12-20 19:00:00,2.85,OK,-1.27,OR,null,OS,null,OS,2.72,OK,118.02,OK,32.84,OK
2017-12-20 20:00:00,1.68,OK,-1.13,OR,null,OS,null,OS,3.17,OK,109.01,OK,25.24,OK
2017-12-20 21:00:00,2.22,OK,-0.92,BDL,null,OS,null,OS,3.66,OK,113.96,OK,28.91,OK
2017-12-20 22:00:00,2.01,OK,-0.56,BDL,null,OS,null,OS,2.82,OK,135.1,OK,34.61,OK
2017-12-20 23:00:00,3.24,OK,-1.56,OR,null,OS,null,OS,2.08,OK,60.51,OK,18.38,OK
2017-12-21 00:00:00,5.62,OK,-1.71,OR,null,OS,null,OS,1.91,OK,52.3,OK,16.57,OK
2017-12-21 01:00:00,4.65,OK,-1.71,OR,null,OS,null,OS,1.79,OK,25.01,OK,11.34,OK
2017-12-21 02:00:00,4.38,OK,-1.7,OR,null,OS,null,OS,1.69,OK,34.94,OK,15.21,OK
2017-12-21 03:00:00,8.68,OK,-1.72,OR,null,OS,null,OS,1.65,OK,25.0,OK,10.41,OK
2017-12-21 04:00:00,12.08,OK,-1.77,OR,null,OS,null,OS,1.61,OK,17.23,OK,8.22,OK
2017-12-21 05:00:00,9.05,OK,-1.72,OR,null,OS,null,OS,1.64,OK,17.74,OK,9.39,OK
2017-12-21 06:00:00,4.95,OK,-1.67,OR,null,OS,null,OS,1.76,OK,22.77,OK,7.99,OK
2017-12-21 07:00:00,4.85,OK,-1.58,OR,null,OS,null,OS,1.98,OK,43.07,OK,7.5,OK
2017-12-21 08:00:00,8.18,OK,-1.59,OR,null,OS,null,OS,1.99,OK,18.86,OK,0.74,BDL
2017-12-21 09:00:00,14.65,OK,-1.58,OR,null,OS,null,OS,1.98,OK,23.41,OK,5.76,OK
2017-12-21 10:00:00,33.79,OK,-1.54,OR,null,OS,null,OS,1.95,OK,45.43,OK,9.87,OK
2017-12-21 11:00:00,38.06,OK,-1.46,OR,null,OS,null,OS,1.8,OK,51.27,OK,9.16,OK
2017-12-21 12:00:00,39.65,OK,-1.62,OR,null,OS,null,OS,1.84,OK,22.26,OK,2.44,BDL
2017-12-21 13:00:00,39.26,OK,-1.68,OR,null,OS,null,OS,1.81,OK,9.5,OK,-1.83,BDL
2017-12-21 14:00:00,37.29,OK,-1.75,OR,null,OS,null,OS,1.84,OK,32.18,OK,7.74,OK
2017-12-21 15:00:00,32.69,OK,-1.72,OR,null,OS,null,OS,1.86,OK,30.88,OK,9.37,OK
2017-12-21 16:00:00,31.11,OK,-1.63,OR,null,OS,null,OS,1.82,OK,34.81,OK,8.13,OK
2017-12-21 17:00:00,27.88,OK,-1.47,OR,null,OS,null,OS,1.81,OK,66.82,OK,4.41,OK
2017-12-21 18:00:00,24.81,OK,-1.64,OR,null,OS,null,OS,1.81,OK,61.33,OK,10.13,OK
2017-12-21 19:00:00,23.93,OK,-1.63,OR,null,OS,null,OS,1.77,OK,57.32,OK,4.97,OK
2017-12-21 20:00:00,21.68,OK,-1.56,OR,null,OS,null,OS,1.8,OK,53.93,OK,7.28,OK
2017-12-21 21:00:00,19.56,OK,-1.47,OR,null,OS,null,OS,1.79,OK,61.34,OK,12.22,OK
2017-12-21 22:00:00,31.62,OK,-1.71,OR,null,OS,null,OS,1.6,OK,72.76,OK,9.67,OK
2017-12-21 23:00:00,29.36,OK,-1.73,OR,null,OS,null,OS,1.61,OK,45.35,OK,9.1,OK
2017-12-22 00:00:00,19.82,OK,-1.65,OR,null,OS,null,OS,1.71,OK,41.03,OK,6.43,OK
2017-12-22 01:00:00,8.73,OK,-1.59,OR,null,OS,null,OS,1.88,OK,59.38,OK,16.68,OK
2017-12-22 02:00:00,15.62,OK,-1.66,OR,null,OS,null,OS,1.69,OK,59.34,OK,15.14,OK
2017-12-22 03:00:00,14.0,OK,-1.7,OR,null,OS,null,OS,1.65,OK,81.03,OK,4.5,OK
2017-12-22 04:00:00,19.24,OK,-1.73,OR,null,OS,null,OS,1.62,OK,74.23,OK,3.66,BDL
2017-12-22 05:00:00,7.58,OK,-1.74,OR,null,OS,null,OS,1.71,OK,67.9,OK,1.61,BDL
2017-12-22 06:00:00,5.68,OK,-1.62,OR,null,OS,null,OS,1.88,OK,59.06,OK,2.99,BDL
2017-12-22 07:00:00,8.21,OK,-1.43,OR,null,OS,null,OS,2.03,OK,55.59,OK,-0.35,BDL
2017-12-22 08:00:00,14.62,OK,-1.43,OR,null,OS,null,OS,1.97,OK,95.22,OK,22.83,OK
2017-12-22 09:00:00,19.79,OK,-1.47,OR,null,OS,null,OS,2.01,OK,105.94,OK,21.2,OK
2017-12-22 10:00:00,23.11,OK,-1.42,OR,null,OS,null,OS,2.12,OK,95.13,OK,18.8,OK
2017-12-22 11:00:00,28.96,OK,-0.44,BDL,null,OS,null,OS,1.85,OK,85.89,OK,14.44,OK
2017-12-22 12:00:00,33.01,OK,-1.36,OR,null,OS,null,OS,1.87,OK,57.98,OK,6.16,OK
2017-12-22 13:00:00,36.9,OK,-1.51,OR,null,OS,null,OS,1.79,OK,37.28,OK,5.41,OK
2017-12-22 14:00:00,37.4,OK,-1.52,OR,null,OS,null,OS,1.78,OK,28.99,OK,8.5,OK
2017-12-22 15:00:00,28.81,OK,-1.55,OR,null,OS,null,OS,1.84,OK,42.59,OK,15.16,OK
2017-12-22 16:00:00,12.14,OK,-1.35,OR,null,OS,null,OS,2.23,OK,53.52,OK,10.41,OK
2017-12-22 17:00:00,3.47,OK,-0.61,BDL,null,OS,null,OS,3.09,OK,72.48,OK,13.94,OK
2017-12-22 18:00:00,2.64,OK,-0.44,BDL,null,OS,null,OS,3.22,OK,123.27,OK,31.5,OK
2017-12-22 19:00:00,3.41,OK,-0.9,BDL,null,OS,null,OS,2.53,OK,86.64,OK,24.62,OK
2017-12-22 20:00:00,3.12,OK,-0.09,BDL,null,OS,null,OS,2.99,OK,108.87,OK,26.44,OK
2017-12-22 21:00:00,3.14,OK,-0.15,BDL,null,OS,null,OS,3.73,OK,165.38,OK,50.24,OK
2017-12-22 22:00:00,5.37,OK,-1.17,OR,null,OS,null,OS,2.18,OK,121.12,OK,39.98,OK
2017-12-22 23:00:00,13.84,OK,-1.51,OR,null,OS,null,OS,1.72,OK,35.05,OK,6.01,OK
2017-12-23 00:00:00,8.27,OK,-1.49,OR,null,OS,null,OS,1.82,OK,23.13,OK,3.17,BDL
2017-12-23 01:00:00,5.75,OK,-1.46,OR,null,OS,null,OS,1.97,OK,41.99,OK,8.8,OK
2017-12-23 02:00:00,20.84,OK,-1.56,OR,null,OS,null,OS,1.62,OK,19.07,OK,0.07,BDL
2017-12-23 03:00:00,22.06,OK,-1.61,OR,null,OS,null,OS,1.6,OK,8.04,OK,1.97,BDL
2017-12-23 04:00:00,27.06,OK,-1.56,OR,null,OS,null,OS,1.6,OK,12.68,OK,1.15,BDL
2017-12-23 05:00:00,13.12,OK,-1.6,OR,null,OS,null,OS,1.71,OK,14.58,OK,4.85,OK
2017-12-23 06:00:00,5.49,OK,-1.51,OR,null,OS,null,OS,1.91,OK,27.29,OK,2.44,BDL
2017-12-23 07:00:00,10.53,OK,-1.47,OR,null,OS,null,OS,1.87,OK,23.2,OK,1.91,BDL
2017-12-23 08:00:00,14.27,OK,-1.37,OR,null,OS,null,OS,1.98,OK,49.52,OK,16.83,OK
2017-12-23 09:00:00,18.82,OK,-1.4,OR,null,OS,null,OS,2.02,OK,45.27,OK,8.31,OK
2017-12-23 10:00:00,25.42,OK,-1.39,OR,null,OS,null,OS,2.1,OK,48.25,OK,13.34,OK
2017-12-23 11:00:00,33.03,OK,-1.39,OR,null,OS,null,OS,2.14,OK,57.83,OK,13.13,OK
2017-12-23 12:00:00,38.16,OK,-1.34,OR,null,OS,null,OS,1.98,OK,61.99,OK,12.81,OK
2017-12-23 13:00:00,39.41,OK,-0.24,BDL,null,OS,null,OS,1.9,OK,55.89,OK,6.95,OK
2017-12-23 14:00:00,38.91,OK,-1.18,OR,null,OS,null,OS,1.85,OK,31.15,OK,12.27,OK
2017-12-23 15:00:00,32.94,OK,-1.5,OR,null,OS,null,OS,1.89,OK,20.39,OK,18.48,OK
2017-12-23 16:00:00,11.59,OK,-1.26,OR,null,OS,null,OS,2.38,OK,30.82,OK,1.69,BDL
2017-12-23 17:00:00,2.82,OK,-0.76,BDL,null,OS,null,OS,3.05,OK,74.45,OK,14.14,OK
2017-12-23 18:00:00,4.04,OK,-0.86,BDL,null,OS,null,OS,2.7,OK,105.01,OK,33.08,OK
2017-12-23 19:00:00,3.65,OK,-0.64,BDL,null,OS,null,OS,2.43,OK,104.11,OK,34.78,OK
2017-12-23 20:00:00,3.63,OK,-1.23,OR,null,OS,null,OS,2.39,OK,85.78,OK,21.56,OK
2017-12-23 21:00:00,2.44,OK,-1.22,OR,null,OS,null,OS,2.52,OK,81.63,OK,18.93,OK
2017-12-23 22:00:00,2.17,OK,-0.99,BDL,null,OS,null,OS,2.85,OK,97.28,OK,30.04,OK
2017-12-23 23:00:00,5.69,OK,-1.37,OR,null,OS,null,OS,1.96,OK,69.6,OK,16.95,OK
2017-12-24 00:00:00,3.05,OK,-1.39,OR,null,OS,null,OS,1.98,OK,60.49,OK,23.45,OK
2017-12-24 01:00:00,1.8,OK,-1.42,OR,null,OS,null,OS,1.95,OK,58.85,OK,19.13,OK
2017-12-24 02:00:00,1.69,OK,-1.45,OR,null,OS,null,OS,1.98,OK,64.1,OK,19.38,OK
2017-12-24 03:00:00,7.7,OK,-1.58,OR,null,OS,null,OS,1.68,OK,35.69,OK,13.26,OK
2017-12-24 04:00:00,8.69,OK,-1.63,OR,null,OS,null,OS,1.65,OK,9.15,OK,-5.31,OR
2017-12-24 05:00:00,9.68,OK,-1.65,OR,null,OS,null,OS,1.67,OK,11.07,OK,4.02,OK
2017-12-24 06:00:00,10.77,OK,-1.61,OR,null,OS,null,OS,1.7,OK,9.24,OK,-3.48,BDL
2017-12-24 07:00:00,14.73,OK,-1.54,OR,null,OS,null,OS,1.74,OK,6.11,OK,2.74,BDL
2017-12-24 08:00:00,15.25,OK,-1.41,OR,null,OS,null,OS,1.9,OK,29.58,OK,11.03,OK
2017-12-24 09:00:00,24.16,OK,-1.36,OR,null,OS,null,OS,2.04,OK,49.39,OK,13.95,OK
2017-12-24 10:00:00,37.87,OK,-1.24,OR,null,OS,null,OS,2.17,OK,60.89,OK,19.81,OK
2017-12-24 11:00:00,40.12,OK,-1.39,OR,null,OS,null,OS,1.85,OK,48.79,OK,14.97,OK
2017-12-24 12:00:00,40.53,OK,-1.49,OR,null,OS,null,OS,1.78,OK,29.7,OK,6.46,OK
2017-12-24 13:00:00,43.35,OK,-1.48,OR,null,OS,null,OS,1.77,OK,22.79,OK,-0.45,BDL
2017-12-24 14:00:00,38.81,OK,-1.54,OR,null,OS,null,OS,1.82,OK,18.03,OK,6.42,OK
2017-12-24 15:00:00,36.38,OK,-1.54,OR,null,OS,null,OS,1.83,OK,26.86,OK,14.95,OK
2017-12-24 16:00:00,14.21,OK,-1.09,OR,null,OS,null,OS,2.43,OK,26.91,OK,4.88,OK
2017-12-24 17:00:00,3.15,OK,-0.37,BDL,null,OS,null,OS,3.27,OK,85.92,OK,28.02,OK
2017-12-24 18:00:00,7.24,OK,1.54,OK,null,OS,null,OS,5.06,OK,124.23,OK,48.08,OK
2017-12-24 19:00:00,12.65,OK,3.09,OK,null,OS,null,OS,7.23,OK,305.98,OK,190.77,OK
2017-12-24 20:00:00,4.62,OK,1.13,OK,null,OS,null,OS,4.65,OK,287.49,OK,166.36,OK
2017-12-24 21:00:00,3.52,OK,0.54,BDL,null,OS,null,OS,3.63,OK,159.03,OK,86.57,OK
2017-12-24 22:00:00,5.57,OK,0.9,BDL,null,OS,null,OS,3.98,OK,182.38,OK,100.92,OK
2017-12-24 23:00:00,2.75,OK,-0.32,BDL,null,OS,null,OS,2.68,OK,146.08,OK,92.18,OK
2017-12-25 00:00:00,3.07,OK,-0.9,BDL,null,OS,null,OS,2.28,OK,75.42,OK,50.28,OK
2017-12-25 01:00:00,6.63,OK,-1.26,OR,null,OS,null,OS,1.95,OK,42.64,OK,26.32,OK
2017-12-25 02:00:00,8.7,OK,-1.38,OR,null,OS,null,OS,1.83,OK,46.43,OK,15.72,OK
2017-12-25 03:00:00,11.89,OK,-1.45,OR,null,OS,null,OS,1.77,OK,29.52,OK,9.03,OK
2017-12-25 04:00:00,19.05,OK,-1.48,OR,null,OS,null,OS,1.71,OK,24.67,OK,6.32,OK
2017-12-25 05:00:00,22.51,OK,-1.46,OR,null,OS,null,OS,1.68,OK,21.56,OK,11.51,OK
2017-12-25 06:00:00,17.05,OK,-1.29,OR,null,OS,null,OS,1.69,OK,33.97,OK,10.38,OK
2017-12-25 07:00:00,18.51,OK,-1.45,OR,null,OS,null,OS,1.71,OK,25.73,OK,13.1,OK
2017-12-25 08:00:00,23.96,OK,-1.52,OR,null,OS,null,OS,1.72,OK,31.82,OK,8.97,OK
2017-12-25 09:00:00,28.88,OK,-1.52,OR,null,OS,null,OS,1.74,OK,22.22,OK,2.25,BDL
2017-12-25 10:00:00,36.08,OK,-1.42,OR,null,OS,null,OS,1.86,OK,30.35,OK,3.99,BDL
2017-12-25 11:00:00,50.74,OK,-1.46,OR,null,OS,null,OS,1.94,OK,40.75,OK,15.96,OK
2017-12-25 12:00:00,52.87,OK,-1.54,OR,null,OS,null,OS,1.83,OK,49.42,OK,11.78,OK
2017-12-25 13:00:00,49.43,OK,-1.56,OR,null,OS,null,OS,1.76,OK,31.52,OK,6.09,OK
2017-12-25 14:00:00,51.17,OK,-1.49,OR,null,OS,null,OS,1.78,OK,24.89,OK,4.46,OK
2017-12-25 15:00:00,43.26,OK,-1.52,OR,null,OS,null,OS,1.8,OK,21.1,OK,-2.83,BDL
2017-12-25 16:00:00,24.37,OK,-1.38,OR,null,OS,null,OS,2.13,OK,25.01,OK,10.23,OK
2017-12-25 17:00:00,3.59,OK,-0.71,BDL,null,OS,null,OS,2.73,OK,61.94,OK,20.4,OK
2017-12-25 18:00:00,2.94,OK,-0.69,BDL,null,OS,null,OS,2.9,OK,96.97,OK,39.55,OK
2017-12-25 19:00:00,1.63,OK,-0.92,BDL,null,OS,null,OS,2.63,OK,88.14,OK,30.73,OK
2017-12-25 20:00:00,2.69,OK,-0.42,BDL,null,OS,null,OS,3.29,OK,89.08,OK,29.18,OK
2017-12-25 21:00:00,2.54,OK,-0.34,BDL,null,OS,null,OS,3.45,OK,165.89,OK,72.56,OK
2017-12-25 22:00:00,3.75,OK,-1.24,OR,null,OS,null,OS,2.2,OK,83.82,OK,32.79,OK
2017-12-25 23:00:00,13.93,OK,-1.46,OR,null,OS,null,OS,1.89,OK,60.12,OK,23.18,OK
2017-12-26 00:00:00,13.88,OK,-1.5,OR,null,OS,null,OS,1.79,OK,36.7,OK,17.95,OK
2017-12-26 01:00:00,10.51,OK,-1.55,OR,null,OS,null,OS,1.77,OK,38.97,OK,16.25,OK
2017-12-26 02:00:00,12.26,OK,-1.61,OR,null,OS,null,OS,1.67,OK,25.56,OK,11.71,OK
2017-12-26 03:00:00,14.11,OK,-1.66,OR,null,OS,null,OS,1.64,OK,9.53,OK,5.71,OK
2017-12-26 04:00:00,16.7,OK,-1.6,OR,null,OS,null,OS,1.63,OK,5.42,OK,2.77,BDL
2017-12-26 05:00:00,16.45,OK,-1.66,OR,null,OS,null,OS,1.64,OK,25.67,OK,6.44,OK
2017-12-26 06:00:00,10.17,OK,-1.55,OR,null,OS,null,OS,1.73,OK,12.98,OK,8.22,OK
2017-12-26 07:00:00,13.25,OK,-1.61,OR,null,OS,null,OS,1.81,OK,22.6,OK,1.89,BDL
2017-12-26 08:00:00,17.15,OK,-1.48,OR,null,OS,null,OS,1.93,OK,29.11,OK,5.75,OK
2017-12-26 09:00:00,24.56,OK,-1.56,OR,null,OS,null,OS,1.86,OK,58.45,OK,6.89,OK
2017-12-26 10:00:00,27.75,OK,-1.5,OR,null,OS,null,OS,1.91,OK,48.73,OK,1.94,BDL
2017-12-26 11:00:00,35.59,OK,-1.53,OR,null,OS,null,OS,1.89,OK,49.32,OK,10.14,OK
2017-12-26 12:00:00,41.25,OK,-1.57,OR,null,OS,null,OS,1.87,OK,38.18,OK,13.24,OK
2017-12-26 13:00:00,43.49,OK,-1.5,OR,null,OS,null,OS,1.82,OK,42.61,OK,4.16,OK
2017-12-26 14:00:00,39.07,OK,-1.42,OR,null,OS,null,OS,1.82,OK,43.02,OK,4.95,OK
2017-12-26 15:00:00,31.73,OK,-1.41,OR,null,OS,null,OS,1.89,OK,22.96,OK,6.78,OK
2017-12-26 16:00:00,7.51,OK,-0.68,BDL,null,OS,null,OS,2.86,OK,41.11,OK,7.23,OK
2017-12-26 17:00:00,2.1,OK,-0.58,BDL,null,OS,null,OS,3.14,OK,82.02,OK,8.92,OK
2017-12-26 18:00:00,2.47,OK,0.11,BDL,null,OS,null,OS,3.7,OK,120.23,OK,27.62,OK
2017-12-26 19:00:00,2.64,OK,-0.5,BDL,null,OS,null,OS,3.07,OK,145.39,OK,36.91,OK
2017-12-26 20:00:00,1.95,OK,-1.13,OR,null,OS,null,OS,2.6,OK,107.79,OK,25.53,OK
2017-12-26 21:00:00,1.59,OK,-0.87,BDL,null,OS,null,OS,2.97,OK,107.34,OK,26.32,OK
2017-12-26 22:00:00,1.63,OK,-0.8,BDL,null,OS,null,OS,2.81,OK,97.03,OK,25.86,OK
2017-12-26 23:00:00,1.47,OK,-1.12,OR,null,OS,null,OS,2.4,OK,104.85,OK,31.26,OK
2017-12-27 00:00:00,6.07,OK,-1.53,OR,null,OS,null,OS,1.82,OK,69.57,OK,19.06,OK
2017-12-27 01:00:00,9.69,OK,-1.6,OR,null,OS,null,OS,1.72,OK,24.21,OK,6.96,OK
2017-12-27 02:00:00,9.27,OK,-1.62,OR,null,OS,null,OS,1.7,OK,22.8,OK,3.13,BDL
2017-12-27 03:00:00,9.99,OK,-1.61,OR,null,OS,null,OS,1.67,OK,17.35,OK,7.48,OK
2017-12-27 04:00:00,14.63,OK,-1.67,OR,null,OS,null,OS,1.67,OK,17.65,OK,3.21,BDL
2017-12-27 05:00:00,6.93,OK,-1.65,OR,null,OS,null,OS,1.71,OK,17.92,OK,5.61,OK
2017-12-27 06:00:00,2.99,OK,-1.5,OR,null,OS,null,OS,1.88,OK,31.2,OK,4.88,OK
2017-12-27 07:00:00,8.19,OK,-1.47,OR,null,OS,null,OS,1.94,OK,31.43,OK,3.16,BDL
2017-12-27 08:00:00,7.26,OK,-1.16,OR,null,OS,null,OS,2.44,OK,56.5,OK,14.8,OK
2017-12-27 09:00:00,15.05,OK,-1.16,OR,null,OS,null,OS,2.6,OK,108.07,OK,17.66,OK
2017-12-27 10:00:00,23.84,OK,-1.29,OR,null,OS,null,OS,2.17,OK,100.69,OK,24.5,OK
2017-12-27 11:00:00,29.45,OK,-1.28,OR,null,OS,null,OS,2.11,OK,80.53,OK,14.61,OK
2017-12-27 12:00:00,30.48,OK,-0.1,BDL,null,OS,null,OS,1.93,OK,94.68,OK,22.66,OK
2017-12-27 13:00:00,33.72,OK,-1.19,OR,null,OS,null,OS,1.92,OK,42.68,OK,7.03,OK
2017-12-27 14:00:00,34.01,OK,-1.1,OR,null,OS,null,OS,1.89,OK,42.13,OK,0.33,BDL
2017-12-27 15:00:00,18.27,OK,-1.22,OR,null,OS,null,OS,2.18,OK,35.81,OK,2.35,BDL
2017-12-27 16:00:00,4.25,OK,-1.07,OR,null,OS,null,OS,2.6,OK,47.46,OK,8.55,OK
2017-12-27 17:00:00,2.78,OK,-1.02,OR,null,OS,null,OS,2.61,OK,124.96,OK,20.99,OK
2017-12-27 18:00:00,2.33,OK,-1.12,OR,null,OS,null,OS,2.45,OK,99.34,OK,21.22,OK
2017-12-27 19:00:00,1.67,OK,-1.04,OR,null,OS,null,OS,2.84,OK,82.27,OK,18.09,OK
2017-12-27 20:00:00,1.83,OK,-0.77,BDL,null,OS,null,OS,3.09,OK,101.72,OK,22.44,OK
2017-12-27 21:00:00,2.34,OK,-0.32,BDL,null,OS,null,OS,3.74,OK,145.24,OK,35.21,OK
2017-12-27 22:00:00,1.84,OK,-0.53,BDL,null,OS,null,OS,3.45,OK,150.33,OK,38.05,OK
2017-12-27 23:00:00,9.5,OK,-1.15,OR,null,OS,null,OS,2.4,OK,119.23,OK,29.26,OK
2017-12-28 00:00:00,9.1,OK,-1.48,OR,null,OS,null,OS,2.06,OK,41.65,OK,9.21,OK
2017-12-28 01:00:00,2.76,OK,-1.49,OR,null,OS,null,OS,2.09,OK,41.65,OK,11.83,OK
2017-12-28 02:00:00,2.19,OK,-1.55,OR,null,OS,null,OS,1.97,OK,55.88,OK,11.95,OK
2017-12-28 03:00:00,7.38,OK,-1.64,OR,null,OS,null,OS,1.78,OK,43.38,OK,15.66,OK
2017-12-28 04:00:00,8.84,OK,-1.64,OR,null,OS,null,OS,1.74,OK,26.45,OK,9.99,OK
2017-12-28 05:00:00,7.46,OK,-1.61,OR,null,OS,null,OS,1.79,OK,19.31,OK,2.11,BDL
2017-12-28 06:00:00,3.31,OK,-1.54,OR,null,OS,null,OS,1.92,OK,27.22,OK,7.44,OK
2017-12-28 07:00:00,3.09,OK,-0.63,BDL,null,OS,null,OS,3.27,OK,77.42,OK,16.78,OK
2017-12-28 08:00:00,9.34,OK,-0.79,BDL,null,OS,null,OS,2.98,OK,182.03,OK,46.7,OK
2017-12-28 09:00:00,21.05,OK,-1.09,OR,null,OS,null,OS,2.51,OK,133.04,OK,36.4,OK
2017-12-28 10:00:00,30.77,OK,-1.21,OR,null,OS,null,OS,2.15,OK,91.39,OK,22.27,OK
2017-12-28 11:00:00,35.36,OK,-0.67,BDL,null,OS,null,OS,2.03,OK,82.77,OK,13.56,OK
2017-12-28 12:00:00,36.38,OK,-0.58,BDL,null,OS,null,OS,1.96,OK,59.95,OK,7.55,OK
2017-12-28 13:00:00,40.69,OK,-1.02,OR,null,OS,null,OS,1.9,OK,37.15,OK,6.35,OK
2017-12-28 14:00:00,35.96,OK,-1.38,OR,null,OS,null,OS,1.97,OK,29.99,OK,7.7,OK
2017-12-28 15:00:00,34.5,OK,-1.5,OR,null,OS,null,OS,1.89,OK,28.1,OK,-1.04,BDL
2017-12-28 16:00:00,14.51,OK,-1.41,OR,null,OS,null,OS,2.14,OK,45.66,OK,6.58,OK
2017-12-28 17:00:00,2.19,OK,-1.14,OR,null,OS,null,OS,2.6,OK,77.02,OK,12.76,OK
2017-12-28 18:00:00,4.83,OK,-1.21,OR,null,OS,null,OS,2.37,OK,94.38,OK,15.79,OK
2017-12-28 19:00:00,2.43,OK,-1.29,OR,null,OS,null,OS,2.46,OK,82.21,OK,17.69,OK
2017-12-28 20:00:00,2.28,OK,-1.22,OR,null,OS,null,OS,2.56,OK,87.85,OK,17.49,OK
2017-12-28 21:00:00,1.58,OK,-1.1,OR,null,OS,null,OS,2.73,OK,93.18,OK,24.54,OK
2017-12-28 22:00:00,3.01,OK,-1.37,OR,null,OS,null,OS,2.22,OK,81.93,OK,21.84,OK
2017-12-28 23:00:00,13.29,OK,-1.54,OR,null,OS,null,OS,1.85,OK,59.81,OK,12.83,OK
2017-12-29 00:00:00,8.99,OK,-1.61,OR,null,OS,null,OS,1.87,OK,34.86,OK,6.91,OK
2017-12-29 01:00:00,3.26,OK,-1.59,OR,null,OS,null,OS,1.94,OK,42.8,OK,13.58,OK
2017-12-29 02:00:00,2.61,OK,-1.59,OR,null,OS,null,OS,1.95,OK,55.15,OK,10.78,OK
2017-12-29 03:00:00,6.29,OK,-1.61,OR,null,OS,null,OS,1.84,OK,35.56,OK,13.88,OK
2017-12-29 04:00:00,9.49,OK,-1.57,OR,null,OS,null,OS,1.77,OK,35.19,OK,16.0,OK
2017-12-29 05:00:00,6.04,OK,-1.57,OR,null,OS,null,OS,1.8,OK,27.21,OK,3.56,BDL
2017-12-29 06:00:00,2.6,OK,-1.46,OR,null,OS,null,OS,1.93,OK,35.57,OK,17.08,OK
2017-12-29 07:00:00,7.76,OK,-1.39,OR,null,OS,null,OS,2.01,OK,31.91,OK,6.27,OK
2017-12-29 08:00:00,11.97,OK,-1.37,OR,null,OS,null,OS,2.13,OK,61.44,OK,13.37,OK
2017-12-29 09:00:00,19.93,OK,-1.47,OR,null,OS,null,OS,1.95,OK,79.67,OK,17.49,OK
2017-12-29 10:00:00,29.85,OK,-1.59,OR,null,OS,null,OS,1.81,OK,41.03,OK,12.47,OK
2017-12-29 11:00:00,33.18,OK,-1.58,OR,null,OS,null,OS,1.86,OK,40.52,OK,6.7,OK
2017-12-29 12:00:00,35.03,OK,-1.52,OR,null,OS,null,OS,1.91,OK,46.88,OK,10.74,OK
2017-12-29 13:00:00,39.87,OK,-1.45,OR,null,OS,null,OS,1.95,OK,44.29,OK,9.91,OK
2017-12-29 14:00:00,39.59,OK,-1.42,OR,null,OS,null,OS,1.95,OK,63.38,OK,12.87,OK
2017-12-29 15:00:00,38.41,OK,-1.28,OR,null,OS,null,OS,1.97,OK,47.47,OK,6.72,OK
2017-12-29 16:00:00,20.97,OK,-1.34,OR,null,OS,null,OS,2.28,OK,52.48,OK,10.59,OK
2017-12-29 17:00:00,6.46,OK,-1.17,OR,null,OS,null,OS,2.5,OK,90.49,OK,9.76,OK
2017-12-29 18:00:00,14.62,OK,-1.36,OR,null,OS,null,OS,2.2,OK,105.2,OK,19.45,OK
2017-12-29 19:00:00,4.6,OK,-1.36,OR,null,OS,null,OS,2.48,OK,69.97,OK,13.42,OK
2017-12-29 20:00:00,1.39,OK,-1.2,OR,null,OS,null,OS,2.69,OK,84.81,OK,17.95,OK
2017-12-29 21:00:00,1.32,OK,-0.98,BDL,null,OS,null,OS,2.99,OK,126.68,OK,26.16,OK
2017-12-29 22:00:00,2.36,OK,-1.22,OR,null,OS,null,OS,2.3,OK,84.17,OK,24.27,OK
2017-12-29 23:00:00,9.82,OK,-1.46,OR,null,OS,null,OS,1.98,OK,56.5,OK,8.58,OK
2017-12-30 00:00:00,10.89,OK,-1.52,OR,null,OS,null,OS,1.89,OK,43.39,OK,12.78,OK
2017-12-30 01:00:00,11.29,OK,-1.52,OR,null,OS,null,OS,1.86,OK,39.9,OK,9.55,OK
2017-12-30 02:00:00,10.1,OK,-1.62,OR,null,OS,null,OS,1.79,OK,28.98,OK,9.1,OK
2017-12-30 03:00:00,12.0,OK,-1.65,OR,null,OS,null,OS,1.75,OK,25.83,OK,8.94,OK
2017-12-30 04:00:00,14.28,OK,-1.62,OR,null,OS,null,OS,1.76,OK,14.47,OK,5.94,OK
2017-12-30 05:00:00,7.37,OK,-1.61,OR,null,OS,null,OS,1.76,OK,39.0,OK,12.24,OK
2017-12-30 06:00:00,6.98,OK,-1.65,OR,null,OS,null,OS,1.85,OK,24.89,OK,3.87,BDL
2017-12-30 07:00:00,8.44,OK,-1.53,OR,null,OS,null,OS,2.03,OK,28.65,OK,5.85,OK
2017-12-30 08:00:00,15.93,OK,-1.53,OR,null,OS,null,OS,1.97,OK,48.0,OK,7.41,OK
2017-12-30 09:00:00,23.32,OK,-1.55,OR,null,OS,null,OS,1.93,OK,58.86,OK,9.83,OK
2017-12-30 10:00:00,29.16,OK,-1.54,OR,null,OS,null,OS,1.94,OK,56.29,OK,10.99,OK
2017-12-30 11:00:00,36.34,OK,-1.52,OR,null,OS,null,OS,2.01,OK,48.47,OK,11.41,OK
2017-12-30 12:00:00,42.44,OK,-1.51,OR,null,OS,null,OS,2.01,OK,55.73,OK,10.52,OK
2017-12-30 13:00:00,48.61,OK,-1.53,OR,null,OS,null,OS,1.96,OK,44.38,OK,10.66,OK
2017-12-30 14:00:00,46.58,OK,-1.59,OR,null,OS,null,OS,1.94,OK,53.14,OK,6.84,OK
2017-12-30 15:00:00,43.77,OK,-1.52,OR,null,OS,null,OS,1.91,OK,23.53,OK,10.77,OK
2017-12-30 16:00:00,27.6,OK,-1.43,OR,null,OS,null,OS,2.14,OK,36.8,OK,7.02,OK
2017-12-30 17:00:00,10.34,OK,-1.24,OR,null,OS,null,OS,2.4,OK,50.31,OK,10.82,OK
2017-12-30 18:00:00,12.72,OK,-1.38,OR,null,OS,null,OS,2.27,OK,67.26,OK,16.27,OK
2017-12-30 19:00:00,4.09,OK,-1.21,OR,null,OS,null,OS,2.56,OK,80.02,OK,15.34,OK
2017-12-30 20:00:00,2.29,OK,-1.29,OR,null,OS,null,OS,2.5,OK,70.3,OK,19.0,OK
2017-12-30 21:00:00,1.72,OK,-0.98,BDL,null,OS,null,OS,2.97,OK,95.09,OK,19.41,OK
2017-12-30 22:00:00,1.86,OK,-0.91,BDL,null,OS,null,OS,2.92,OK,99.31,OK,20.81,OK
2017-12-30 23:00:00,12.3,OK,-1.45,OR,null,OS,null,OS,1.99,OK,59.7,OK,16.34,OK
2017-12-31 00:00:00,2.88,OK,-1.41,OR,null,OS,null,OS,2.14,OK,45.19,OK,9.99,OK
2017-12-31 01:00:00,1.44,OK,-1.27,OR,null,OS,null,OS,2.42,OK,63.76,OK,16.09,OK
2017-12-31 02:00:00,6.69,OK,-1.33,OR,null,OS,null,OS,2.11,OK,66.08,OK,20.92,OK
2017-12-31 03:00:00,11.04,OK,-1.56,OR,null,OS,null,OS,1.86,OK,42.39,OK,16.79,OK
2017-12-31 04:00:00,17.92,OK,-1.57,OR,null,OS,null,OS,1.77,OK,22.58,OK,7.21,OK
2017-12-31 05:00:00,16.12,OK,-1.62,OR,null,OS,null,OS,1.82,OK,17.18,OK,5.4,OK
2017-12-31 06:00:00,12.97,OK,-1.66,OR,null,OS,null,OS,1.82,OK,32.6,OK,8.65,OK
2017-12-31 07:00:00,12.08,OK,-1.51,OR,null,OS,null,OS,1.91,OK,18.76,OK,0.1,BDL
2017-12-31 08:00:00,19.15,OK,-1.5,OR,null,OS,null,OS,1.97,OK,40.75,OK,14.37,OK
2017-12-31 09:00:00,29.07,OK,-1.43,OR,null,OS,null,OS,1.92,OK,53.84,OK,11.69,OK
2017-12-31 10:00:00,37.66,OK,-1.43,OR,null,OS,null,OS,1.9,OK,25.88,OK,6.15,OK
2017-12-31 11:00:00,45.73,OK,-1.42,OR,null,OS,null,OS,1.91,OK,33.27,OK,13.42,OK
2017-12-31 12:00:00,46.78,OK,-1.47,OR,null,OS,null,OS,1.85,OK,38.04,OK,6.3,OK
2017-12-31 13:00:00,42.9,OK,-1.55,OR,null,OS,null,OS,1.83,OK,22.27,OK,6.76,OK
2017-12-31 14:00:00,42.14,OK,-1.62,OR,null,OS,null,OS,1.84,OK,12.46,OK,1.88,BDL
2017-12-31 15:00:00,40.47,OK,-1.6,OR,null,OS,null,OS,1.84,OK,8.32,OK,6.53,OK
2017-12-31 16:00:00,24.96,OK,-1.44,OR,null,OS,null,OS,2.05,OK,23.25,OK,9.94,OK
2017-12-31 17:00:00,6.0,OK,-1.04,OR,null,OS,null,OS,2.73,OK,31.88,OK,4.17,OK
2017-12-31 18:00:00,2.08,OK,-0.65,BDL,null,OS,null,OS,3.28,OK,70.28,OK,20.26,OK
2017-12-31 19:00:00,4.33,OK,0.54,BDL,null,OS,null,OS,4.2,OK,118.12,OK,40.89,OK
2017-12-31 20:00:00,3.83,OK,1.06,OK,null,OS,null,OS,3.95,OK,132.98,OK,55.34,OK
2017-12-31 21:00:00,6.88,OK,2.2,OK,null,OS,null,OS,4.92,OK,224.88,OK,114.11,OK
2017-12-31 22:00:00,3.6,OK,1.18,OK,null,OS,null,OS,3.53,OK,163.2,OK,88.81,OK
2017-12-31 23:00:00,2.98,OK,0.75,BDL,null,OS,null,OS,2.89,OK,154.78,OK,84.04,OK
