Red Universitaria de Observatorios Atmosfericos (RUOA)
Atmospheric Observatory Hermosillo (erno), Sonora
Lat 29.0814 N, Lon 110.9706 W, Alt 154 masl
Time UTC-7h
Air Quality data
Flags: OK = Reliable data, BDL = Below Detection Limit, OR = Out of Range, OS = Out of Service 
 
Time,O3,O3_flag,SO2,SO2_flag,NO2,NO2_flag,NO,NO_flag,CO,CO_flag,PM10,PM10_flag,PM2.5,PM2.5_flag
yyyy-mm-dd HH:MM:SS,ppb,flag,ppb,flag,ppb,flag,ppb,flag,ppm,flag,ug/m^3,flag,ug/m^3,flag
2017-05-01 00:00:00,28.1,OK,1.47,OK,null,OS,null,OS,7.26,OK,25.87,OK,6.36,OK
2017-05-01 01:00:00,16.98,OK,1.46,OK,null,OS,null,OS,7.4,OK,17.56,OK,5.57,OK
2017-05-01 02:00:00,14.97,OK,1.58,OK,null,OS,null,OS,7.32,OK,40.93,OK,11.87,OK
2017-05-01 03:00:00,22.08,OK,1.53,OK,null,OS,null,OS,7.23,OK,40.36,OK,10.15,OK
2017-05-01 04:00:00,21.81,OK,1.83,OK,null,OS,null,OS,7.25,OK,35.01,OK,13.2,OK
2017-05-01 05:00:00,20.22,OK,2.06,OK,null,OS,null,OS,7.35,OK,38.41,OK,15.21,OK
2017-05-01 06:00:00,28.55,OK,2.24,OK,null,OS,null,OS,7.38,OK,42.95,OK,18.05,OK
2017-05-01 07:00:00,40.45,OK,1.81,OK,null,OS,null,OS,7.26,OK,208.69,OK,14.94,OK
2017-05-01 08:00:00,46.5,OK,1.65,OK,null,OS,null,OS,7.21,OK,135.18,OK,8.25,OK
2017-05-01 09:00:00,50.95,OK,1.56,OK,null,OS,null,OS,7.23,OK,61.42,OK,4.43,OK
2017-05-01 10:00:00,61.3,OK,1.55,OK,null,OS,null,OS,7.25,OK,30.32,OK,8.29,OK
2017-05-01 11:00:00,61.7,OK,1.65,OK,null,OS,null,OS,7.21,OK,32.44,OK,7.39,OK
2017-05-01 12:00:00,61.72,OK,1.55,OK,null,OS,null,OS,7.2,OK,19.19,OK,0.5,BDL
2017-05-01 13:00:00,63.25,OK,1.51,OK,null,OS,null,OS,7.2,OK,19.11,OK,5.76,OK
2017-05-01 14:00:00,61.94,OK,1.46,OK,null,OS,null,OS,7.21,OK,19.88,OK,3.04,BDL
2017-05-01 15:00:00,57.75,OK,1.42,OK,null,OS,null,OS,7.22,OK,26.32,OK,4.77,OK
2017-05-01 16:00:00,53.09,OK,1.49,OK,null,OS,null,OS,7.25,OK,27.69,OK,4.33,OK
2017-05-01 17:00:00,52.08,OK,1.68,OK,null,OS,null,OS,7.25,OK,37.16,OK,9.21,OK
2017-05-01 18:00:00,42.2,OK,1.61,OK,null,OS,null,OS,7.31,OK,36.68,OK,7.11,OK
2017-05-01 19:00:00,33.81,OK,1.54,OK,null,OS,null,OS,7.35,OK,46.06,OK,5.43,OK
2017-05-01 20:00:00,26.68,OK,1.66,OK,null,OS,null,OS,7.45,OK,52.03,OK,8.6,OK
2017-05-01 21:00:00,25.54,OK,1.57,OK,null,OS,null,OS,7.46,OK,63.65,OK,13.12,OK
2017-05-01 22:00:00,27.27,OK,1.51,OK,null,OS,null,OS,7.38,OK,38.39,OK,5.39,OK
2017-05-01 23:00:00,13.42,OK,1.57,OK,null,OS,null,OS,7.55,OK,37.98,OK,9.13,OK
2017-05-02 00:00:00,21.09,OK,1.63,OK,null,OS,null,OS,7.39,OK,44.05,OK,12.29,OK
2017-05-02 01:00:00,23.82,OK,1.71,OK,null,OS,null,OS,7.3,OK,48.89,OK,9.86,OK
2017-05-02 02:00:00,30.57,OK,1.8,OK,null,OS,null,OS,7.3,OK,37.38,OK,13.23,OK
2017-05-02 03:00:00,30.04,OK,1.98,OK,null,OS,null,OS,7.3,OK,27.43,OK,13.37,OK
2017-05-02 04:00:00,21.81,OK,2.16,OK,null,OS,null,OS,7.41,OK,38.76,OK,21.32,OK
2017-05-02 05:00:00,13.18,OK,2.52,OK,null,OS,null,OS,7.59,OK,39.36,OK,18.7,OK
2017-05-02 06:00:00,16.36,OK,2.72,OK,null,OS,null,OS,7.86,OK,57.21,OK,25.45,OK
2017-05-02 07:00:00,27.27,OK,2.21,OK,null,OS,null,OS,7.67,OK,76.47,OK,19.27,OK
2017-05-02 08:00:00,41.04,OK,1.81,OK,null,OS,null,OS,7.61,OK,62.16,OK,14.39,OK
2017-05-02 09:00:00,50.85,OK,1.68,OK,null,OS,null,OS,7.49,OK,47.49,OK,8.27,OK
2017-05-02 10:00:00,55.81,OK,1.74,OK,null,OS,null,OS,7.37,OK,52.83,OK,10.74,OK
2017-05-02 11:00:00,55.41,OK,1.6,OK,null,OS,null,OS,7.36,OK,35.29,OK,3.26,BDL
2017-05-02 12:00:00,53.95,OK,1.58,OK,null,OS,null,OS,7.38,OK,29.19,OK,2.55,BDL
2017-05-02 13:00:00,54.98,OK,1.5,OK,null,OS,null,OS,7.38,OK,27.01,OK,4.16,OK
2017-05-02 14:00:00,53.25,OK,1.61,OK,null,OS,null,OS,7.41,OK,35.07,OK,7.37,OK
2017-05-02 15:00:00,52.74,OK,1.59,OK,null,OS,null,OS,7.43,OK,36.04,OK,7.43,OK
2017-05-02 16:00:00,50.08,OK,1.52,OK,null,OS,null,OS,7.42,OK,37.51,OK,7.23,OK
2017-05-02 17:00:00,44.44,OK,1.55,OK,null,OS,null,OS,7.45,OK,33.82,OK,5.42,OK
2017-05-02 18:00:00,35.4,OK,1.64,OK,null,OS,null,OS,7.54,OK,40.93,OK,8.17,OK
2017-05-02 19:00:00,30.26,OK,1.71,OK,null,OS,null,OS,7.55,OK,50.43,OK,6.16,OK
2017-05-02 20:00:00,35.33,OK,1.56,OK,null,OS,null,OS,7.37,OK,52.52,OK,9.25,OK
2017-05-02 21:00:00,30.41,OK,1.7,OK,null,OS,null,OS,7.43,OK,38.15,OK,5.17,OK
2017-05-02 22:00:00,32.74,OK,1.53,OK,null,OS,null,OS,7.34,OK,75.2,OK,12.37,OK
2017-05-02 23:00:00,39.02,OK,1.49,OK,null,OS,null,OS,7.26,OK,37.59,OK,10.47,OK
2017-05-03 00:00:00,33.16,OK,1.55,OK,null,OS,null,OS,7.31,OK,36.88,OK,6.88,OK
2017-05-03 01:00:00,29.59,OK,1.49,OK,null,OS,null,OS,7.33,OK,26.95,OK,9.91,OK
2017-05-03 02:00:00,25.33,OK,1.54,OK,null,OS,null,OS,7.33,OK,44.9,OK,8.27,OK
2017-05-03 03:00:00,20.11,OK,1.96,OK,null,OS,null,OS,7.33,OK,44.9,OK,13.73,OK
2017-05-03 04:00:00,21.87,OK,2.9,OK,null,OS,null,OS,7.25,OK,48.19,OK,10.04,OK
2017-05-03 05:00:00,10.88,OK,1.83,OK,null,OS,null,OS,7.39,OK,50.64,OK,7.74,OK
2017-05-03 06:00:00,14.02,OK,2.03,OK,null,OS,null,OS,7.61,OK,53.72,OK,8.11,OK
2017-05-03 07:00:00,24.25,OK,2.71,OK,null,OS,null,OS,7.52,OK,73.01,OK,8.56,OK
2017-05-03 08:00:00,39.48,OK,2.81,OK,null,OS,null,OS,7.48,OK,49.42,OK,8.76,OK
2017-05-03 09:00:00,52.83,OK,3.28,OK,null,OS,null,OS,7.43,OK,50.24,OK,12.75,OK
2017-05-03 10:00:00,55.46,OK,3.36,OK,null,OS,null,OS,7.42,OK,73.83,OK,9.87,OK
2017-05-03 11:00:00,53.74,OK,2.52,OK,null,OS,null,OS,7.37,OK,80.72,OK,9.73,OK
2017-05-03 12:00:00,52.41,OK,2.44,OK,null,OS,null,OS,7.41,OK,36.88,OK,5.88,OK
2017-05-03 13:00:00,52.6,OK,1.82,OK,null,OS,null,OS,7.41,OK,58.42,OK,7.8,OK
2017-05-03 14:00:00,49.53,OK,1.62,OK,null,OS,null,OS,7.45,OK,36.7,OK,5.78,OK
2017-05-03 15:00:00,47.7,OK,1.59,OK,null,OS,null,OS,7.41,OK,50.48,OK,4.48,OK
2017-05-03 16:00:00,46.12,OK,1.56,OK,null,OS,null,OS,7.46,OK,47.94,OK,7.08,OK
2017-05-03 17:00:00,41.38,OK,1.61,OK,null,OS,null,OS,7.5,OK,41.07,OK,7.71,OK
2017-05-03 18:00:00,34.72,OK,1.54,OK,null,OS,null,OS,7.52,OK,42.96,OK,7.41,OK
2017-05-03 19:00:00,30.17,OK,1.6,OK,null,OS,null,OS,7.55,OK,39.05,OK,3.61,BDL
2017-05-03 20:00:00,21.38,OK,2.03,OK,null,OS,null,OS,7.6,OK,49.63,OK,10.9,OK
2017-05-03 21:00:00,24.25,OK,1.62,OK,null,OS,null,OS,7.47,OK,65.33,OK,14.39,OK
2017-05-03 22:00:00,29.8,OK,1.54,OK,null,OS,null,OS,7.43,OK,52.41,OK,9.58,OK
2017-05-03 23:00:00,30.85,OK,1.55,OK,null,OS,null,OS,7.36,OK,25.51,OK,6.24,OK
2017-05-04 00:00:00,25.0,OK,1.6,OK,null,OS,null,OS,7.41,OK,23.61,OK,11.94,OK
2017-05-04 01:00:00,14.51,OK,1.58,OK,null,OS,null,OS,7.47,OK,28.05,OK,8.77,OK
2017-05-04 02:00:00,11.17,OK,1.83,OK,null,OS,null,OS,7.47,OK,54.14,OK,14.64,OK
2017-05-04 03:00:00,16.74,OK,2.15,OK,null,OS,null,OS,7.33,OK,46.38,OK,11.42,OK
2017-05-04 04:00:00,16.62,OK,2.21,OK,null,OS,null,OS,7.32,OK,48.17,OK,14.49,OK
2017-05-04 05:00:00,17.83,OK,2.65,OK,null,OS,null,OS,7.47,OK,36.55,OK,2.35,BDL
2017-05-04 06:00:00,12.54,OK,2.89,OK,null,OS,null,OS,7.86,OK,52.32,OK,6.08,OK
2017-05-04 07:00:00,26.82,OK,2.61,OK,null,OS,null,OS,7.63,OK,53.34,OK,14.1,OK
2017-05-04 08:00:00,37.17,OK,2.19,OK,null,OS,null,OS,7.7,OK,47.93,OK,7.3,OK
2017-05-04 09:00:00,49.64,OK,2.03,OK,null,OS,null,OS,7.67,OK,66.38,OK,14.25,OK
2017-05-04 10:00:00,57.25,OK,2.31,OK,null,OS,null,OS,7.42,OK,73.92,OK,11.54,OK
2017-05-04 11:00:00,56.65,OK,2.21,OK,null,OS,null,OS,7.41,OK,58.37,OK,11.18,OK
2017-05-04 12:00:00,55.16,OK,1.84,OK,null,OS,null,OS,7.37,OK,23.78,OK,5.02,OK
2017-05-04 13:00:00,48.7,OK,1.73,OK,null,OS,null,OS,7.5,OK,48.24,OK,11.51,OK
2017-05-04 14:00:00,48.8,OK,1.62,OK,null,OS,null,OS,7.47,OK,40.23,OK,9.6,OK
2017-05-04 15:00:00,51.03,OK,1.58,OK,null,OS,null,OS,7.47,OK,33.1,OK,11.64,OK
2017-05-04 16:00:00,46.87,OK,1.53,OK,null,OS,null,OS,7.45,OK,37.01,OK,8.51,OK
2017-05-04 17:00:00,40.86,OK,1.58,OK,null,OS,null,OS,7.44,OK,60.74,OK,10.07,OK
2017-05-04 18:00:00,28.99,OK,1.59,OK,null,OS,null,OS,7.63,OK,47.82,OK,7.23,OK
2017-05-04 19:00:00,23.26,OK,1.67,OK,null,OS,null,OS,7.66,OK,47.49,OK,3.79,BDL
2017-05-04 20:00:00,25.74,OK,1.63,OK,null,OS,null,OS,7.66,OK,55.5,OK,9.57,OK
2017-05-04 21:00:00,26.75,OK,1.71,OK,null,OS,null,OS,7.55,OK,44.62,OK,8.97,OK
2017-05-04 22:00:00,25.15,OK,1.79,OK,null,OS,null,OS,7.51,OK,49.88,OK,11.34,OK
2017-05-04 23:00:00,30.28,OK,1.76,OK,null,OS,null,OS,7.43,OK,44.21,OK,11.14,OK
2017-05-05 00:00:00,37.19,OK,1.58,OK,null,OS,null,OS,7.34,OK,23.42,OK,7.77,OK
2017-05-05 01:00:00,30.18,OK,1.54,OK,null,OS,null,OS,7.38,OK,21.53,OK,7.46,OK
2017-05-05 02:00:00,24.75,OK,1.67,OK,null,OS,null,OS,7.39,OK,33.74,OK,6.41,OK
2017-05-05 03:00:00,28.24,OK,1.86,OK,null,OS,null,OS,7.33,OK,30.93,OK,10.32,OK
2017-05-05 04:00:00,25.77,OK,2.84,OK,null,OS,null,OS,7.35,OK,37.7,OK,5.14,OK
2017-05-05 05:00:00,20.58,OK,3.81,OK,null,OS,null,OS,7.46,OK,35.73,OK,6.01,OK
2017-05-05 06:00:00,20.1,OK,5.62,OK,null,OS,null,OS,7.55,OK,50.06,OK,10.19,OK
2017-05-05 07:00:00,28.93,OK,5.65,OK,null,OS,null,OS,7.55,OK,64.36,OK,14.46,OK
2017-05-05 08:00:00,42.61,OK,4.84,OK,null,OS,null,OS,7.48,OK,45.2,OK,8.89,OK
2017-05-05 09:00:00,54.07,OK,3.93,OK,null,OS,null,OS,7.45,OK,83.13,OK,14.4,OK
2017-05-05 10:00:00,49.58,OK,2.73,OK,null,OS,null,OS,7.45,OK,57.0,OK,16.93,OK
2017-05-05 11:00:00,47.31,OK,1.95,OK,null,OS,null,OS,7.47,OK,44.57,OK,12.14,OK
2017-05-05 12:00:00,46.58,OK,1.72,OK,null,OS,null,OS,7.44,OK,42.04,OK,5.95,OK
2017-05-05 13:00:00,45.68,OK,1.78,OK,null,OS,null,OS,7.46,OK,33.14,OK,5.18,OK
2017-05-05 14:00:00,46.41,OK,1.85,OK,null,OS,null,OS,7.44,OK,35.23,OK,9.54,OK
2017-05-05 15:00:00,45.58,OK,1.87,OK,null,OS,null,OS,7.46,OK,36.95,OK,17.86,OK
2017-05-05 16:00:00,43.36,OK,1.91,OK,null,OS,null,OS,7.47,OK,32.01,OK,9.43,OK
2017-05-05 17:00:00,37.12,OK,1.83,OK,null,OS,null,OS,7.51,OK,40.89,OK,4.8,OK
2017-05-05 18:00:00,29.55,OK,1.82,OK,null,OS,null,OS,7.67,OK,48.63,OK,10.25,OK
2017-05-05 19:00:00,29.22,OK,1.61,OK,null,OS,null,OS,7.51,OK,46.37,OK,4.52,OK
2017-05-05 20:00:00,21.65,OK,1.66,OK,null,OS,null,OS,7.63,OK,37.12,OK,10.84,OK
2017-05-05 21:00:00,23.73,OK,1.7,OK,null,OS,null,OS,7.53,OK,42.98,OK,9.02,OK
2017-05-05 22:00:00,24.9,OK,1.68,OK,null,OS,null,OS,7.53,OK,37.43,OK,10.97,OK
2017-05-05 23:00:00,30.17,OK,1.68,OK,null,OS,null,OS,7.4,OK,46.73,OK,13.69,OK
2017-05-06 00:00:00,32.75,OK,1.62,OK,null,OS,null,OS,7.35,OK,17.75,OK,8.12,OK
2017-05-06 01:00:00,28.13,OK,1.64,OK,null,OS,null,OS,7.44,OK,27.05,OK,7.9,OK
2017-05-06 02:00:00,19.42,OK,1.64,OK,null,OS,null,OS,7.46,OK,38.25,OK,8.45,OK
2017-05-06 03:00:00,18.45,OK,1.71,OK,null,OS,null,OS,7.37,OK,56.61,OK,13.72,OK
2017-05-06 04:00:00,27.15,OK,1.53,OK,null,OS,null,OS,7.31,OK,35.75,OK,9.32,OK
2017-05-06 05:00:00,30.0,OK,1.7,OK,null,OS,null,OS,7.35,OK,40.43,OK,4.79,OK
2017-05-06 06:00:00,28.91,OK,1.55,OK,null,OS,null,OS,7.43,OK,35.67,OK,5.85,OK
2017-05-06 07:00:00,35.88,OK,1.54,OK,null,OS,null,OS,7.48,OK,23.71,OK,9.72,OK
2017-05-06 08:00:00,38.68,OK,1.6,OK,null,OS,null,OS,7.49,OK,30.73,OK,4.21,OK
2017-05-06 09:00:00,43.98,OK,1.78,OK,null,OS,null,OS,7.4,OK,59.49,OK,16.61,OK
2017-05-06 10:00:00,45.85,OK,1.72,OK,null,OS,null,OS,7.4,OK,160.98,OK,11.13,OK
2017-05-06 11:00:00,44.98,OK,1.7,OK,null,OS,null,OS,7.41,OK,76.33,OK,8.0,OK
2017-05-06 12:00:00,42.95,OK,2.5,OK,null,OS,null,OS,7.41,OK,151.05,OK,17.77,OK
2017-05-06 13:00:00,38.3,OK,2.21,OK,null,OS,null,OS,7.41,OK,159.01,OK,11.05,OK
2017-05-06 14:00:00,36.26,OK,1.79,OK,null,OS,null,OS,7.4,OK,79.73,OK,8.16,OK
2017-05-06 15:00:00,37.57,OK,1.5,OK,null,OS,null,OS,7.36,OK,102.69,OK,6.17,OK
2017-05-06 16:00:00,35.56,OK,1.44,OK,null,OS,null,OS,7.36,OK,60.37,OK,6.14,OK
2017-05-06 17:00:00,34.51,OK,1.41,OK,null,OS,null,OS,7.37,OK,42.79,OK,6.54,OK
2017-05-06 18:00:00,32.46,OK,1.39,OK,null,OS,null,OS,7.38,OK,29.97,OK,6.37,OK
2017-05-06 19:00:00,24.33,OK,1.36,OK,null,OS,null,OS,7.4,OK,24.95,OK,2.3,BDL
2017-05-06 20:00:00,23.68,OK,1.42,OK,null,OS,null,OS,7.4,OK,24.27,OK,5.24,OK
2017-05-06 21:00:00,19.76,OK,1.37,OK,null,OS,null,OS,7.49,OK,32.24,OK,10.5,OK
2017-05-06 22:00:00,13.51,OK,1.43,OK,null,OS,null,OS,7.55,OK,38.41,OK,6.48,OK
2017-05-06 23:00:00,19.66,OK,1.39,OK,null,OS,null,OS,7.46,OK,47.81,OK,9.32,OK
2017-05-07 00:00:00,20.55,OK,1.42,OK,null,OS,null,OS,7.39,OK,41.62,OK,12.16,OK
2017-05-07 01:00:00,21.67,OK,1.43,OK,null,OS,null,OS,7.35,OK,35.88,OK,4.92,OK
2017-05-07 02:00:00,24.31,OK,1.41,OK,null,OS,null,OS,7.31,OK,21.81,OK,5.92,OK
2017-05-07 03:00:00,23.12,OK,1.44,OK,null,OS,null,OS,7.29,OK,20.51,OK,8.19,OK
2017-05-07 04:00:00,20.59,OK,1.32,OK,null,OS,null,OS,7.32,OK,22.65,OK,4.05,OK
2017-05-07 05:00:00,22.19,OK,1.38,OK,null,OS,null,OS,7.32,OK,16.6,OK,0.29,BDL
2017-05-07 06:00:00,30.32,OK,1.41,OK,null,OS,null,OS,7.28,OK,10.36,OK,2.41,BDL
2017-05-07 07:00:00,34.1,OK,1.4,OK,null,OS,null,OS,7.31,OK,20.62,OK,5.09,OK
2017-05-07 08:00:00,33.68,OK,1.37,OK,null,OS,null,OS,7.32,OK,43.28,OK,9.72,OK
2017-05-07 09:00:00,33.16,OK,1.34,OK,null,OS,null,OS,7.32,OK,11.45,OK,-1.15,BDL
2017-05-07 10:00:00,34.11,OK,1.39,OK,null,OS,null,OS,7.33,OK,16.94,OK,4.11,OK
2017-05-07 11:00:00,34.16,OK,1.39,OK,null,OS,null,OS,7.32,OK,30.19,OK,6.19,OK
2017-05-07 12:00:00,34.65,OK,1.37,OK,null,OS,null,OS,7.32,OK,28.8,OK,6.35,OK
2017-05-07 13:00:00,36.1,OK,1.31,OK,null,OS,null,OS,7.32,OK,99.94,OK,5.75,OK
2017-05-07 14:00:00,36.57,OK,1.29,OK,null,OS,null,OS,7.34,OK,43.51,OK,5.2,OK
2017-05-07 15:00:00,38.02,OK,1.27,OK,null,OS,null,OS,7.36,OK,31.93,OK,16.23,OK
2017-05-07 16:00:00,36.4,OK,1.3,OK,null,OS,null,OS,7.35,OK,30.75,OK,4.95,OK
2017-05-07 17:00:00,33.67,OK,1.23,OK,null,OS,null,OS,7.33,OK,28.72,OK,7.38,OK
2017-05-07 18:00:00,33.76,OK,1.28,OK,null,OS,null,OS,7.35,OK,23.73,OK,4.96,OK
2017-05-07 19:00:00,31.02,OK,1.38,OK,null,OS,null,OS,7.38,OK,25.41,OK,4.91,OK
2017-05-07 20:00:00,35.06,OK,1.29,OK,null,OS,null,OS,7.34,OK,31.83,OK,12.24,OK
2017-05-07 21:00:00,33.87,OK,1.34,OK,null,OS,null,OS,7.35,OK,37.11,OK,8.63,OK
2017-05-07 22:00:00,38.24,OK,1.26,OK,null,OS,null,OS,7.32,OK,37.15,OK,3.7,BDL
2017-05-07 23:00:00,36.47,OK,1.3,OK,null,OS,null,OS,7.25,OK,24.55,OK,4.01,OK
2017-05-08 00:00:00,36.32,OK,1.29,OK,null,OS,null,OS,7.24,OK,28.64,OK,6.8,OK
2017-05-08 01:00:00,37.45,OK,1.22,OK,null,OS,null,OS,7.22,OK,13.56,OK,4.13,OK
2017-05-08 02:00:00,35.54,OK,1.31,OK,null,OS,null,OS,7.23,OK,17.43,OK,5.78,OK
2017-05-08 03:00:00,37.66,OK,1.27,OK,null,OS,null,OS,7.22,OK,14.32,OK,3.3,BDL
2017-05-08 04:00:00,38.47,OK,1.29,OK,0.63,OK,-1.0,OR,7.26,OK,14.44,OK,-0.59,BDL
2017-05-08 05:00:00,35.99,OK,1.26,OK,0.63,OK,-0.65,OR,7.36,OK,12.71,OK,3.05,BDL
2017-05-08 06:00:00,29.96,OK,1.37,OK,0.63,OK,-0.97,OR,7.53,OK,24.52,OK,3.46,BDL
2017-05-08 07:00:00,27.76,OK,1.49,OK,0.63,OK,-1.09,OR,7.58,OK,34.3,OK,6.34,OK
2017-05-08 08:00:00,38.1,OK,1.43,OK,0.64,OK,-1.35,OR,7.54,OK,37.57,OK,3.27,BDL
2017-05-08 09:00:00,42.1,OK,1.32,OK,0.64,OK,-1.51,OR,7.41,OK,34.14,OK,12.02,OK
2017-05-08 10:00:00,38.13,OK,1.32,OK,0.63,OK,-1.4,OR,7.48,OK,22.75,OK,-0.83,BDL
2017-05-08 11:00:00,39.37,OK,1.37,OK,0.63,OK,-1.43,OR,7.47,OK,27.97,OK,1.48,BDL
2017-05-08 12:00:00,41.62,OK,1.34,OK,0.63,OK,-1.54,OR,7.44,OK,20.98,OK,7.09,OK
2017-05-08 13:00:00,40.7,OK,1.32,OK,0.64,OK,-1.63,OR,7.43,OK,47.15,OK,5.35,OK
2017-05-08 14:00:00,42.99,OK,1.28,OK,0.63,OK,-1.47,OR,7.42,OK,70.91,OK,2.81,BDL
2017-05-08 15:00:00,43.78,OK,1.35,OK,0.63,OK,-1.35,OR,7.42,OK,58.08,OK,4.91,OK
2017-05-08 16:00:00,40.38,OK,1.33,OK,0.64,OK,-1.21,OR,7.45,OK,35.46,OK,3.91,BDL
2017-05-08 17:00:00,40.24,OK,1.33,OK,0.62,OK,-1.08,OR,7.4,OK,32.93,OK,5.26,OK
2017-05-08 18:00:00,36.97,OK,1.43,OK,0.64,OK,-0.85,OR,7.5,OK,34.23,OK,5.68,OK
2017-05-08 19:00:00,35.13,OK,1.29,OK,0.64,OK,-0.68,OR,7.45,OK,18.96,OK,0.16,BDL
2017-05-08 20:00:00,36.11,OK,1.33,OK,0.63,OK,-0.84,OR,7.38,OK,27.51,OK,4.99,OK
2017-05-08 21:00:00,38.25,OK,1.28,OK,0.64,OK,-0.62,OR,7.34,OK,17.88,OK,7.91,OK
2017-05-08 22:00:00,40.28,OK,1.3,OK,0.62,OK,-0.64,OR,7.31,OK,12.95,OK,0.76,BDL
2017-05-08 23:00:00,43.63,OK,1.3,OK,0.64,OK,-0.78,OR,7.27,OK,6.1,OK,4.79,OK
2017-05-09 00:00:00,43.94,OK,1.25,OK,0.63,OK,-0.68,OR,7.26,OK,8.63,OK,-1.66,BDL
2017-05-09 01:00:00,44.88,OK,1.26,OK,0.63,OK,-0.75,OR,7.26,OK,12.72,OK,2.89,BDL
2017-05-09 02:00:00,41.56,OK,1.26,OK,0.6,OK,-0.72,OR,7.3,OK,5.93,OK,-0.42,BDL
2017-05-09 03:00:00,40.65,OK,1.25,OK,0.63,OK,-0.65,OR,7.29,OK,3.52,BDL,5.89,OK
2017-05-09 04:00:00,34.34,OK,1.33,OK,0.62,OK,-0.57,OR,7.32,OK,6.78,OK,0.61,BDL
2017-05-09 05:00:00,29.13,OK,1.34,OK,0.63,OK,-0.65,OR,7.37,OK,15.38,OK,2.04,BDL
2017-05-09 06:00:00,33.3,OK,1.39,OK,0.6,OK,-0.82,OR,7.54,OK,16.67,OK,5.31,OK
2017-05-09 07:00:00,42.38,OK,1.32,OK,0.64,OK,-1.35,OR,7.44,OK,5.14,OK,-0.88,BDL
2017-05-09 08:00:00,42.49,OK,1.31,OK,0.63,OK,-1.57,OR,7.46,OK,28.61,OK,2.12,BDL
2017-05-09 09:00:00,45.55,OK,1.31,OK,0.65,OK,-1.73,OR,7.39,OK,28.84,OK,8.05,OK
2017-05-09 10:00:00,46.38,OK,1.28,OK,0.62,OK,-1.64,OR,7.4,OK,18.42,OK,3.57,BDL
2017-05-09 11:00:00,46.8,OK,1.31,OK,null,OS,null,OS,7.4,OK,19.67,OK,-0.63,BDL
2017-05-09 12:00:00,46.06,OK,1.32,OK,null,OS,null,OS,7.43,OK,6.51,OK,3.56,BDL
2017-05-09 13:00:00,46.87,OK,1.3,OK,null,OS,null,OS,7.4,OK,24.34,OK,6.12,OK
2017-05-09 14:00:00,46.81,OK,1.3,OK,null,OS,null,OS,7.37,OK,33.78,OK,2.11,BDL
2017-05-09 15:00:00,47.66,OK,1.35,OK,null,OS,null,OS,7.39,OK,35.8,OK,1.08,BDL
2017-05-09 16:00:00,45.16,OK,1.32,OK,null,OS,null,OS,7.42,OK,31.54,OK,7.92,OK
2017-05-09 17:00:00,41.29,OK,1.39,OK,null,OS,null,OS,7.5,OK,24.92,OK,5.52,OK
2017-05-09 18:00:00,35.09,OK,1.39,OK,null,OS,null,OS,7.58,OK,20.78,OK,4.12,OK
2017-05-09 19:00:00,37.96,OK,1.34,OK,null,OS,null,OS,7.49,OK,23.67,OK,2.73,BDL
2017-05-09 20:00:00,39.06,OK,1.34,OK,null,OS,null,OS,7.38,OK,23.66,OK,7.54,OK
2017-05-09 21:00:00,39.63,OK,1.3,OK,null,OS,null,OS,7.34,OK,15.41,OK,12.09,OK
2017-05-09 22:00:00,34.54,OK,1.3,OK,null,OS,null,OS,7.36,OK,17.11,OK,1.52,BDL
2017-05-09 23:00:00,32.02,OK,1.26,OK,null,OS,null,OS,7.35,OK,24.28,OK,6.62,OK
2017-05-10 00:00:00,31.53,OK,1.29,OK,null,OS,null,OS,7.31,OK,11.18,OK,7.3,OK
2017-05-10 01:00:00,32.06,OK,1.26,OK,null,OS,null,OS,7.3,OK,23.57,OK,3.96,BDL
2017-05-10 02:00:00,24.68,OK,1.31,OK,null,OS,null,OS,7.34,OK,23.21,OK,8.07,OK
2017-05-10 03:00:00,26.49,OK,1.3,OK,null,OS,null,OS,7.3,OK,29.13,OK,10.25,OK
2017-05-10 04:00:00,18.14,OK,1.29,OK,null,OS,null,OS,7.28,OK,25.17,OK,7.58,OK
2017-05-10 05:00:00,11.16,OK,1.38,OK,null,OS,null,OS,7.42,OK,29.44,OK,2.68,BDL
2017-05-10 06:00:00,15.84,OK,1.49,OK,null,OS,null,OS,7.52,OK,39.16,OK,7.17,OK
2017-05-10 07:00:00,33.89,OK,1.41,OK,null,OS,null,OS,7.48,OK,26.61,OK,2.8,BDL
2017-05-10 08:00:00,47.2,OK,1.33,OK,null,OS,null,OS,7.37,OK,8.06,OK,6.55,OK
2017-05-10 09:00:00,51.28,OK,1.32,OK,null,OS,null,OS,7.42,OK,18.42,OK,3.4,BDL
2017-05-10 10:00:00,58.12,OK,1.35,OK,null,OS,null,OS,7.38,OK,31.09,OK,4.15,OK
2017-05-10 11:00:00,61.08,OK,1.38,OK,null,OS,null,OS,7.36,OK,13.0,OK,6.14,OK
2017-05-10 12:00:00,53.82,OK,1.45,OK,null,OS,null,OS,7.38,OK,29.96,OK,4.4,OK
2017-05-10 13:00:00,50.79,OK,1.34,OK,null,OS,null,OS,7.39,OK,6.35,OK,3.63,BDL
2017-05-10 14:00:00,49.01,OK,1.35,OK,null,OS,null,OS,7.42,OK,17.83,OK,6.43,OK
2017-05-10 15:00:00,48.46,OK,1.3,OK,null,OS,null,OS,7.41,OK,10.55,OK,-1.74,BDL
2017-05-10 16:00:00,47.92,OK,1.37,OK,null,OS,null,OS,7.4,OK,19.09,OK,5.98,OK
2017-05-10 17:00:00,45.34,OK,1.3,OK,null,OS,null,OS,7.45,OK,18.01,OK,6.93,OK
2017-05-10 18:00:00,36.84,OK,1.32,OK,null,OS,null,OS,7.57,OK,23.64,OK,2.2,BDL
2017-05-10 19:00:00,35.08,OK,1.32,OK,null,OS,null,OS,7.44,OK,21.28,OK,9.28,OK
2017-05-10 20:00:00,28.91,OK,1.4,OK,null,OS,null,OS,7.51,OK,26.0,OK,6.34,OK
2017-05-10 21:00:00,33.19,OK,1.33,OK,null,OS,null,OS,7.46,OK,29.05,OK,10.6,OK
2017-05-10 22:00:00,33.48,OK,1.31,OK,null,OS,null,OS,7.4,OK,23.78,OK,6.9,OK
2017-05-10 23:00:00,34.49,OK,1.31,OK,null,OS,null,OS,7.32,OK,34.77,OK,5.14,OK
2017-05-11 00:00:00,33.14,OK,1.3,OK,null,OS,null,OS,7.3,OK,15.67,OK,6.54,OK
2017-05-11 01:00:00,30.99,OK,1.33,OK,null,OS,null,OS,7.31,OK,19.46,OK,6.11,OK
2017-05-11 02:00:00,24.51,OK,1.29,OK,null,OS,null,OS,7.33,OK,15.24,OK,6.97,OK
2017-05-11 03:00:00,22.2,OK,1.35,OK,null,OS,null,OS,7.37,OK,32.88,OK,6.73,OK
2017-05-11 04:00:00,21.97,OK,1.3,OK,null,OS,null,OS,7.32,OK,24.09,OK,9.85,OK
2017-05-11 05:00:00,17.99,OK,1.39,OK,null,OS,null,OS,7.42,OK,18.87,OK,0.43,BDL
2017-05-11 06:00:00,21.68,OK,1.49,OK,null,OS,null,OS,7.61,OK,31.65,OK,2.22,BDL
2017-05-11 07:00:00,37.97,OK,1.39,OK,null,OS,null,OS,7.41,OK,28.06,OK,7.65,OK
2017-05-11 08:00:00,46.56,OK,1.38,OK,null,OS,null,OS,7.43,OK,22.25,OK,5.5,OK
2017-05-11 09:00:00,56.29,OK,1.39,OK,null,OS,null,OS,7.54,OK,29.26,OK,6.02,OK
2017-05-11 10:00:00,64.84,OK,1.45,OK,null,OS,null,OS,7.45,OK,53.16,OK,9.18,OK
2017-05-11 11:00:00,64.74,OK,1.59,OK,null,OS,null,OS,7.39,OK,26.25,OK,6.05,OK
2017-05-11 12:00:00,63.94,OK,1.42,OK,null,OS,null,OS,7.34,OK,12.95,OK,0.86,BDL
2017-05-11 13:00:00,59.83,OK,1.33,OK,null,OS,null,OS,7.4,OK,8.72,OK,2.63,BDL
2017-05-11 14:00:00,56.74,OK,1.34,OK,null,OS,null,OS,7.43,OK,21.44,OK,7.24,OK
2017-05-11 15:00:00,54.8,OK,1.37,OK,null,OS,null,OS,7.46,OK,34.62,OK,6.68,OK
2017-05-11 16:00:00,49.73,OK,1.43,OK,null,OS,null,OS,7.5,OK,21.67,OK,6.83,OK
2017-05-11 17:00:00,43.53,OK,1.38,OK,null,OS,null,OS,7.58,OK,46.5,OK,6.43,OK
2017-05-11 18:00:00,42.63,OK,1.33,OK,null,OS,null,OS,7.49,OK,44.01,OK,2.48,BDL
2017-05-11 19:00:00,40.86,OK,1.35,OK,null,OS,null,OS,7.5,OK,28.57,OK,3.41,BDL
2017-05-11 20:00:00,36.61,OK,1.8,OK,null,OS,null,OS,7.56,OK,24.67,OK,7.58,OK
2017-05-11 21:00:00,36.29,OK,1.55,OK,null,OS,null,OS,7.5,OK,27.24,OK,4.69,OK
2017-05-11 22:00:00,35.84,OK,1.44,OK,null,OS,null,OS,7.42,OK,17.0,OK,5.41,OK
2017-05-11 23:00:00,27.01,OK,1.52,OK,null,OS,null,OS,7.49,OK,24.84,OK,5.64,OK
2017-05-12 00:00:00,21.6,OK,1.4,OK,null,OS,null,OS,7.55,OK,37.61,OK,9.52,OK
2017-05-12 01:00:00,27.06,OK,1.36,OK,null,OS,null,OS,7.35,OK,40.57,OK,12.22,OK
2017-05-12 02:00:00,32.2,OK,1.36,OK,null,OS,null,OS,7.32,OK,25.47,OK,5.0,OK
2017-05-12 03:00:00,24.41,OK,1.34,OK,null,OS,null,OS,7.33,OK,16.58,OK,4.79,OK
2017-05-12 04:00:00,9.85,OK,1.55,OK,null,OS,null,OS,7.51,OK,42.86,OK,7.57,OK
2017-05-12 05:00:00,10.52,OK,1.84,OK,null,OS,null,OS,7.7,OK,57.44,OK,8.81,OK
2017-05-12 06:00:00,14.9,OK,1.9,OK,null,OS,null,OS,7.86,OK,70.13,OK,11.5,OK
2017-05-12 07:00:00,25.89,OK,1.8,OK,null,OS,null,OS,7.85,OK,34.37,OK,8.22,OK
2017-05-12 08:00:00,37.87,OK,1.98,OK,null,OS,null,OS,8.02,OK,63.47,OK,10.99,OK
2017-05-12 09:00:00,58.72,OK,1.9,OK,null,OS,null,OS,7.88,OK,65.79,OK,16.2,OK
2017-05-12 10:00:00,70.41,OK,1.82,OK,null,OS,null,OS,7.64,OK,49.15,OK,8.63,OK
2017-05-12 11:00:00,63.87,OK,2.17,OK,null,OS,null,OS,7.52,OK,61.04,OK,12.96,OK
2017-05-12 12:00:00,60.46,OK,1.54,OK,null,OS,null,OS,7.48,OK,27.95,OK,6.31,OK
2017-05-12 13:00:00,58.63,OK,1.5,OK,null,OS,null,OS,7.53,OK,25.76,OK,6.84,OK
2017-05-12 14:00:00,57.0,OK,1.5,OK,null,OS,null,OS,7.54,OK,22.77,OK,2.58,BDL
2017-05-12 15:00:00,54.19,OK,1.44,OK,null,OS,null,OS,7.55,OK,48.5,OK,4.73,OK
2017-05-12 16:00:00,54.4,OK,1.49,OK,null,OS,null,OS,7.5,OK,45.4,OK,10.35,OK
2017-05-12 17:00:00,49.7,OK,1.43,OK,null,OS,null,OS,7.55,OK,47.99,OK,5.26,OK
2017-05-12 18:00:00,37.83,OK,1.41,OK,null,OS,null,OS,7.64,OK,38.32,OK,4.56,OK
2017-05-12 19:00:00,31.03,OK,1.49,OK,null,OS,null,OS,7.66,OK,38.31,OK,4.48,OK
2017-05-12 20:00:00,29.38,OK,1.42,OK,null,OS,null,OS,7.72,OK,37.23,OK,7.36,OK
2017-05-12 21:00:00,20.54,OK,1.49,OK,null,OS,null,OS,7.76,OK,56.82,OK,9.29,OK
2017-05-12 22:00:00,20.72,OK,1.52,OK,null,OS,null,OS,7.75,OK,52.84,OK,11.28,OK
2017-05-12 23:00:00,9.03,OK,1.58,OK,null,OS,null,OS,7.87,OK,56.06,OK,14.16,OK
2017-05-13 00:00:00,17.52,OK,1.42,OK,null,OS,null,OS,7.58,OK,42.11,OK,9.1,OK
2017-05-13 01:00:00,11.43,OK,1.51,OK,null,OS,null,OS,7.75,OK,39.33,OK,13.06,OK
2017-05-13 02:00:00,26.72,OK,1.35,OK,null,OS,null,OS,7.46,OK,54.42,OK,11.35,OK
2017-05-13 03:00:00,27.22,OK,1.32,OK,null,OS,null,OS,7.47,OK,24.47,OK,7.7,OK
2017-05-13 04:00:00,24.2,OK,1.41,OK,null,OS,null,OS,7.49,OK,29.85,OK,11.25,OK
2017-05-13 05:00:00,29.0,OK,1.43,OK,null,OS,null,OS,7.47,OK,24.75,OK,1.77,BDL
2017-05-13 06:00:00,33.21,OK,1.71,OK,null,OS,null,OS,7.47,OK,21.82,OK,3.73,BDL
2017-05-13 07:00:00,44.38,OK,2.22,OK,null,OS,null,OS,7.46,OK,11.07,OK,4.05,OK
2017-05-13 08:00:00,50.35,OK,2.32,OK,null,OS,null,OS,7.59,OK,34.95,OK,7.4,OK
2017-05-13 09:00:00,56.69,OK,2.1,OK,null,OS,null,OS,7.49,OK,61.25,OK,11.28,OK
2017-05-13 10:00:00,55.4,OK,1.57,OK,null,OS,null,OS,7.41,OK,28.91,OK,12.3,OK
2017-05-13 11:00:00,52.56,OK,1.66,OK,null,OS,null,OS,7.47,OK,25.64,OK,4.22,OK
2017-05-13 12:00:00,49.43,OK,1.71,OK,null,OS,null,OS,7.52,OK,36.34,OK,7.18,OK
2017-05-13 13:00:00,51.99,OK,1.79,OK,null,OS,null,OS,7.48,OK,38.47,OK,7.68,OK
2017-05-13 14:00:00,53.5,OK,2.08,OK,null,OS,null,OS,7.44,OK,33.55,OK,7.83,OK
2017-05-13 15:00:00,51.11,OK,1.61,OK,null,OS,null,OS,7.42,OK,44.26,OK,12.72,OK
2017-05-13 16:00:00,52.14,OK,1.37,OK,null,OS,null,OS,7.4,OK,36.21,OK,7.26,OK
2017-05-13 17:00:00,50.04,OK,1.36,OK,null,OS,null,OS,7.42,OK,23.33,OK,1.37,BDL
2017-05-13 18:00:00,41.01,OK,1.34,OK,null,OS,null,OS,7.48,OK,27.83,OK,8.64,OK
2017-05-13 19:00:00,35.73,OK,1.45,OK,null,OS,null,OS,7.52,OK,29.24,OK,0.43,BDL
2017-05-13 20:00:00,31.8,OK,1.48,OK,null,OS,null,OS,7.57,OK,28.68,OK,4.78,OK
2017-05-13 21:00:00,22.37,OK,1.52,OK,null,OS,null,OS,7.73,OK,34.2,OK,13.01,OK
2017-05-13 22:00:00,12.97,OK,1.55,OK,null,OS,null,OS,7.85,OK,54.32,OK,15.05,OK
2017-05-13 23:00:00,9.05,OK,1.52,OK,null,OS,null,OS,7.86,OK,55.61,OK,13.65,OK
2017-05-14 00:00:00,16.52,OK,1.8,OK,null,OS,null,OS,7.59,OK,47.76,OK,11.09,OK
2017-05-14 01:00:00,20.53,OK,2.87,OK,null,OS,null,OS,7.57,OK,40.06,OK,8.46,OK
2017-05-14 02:00:00,28.34,OK,2.03,OK,null,OS,null,OS,7.44,OK,41.94,OK,13.01,OK
2017-05-14 03:00:00,30.56,OK,1.61,OK,null,OS,null,OS,7.43,OK,35.56,OK,11.66,OK
2017-05-14 04:00:00,31.57,OK,1.48,OK,null,OS,null,OS,7.36,OK,26.6,OK,2.5,BDL
2017-05-14 05:00:00,27.03,OK,1.48,OK,null,OS,null,OS,7.37,OK,17.43,OK,7.25,OK
2017-05-14 06:00:00,34.03,OK,1.46,OK,null,OS,null,OS,7.39,OK,17.88,OK,3.32,BDL
2017-05-14 07:00:00,44.3,OK,1.41,OK,null,OS,null,OS,7.35,OK,16.16,OK,3.68,BDL
2017-05-14 08:00:00,49.67,OK,1.31,OK,null,OS,null,OS,7.34,OK,35.2,OK,12.16,OK
2017-05-14 09:00:00,52.18,OK,1.32,OK,null,OS,null,OS,7.34,OK,24.25,OK,4.4,OK
2017-05-14 10:00:00,55.41,OK,1.34,OK,null,OS,null,OS,7.32,OK,33.49,OK,6.88,OK
2017-05-14 11:00:00,58.32,OK,1.36,OK,null,OS,null,OS,7.33,OK,46.13,OK,4.21,OK
2017-05-14 12:00:00,56.43,OK,1.37,OK,null,OS,null,OS,7.35,OK,34.79,OK,8.69,OK
2017-05-14 13:00:00,53.53,OK,1.64,OK,null,OS,null,OS,7.35,OK,55.89,OK,7.8,OK
2017-05-14 14:00:00,53.28,OK,1.95,OK,null,OS,null,OS,7.33,OK,50.28,OK,7.65,OK
2017-05-14 15:00:00,51.93,OK,1.65,OK,null,OS,null,OS,7.38,OK,34.12,OK,16.21,OK
2017-05-14 16:00:00,50.78,OK,1.85,OK,null,OS,null,OS,7.35,OK,28.54,OK,7.25,OK
2017-05-14 17:00:00,52.47,OK,1.69,OK,null,OS,null,OS,7.35,OK,33.56,OK,11.63,OK
2017-05-14 18:00:00,48.61,OK,1.38,OK,null,OS,null,OS,7.36,OK,29.74,OK,4.93,OK
2017-05-14 19:00:00,46.42,OK,1.34,OK,null,OS,null,OS,7.37,OK,33.96,OK,5.6,OK
2017-05-14 20:00:00,42.21,OK,1.38,OK,null,OS,null,OS,7.42,OK,16.35,OK,7.17,OK
2017-05-14 21:00:00,31.52,OK,1.42,OK,null,OS,null,OS,7.52,OK,27.81,OK,7.74,OK
2017-05-14 22:00:00,16.05,OK,1.49,OK,null,OS,null,OS,7.67,OK,35.25,OK,9.14,OK
2017-05-14 23:00:00,16.69,OK,1.64,OK,null,OS,null,OS,7.62,OK,41.61,OK,10.85,OK
2017-05-15 00:00:00,19.19,OK,1.69,OK,null,OS,null,OS,7.54,OK,50.9,OK,12.18,OK
2017-05-15 01:00:00,20.78,OK,1.63,OK,null,OS,null,OS,7.53,OK,35.87,OK,14.07,OK
2017-05-15 02:00:00,31.16,OK,1.67,OK,null,OS,null,OS,7.4,OK,38.24,OK,12.05,OK
2017-05-15 03:00:00,38.35,OK,1.59,OK,null,OS,null,OS,7.34,OK,34.42,OK,6.35,OK
2017-05-15 04:00:00,36.29,OK,1.44,OK,null,OS,null,OS,7.36,OK,17.48,OK,7.98,OK
2017-05-15 05:00:00,32.31,OK,1.46,OK,null,OS,null,OS,7.45,OK,29.49,OK,5.18,OK
2017-05-15 06:00:00,37.59,OK,1.45,OK,null,OS,null,OS,7.47,OK,34.47,OK,5.3,OK
2017-05-15 07:00:00,40.33,OK,1.49,OK,null,OS,null,OS,7.49,OK,23.54,OK,9.54,OK
2017-05-15 08:00:00,40.77,OK,1.84,OK,null,OS,null,OS,7.48,OK,31.6,OK,5.25,OK
2017-05-15 09:00:00,40.9,OK,1.91,OK,null,OS,null,OS,7.49,OK,41.4,OK,15.0,OK
2017-05-15 10:00:00,42.39,OK,1.83,OK,null,OS,null,OS,7.46,OK,36.78,OK,8.08,OK
2017-05-15 11:00:00,41.12,OK,1.81,OK,null,OS,null,OS,7.49,OK,35.78,OK,10.19,OK
2017-05-15 12:00:00,40.74,OK,1.71,OK,null,OS,null,OS,7.5,OK,36.04,OK,9.28,OK
2017-05-15 13:00:00,42.13,OK,1.72,OK,null,OS,null,OS,7.48,OK,44.44,OK,9.57,OK
2017-05-15 14:00:00,41.72,OK,1.94,OK,null,OS,null,OS,7.45,OK,85.81,OK,11.18,OK
2017-05-15 15:00:00,41.1,OK,1.63,OK,null,OS,null,OS,7.43,OK,60.36,OK,7.43,OK
2017-05-15 16:00:00,39.86,OK,1.45,OK,null,OS,null,OS,7.42,OK,66.63,OK,10.24,OK
2017-05-15 17:00:00,37.49,OK,1.41,OK,null,OS,null,OS,7.45,OK,53.68,OK,8.63,OK
2017-05-15 18:00:00,35.34,OK,1.44,OK,null,OS,null,OS,7.47,OK,37.0,OK,7.68,OK
2017-05-15 19:00:00,33.88,OK,1.4,OK,null,OS,null,OS,7.47,OK,24.49,OK,6.55,OK
2017-05-15 20:00:00,34.21,OK,1.35,OK,null,OS,null,OS,7.46,OK,34.21,OK,8.81,OK
2017-05-15 21:00:00,33.33,OK,1.41,OK,null,OS,null,OS,7.41,OK,31.48,OK,8.86,OK
2017-05-15 22:00:00,35.1,OK,1.38,OK,null,OS,null,OS,7.4,OK,32.19,OK,9.83,OK
2017-05-15 23:00:00,37.0,OK,1.35,OK,null,OS,null,OS,7.35,OK,25.62,OK,4.87,OK
2017-05-16 00:00:00,39.17,OK,1.35,OK,null,OS,null,OS,7.32,OK,30.93,OK,9.49,OK
2017-05-16 01:00:00,38.24,OK,1.33,OK,null,OS,null,OS,7.32,OK,25.42,OK,6.87,OK
2017-05-16 02:00:00,41.69,OK,1.31,OK,null,OS,null,OS,7.32,OK,21.06,OK,5.75,OK
2017-05-16 03:00:00,42.58,OK,1.3,OK,null,OS,null,OS,7.31,OK,16.34,OK,3.04,BDL
2017-05-16 04:00:00,40.23,OK,1.32,OK,null,OS,null,OS,7.32,OK,17.2,OK,7.34,OK
2017-05-16 05:00:00,37.75,OK,1.31,OK,null,OS,null,OS,7.38,OK,21.81,OK,1.87,BDL
2017-05-16 06:00:00,36.01,OK,1.37,OK,null,OS,null,OS,7.5,OK,36.02,OK,4.15,OK
2017-05-16 07:00:00,37.52,OK,1.43,OK,null,OS,null,OS,7.55,OK,41.25,OK,9.97,OK
2017-05-16 08:00:00,41.36,OK,1.52,OK,null,OS,null,OS,7.51,OK,26.33,OK,2.37,BDL
2017-05-16 09:00:00,43.92,OK,1.43,OK,null,OS,null,OS,7.44,OK,28.83,OK,7.35,OK
2017-05-16 10:00:00,41.33,OK,35.03,OK,null,OS,null,OS,7.61,OK,38.07,OK,7.97,OK
2017-05-16 11:00:00,41.6,OK,2.38,OK,null,OS,null,OS,7.45,OK,34.41,OK,5.28,OK
2017-05-16 12:00:00,43.14,OK,1.38,OK,null,OS,null,OS,7.46,OK,22.35,OK,3.53,BDL
2017-05-16 13:00:00,43.17,OK,1.34,OK,null,OS,null,OS,7.46,OK,30.57,OK,4.03,OK
2017-05-16 14:00:00,40.73,OK,1.37,OK,null,OS,null,OS,7.51,OK,28.8,OK,8.51,OK
2017-05-16 15:00:00,41.77,OK,1.36,OK,null,OS,null,OS,7.47,OK,-235.02,OR,13.05,OK
2017-05-16 16:00:00,42.14,OK,1.37,OK,null,OS,null,OS,7.5,OK,-245.03,OR,3.85,BDL
2017-05-16 17:00:00,41.74,OK,1.41,OK,null,OS,null,OS,7.49,OK,0.0,BDL,7.47,OK
2017-05-16 18:00:00,36.25,OK,1.43,OK,null,OS,null,OS,7.55,OK,0.0,BDL,5.96,OK
2017-05-16 19:00:00,34.16,OK,1.38,OK,null,OS,null,OS,7.48,OK,0.0,BDL,7.15,OK
2017-05-16 20:00:00,32.68,OK,1.4,OK,null,OS,null,OS,7.44,OK,0.0,BDL,7.17,OK
2017-05-16 21:00:00,30.6,OK,1.37,OK,null,OS,null,OS,7.41,OK,0.0,BDL,6.29,OK
2017-05-16 22:00:00,31.48,OK,1.41,OK,null,OS,null,OS,7.38,OK,0.0,BDL,7.77,OK
2017-05-16 23:00:00,27.08,OK,1.48,OK,null,OS,null,OS,7.39,OK,0.0,BDL,8.48,OK
2017-05-17 00:00:00,26.12,OK,1.45,OK,null,OS,null,OS,7.36,OK,0.0,BDL,5.22,OK
2017-05-17 01:00:00,33.78,OK,1.38,OK,null,OS,null,OS,7.32,OK,0.0,BDL,11.49,OK
2017-05-17 02:00:00,23.87,OK,1.39,OK,null,OS,null,OS,7.36,OK,0.0,BDL,10.58,OK
2017-05-17 03:00:00,14.82,OK,1.47,OK,null,OS,null,OS,7.37,OK,0.0,BDL,14.93,OK
2017-05-17 04:00:00,18.26,OK,1.39,OK,null,OS,null,OS,7.38,OK,0.0,BDL,13.96,OK
2017-05-17 05:00:00,14.52,OK,1.53,OK,null,OS,null,OS,7.47,OK,0.0,BDL,1.68,BDL
2017-05-17 06:00:00,12.69,OK,1.81,OK,null,OS,null,OS,7.82,OK,0.0,BDL,3.75,BDL
2017-05-17 07:00:00,29.9,OK,1.65,OK,null,OS,null,OS,7.74,OK,0.0,BDL,12.56,OK
2017-05-17 08:00:00,43.49,OK,1.52,OK,null,OS,null,OS,7.47,OK,0.0,BDL,7.28,OK
2017-05-17 09:00:00,48.36,OK,1.62,OK,null,OS,null,OS,7.48,OK,0.0,BDL,8.72,OK
2017-05-17 10:00:00,53.0,OK,1.55,OK,null,OS,null,OS,7.43,OK,0.0,BDL,4.48,OK
2017-05-17 11:00:00,54.37,OK,1.54,OK,null,OS,null,OS,7.44,OK,0.0,BDL,0.65,BDL
2017-05-17 12:00:00,51.51,OK,1.52,OK,null,OS,null,OS,7.5,OK,0.0,BDL,5.65,OK
2017-05-17 13:00:00,51.94,OK,1.46,OK,null,OS,null,OS,7.44,OK,0.0,BDL,6.18,OK
2017-05-17 14:00:00,49.42,OK,1.45,OK,null,OS,null,OS,7.51,OK,0.0,BDL,3.19,BDL
2017-05-17 15:00:00,49.28,OK,1.47,OK,null,OS,null,OS,7.46,OK,0.0,BDL,3.52,BDL
2017-05-17 16:00:00,50.68,OK,1.46,OK,null,OS,null,OS,7.47,OK,0.0,BDL,5.95,OK
2017-05-17 17:00:00,50.24,OK,1.43,OK,null,OS,null,OS,7.48,OK,0.0,BDL,8.28,OK
2017-05-17 18:00:00,43.52,OK,1.47,OK,null,OS,null,OS,7.56,OK,0.0,BDL,2.2,BDL
2017-05-17 19:00:00,38.06,OK,1.39,OK,null,OS,null,OS,7.5,OK,0.0,BDL,4.25,OK
2017-05-17 20:00:00,38.09,OK,1.43,OK,null,OS,null,OS,7.47,OK,0.0,BDL,7.94,OK
2017-05-17 21:00:00,37.26,OK,1.53,OK,null,OS,null,OS,7.42,OK,0.0,BDL,6.64,OK
2017-05-17 22:00:00,35.06,OK,1.45,OK,null,OS,null,OS,7.46,OK,0.0,BDL,6.98,OK
2017-05-17 23:00:00,38.73,OK,1.5,OK,null,OS,null,OS,7.4,OK,0.0,BDL,8.9,OK
2017-05-18 00:00:00,38.38,OK,1.4,OK,null,OS,null,OS,7.39,OK,0.0,BDL,5.33,OK
2017-05-18 01:00:00,26.59,OK,1.51,OK,null,OS,null,OS,7.45,OK,0.0,BDL,8.35,OK
2017-05-18 02:00:00,28.11,OK,1.98,OK,null,OS,null,OS,7.34,OK,0.0,BDL,14.29,OK
2017-05-18 03:00:00,28.89,OK,2.78,OK,null,OS,null,OS,7.32,OK,0.0,BDL,9.47,OK
2017-05-18 04:00:00,30.65,OK,3.39,OK,null,OS,null,OS,7.34,OK,0.0,BDL,5.18,OK
2017-05-18 05:00:00,24.71,OK,3.95,OK,null,OS,null,OS,7.45,OK,0.0,BDL,3.21,BDL
2017-05-18 06:00:00,31.48,OK,4.99,OK,null,OS,null,OS,7.51,OK,0.0,BDL,7.05,OK
2017-05-18 07:00:00,37.2,OK,4.46,OK,null,OS,null,OS,7.59,OK,0.0,BDL,5.55,OK
2017-05-18 08:00:00,35.73,OK,3.02,OK,null,OS,null,OS,7.33,OK,0.0,BDL,7.74,OK
2017-05-18 09:00:00,47.22,OK,32.43,OK,null,OS,null,OS,7.47,OK,0.0,BDL,7.26,OK
2017-05-18 10:00:00,42.42,OK,232.76,OK,null,OS,null,OS,7.45,OK,0.0,BDL,5.54,OK
2017-05-18 11:00:00,28.08,OK,-0.68,BDL,null,OS,null,OS,1.13,OK,0.0,BDL,9.04,OK
2017-05-18 12:00:00,35.61,OK,-1.59,OR,null,OS,null,OS,0.36,OK,0.0,BDL,3.78,BDL
2017-05-18 13:00:00,35.27,OK,-1.56,OR,null,OS,null,OS,0.36,OK,0.0,BDL,4.81,OK
2017-05-18 14:00:00,34.94,OK,-1.61,OR,null,OS,null,OS,0.35,OK,0.0,BDL,7.51,OK
2017-05-18 15:00:00,34.05,OK,-1.83,OR,null,OS,null,OS,0.34,OK,196.29,OK,7.32,OK
2017-05-18 16:00:00,30.5,OK,-1.99,OR,null,OS,null,OS,0.32,OK,151.47,OK,5.27,OK
2017-05-18 17:00:00,27.52,OK,-2.02,OR,null,OS,null,OS,0.34,OK,65.11,OK,3.3,BDL
2017-05-18 18:00:00,22.71,OK,-2.01,OR,null,OS,null,OS,0.38,OK,48.35,OK,5.29,OK
2017-05-18 19:00:00,20.23,OK,-1.95,OR,null,OS,null,OS,0.4,OK,36.27,OK,3.01,BDL
2017-05-18 20:00:00,19.23,OK,-1.98,OR,null,OS,null,OS,0.38,OK,39.36,OK,0.7,BDL
2017-05-18 21:00:00,19.51,OK,-1.94,OR,null,OS,null,OS,0.36,OK,36.96,OK,6.05,OK
2017-05-18 22:00:00,21.36,OK,-1.97,OR,null,OS,null,OS,0.31,OK,34.22,OK,7.9,OK
2017-05-18 23:00:00,22.39,OK,-1.95,OR,null,OS,null,OS,0.26,OK,28.19,OK,6.82,OK
2017-05-19 00:00:00,19.89,OK,-1.93,OR,null,OS,null,OS,0.26,OK,35.39,OK,6.97,OK
2017-05-19 01:00:00,19.77,OK,-1.99,OR,null,OS,null,OS,0.29,OK,32.76,OK,5.61,OK
2017-05-19 02:00:00,11.98,OK,-2.02,OR,null,OS,null,OS,0.33,OK,33.22,OK,6.37,OK
2017-05-19 03:00:00,2.68,OK,-2.01,OR,null,OS,null,OS,0.33,OK,42.17,OK,11.7,OK
2017-05-19 04:00:00,3.16,OK,-1.97,OR,null,OS,null,OS,0.35,OK,45.63,OK,9.79,OK
2017-05-19 05:00:00,6.13,OK,-1.78,OR,null,OS,null,OS,0.41,OK,53.51,OK,10.06,OK
2017-05-19 06:00:00,9.47,OK,-1.7,OR,null,OS,null,OS,0.61,OK,48.94,OK,10.24,OK
2017-05-19 07:00:00,15.65,OK,-1.38,OR,null,OS,null,OS,0.84,OK,63.98,OK,11.69,OK
2017-05-19 08:00:00,30.5,OK,-1.73,OR,null,OS,null,OS,0.58,OK,64.62,OK,10.76,OK
2017-05-19 09:00:00,40.72,OK,-1.76,OR,null,OS,null,OS,0.43,OK,54.59,OK,10.56,OK
2017-05-19 10:00:00,49.1,OK,-1.7,OR,null,OS,null,OS,0.35,OK,49.86,OK,7.02,OK
2017-05-19 11:00:00,48.48,OK,-1.75,OR,null,OS,null,OS,0.35,OK,42.61,OK,8.37,OK
2017-05-19 12:00:00,41.83,OK,-1.78,OR,null,OS,null,OS,0.41,OK,32.58,OK,7.23,OK
2017-05-19 13:00:00,39.84,OK,-1.94,OR,null,OS,null,OS,0.39,OK,28.04,OK,7.82,OK
2017-05-19 14:00:00,42.67,OK,-2.09,OR,null,OS,null,OS,0.33,OK,4.36,OK,3.49,BDL
2017-05-19 15:00:00,41.2,OK,-1.99,OR,null,OS,null,OS,0.38,OK,17.12,OK,5.44,OK
2017-05-19 16:00:00,42.93,OK,-2.02,OR,null,OS,null,OS,0.34,OK,27.76,OK,3.97,BDL
2017-05-19 17:00:00,43.93,OK,-2.03,OR,null,OS,null,OS,0.29,OK,100.62,OK,7.89,OK
2017-05-19 18:00:00,40.59,OK,-2.03,OR,null,OS,null,OS,0.37,OK,80.24,OK,2.73,BDL
2017-05-19 19:00:00,35.84,OK,-1.92,OR,null,OS,null,OS,0.45,OK,34.01,OK,1.81,BDL
2017-05-19 20:00:00,33.78,OK,-1.94,OR,null,OS,null,OS,0.48,OK,29.52,OK,6.38,OK
2017-05-19 21:00:00,33.45,OK,-1.96,OR,null,OS,null,OS,0.35,OK,36.63,OK,7.99,OK
2017-05-19 22:00:00,38.64,OK,-1.97,OR,null,OS,null,OS,0.3,OK,39.8,OK,5.66,OK
2017-05-19 23:00:00,38.98,OK,-2.0,OR,null,OS,null,OS,0.26,OK,30.57,OK,5.84,OK
2017-05-20 00:00:00,37.91,OK,-2.04,OR,null,OS,null,OS,0.25,OK,33.83,OK,4.15,OK
2017-05-20 01:00:00,38.74,OK,-2.0,OR,null,OS,null,OS,0.23,OK,33.33,OK,7.2,OK
2017-05-20 02:00:00,30.45,OK,-1.97,OR,null,OS,null,OS,0.28,OK,26.7,OK,5.19,OK
2017-05-20 03:00:00,27.53,OK,-2.01,OR,null,OS,null,OS,0.25,OK,39.48,OK,8.54,OK
2017-05-20 04:00:00,29.06,OK,-1.99,OR,null,OS,null,OS,0.22,OK,35.2,OK,4.02,OK
2017-05-20 05:00:00,22.05,OK,-1.77,OR,null,OS,null,OS,0.31,OK,28.39,OK,3.11,BDL
2017-05-20 06:00:00,25.13,OK,-1.6,OR,null,OS,null,OS,0.45,OK,59.61,OK,7.8,OK
2017-05-20 07:00:00,31.83,OK,-1.81,OR,null,OS,null,OS,0.46,OK,44.13,OK,6.72,OK
2017-05-20 08:00:00,41.43,OK,-1.77,OR,null,OS,null,OS,0.45,OK,53.44,OK,5.61,OK
2017-05-20 09:00:00,53.44,OK,-1.79,OR,null,OS,null,OS,0.41,OK,55.78,OK,11.6,OK
2017-05-20 10:00:00,61.03,OK,-1.81,OR,null,OS,null,OS,0.37,OK,60.35,OK,7.34,OK
2017-05-20 11:00:00,60.13,OK,-1.64,OR,null,OS,null,OS,0.3,OK,44.56,OK,7.98,OK
2017-05-20 12:00:00,57.17,OK,-1.51,OR,null,OS,null,OS,0.35,OK,37.29,OK,7.01,OK
2017-05-20 13:00:00,59.35,OK,-1.69,OR,null,OS,null,OS,0.34,OK,38.31,OK,8.95,OK
2017-05-20 14:00:00,60.92,OK,-1.82,OR,null,OS,null,OS,0.28,OK,31.11,OK,3.52,BDL
2017-05-20 15:00:00,56.63,OK,-1.93,OR,null,OS,null,OS,0.3,OK,-282.96,OR,18.04,OK
2017-05-20 16:00:00,55.21,OK,-1.93,OR,null,OS,null,OS,0.3,OK,-353.77,OR,4.85,OK
2017-05-20 17:00:00,50.66,OK,-1.93,OR,null,OS,null,OS,0.29,OK,0.0,BDL,9.63,OK
2017-05-20 18:00:00,45.93,OK,-1.93,OR,null,OS,null,OS,0.33,OK,0.0,BDL,1.93,BDL
2017-05-20 19:00:00,36.67,OK,-1.86,OR,null,OS,null,OS,0.48,OK,0.0,BDL,1.3,BDL
2017-05-20 20:00:00,34.44,OK,-1.84,OR,null,OS,null,OS,0.49,OK,0.0,BDL,9.71,OK
2017-05-20 21:00:00,33.22,OK,-1.51,OR,null,OS,null,OS,0.4,OK,0.0,BDL,6.45,OK
2017-05-20 22:00:00,15.65,OK,-1.38,OR,null,OS,null,OS,0.63,OK,0.0,BDL,10.81,OK
2017-05-20 23:00:00,17.15,OK,-1.74,OR,null,OS,null,OS,0.61,OK,0.0,BDL,16.83,OK
2017-05-21 00:00:00,7.71,OK,-1.68,OR,null,OS,null,OS,0.76,OK,0.0,BDL,16.29,OK
2017-05-21 01:00:00,1.95,OK,-1.49,OR,null,OS,null,OS,0.8,OK,0.0,BDL,13.84,OK
2017-05-21 02:00:00,8.18,OK,-1.67,OR,null,OS,null,OS,0.48,OK,0.0,BDL,14.32,OK
2017-05-21 03:00:00,16.95,OK,-1.63,OR,null,OS,null,OS,0.36,OK,0.0,BDL,12.11,OK
2017-05-21 04:00:00,20.38,OK,-1.63,OR,null,OS,null,OS,0.36,OK,0.0,BDL,16.25,OK
2017-05-21 05:00:00,19.58,OK,-1.57,OR,null,OS,null,OS,0.34,OK,0.0,BDL,4.33,OK
2017-05-21 06:00:00,22.67,OK,-1.61,OR,null,OS,null,OS,0.38,OK,0.0,BDL,13.56,OK
2017-05-21 07:00:00,39.91,OK,-1.68,OR,null,OS,null,OS,0.32,OK,0.0,BDL,5.57,OK
2017-05-21 08:00:00,53.23,OK,-1.79,OR,null,OS,null,OS,0.28,OK,0.0,BDL,3.85,BDL
2017-05-21 09:00:00,60.03,OK,-1.79,OR,null,OS,null,OS,0.3,OK,0.0,BDL,9.11,OK
2017-05-21 10:00:00,56.9,OK,-1.85,OR,null,OS,null,OS,0.26,OK,0.0,BDL,4.21,OK
2017-05-21 11:00:00,54.65,OK,-1.87,OR,null,OS,null,OS,0.26,OK,0.0,BDL,3.01,BDL
2017-05-21 12:00:00,53.63,OK,-1.86,OR,null,OS,null,OS,0.27,OK,0.0,BDL,4.45,OK
2017-05-21 13:00:00,53.29,OK,-1.87,OR,null,OS,null,OS,0.26,OK,0.0,BDL,-0.21,BDL
2017-05-21 14:00:00,53.43,OK,-1.89,OR,null,OS,null,OS,0.27,OK,0.0,BDL,8.96,OK
2017-05-21 15:00:00,53.19,OK,-1.91,OR,null,OS,null,OS,0.27,OK,0.0,BDL,18.2,OK
2017-05-21 16:00:00,52.59,OK,-1.91,OR,null,OS,null,OS,0.25,OK,0.0,BDL,3.23,BDL
2017-05-21 17:00:00,49.52,OK,-1.9,OR,null,OS,null,OS,0.28,OK,0.0,BDL,7.4,OK
2017-05-21 18:00:00,44.32,OK,-1.88,OR,null,OS,null,OS,0.3,OK,0.0,BDL,1.6,BDL
2017-05-21 19:00:00,35.39,OK,-1.79,OR,null,OS,null,OS,0.36,OK,0.0,BDL,4.9,OK
2017-05-21 20:00:00,32.73,OK,-1.8,OR,null,OS,null,OS,0.36,OK,0.0,BDL,2.88,BDL
2017-05-21 21:00:00,31.56,OK,-1.76,OR,null,OS,null,OS,0.32,OK,0.0,BDL,10.84,OK
2017-05-21 22:00:00,30.39,OK,-1.86,OR,null,OS,null,OS,0.34,OK,0.0,BDL,4.75,OK
2017-05-21 23:00:00,36.14,OK,-1.92,OR,null,OS,null,OS,0.28,OK,0.0,BDL,6.64,OK
2017-05-22 00:00:00,32.1,OK,-1.88,OR,null,OS,null,OS,0.33,OK,0.0,BDL,5.95,OK
2017-05-22 01:00:00,27.99,OK,-1.79,OR,null,OS,null,OS,0.34,OK,0.0,BDL,11.94,OK
2017-05-22 02:00:00,35.66,OK,-1.81,OR,null,OS,null,OS,0.3,OK,0.0,BDL,8.52,OK
2017-05-22 03:00:00,31.68,OK,-1.88,OR,null,OS,null,OS,0.3,OK,0.0,BDL,6.65,OK
2017-05-22 04:00:00,11.4,OK,-1.74,OR,null,OS,null,OS,0.38,OK,0.0,BDL,14.11,OK
2017-05-22 05:00:00,9.44,OK,-1.59,OR,null,OS,null,OS,0.5,OK,0.0,BDL,5.55,OK
2017-05-22 06:00:00,13.37,OK,-1.44,OR,null,OS,null,OS,0.6,OK,0.0,BDL,11.17,OK
2017-05-22 07:00:00,26.54,OK,-1.67,OR,null,OS,null,OS,0.52,OK,0.0,BDL,15.92,OK
2017-05-22 08:00:00,47.58,OK,-1.87,OR,null,OS,null,OS,5.71,OK,0.0,BDL,2.7,BDL
2017-05-22 09:00:00,51.35,OK,-1.74,OR,null,OS,null,OS,0.46,OK,0.0,BDL,8.59,OK
2017-05-22 10:00:00,57.74,OK,-1.53,OR,null,OS,null,OS,0.41,OK,0.0,BDL,10.79,OK
2017-05-22 11:00:00,49.84,OK,-1.85,OR,null,OS,null,OS,0.36,OK,0.0,BDL,6.06,OK
2017-05-22 12:00:00,50.22,OK,-1.83,OR,null,OS,null,OS,0.4,OK,0.0,BDL,3.44,BDL
2017-05-22 13:00:00,51.27,OK,-1.86,OR,null,OS,null,OS,0.37,OK,0.0,BDL,4.6,OK
2017-05-22 14:00:00,50.45,OK,-1.88,OR,null,OS,null,OS,0.38,OK,0.0,BDL,2.44,BDL
2017-05-22 15:00:00,47.32,OK,-1.81,OR,null,OS,null,OS,0.42,OK,0.0,BDL,5.99,OK
2017-05-22 16:00:00,46.3,OK,-1.68,OR,null,OS,null,OS,0.37,OK,0.0,BDL,17.72,OK
2017-05-22 17:00:00,41.54,OK,-1.72,OR,null,OS,null,OS,0.4,OK,0.0,BDL,10.88,OK
2017-05-22 18:00:00,36.91,OK,-1.71,OR,null,OS,null,OS,0.46,OK,0.0,BDL,6.59,OK
2017-05-22 19:00:00,34.66,OK,-1.72,OR,null,OS,null,OS,0.39,OK,0.0,BDL,3.66,BDL
2017-05-22 20:00:00,35.56,OK,-1.79,OR,null,OS,null,OS,0.33,OK,0.0,BDL,10.64,OK
2017-05-22 21:00:00,27.98,OK,-1.77,OR,null,OS,null,OS,0.4,OK,0.0,BDL,6.06,OK
2017-05-22 22:00:00,24.33,OK,-1.76,OR,null,OS,null,OS,0.44,OK,0.0,BDL,10.74,OK
2017-05-22 23:00:00,23.53,OK,-1.83,OR,null,OS,null,OS,0.41,OK,0.0,BDL,7.39,OK
2017-05-23 00:00:00,17.98,OK,-1.79,OR,null,OS,null,OS,0.46,OK,0.0,BDL,5.6,OK
2017-05-23 01:00:00,11.52,OK,-1.73,OR,null,OS,null,OS,0.48,OK,0.0,BDL,13.01,OK
2017-05-23 02:00:00,7.83,OK,-1.46,OR,null,OS,null,OS,0.49,OK,0.0,BDL,17.39,OK
2017-05-23 03:00:00,15.52,OK,-1.19,OR,null,OS,null,OS,0.41,OK,0.0,BDL,11.26,OK
2017-05-23 04:00:00,25.63,OK,-0.95,BDL,null,OS,null,OS,0.32,OK,0.0,BDL,11.37,OK
2017-05-23 05:00:00,21.78,OK,-0.0,BDL,null,OS,null,OS,0.35,OK,0.0,BDL,8.7,OK
2017-05-23 06:00:00,17.7,OK,0.0,BDL,null,OS,null,OS,0.51,OK,0.0,BDL,6.49,OK
2017-05-23 07:00:00,32.3,OK,-0.19,BDL,null,OS,null,OS,0.38,OK,0.0,BDL,12.01,OK
2017-05-23 08:00:00,38.56,OK,-0.22,BDL,null,OS,null,OS,0.45,OK,0.0,BDL,2.8,BDL
2017-05-23 09:00:00,51.71,OK,-0.68,BDL,null,OS,null,OS,0.44,OK,0.0,BDL,13.77,OK
2017-05-23 10:00:00,66.25,OK,-0.72,BDL,null,OS,null,OS,0.41,OK,0.0,BDL,12.2,OK
2017-05-23 11:00:00,65.02,OK,-0.23,BDL,null,OS,null,OS,0.37,OK,0.0,BDL,10.26,OK
2017-05-23 12:00:00,57.86,OK,-1.33,OR,null,OS,null,OS,0.38,OK,0.0,BDL,6.81,OK
2017-05-23 13:00:00,54.92,OK,-1.71,OR,null,OS,null,OS,0.42,OK,0.0,BDL,8.56,OK
2017-05-23 14:00:00,53.78,OK,-1.79,OR,null,OS,null,OS,0.4,OK,0.0,BDL,6.64,OK
2017-05-23 15:00:00,50.33,OK,-1.81,OR,null,OS,null,OS,0.36,OK,0.0,BDL,2.67,BDL
2017-05-23 16:00:00,47.55,OK,-1.82,OR,null,OS,null,OS,0.35,OK,0.0,BDL,7.3,OK
2017-05-23 17:00:00,41.27,OK,-1.84,OR,null,OS,null,OS,0.43,OK,0.0,BDL,5.32,OK
2017-05-23 18:00:00,32.6,OK,-1.82,OR,null,OS,null,OS,0.49,OK,0.0,BDL,5.63,OK
2017-05-23 19:00:00,28.97,OK,-1.71,OR,null,OS,null,OS,0.44,OK,0.0,BDL,7.27,OK
2017-05-23 20:00:00,27.69,OK,-1.68,OR,null,OS,null,OS,0.44,OK,0.0,BDL,2.34,BDL
2017-05-23 21:00:00,26.31,OK,-1.69,OR,null,OS,null,OS,0.44,OK,0.0,BDL,10.4,OK
2017-05-23 22:00:00,33.8,OK,-1.75,OR,null,OS,null,OS,0.33,OK,0.0,BDL,12.05,OK
2017-05-23 23:00:00,27.98,OK,-1.74,OR,null,OS,null,OS,0.35,OK,0.0,BDL,7.51,OK
2017-05-24 00:00:00,20.48,OK,-1.73,OR,null,OS,null,OS,0.41,OK,0.0,BDL,4.27,OK
2017-05-24 01:00:00,9.72,OK,-1.68,OR,null,OS,null,OS,0.51,OK,0.0,BDL,12.41,OK
2017-05-24 02:00:00,14.46,OK,-1.44,OR,null,OS,null,OS,0.36,OK,0.0,BDL,12.74,OK
2017-05-24 03:00:00,25.78,OK,-1.77,OR,null,OS,null,OS,0.28,OK,0.0,BDL,13.94,OK
2017-05-24 04:00:00,25.97,OK,-1.67,OR,null,OS,null,OS,0.28,OK,0.0,BDL,5.18,OK
2017-05-24 05:00:00,20.81,OK,-1.77,OR,null,OS,null,OS,0.38,OK,0.0,BDL,2.21,BDL
2017-05-24 06:00:00,19.9,OK,-1.58,OR,null,OS,null,OS,0.46,OK,0.0,BDL,4.97,OK
2017-05-24 07:00:00,20.21,OK,-1.54,OR,null,OS,null,OS,0.41,OK,0.0,BDL,9.11,OK
2017-05-24 08:00:00,35.73,OK,-1.51,OR,null,OS,null,OS,0.45,OK,0.0,BDL,3.7,BDL
2017-05-24 09:00:00,50.73,OK,-1.54,OR,null,OS,null,OS,0.47,OK,0.0,BDL,10.81,OK
2017-05-24 10:00:00,55.63,OK,-1.64,OR,null,OS,null,OS,0.41,OK,0.0,BDL,13.44,OK
2017-05-24 11:00:00,52.29,OK,-1.54,OR,null,OS,null,OS,0.39,OK,0.0,BDL,5.25,OK
2017-05-24 12:00:00,52.74,OK,-0.54,BDL,null,OS,null,OS,0.4,OK,0.0,BDL,4.29,OK
2017-05-24 13:00:00,50.16,OK,-1.6,OR,null,OS,null,OS,0.39,OK,0.0,BDL,9.88,OK
2017-05-24 14:00:00,49.89,OK,-1.89,OR,null,OS,null,OS,0.36,OK,0.0,BDL,4.57,OK
2017-05-24 15:00:00,49.98,OK,-1.93,OR,null,OS,null,OS,0.34,OK,0.0,BDL,5.33,OK
2017-05-24 16:00:00,49.34,OK,-1.92,OR,null,OS,null,OS,0.35,OK,0.0,BDL,6.12,OK
2017-05-24 17:00:00,43.46,OK,-1.83,OR,null,OS,null,OS,0.42,OK,0.0,BDL,4.24,OK
2017-05-24 18:00:00,27.03,OK,-1.7,OR,null,OS,null,OS,0.63,OK,0.0,BDL,6.12,OK
2017-05-24 19:00:00,29.74,OK,-1.63,OR,null,OS,null,OS,0.62,OK,0.0,BDL,9.66,OK
2017-05-24 20:00:00,33.12,OK,-1.67,OR,null,OS,null,OS,0.5,OK,0.0,BDL,10.44,OK
2017-05-24 21:00:00,29.72,OK,-1.79,OR,null,OS,null,OS,0.47,OK,0.0,BDL,8.86,OK
2017-05-24 22:00:00,30.44,OK,-1.82,OR,null,OS,null,OS,0.4,OK,0.0,BDL,10.24,OK
2017-05-24 23:00:00,28.53,OK,-1.86,OR,null,OS,null,OS,0.39,OK,0.0,BDL,11.39,OK
2017-05-25 00:00:00,32.66,OK,-1.69,OR,null,OS,null,OS,0.33,OK,0.0,BDL,9.74,OK
2017-05-25 01:00:00,34.2,OK,-1.48,OR,null,OS,null,OS,0.32,OK,0.0,BDL,12.64,OK
2017-05-25 02:00:00,33.53,OK,-1.87,OR,null,OS,null,OS,0.32,OK,0.0,BDL,7.01,OK
2017-05-25 03:00:00,36.38,OK,-1.71,OR,null,OS,null,OS,0.31,OK,0.0,BDL,16.27,OK
2017-05-25 04:00:00,33.04,OK,-1.48,OR,null,OS,null,OS,0.29,OK,0.0,BDL,7.1,OK
2017-05-25 05:00:00,29.01,OK,-1.43,OR,null,OS,null,OS,0.33,OK,0.0,BDL,3.18,BDL
2017-05-25 06:00:00,27.84,OK,-1.47,OR,null,OS,null,OS,0.42,OK,0.0,BDL,9.01,OK
2017-05-25 07:00:00,33.64,OK,-1.58,OR,null,OS,null,OS,0.44,OK,0.0,BDL,9.34,OK
2017-05-25 08:00:00,38.92,OK,-1.71,OR,null,OS,null,OS,0.39,OK,0.0,BDL,6.01,OK
2017-05-25 09:00:00,42.31,OK,-1.42,OR,null,OS,null,OS,0.36,OK,0.0,BDL,9.82,OK
2017-05-25 10:00:00,47.01,OK,-1.01,OR,null,OS,null,OS,0.35,OK,0.0,BDL,8.51,OK
2017-05-25 11:00:00,46.34,OK,-1.1,OR,null,OS,null,OS,0.35,OK,0.0,BDL,12.24,OK
2017-05-25 12:00:00,44.77,OK,-1.48,OR,null,OS,null,OS,0.39,OK,0.0,BDL,11.64,OK
2017-05-25 13:00:00,47.18,OK,0.86,BDL,null,OS,null,OS,0.38,OK,0.0,BDL,9.69,OK
2017-05-25 14:00:00,43.64,OK,0.02,BDL,null,OS,null,OS,0.42,OK,0.0,BDL,14.15,OK
2017-05-25 15:00:00,46.08,OK,-1.78,OR,null,OS,null,OS,0.33,OK,0.0,BDL,10.37,OK
2017-05-25 16:00:00,45.59,OK,-1.95,OR,null,OS,null,OS,0.34,OK,0.0,BDL,10.33,OK
2017-05-25 17:00:00,43.81,OK,-1.97,OR,null,OS,null,OS,0.37,OK,0.0,BDL,2.02,BDL
2017-05-25 18:00:00,34.51,OK,-1.81,OR,null,OS,null,OS,0.5,OK,0.0,BDL,4.92,OK
2017-05-25 19:00:00,26.35,OK,-1.71,OR,null,OS,null,OS,0.51,OK,0.0,BDL,6.96,OK
2017-05-25 20:00:00,21.85,OK,-1.66,OR,null,OS,null,OS,0.48,OK,0.0,BDL,15.01,OK
2017-05-25 21:00:00,21.37,OK,-1.73,OR,null,OS,null,OS,0.44,OK,0.0,BDL,11.05,OK
2017-05-25 22:00:00,17.15,OK,-1.87,OR,null,OS,null,OS,0.49,OK,0.0,BDL,14.94,OK
2017-05-25 23:00:00,32.37,OK,-1.87,OR,null,OS,null,OS,0.31,OK,0.0,BDL,10.93,OK
2017-05-26 00:00:00,30.39,OK,-1.88,OR,null,OS,null,OS,0.3,OK,0.0,BDL,10.44,OK
2017-05-26 01:00:00,22.65,OK,-1.97,OR,null,OS,null,OS,0.37,OK,0.0,BDL,10.05,OK
2017-05-26 02:00:00,27.99,OK,-1.95,OR,null,OS,null,OS,0.32,OK,0.0,BDL,8.53,OK
2017-05-26 03:00:00,29.31,OK,-2.02,OR,null,OS,null,OS,0.31,OK,0.0,BDL,12.54,OK
2017-05-26 04:00:00,18.0,OK,-1.92,OR,null,OS,null,OS,0.31,OK,0.0,BDL,10.01,OK
2017-05-26 05:00:00,19.06,OK,-2.02,OR,null,OS,null,OS,0.38,OK,0.0,BDL,7.33,OK
2017-05-26 06:00:00,24.12,OK,-1.97,OR,null,OS,null,OS,0.42,OK,0.0,BDL,12.87,OK
2017-05-26 07:00:00,28.61,OK,-1.78,OR,null,OS,null,OS,0.46,OK,0.0,BDL,10.19,OK
2017-05-26 08:00:00,37.05,OK,-1.49,OR,null,OS,null,OS,0.42,OK,0.0,BDL,7.64,OK
2017-05-26 09:00:00,41.05,OK,-1.05,OR,null,OS,null,OS,0.36,OK,0.0,BDL,10.76,OK
2017-05-26 10:00:00,40.96,OK,-1.29,OR,null,OS,null,OS,0.37,OK,0.0,BDL,10.23,OK
2017-05-26 11:00:00,38.56,OK,-1.52,OR,null,OS,null,OS,0.38,OK,0.0,BDL,5.44,OK
2017-05-26 12:00:00,38.19,OK,-0.93,BDL,null,OS,null,OS,0.41,OK,0.0,BDL,9.16,OK
2017-05-26 13:00:00,34.61,OK,-0.57,BDL,null,OS,null,OS,0.43,OK,0.0,BDL,12.05,OK
2017-05-26 14:00:00,31.94,OK,-1.53,OR,null,OS,null,OS,0.4,OK,0.0,BDL,12.02,OK
2017-05-26 15:00:00,30.25,OK,-1.65,OR,null,OS,null,OS,0.42,OK,0.0,BDL,18.19,OK
2017-05-26 16:00:00,29.43,OK,-1.48,OR,null,OS,null,OS,0.46,OK,0.0,BDL,17.95,OK
2017-05-26 17:00:00,27.82,OK,-1.7,OR,null,OS,null,OS,0.44,OK,0.0,BDL,10.24,OK
2017-05-26 18:00:00,25.4,OK,-1.85,OR,null,OS,null,OS,0.46,OK,0.0,BDL,10.2,OK
2017-05-26 19:00:00,21.77,OK,-1.81,OR,null,OS,null,OS,0.53,OK,0.0,BDL,7.16,OK
2017-05-26 20:00:00,18.09,OK,-1.7,OR,null,OS,null,OS,0.63,OK,0.0,BDL,12.63,OK
2017-05-26 21:00:00,15.88,OK,-1.66,OR,null,OS,null,OS,0.64,OK,0.0,BDL,25.32,OK
2017-05-26 22:00:00,17.3,OK,-1.8,OR,null,OS,null,OS,0.53,OK,0.0,BDL,16.91,OK
2017-05-26 23:00:00,19.69,OK,-1.76,OR,null,OS,null,OS,0.49,OK,0.0,BDL,10.51,OK
2017-05-27 00:00:00,22.82,OK,-1.84,OR,null,OS,null,OS,0.45,OK,0.0,BDL,14.0,OK
2017-05-27 01:00:00,24.43,OK,-1.93,OR,null,OS,null,OS,0.4,OK,0.0,BDL,11.18,OK
2017-05-27 02:00:00,19.98,OK,-1.9,OR,null,OS,null,OS,0.41,OK,0.0,BDL,9.79,OK
2017-05-27 03:00:00,11.11,OK,-1.86,OR,null,OS,null,OS,0.42,OK,0.0,BDL,20.65,OK
2017-05-27 04:00:00,10.62,OK,-1.84,OR,null,OS,null,OS,0.41,OK,0.0,BDL,17.7,OK
2017-05-27 05:00:00,8.36,OK,-1.72,OR,null,OS,null,OS,0.45,OK,0.0,BDL,12.07,OK
2017-05-27 06:00:00,14.52,OK,-1.64,OR,null,OS,null,OS,0.47,OK,0.0,BDL,13.23,OK
2017-05-27 07:00:00,27.0,OK,-1.78,OR,null,OS,null,OS,0.46,OK,0.0,BDL,9.52,OK
2017-05-27 08:00:00,33.99,OK,-1.86,OR,null,OS,null,OS,0.4,OK,0.0,BDL,13.96,OK
2017-05-27 09:00:00,35.85,OK,-1.96,OR,null,OS,null,OS,0.36,OK,0.0,BDL,7.57,OK
2017-05-27 10:00:00,36.0,OK,-1.97,OR,null,OS,null,OS,0.36,OK,0.0,BDL,10.42,OK
2017-05-27 11:00:00,34.99,OK,-1.94,OR,null,OS,null,OS,0.4,OK,0.0,BDL,6.4,OK
2017-05-27 12:00:00,34.31,OK,-1.99,OR,null,OS,null,OS,0.38,OK,0.0,BDL,9.4,OK
2017-05-27 13:00:00,35.86,OK,-1.83,OR,null,OS,null,OS,0.36,OK,0.0,BDL,7.75,OK
2017-05-27 14:00:00,38.55,OK,-1.16,OR,null,OS,null,OS,0.35,OK,0.0,BDL,9.45,OK
2017-05-27 15:00:00,38.09,OK,-1.13,OR,null,OS,null,OS,0.33,OK,0.0,BDL,7.04,OK
2017-05-27 16:00:00,34.47,OK,-1.59,OR,null,OS,null,OS,0.32,OK,0.0,BDL,11.51,OK
2017-05-27 17:00:00,35.4,OK,-1.79,OR,null,OS,null,OS,0.34,OK,0.0,BDL,10.69,OK
2017-05-27 18:00:00,36.81,OK,-1.83,OR,null,OS,null,OS,0.37,OK,0.0,BDL,5.08,OK
2017-05-27 19:00:00,32.53,OK,-1.9,OR,null,OS,null,OS,0.48,OK,0.0,BDL,2.83,BDL
2017-05-27 20:00:00,27.98,OK,-1.77,OR,null,OS,null,OS,0.48,OK,0.0,BDL,11.42,OK
2017-05-27 21:00:00,15.26,OK,-1.7,OR,null,OS,null,OS,0.7,OK,0.0,BDL,8.1,OK
2017-05-27 22:00:00,12.18,OK,-1.48,OR,null,OS,null,OS,0.78,OK,0.0,BDL,13.82,OK
2017-05-27 23:00:00,10.0,OK,-1.73,OR,null,OS,null,OS,0.73,OK,0.0,BDL,17.98,OK
2017-05-28 00:00:00,4.16,OK,-1.74,OR,null,OS,null,OS,0.84,OK,0.0,BDL,15.56,OK
2017-05-28 01:00:00,3.28,OK,-1.66,OR,null,OS,null,OS,0.76,OK,0.0,BDL,18.07,OK
2017-05-28 02:00:00,12.23,OK,-1.73,OR,null,OS,null,OS,0.37,OK,0.0,BDL,17.73,OK
2017-05-28 03:00:00,18.71,OK,-1.67,OR,null,OS,null,OS,0.27,OK,0.0,BDL,15.1,OK
2017-05-28 04:00:00,18.45,OK,-1.76,OR,null,OS,null,OS,0.27,OK,0.0,BDL,16.3,OK
2017-05-28 05:00:00,16.41,OK,-1.71,OR,null,OS,null,OS,0.31,OK,0.0,BDL,5.4,OK
2017-05-28 06:00:00,19.17,OK,-1.71,OR,null,OS,null,OS,0.36,OK,0.0,BDL,4.63,OK
2017-05-28 07:00:00,34.46,OK,-1.79,OR,null,OS,null,OS,0.34,OK,0.0,BDL,4.01,OK
2017-05-28 08:00:00,41.8,OK,-1.81,OR,null,OS,null,OS,0.35,OK,0.0,BDL,7.35,OK
2017-05-28 09:00:00,57.4,OK,-1.81,OR,null,OS,null,OS,0.35,OK,0.0,BDL,12.03,OK
2017-05-28 10:00:00,66.38,OK,-1.84,OR,null,OS,null,OS,0.31,OK,0.0,BDL,10.4,OK
2017-05-28 11:00:00,65.97,OK,-1.9,OR,null,OS,null,OS,0.27,OK,0.0,BDL,5.92,OK
2017-05-28 12:00:00,62.67,OK,-1.99,OR,null,OS,null,OS,0.26,OK,0.0,BDL,4.2,OK
2017-05-28 13:00:00,57.97,OK,-2.01,OR,null,OS,null,OS,0.31,OK,0.0,BDL,4.73,OK
2017-05-28 14:00:00,57.62,OK,-1.98,OR,null,OS,null,OS,0.29,OK,0.0,BDL,1.08,BDL
2017-05-28 15:00:00,54.41,OK,-2.0,OR,null,OS,null,OS,0.29,OK,0.0,BDL,7.55,OK
2017-05-28 16:00:00,52.25,OK,-2.03,OR,null,OS,null,OS,0.28,OK,0.0,BDL,6.44,OK
2017-05-28 17:00:00,50.52,OK,-2.04,OR,null,OS,null,OS,0.3,OK,0.0,BDL,3.7,BDL
2017-05-28 18:00:00,40.4,OK,-1.79,OR,null,OS,null,OS,0.39,OK,0.0,BDL,2.66,BDL
2017-05-28 19:00:00,32.32,OK,-1.87,OR,null,OS,null,OS,0.43,OK,0.0,BDL,8.95,OK
2017-05-28 20:00:00,26.98,OK,-1.91,OR,null,OS,null,OS,0.46,OK,0.0,BDL,9.99,OK
2017-05-28 21:00:00,22.88,OK,-1.82,OR,null,OS,null,OS,0.47,OK,0.0,BDL,8.7,OK
2017-05-28 22:00:00,23.52,OK,-1.88,OR,null,OS,null,OS,0.45,OK,0.0,BDL,7.34,OK
2017-05-28 23:00:00,18.35,OK,-1.89,OR,null,OS,null,OS,0.55,OK,0.0,BDL,10.22,OK
2017-05-29 00:00:00,7.47,OK,-1.77,OR,null,OS,null,OS,0.64,OK,0.0,BDL,10.01,OK
2017-05-29 01:00:00,17.2,OK,-1.83,OR,null,OS,null,OS,0.42,OK,0.0,BDL,8.06,OK
2017-05-29 02:00:00,9.17,OK,-1.65,OR,null,OS,null,OS,0.47,OK,0.0,BDL,14.47,OK
2017-05-29 03:00:00,5.8,OK,-1.73,OR,null,OS,null,OS,0.4,OK,0.0,BDL,22.29,OK
2017-05-29 04:00:00,11.78,OK,-1.8,OR,null,OS,null,OS,0.32,OK,0.0,BDL,17.57,OK
2017-05-29 05:00:00,12.58,OK,-1.74,OR,null,OS,null,OS,0.41,OK,0.0,BDL,3.96,BDL
2017-05-29 06:00:00,14.36,OK,-1.67,OR,null,OS,null,OS,0.56,OK,0.0,BDL,7.04,OK
2017-05-29 07:00:00,30.16,OK,-1.78,OR,null,OS,null,OS,0.48,OK,-26.68,OR,7.23,OK
2017-05-29 08:00:00,40.22,OK,-1.85,OR,null,OS,null,OS,0.49,OK,240.01,OK,4.01,OK
2017-05-29 09:00:00,46.36,OK,-1.93,OR,null,OS,null,OS,0.37,OK,137.21,OK,9.43,OK
2017-05-29 10:00:00,47.69,OK,-1.96,OR,null,OS,null,OS,0.35,OK,50.62,OK,2.56,BDL
2017-05-29 11:00:00,49.02,OK,-1.88,OR,null,OS,null,OS,0.35,OK,30.32,OK,2.98,BDL
2017-05-29 12:00:00,45.57,OK,-1.92,OR,null,OS,null,OS,0.41,OK,29.16,OK,1.88,BDL
2017-05-29 13:00:00,45.42,OK,-1.96,OR,null,OS,null,OS,0.39,OK,80.37,OK,7.11,OK
2017-05-29 14:00:00,43.41,OK,-1.85,OR,null,OS,null,OS,0.42,OK,44.01,OK,8.17,OK
2017-05-29 15:00:00,46.28,OK,-0.97,BDL,null,OS,null,OS,0.37,OK,64.76,OK,11.57,OK
2017-05-29 16:00:00,44.67,OK,-1.68,OR,null,OS,null,OS,0.37,OK,46.06,OK,8.38,OK
2017-05-29 17:00:00,40.92,OK,-1.94,OR,null,OS,null,OS,0.44,OK,37.3,OK,1.23,BDL
2017-05-29 18:00:00,29.3,OK,-1.78,OR,null,OS,null,OS,0.53,OK,46.65,OK,7.67,OK
2017-05-29 19:00:00,26.6,OK,-1.6,OR,null,OS,null,OS,0.56,OK,58.6,OK,8.94,OK
2017-05-29 20:00:00,23.42,OK,-1.72,OR,null,OS,null,OS,0.47,OK,48.54,OK,10.9,OK
2017-05-29 21:00:00,20.61,OK,-1.76,OR,null,OS,null,OS,0.49,OK,60.88,OK,13.67,OK
2017-05-29 22:00:00,23.41,OK,-1.73,OR,null,OS,null,OS,0.44,OK,56.55,OK,13.65,OK
2017-05-29 23:00:00,22.35,OK,-1.75,OR,null,OS,null,OS,0.37,OK,36.6,OK,10.3,OK
2017-05-30 00:00:00,24.38,OK,-1.83,OR,null,OS,null,OS,0.35,OK,46.62,OK,13.21,OK
2017-05-30 01:00:00,32.72,OK,-1.88,OR,null,OS,null,OS,0.31,OK,28.33,OK,7.94,OK
2017-05-30 02:00:00,29.7,OK,-1.87,OR,null,OS,null,OS,0.31,OK,14.68,OK,4.51,OK
2017-05-30 03:00:00,19.18,OK,-1.7,OR,null,OS,null,OS,0.33,OK,36.32,OK,8.65,OK
2017-05-30 04:00:00,15.09,OK,-1.21,OR,null,OS,null,OS,0.34,OK,49.97,OK,12.59,OK
2017-05-30 05:00:00,13.47,OK,0.44,BDL,null,OS,null,OS,0.41,OK,43.94,OK,6.76,OK
2017-05-30 06:00:00,11.28,OK,-0.24,BDL,null,OS,null,OS,0.63,OK,56.53,OK,6.53,OK
2017-05-30 07:00:00,26.13,OK,0.48,BDL,null,OS,null,OS,0.44,OK,63.39,OK,9.54,OK
2017-05-30 08:00:00,31.57,OK,-0.4,BDL,null,OS,null,OS,0.41,OK,53.56,OK,10.76,OK
2017-05-30 09:00:00,41.51,OK,-1.8,OR,null,OS,null,OS,0.36,OK,49.96,OK,9.1,OK
2017-05-30 10:00:00,44.49,OK,-1.88,OR,null,OS,null,OS,0.39,OK,28.3,OK,3.25,BDL
2017-05-30 11:00:00,46.86,OK,-1.8,OR,null,OS,null,OS,0.36,OK,27.2,OK,3.28,BDL
2017-05-30 12:00:00,51.02,OK,-1.73,OR,null,OS,null,OS,0.38,OK,25.64,OK,5.25,OK
2017-05-30 13:00:00,53.5,OK,-1.63,OR,null,OS,null,OS,0.39,OK,22.44,OK,6.3,OK
2017-05-30 14:00:00,52.07,OK,-1.74,OR,null,OS,null,OS,0.41,OK,17.0,OK,5.76,OK
2017-05-30 15:00:00,51.47,OK,-0.95,BDL,null,OS,null,OS,0.43,OK,25.22,OK,22.8,OK
2017-05-30 16:00:00,46.41,OK,-1.39,OR,null,OS,null,OS,0.41,OK,82.61,OK,8.61,OK
2017-05-30 17:00:00,43.08,OK,-1.81,OR,null,OS,null,OS,0.45,OK,95.06,OK,14.56,OK
2017-05-30 18:00:00,33.85,OK,-1.77,OR,null,OS,null,OS,0.58,OK,62.52,OK,9.16,OK
2017-05-30 19:00:00,29.47,OK,-1.82,OR,null,OS,null,OS,0.58,OK,50.43,OK,5.21,OK
2017-05-30 20:00:00,27.93,OK,-1.99,OR,null,OS,null,OS,0.51,OK,47.49,OK,10.27,OK
2017-05-30 21:00:00,21.52,OK,-1.99,OR,null,OS,null,OS,0.54,OK,51.29,OK,13.04,OK
2017-05-30 22:00:00,16.74,OK,-2.03,OR,null,OS,null,OS,0.61,OK,51.75,OK,14.71,OK
2017-05-30 23:00:00,14.19,OK,-2.07,OR,null,OS,null,OS,0.53,OK,46.16,OK,13.46,OK
2017-05-31 00:00:00,15.72,OK,-2.05,OR,null,OS,null,OS,0.47,OK,58.86,OK,11.46,OK
2017-05-31 01:00:00,9.34,OK,-2.07,OR,null,OS,null,OS,0.49,OK,63.55,OK,15.56,OK
2017-05-31 02:00:00,14.35,OK,-2.07,OR,null,OS,null,OS,0.4,OK,64.16,OK,17.09,OK
2017-05-31 03:00:00,13.95,OK,-2.07,OR,null,OS,null,OS,0.38,OK,57.99,OK,14.8,OK
2017-05-31 04:00:00,15.68,OK,-1.99,OR,null,OS,null,OS,0.35,OK,49.2,OK,12.99,OK
2017-05-31 05:00:00,15.98,OK,-1.92,OR,null,OS,null,OS,0.44,OK,45.63,OK,3.32,BDL
2017-05-31 06:00:00,17.59,OK,-1.85,OR,null,OS,null,OS,0.57,OK,62.36,OK,12.25,OK
2017-05-31 07:00:00,32.96,OK,-1.64,OR,null,OS,null,OS,0.48,OK,66.45,OK,9.87,OK
2017-05-31 08:00:00,40.19,OK,-1.5,OR,null,OS,null,OS,0.42,OK,45.02,OK,10.89,OK
2017-05-31 09:00:00,41.27,OK,-1.5,OR,null,OS,null,OS,0.4,OK,40.84,OK,9.5,OK
2017-05-31 10:00:00,44.62,OK,-1.71,OR,null,OS,null,OS,0.37,OK,66.41,OK,8.74,OK
2017-05-31 11:00:00,46.93,OK,-1.83,OR,null,OS,null,OS,0.38,OK,65.47,OK,10.24,OK
2017-05-31 12:00:00,46.54,OK,-1.96,OR,null,OS,null,OS,0.39,OK,21.81,OK,5.31,OK
2017-05-31 13:00:00,47.46,OK,-1.09,OR,null,OS,null,OS,0.4,OK,26.16,OK,5.93,OK
2017-05-31 14:00:00,47.4,OK,-0.75,BDL,null,OS,null,OS,0.44,OK,51.01,OK,15.01,OK
2017-05-31 15:00:00,47.34,OK,-0.72,BDL,null,OS,null,OS,0.4,OK,51.95,OK,9.99,OK
2017-05-31 16:00:00,41.63,OK,-1.62,OR,null,OS,null,OS,0.41,OK,144.41,OK,15.86,OK
2017-05-31 17:00:00,36.19,OK,-1.8,OR,null,OS,null,OS,0.43,OK,107.36,OK,12.58,OK
2017-05-31 18:00:00,31.44,OK,-1.87,OR,null,OS,null,OS,0.5,OK,62.15,OK,11.19,OK
2017-05-31 19:00:00,29.21,OK,-2.01,OR,null,OS,null,OS,0.47,OK,46.99,OK,7.19,OK
2017-05-31 20:00:00,26.56,OK,-2.05,OR,null,OS,null,OS,0.47,OK,28.49,OK,7.77,OK
2017-05-31 21:00:00,29.03,OK,-2.06,OR,null,OS,null,OS,0.44,OK,26.3,OK,10.22,OK
2017-05-31 22:00:00,30.1,OK,-2.04,OR,null,OS,null,OS,0.42,OK,21.72,OK,8.96,OK
2017-05-31 23:00:00,26.81,OK,-1.99,OR,null,OS,null,OS,0.43,OK,35.03,OK,13.52,OK
