Red Universitaria de Observatorios Atmosfericos (RUOA)
Atmospheric Observatory Hermosillo (erno), Sonora
Lat 29.0814 N, Lon 110.9706 W, Alt 154 masl
Time UTC-7h
Air Quality data
Flags: OK = Reliable data, BDL = Below Detection Limit, OR = Out of Range, OS = Out of Service 
 
Time,O3,O3_flag,SO2,SO2_flag,NO2,NO2_flag,NO,NO_flag,CO,CO_flag,PM10,PM10_flag,PM2.5,PM2.5_flag
yyyy-mm-dd HH:MM:SS,ppb,flag,ppb,flag,ppb,flag,ppb,flag,ppm,flag,ug/m^3,flag,ug/m^3,flag
2017-09-01 00:00:00,17.88,OK,-1.92,OR,null,OS,null,OS,0.39,OK,27.4,OK,0.85,BDL
2017-09-01 01:00:00,18.24,OK,-1.89,OR,null,OS,null,OS,0.4,OK,23.81,OK,-0.89,BDL
2017-09-01 02:00:00,17.63,OK,-1.9,OR,null,OS,null,OS,0.39,OK,24.47,OK,5.03,OK
2017-09-01 03:00:00,17.22,OK,-1.91,OR,null,OS,null,OS,0.37,OK,17.81,OK,0.74,BDL
2017-09-01 04:00:00,16.73,OK,-1.96,OR,null,OS,null,OS,0.38,OK,17.15,OK,0.44,BDL
2017-09-01 05:00:00,14.69,OK,-1.89,OR,null,OS,null,OS,0.41,OK,15.84,OK,-1.04,BDL
2017-09-01 06:00:00,10.85,OK,-1.92,OR,null,OS,null,OS,0.53,OK,31.73,OK,2.2,BDL
2017-09-01 07:00:00,11.2,OK,-1.85,OR,null,OS,null,OS,0.62,OK,43.36,OK,6.39,OK
2017-09-01 08:00:00,17.23,OK,-1.88,OR,null,OS,null,OS,0.53,OK,37.11,OK,-7.62,OR
2017-09-01 09:00:00,22.68,OK,-1.86,OR,null,OS,null,OS,0.62,OK,49.46,OK,9.94,OK
2017-09-01 10:00:00,22.95,OK,-1.89,OR,null,OS,null,OS,0.57,OK,64.02,OK,10.76,OK
2017-09-01 11:00:00,19.7,OK,-1.89,OR,null,OS,null,OS,0.55,OK,42.51,OK,10.12,OK
2017-09-01 12:00:00,18.23,OK,-1.89,OR,null,OS,null,OS,0.6,OK,26.62,OK,-1.23,BDL
2017-09-01 13:00:00,17.44,OK,-1.84,OR,null,OS,null,OS,0.55,OK,40.59,OK,7.65,OK
2017-09-01 14:00:00,17.06,OK,-1.88,OR,null,OS,null,OS,0.57,OK,20.97,OK,3.09,BDL
2017-09-01 15:00:00,15.93,OK,-1.9,OR,null,OS,null,OS,0.55,OK,13.16,OK,-1.65,BDL
2017-09-01 16:00:00,12.84,OK,-1.85,OR,null,OS,null,OS,0.56,OK,21.85,OK,7.72,OK
2017-09-01 17:00:00,11.73,OK,-1.8,OR,null,OS,null,OS,0.54,OK,6.44,OK,5.98,OK
2017-09-01 18:00:00,11.09,OK,-1.88,OR,null,OS,null,OS,0.54,OK,6.13,OK,4.0,OK
2017-09-01 19:00:00,7.66,OK,-1.87,OR,null,OS,null,OS,0.58,OK,13.93,OK,5.4,OK
2017-09-01 20:00:00,10.85,OK,-1.87,OR,null,OS,null,OS,0.51,OK,14.14,OK,7.01,OK
2017-09-01 21:00:00,11.8,OK,-1.85,OR,null,OS,null,OS,0.45,OK,10.79,OK,6.39,OK
2017-09-01 22:00:00,11.66,OK,-1.9,OR,null,OS,null,OS,0.45,OK,12.15,OK,4.59,OK
2017-09-01 23:00:00,12.58,OK,-1.98,OR,null,OS,null,OS,0.42,OK,10.64,OK,6.14,OK
2017-09-02 00:00:00,14.75,OK,-1.97,OR,null,OS,null,OS,0.41,OK,8.96,OK,3.03,BDL
2017-09-02 01:00:00,15.34,OK,-1.93,OR,null,OS,null,OS,0.4,OK,3.66,BDL,3.5,BDL
2017-09-02 02:00:00,17.07,OK,-1.91,OR,null,OS,null,OS,0.38,OK,3.83,BDL,1.71,BDL
2017-09-02 03:00:00,14.04,OK,-1.91,OR,null,OS,null,OS,0.38,OK,-0.66,BDL,-1.12,BDL
2017-09-02 04:00:00,13.01,OK,-1.99,OR,null,OS,null,OS,0.38,OK,2.63,BDL,4.4,OK
2017-09-02 05:00:00,11.39,OK,-1.93,OR,null,OS,null,OS,0.4,OK,4.18,OK,2.27,BDL
2017-09-02 06:00:00,10.62,OK,-1.97,OR,null,OS,null,OS,0.44,OK,8.67,OK,2.5,BDL
2017-09-02 07:00:00,11.44,OK,-1.97,OR,null,OS,null,OS,0.49,OK,-4.39,OR,-1.27,BDL
2017-09-02 08:00:00,12.06,OK,-1.87,OR,null,OS,null,OS,0.5,OK,15.98,OK,5.78,OK
2017-09-02 09:00:00,12.87,OK,-1.9,OR,null,OS,null,OS,0.5,OK,11.18,OK,-1.51,BDL
2017-09-02 10:00:00,14.75,OK,-1.96,OR,null,OS,null,OS,0.49,OK,16.25,OK,6.72,OK
2017-09-02 11:00:00,14.94,OK,-1.92,OR,null,OS,null,OS,0.52,OK,19.28,OK,3.98,BDL
2017-09-02 12:00:00,12.53,OK,-1.88,OR,null,OS,null,OS,0.62,OK,14.47,OK,4.5,OK
2017-09-02 13:00:00,11.96,OK,-1.88,OR,null,OS,null,OS,0.6,OK,8.7,OK,1.55,BDL
2017-09-02 14:00:00,12.81,OK,-1.86,OR,null,OS,null,OS,0.55,OK,18.1,OK,1.29,BDL
2017-09-02 15:00:00,10.55,OK,-1.92,OR,null,OS,null,OS,0.58,OK,18.39,OK,2.6,BDL
2017-09-02 16:00:00,5.85,OK,-1.84,OR,null,OS,null,OS,0.55,OK,16.77,OK,4.63,OK
2017-09-02 17:00:00,4.36,OK,-1.87,OR,null,OS,null,OS,0.56,OK,15.55,OK,4.2,OK
2017-09-02 18:00:00,4.02,OK,-1.86,OR,null,OS,null,OS,0.61,OK,17.01,OK,1.77,BDL
2017-09-02 19:00:00,4.22,OK,-1.93,OR,null,OS,null,OS,0.59,OK,20.35,OK,9.45,OK
2017-09-02 20:00:00,4.21,OK,-1.91,OR,null,OS,null,OS,0.53,OK,15.57,OK,2.34,BDL
2017-09-02 21:00:00,2.21,OK,-1.9,OR,null,OS,null,OS,0.68,OK,25.0,OK,7.69,OK
2017-09-02 22:00:00,2.88,OK,-1.83,OR,null,OS,null,OS,0.65,OK,21.79,OK,5.78,OK
2017-09-02 23:00:00,2.69,OK,-1.9,OR,null,OS,null,OS,0.59,OK,20.07,OK,4.51,OK
2017-09-03 00:00:00,1.27,OK,-1.89,OR,null,OS,null,OS,0.69,OK,25.89,OK,3.24,BDL
2017-09-03 01:00:00,1.07,OK,-1.83,OR,null,OS,null,OS,0.75,OK,33.66,OK,7.89,OK
2017-09-03 02:00:00,1.29,OK,-1.89,OR,null,OS,null,OS,0.55,OK,26.43,OK,9.37,OK
2017-09-03 03:00:00,2.59,OK,-1.92,OR,null,OS,null,OS,0.47,OK,16.36,OK,3.65,BDL
2017-09-03 04:00:00,4.75,OK,-1.93,OR,null,OS,null,OS,0.46,OK,9.12,OK,0.74,BDL
2017-09-03 05:00:00,2.54,OK,-1.87,OR,null,OS,null,OS,0.51,OK,19.09,OK,3.25,BDL
2017-09-03 06:00:00,4.75,OK,-1.86,OR,null,OS,null,OS,0.53,OK,5.81,OK,4.59,OK
2017-09-03 07:00:00,9.79,OK,-1.91,OR,null,OS,null,OS,0.53,OK,14.96,OK,-2.74,BDL
2017-09-03 08:00:00,17.16,OK,-1.95,OR,null,OS,null,OS,0.46,OK,43.01,OK,10.19,OK
2017-09-03 09:00:00,23.72,OK,-1.87,OR,null,OS,null,OS,0.51,OK,25.21,OK,10.69,OK
2017-09-03 10:00:00,28.75,OK,-1.93,OR,null,OS,null,OS,0.53,OK,19.61,OK,1.52,BDL
2017-09-03 11:00:00,20.94,OK,-1.83,OR,null,OS,null,OS,0.47,OK,23.92,OK,1.54,BDL
2017-09-03 12:00:00,25.39,OK,-1.87,OR,null,OS,null,OS,0.46,OK,12.12,OK,3.51,BDL
2017-09-03 13:00:00,24.4,OK,-1.9,OR,null,OS,null,OS,0.47,OK,15.61,OK,6.48,OK
2017-09-03 14:00:00,25.62,OK,-1.86,OR,null,OS,null,OS,0.47,OK,13.12,OK,4.42,OK
2017-09-03 15:00:00,27.6,OK,-1.87,OR,null,OS,null,OS,0.47,OK,17.27,OK,2.02,BDL
2017-09-03 16:00:00,25.52,OK,-1.83,OR,null,OS,null,OS,0.47,OK,12.45,OK,5.26,OK
2017-09-03 17:00:00,22.92,OK,-1.81,OR,null,OS,null,OS,0.52,OK,4.94,OK,-3.44,BDL
2017-09-03 18:00:00,21.57,OK,-1.85,OR,null,OS,null,OS,0.53,OK,9.19,OK,4.76,OK
2017-09-03 19:00:00,14.86,OK,-1.82,OR,null,OS,null,OS,0.49,OK,16.91,OK,14.26,OK
2017-09-03 20:00:00,15.23,OK,-1.9,OR,null,OS,null,OS,0.48,OK,12.05,OK,-0.18,BDL
2017-09-03 21:00:00,14.01,OK,-1.86,OR,null,OS,null,OS,0.45,OK,9.58,OK,1.9,BDL
2017-09-03 22:00:00,13.18,OK,-1.86,OR,null,OS,null,OS,0.44,OK,10.99,OK,5.35,OK
2017-09-03 23:00:00,11.05,OK,-1.89,OR,null,OS,null,OS,0.43,OK,12.39,OK,10.88,OK
2017-09-04 00:00:00,10.47,OK,-1.91,OR,null,OS,null,OS,0.42,OK,12.58,OK,4.02,OK
2017-09-04 01:00:00,12.23,OK,-1.91,OR,null,OS,null,OS,0.41,OK,8.66,OK,-0.04,BDL
2017-09-04 02:00:00,12.7,OK,-1.91,OR,null,OS,null,OS,0.4,OK,18.78,OK,7.79,OK
2017-09-04 03:00:00,12.69,OK,-1.92,OR,null,OS,null,OS,0.42,OK,13.51,OK,2.45,BDL
2017-09-04 04:00:00,5.71,OK,-1.9,OR,null,OS,null,OS,0.49,OK,14.54,OK,7.6,OK
2017-09-04 05:00:00,1.84,OK,-1.81,OR,null,OS,null,OS,0.75,OK,16.35,OK,6.32,OK
2017-09-04 06:00:00,6.7,OK,-1.84,OR,null,OS,null,OS,0.81,OK,36.24,OK,-0.81,BDL
2017-09-04 07:00:00,10.81,OK,-1.76,OR,null,OS,null,OS,0.98,OK,61.63,OK,14.31,OK
2017-09-04 08:00:00,23.15,OK,-1.79,OR,null,OS,null,OS,0.91,OK,53.53,OK,7.37,OK
2017-09-04 09:00:00,31.74,OK,-1.82,OR,null,OS,null,OS,0.82,OK,67.01,OK,13.71,OK
2017-09-04 10:00:00,31.99,OK,-1.88,OR,null,OS,null,OS,0.63,OK,48.8,OK,10.24,OK
2017-09-04 11:00:00,27.76,OK,-1.84,OR,null,OS,null,OS,0.59,OK,30.75,OK,3.47,BDL
2017-09-04 12:00:00,25.03,OK,-1.92,OR,null,OS,null,OS,0.63,OK,25.36,OK,8.74,OK
2017-09-04 13:00:00,27.37,OK,-1.84,OR,null,OS,null,OS,0.58,OK,18.15,OK,5.23,OK
2017-09-04 14:00:00,28.46,OK,-1.78,OR,null,OS,null,OS,0.6,OK,15.34,OK,5.15,OK
2017-09-04 15:00:00,24.66,OK,-1.81,OR,null,OS,null,OS,0.61,OK,10.71,OK,1.66,BDL
2017-09-04 16:00:00,23.56,OK,-1.85,OR,null,OS,null,OS,0.62,OK,19.06,OK,0.05,BDL
2017-09-04 17:00:00,20.88,OK,-1.83,OR,null,OS,null,OS,0.66,OK,24.21,OK,8.25,OK
2017-09-04 18:00:00,15.97,OK,-1.85,OR,null,OS,null,OS,0.66,OK,20.52,OK,3.16,BDL
2017-09-04 19:00:00,14.7,OK,-1.9,OR,null,OS,null,OS,0.6,OK,14.57,OK,2.16,BDL
2017-09-04 20:00:00,15.14,OK,-1.81,OR,null,OS,null,OS,0.51,OK,10.72,OK,-2.5,BDL
2017-09-04 21:00:00,14.04,OK,-1.84,OR,null,OS,null,OS,0.46,OK,17.33,OK,5.32,OK
2017-09-04 22:00:00,16.2,OK,-1.88,OR,null,OS,null,OS,0.43,OK,17.53,OK,1.28,BDL
2017-09-04 23:00:00,17.57,OK,-1.89,OR,null,OS,null,OS,0.42,OK,13.3,OK,2.88,BDL
2017-09-05 00:00:00,19.92,OK,-1.88,OR,null,OS,null,OS,0.41,OK,13.52,OK,13.91,OK
2017-09-05 01:00:00,22.96,OK,-1.88,OR,null,OS,null,OS,0.4,OK,20.84,OK,0.48,BDL
2017-09-05 02:00:00,20.92,OK,-1.88,OR,null,OS,null,OS,0.41,OK,13.73,OK,5.25,OK
2017-09-05 03:00:00,21.95,OK,-1.86,OR,null,OS,null,OS,0.41,OK,16.63,OK,-1.08,BDL
2017-09-05 04:00:00,23.89,OK,-1.93,OR,null,OS,null,OS,0.42,OK,7.22,OK,5.21,OK
2017-09-05 05:00:00,20.07,OK,-1.96,OR,null,OS,null,OS,0.49,OK,12.44,OK,-0.29,BDL
2017-09-05 06:00:00,15.69,OK,-1.89,OR,null,OS,null,OS,0.61,OK,11.93,OK,4.19,OK
2017-09-05 07:00:00,18.67,OK,-1.87,OR,null,OS,null,OS,0.61,OK,41.88,OK,7.23,OK
2017-09-05 08:00:00,24.99,OK,-1.87,OR,null,OS,null,OS,0.49,OK,43.58,OK,9.83,OK
2017-09-05 09:00:00,27.48,OK,-1.87,OR,null,OS,null,OS,0.52,OK,33.53,OK,1.42,BDL
2017-09-05 10:00:00,31.63,OK,-1.89,OR,null,OS,null,OS,0.55,OK,31.59,OK,6.26,OK
2017-09-05 11:00:00,37.03,OK,-1.92,OR,null,OS,null,OS,0.57,OK,41.73,OK,11.21,OK
2017-09-05 12:00:00,35.44,OK,-1.89,OR,null,OS,null,OS,0.6,OK,41.74,OK,5.77,OK
2017-09-05 13:00:00,36.34,OK,-1.77,OR,null,OS,null,OS,0.61,OK,39.11,OK,11.67,OK
2017-09-05 14:00:00,33.31,OK,-1.84,OR,null,OS,null,OS,0.6,OK,35.23,OK,7.36,OK
2017-09-05 15:00:00,35.38,OK,-1.81,OR,null,OS,null,OS,0.58,OK,24.25,OK,5.28,OK
2017-09-05 16:00:00,32.21,OK,-1.84,OR,null,OS,null,OS,0.7,OK,39.82,OK,10.54,OK
2017-09-05 17:00:00,32.2,OK,-1.79,OR,null,OS,null,OS,0.57,OK,39.81,OK,10.15,OK
2017-09-05 18:00:00,25.37,OK,-1.86,OR,null,OS,null,OS,0.65,OK,25.24,OK,3.84,BDL
2017-09-05 19:00:00,25.63,OK,-1.84,OR,null,OS,null,OS,0.55,OK,20.61,OK,7.49,OK
2017-09-05 20:00:00,23.71,OK,-1.83,OR,null,OS,null,OS,0.56,OK,17.16,OK,4.68,OK
2017-09-05 21:00:00,25.32,OK,-1.83,OR,null,OS,null,OS,0.48,OK,17.17,OK,6.78,OK
2017-09-05 22:00:00,24.78,OK,-1.87,OR,null,OS,null,OS,0.51,OK,29.41,OK,6.66,OK
2017-09-05 23:00:00,25.13,OK,-1.87,OR,null,OS,null,OS,0.46,OK,26.4,OK,10.25,OK
2017-09-06 00:00:00,25.88,OK,-1.87,OR,null,OS,null,OS,0.44,OK,18.35,OK,10.23,OK
2017-09-06 01:00:00,25.94,OK,-1.86,OR,null,OS,null,OS,0.44,OK,8.57,OK,2.2,BDL
2017-09-06 02:00:00,22.76,OK,-1.87,OR,null,OS,null,OS,0.44,OK,25.01,OK,10.03,OK
2017-09-06 03:00:00,18.67,OK,-1.84,OR,null,OS,null,OS,0.43,OK,24.76,OK,13.53,OK
2017-09-06 04:00:00,22.44,OK,-1.9,OR,null,OS,null,OS,0.43,OK,13.84,OK,3.97,BDL
2017-09-06 05:00:00,14.49,OK,-1.88,OR,null,OS,null,OS,0.54,OK,20.5,OK,8.92,OK
2017-09-06 06:00:00,15.31,OK,-1.88,OR,null,OS,null,OS,0.67,OK,25.28,OK,2.51,BDL
2017-09-06 07:00:00,25.33,OK,-1.83,OR,null,OS,null,OS,0.57,OK,44.16,OK,14.86,OK
2017-09-06 08:00:00,31.2,OK,-1.9,OR,null,OS,null,OS,0.49,OK,30.26,OK,4.24,OK
2017-09-06 09:00:00,34.21,OK,-1.92,OR,null,OS,null,OS,0.48,OK,24.76,OK,7.42,OK
2017-09-06 10:00:00,35.85,OK,-1.89,OR,null,OS,null,OS,0.54,OK,36.41,OK,11.65,OK
2017-09-06 11:00:00,39.35,OK,-1.83,OR,null,OS,null,OS,0.52,OK,31.78,OK,10.34,OK
2017-09-06 12:00:00,41.12,OK,-1.73,OR,null,OS,null,OS,0.56,OK,24.08,OK,2.97,BDL
2017-09-06 13:00:00,45.47,OK,-1.8,OR,null,OS,null,OS,0.63,OK,35.41,OK,11.59,OK
2017-09-06 14:00:00,44.74,OK,-1.83,OR,null,OS,null,OS,0.59,OK,49.56,OK,16.24,OK
2017-09-06 15:00:00,46.09,OK,-1.85,OR,null,OS,null,OS,0.57,OK,45.69,OK,12.06,OK
2017-09-06 16:00:00,39.74,OK,-1.86,OR,null,OS,null,OS,0.59,OK,43.09,OK,9.12,OK
2017-09-06 17:00:00,29.68,OK,-1.82,OR,null,OS,null,OS,0.62,OK,19.32,OK,15.95,OK
2017-09-06 18:00:00,24.85,OK,-1.83,OR,null,OS,null,OS,0.63,OK,23.71,OK,-2.34,BDL
2017-09-06 19:00:00,25.68,OK,-1.82,OR,null,OS,null,OS,0.58,OK,18.6,OK,4.02,OK
2017-09-06 20:00:00,34.39,OK,-1.82,OR,null,OS,null,OS,0.44,OK,269.36,OK,10.98,OK
2017-09-06 21:00:00,32.68,OK,-1.86,OR,null,OS,null,OS,0.46,OK,56.6,OK,-5.3,OR
2017-09-06 22:00:00,27.94,OK,-1.83,OR,null,OS,null,OS,0.42,OK,-5.13,OR,-2.31,BDL
2017-09-06 23:00:00,27.0,OK,-1.91,OR,null,OS,null,OS,0.45,OK,-0.5,BDL,1.86,BDL
2017-09-07 00:00:00,26.4,OK,-1.89,OR,null,OS,null,OS,0.41,OK,12.85,OK,3.9,BDL
2017-09-07 01:00:00,26.49,OK,-1.91,OR,null,OS,null,OS,0.4,OK,4.8,OK,0.84,BDL
2017-09-07 02:00:00,26.22,OK,-1.93,OR,null,OS,null,OS,0.39,OK,9.17,OK,5.15,OK
2017-09-07 03:00:00,26.28,OK,-1.89,OR,null,OS,null,OS,0.38,OK,6.49,OK,2.46,BDL
2017-09-07 04:00:00,23.78,OK,-1.93,OR,null,OS,null,OS,0.4,OK,4.78,OK,4.18,OK
2017-09-07 05:00:00,19.86,OK,-1.93,OR,null,OS,null,OS,0.48,OK,15.05,OK,3.18,BDL
2017-09-07 06:00:00,12.32,OK,-1.84,OR,null,OS,null,OS,0.81,OK,25.12,OK,-0.02,BDL
2017-09-07 07:00:00,23.21,OK,-1.8,OR,null,OS,null,OS,0.55,OK,37.85,OK,14.29,OK
2017-09-07 08:00:00,31.57,OK,-1.88,OR,null,OS,null,OS,0.49,OK,22.13,OK,3.69,BDL
2017-09-07 09:00:00,33.62,OK,-1.85,OR,null,OS,null,OS,0.54,OK,18.42,OK,9.4,OK
2017-09-07 10:00:00,44.66,OK,-1.86,OR,null,OS,null,OS,0.62,OK,29.22,OK,10.39,OK
2017-09-07 11:00:00,49.76,OK,-1.81,OR,null,OS,null,OS,0.56,OK,34.55,OK,11.23,OK
2017-09-07 12:00:00,50.49,OK,-1.86,OR,null,OS,null,OS,0.55,OK,18.11,OK,8.36,OK
2017-09-07 13:00:00,47.76,OK,-1.81,OR,null,OS,null,OS,0.58,OK,25.14,OK,8.52,OK
2017-09-07 14:00:00,35.48,OK,-1.82,OR,null,OS,null,OS,0.66,OK,33.95,OK,13.66,OK
2017-09-07 15:00:00,31.62,OK,-1.76,OR,null,OS,null,OS,0.66,OK,30.82,OK,2.1,BDL
2017-09-07 16:00:00,32.19,OK,-1.84,OR,null,OS,null,OS,0.59,OK,23.24,OK,9.96,OK
2017-09-07 17:00:00,21.33,OK,-1.78,OR,null,OS,null,OS,0.62,OK,25.76,OK,14.29,OK
2017-09-07 18:00:00,17.12,OK,-1.8,OR,null,OS,null,OS,0.64,OK,29.32,OK,5.15,OK
2017-09-07 19:00:00,16.38,OK,-1.82,OR,null,OS,null,OS,0.62,OK,18.07,OK,7.97,OK
2017-09-07 20:00:00,18.12,OK,-1.86,OR,null,OS,null,OS,0.54,OK,24.35,OK,6.11,OK
2017-09-07 21:00:00,18.27,OK,-1.86,OR,null,OS,null,OS,0.51,OK,17.03,OK,7.26,OK
2017-09-07 22:00:00,20.48,OK,-1.83,OR,null,OS,null,OS,0.45,OK,28.07,OK,7.79,OK
2017-09-07 23:00:00,19.56,OK,-1.91,OR,null,OS,null,OS,0.43,OK,9.31,OK,2.59,BDL
2017-09-08 00:00:00,26.14,OK,-1.87,OR,null,OS,null,OS,0.44,OK,33.07,OK,9.28,OK
2017-09-08 01:00:00,26.07,OK,-1.87,OR,null,OS,null,OS,0.43,OK,7.52,OK,2.94,BDL
2017-09-08 02:00:00,27.29,OK,-1.91,OR,null,OS,null,OS,0.43,OK,5.2,OK,10.29,OK
2017-09-08 03:00:00,30.5,OK,-1.88,OR,null,OS,null,OS,0.43,OK,6.92,OK,3.01,BDL
2017-09-08 04:00:00,31.51,OK,-1.9,OR,null,OS,null,OS,0.45,OK,11.0,OK,9.3,OK
2017-09-08 05:00:00,25.18,OK,-1.9,OR,null,OS,null,OS,0.51,OK,12.93,OK,8.76,OK
2017-09-08 06:00:00,19.34,OK,-1.86,OR,null,OS,null,OS,0.63,OK,12.03,OK,1.03,BDL
2017-09-08 07:00:00,22.22,OK,-1.8,OR,null,OS,null,OS,0.56,OK,32.7,OK,18.77,OK
2017-09-08 08:00:00,23.88,OK,-1.87,OR,null,OS,null,OS,0.54,OK,22.57,OK,7.03,OK
2017-09-08 09:00:00,23.12,OK,-1.87,OR,null,OS,null,OS,0.52,OK,24.22,OK,10.91,OK
2017-09-08 10:00:00,32.42,OK,-1.78,OR,null,OS,null,OS,0.49,OK,11.4,OK,5.22,OK
2017-09-08 11:00:00,36.43,OK,-1.86,OR,null,OS,null,OS,0.53,OK,38.52,OK,17.68,OK
2017-09-08 12:00:00,35.73,OK,-1.89,OR,null,OS,null,OS,0.52,OK,31.17,OK,16.61,OK
2017-09-08 13:00:00,32.63,OK,-1.85,OR,null,OS,null,OS,0.5,OK,24.38,OK,5.14,OK
2017-09-08 14:00:00,27.77,OK,-1.84,OR,null,OS,null,OS,0.54,OK,19.34,OK,9.14,OK
2017-09-08 15:00:00,24.16,OK,-1.85,OR,null,OS,null,OS,0.6,OK,11.98,OK,4.08,OK
2017-09-08 16:00:00,20.13,OK,-1.85,OR,null,OS,null,OS,0.66,OK,39.69,OK,11.87,OK
2017-09-08 17:00:00,16.92,OK,-1.78,OR,null,OS,null,OS,0.76,OK,33.48,OK,1.68,BDL
2017-09-08 18:00:00,15.7,OK,-1.79,OR,null,OS,null,OS,0.73,OK,37.56,OK,11.81,OK
2017-09-08 19:00:00,15.97,OK,-1.87,OR,null,OS,null,OS,0.65,OK,30.92,OK,7.6,OK
2017-09-08 20:00:00,11.79,OK,-1.84,OR,null,OS,null,OS,0.71,OK,30.55,OK,8.94,OK
2017-09-08 21:00:00,13.26,OK,-1.78,OR,null,OS,null,OS,0.67,OK,50.0,OK,6.58,OK
2017-09-08 22:00:00,9.48,OK,-1.84,OR,null,OS,null,OS,0.78,OK,40.16,OK,10.5,OK
2017-09-08 23:00:00,3.58,OK,-1.8,OR,null,OS,null,OS,0.86,OK,72.94,OK,17.96,OK
2017-09-09 00:00:00,3.65,OK,-1.83,OR,null,OS,null,OS,0.62,OK,49.11,OK,18.11,OK
2017-09-09 01:00:00,4.81,OK,-1.87,OR,null,OS,null,OS,0.55,OK,36.37,OK,8.94,OK
2017-09-09 02:00:00,8.03,OK,-1.89,OR,null,OS,null,OS,0.49,OK,24.28,OK,7.43,OK
2017-09-09 03:00:00,6.21,OK,-1.88,OR,null,OS,null,OS,0.48,OK,18.58,OK,10.16,OK
2017-09-09 04:00:00,9.71,OK,-1.88,OR,null,OS,null,OS,0.47,OK,14.86,OK,9.58,OK
2017-09-09 05:00:00,9.77,OK,-1.86,OR,null,OS,null,OS,0.49,OK,17.73,OK,6.01,OK
2017-09-09 06:00:00,11.89,OK,-1.82,OR,null,OS,null,OS,0.51,OK,3.58,BDL,1.16,BDL
2017-09-09 07:00:00,15.89,OK,-1.86,OR,null,OS,null,OS,0.52,OK,20.28,OK,10.01,OK
2017-09-09 08:00:00,20.42,OK,-1.9,OR,null,OS,null,OS,0.51,OK,31.08,OK,8.82,OK
2017-09-09 09:00:00,24.54,OK,-1.79,OR,null,OS,null,OS,0.52,OK,32.57,OK,3.23,BDL
2017-09-09 10:00:00,28.61,OK,-1.84,OR,null,OS,null,OS,0.5,OK,25.3,OK,10.19,OK
2017-09-09 11:00:00,36.49,OK,-1.85,OR,null,OS,null,OS,0.5,OK,20.44,OK,9.09,OK
2017-09-09 12:00:00,41.98,OK,-1.86,OR,null,OS,null,OS,0.52,OK,14.43,OK,4.79,OK
2017-09-09 13:00:00,43.13,OK,-1.88,OR,null,OS,null,OS,0.59,OK,23.95,OK,6.3,OK
2017-09-09 14:00:00,38.41,OK,-1.91,OR,null,OS,null,OS,0.56,OK,25.99,OK,9.26,OK
2017-09-09 15:00:00,35.08,OK,-1.84,OR,null,OS,null,OS,0.54,OK,17.57,OK,7.95,OK
2017-09-09 16:00:00,31.77,OK,-1.84,OR,null,OS,null,OS,0.51,OK,17.39,OK,2.82,BDL
2017-09-09 17:00:00,23.09,OK,-1.85,OR,null,OS,null,OS,0.52,OK,19.33,OK,8.65,OK
2017-09-09 18:00:00,14.91,OK,-1.83,OR,null,OS,null,OS,0.54,OK,18.09,OK,6.58,OK
2017-09-09 19:00:00,14.51,OK,-1.86,OR,null,OS,null,OS,0.53,OK,21.65,OK,6.02,OK
2017-09-09 20:00:00,14.31,OK,-1.81,OR,null,OS,null,OS,0.51,OK,13.04,OK,9.24,OK
2017-09-09 21:00:00,11.91,OK,-1.86,OR,null,OS,null,OS,0.52,OK,12.19,OK,2.1,BDL
2017-09-09 22:00:00,11.54,OK,-1.83,OR,null,OS,null,OS,0.54,OK,14.01,OK,5.17,OK
2017-09-09 23:00:00,10.0,OK,-1.85,OR,null,OS,null,OS,0.52,OK,17.9,OK,9.96,OK
2017-09-10 00:00:00,9.5,OK,-1.87,OR,null,OS,null,OS,0.48,OK,15.68,OK,2.61,BDL
2017-09-10 01:00:00,9.89,OK,-1.93,OR,null,OS,null,OS,0.46,OK,14.31,OK,5.16,OK
2017-09-10 02:00:00,8.74,OK,-1.89,OR,null,OS,null,OS,0.48,OK,12.44,OK,0.45,BDL
2017-09-10 03:00:00,6.29,OK,-1.9,OR,null,OS,null,OS,0.49,OK,24.36,OK,3.06,BDL
2017-09-10 04:00:00,5.18,OK,-1.89,OR,null,OS,null,OS,0.45,OK,25.67,OK,6.67,OK
2017-09-10 05:00:00,8.41,OK,-1.86,OR,null,OS,null,OS,0.44,OK,10.58,OK,3.66,BDL
2017-09-10 06:00:00,8.29,OK,-1.91,OR,null,OS,null,OS,0.48,OK,-4.01,OR,-5.79,OR
2017-09-10 07:00:00,11.25,OK,-1.85,OR,null,OS,null,OS,0.49,OK,24.37,OK,8.13,OK
2017-09-10 08:00:00,21.01,OK,-1.83,OR,null,OS,null,OS,0.51,OK,26.07,OK,8.22,OK
2017-09-10 09:00:00,35.84,OK,-1.86,OR,null,OS,null,OS,0.54,OK,33.84,OK,3.9,BDL
2017-09-10 10:00:00,41.21,OK,-1.88,OR,null,OS,null,OS,0.53,OK,33.69,OK,11.68,OK
2017-09-10 11:00:00,34.0,OK,-1.87,OR,null,OS,null,OS,0.48,OK,35.03,OK,11.33,OK
2017-09-10 12:00:00,34.45,OK,-1.82,OR,null,OS,null,OS,0.49,OK,17.85,OK,1.38,BDL
2017-09-10 13:00:00,36.67,OK,-1.83,OR,null,OS,null,OS,0.52,OK,16.1,OK,7.67,OK
2017-09-10 14:00:00,40.94,OK,-1.85,OR,null,OS,null,OS,0.5,OK,18.65,OK,10.33,OK
2017-09-10 15:00:00,34.07,OK,-1.84,OR,null,OS,null,OS,0.49,OK,18.65,OK,8.03,OK
2017-09-10 16:00:00,28.45,OK,-1.88,OR,null,OS,null,OS,0.52,OK,23.59,OK,5.12,OK
2017-09-10 17:00:00,24.11,OK,-1.78,OR,null,OS,null,OS,0.53,OK,12.32,OK,3.32,BDL
2017-09-10 18:00:00,20.06,OK,-1.81,OR,null,OS,null,OS,0.57,OK,3.65,BDL,2.0,BDL
2017-09-10 19:00:00,20.23,OK,-1.82,OR,null,OS,null,OS,0.58,OK,22.24,OK,6.9,OK
2017-09-10 20:00:00,22.36,OK,-1.84,OR,null,OS,null,OS,0.55,OK,15.38,OK,3.86,BDL
2017-09-10 21:00:00,20.6,OK,-1.84,OR,null,OS,null,OS,0.5,OK,17.13,OK,4.61,OK
2017-09-10 22:00:00,19.02,OK,-1.8,OR,null,OS,null,OS,0.48,OK,17.85,OK,6.99,OK
2017-09-10 23:00:00,18.25,OK,-1.84,OR,null,OS,null,OS,0.47,OK,10.32,OK,0.29,BDL
2017-09-11 00:00:00,18.58,OK,-1.9,OR,null,OS,null,OS,0.46,OK,14.97,OK,5.99,OK
2017-09-11 01:00:00,16.48,OK,-1.85,OR,null,OS,null,OS,0.46,OK,16.52,OK,6.7,OK
2017-09-11 02:00:00,13.89,OK,-1.86,OR,null,OS,null,OS,0.49,OK,25.45,OK,2.45,BDL
2017-09-11 03:00:00,11.55,OK,-1.84,OR,null,OS,null,OS,0.49,OK,20.78,OK,13.86,OK
2017-09-11 04:00:00,11.25,OK,-1.83,OR,null,OS,null,OS,0.47,OK,27.07,OK,5.6,OK
2017-09-11 05:00:00,9.08,OK,-1.88,OR,null,OS,null,OS,0.53,OK,26.91,OK,8.64,OK
2017-09-11 06:00:00,8.75,OK,-1.83,OR,null,OS,null,OS,0.71,OK,28.99,OK,2.7,BDL
2017-09-11 07:00:00,17.45,OK,-1.7,OR,null,OS,null,OS,0.63,OK,42.3,OK,8.57,OK
2017-09-11 08:00:00,25.15,OK,-1.88,OR,null,OS,null,OS,0.54,OK,41.3,OK,10.73,OK
2017-09-11 09:00:00,38.45,OK,-1.82,OR,null,OS,null,OS,0.66,OK,28.48,OK,8.04,OK
2017-09-11 10:00:00,60.33,OK,-1.8,OR,null,OS,null,OS,0.74,OK,51.37,OK,14.33,OK
2017-09-11 11:00:00,66.15,OK,-1.82,OR,null,OS,null,OS,0.75,OK,50.87,OK,14.09,OK
2017-09-11 12:00:00,65.11,OK,-1.79,OR,null,OS,null,OS,0.72,OK,51.77,OK,12.71,OK
2017-09-11 13:00:00,46.94,OK,-1.85,OR,null,OS,null,OS,0.68,OK,47.51,OK,13.65,OK
2017-09-11 14:00:00,32.77,OK,-1.83,OR,null,OS,null,OS,0.64,OK,46.82,OK,9.94,OK
2017-09-11 15:00:00,33.69,OK,-1.85,OR,null,OS,null,OS,0.58,OK,40.1,OK,15.49,OK
2017-09-11 16:00:00,29.55,OK,-1.84,OR,null,OS,null,OS,0.62,OK,49.59,OK,3.78,BDL
2017-09-11 17:00:00,22.44,OK,-1.81,OR,null,OS,null,OS,0.62,OK,34.27,OK,5.15,OK
2017-09-11 18:00:00,16.53,OK,-1.79,OR,null,OS,null,OS,0.73,OK,30.76,OK,-2.52,BDL
2017-09-11 19:00:00,17.08,OK,-1.8,OR,null,OS,null,OS,0.6,OK,18.1,OK,2.52,BDL
2017-09-11 20:00:00,19.67,OK,-1.82,OR,null,OS,null,OS,0.53,OK,28.21,OK,7.28,OK
2017-09-11 21:00:00,19.74,OK,-1.85,OR,null,OS,null,OS,0.5,OK,19.93,OK,-1.06,BDL
2017-09-11 22:00:00,17.47,OK,-1.86,OR,null,OS,null,OS,0.5,OK,27.27,OK,7.55,OK
2017-09-11 23:00:00,17.45,OK,-1.89,OR,null,OS,null,OS,0.46,OK,20.3,OK,3.41,BDL
2017-09-12 00:00:00,14.22,OK,-1.86,OR,null,OS,null,OS,0.47,OK,27.26,OK,4.14,OK
2017-09-12 01:00:00,14.49,OK,-1.82,OR,null,OS,null,OS,0.47,OK,11.3,OK,4.51,OK
2017-09-12 02:00:00,16.82,OK,-1.89,OR,null,OS,null,OS,0.45,OK,12.98,OK,3.78,BDL
2017-09-12 03:00:00,15.31,OK,-1.84,OR,null,OS,null,OS,0.45,OK,7.58,OK,4.54,OK
2017-09-12 04:00:00,9.02,OK,-1.9,OR,null,OS,null,OS,0.47,OK,20.92,OK,5.01,OK
2017-09-12 05:00:00,3.8,OK,-1.86,OR,null,OS,null,OS,0.63,OK,275.73,OK,3.78,BDL
2017-09-12 06:00:00,6.14,OK,-1.67,OR,null,OS,null,OS,0.82,OK,25.17,OK,0.68,BDL
2017-09-12 07:00:00,14.53,OK,-1.77,OR,null,OS,null,OS,0.7,OK,44.25,OK,9.78,OK
2017-09-12 08:00:00,23.29,OK,-1.8,OR,null,OS,null,OS,0.64,OK,40.83,OK,9.3,OK
2017-09-12 09:00:00,36.17,OK,-1.79,OR,null,OS,null,OS,0.64,OK,46.51,OK,5.26,OK
2017-09-12 10:00:00,50.08,OK,-1.84,OR,null,OS,null,OS,0.6,OK,46.75,OK,11.41,OK
2017-09-12 11:00:00,45.61,OK,-1.87,OR,null,OS,null,OS,0.6,OK,49.45,OK,10.86,OK
2017-09-12 12:00:00,36.83,OK,-1.87,OR,null,OS,null,OS,0.59,OK,42.68,OK,9.34,OK
2017-09-12 13:00:00,29.85,OK,-1.79,OR,null,OS,null,OS,0.61,OK,50.36,OK,10.85,OK
2017-09-12 14:00:00,27.18,OK,-1.77,OR,null,OS,null,OS,0.61,OK,22.06,OK,3.95,BDL
2017-09-12 15:00:00,25.81,OK,-1.77,OR,null,OS,null,OS,0.63,OK,14.21,OK,8.86,OK
2017-09-12 16:00:00,23.55,OK,-1.84,OR,null,OS,null,OS,0.63,OK,24.13,OK,10.09,OK
2017-09-12 17:00:00,19.56,OK,-1.8,OR,null,OS,null,OS,0.62,OK,40.41,OK,6.63,OK
2017-09-12 18:00:00,16.73,OK,-1.82,OR,null,OS,null,OS,0.66,OK,22.52,OK,-0.14,BDL
2017-09-12 19:00:00,12.1,OK,-1.8,OR,null,OS,null,OS,0.67,OK,17.78,OK,-0.81,BDL
2017-09-12 20:00:00,12.65,OK,-1.8,OR,null,OS,null,OS,0.56,OK,33.68,OK,2.43,BDL
2017-09-12 21:00:00,12.27,OK,-1.84,OR,null,OS,null,OS,0.56,OK,23.34,OK,5.17,OK
2017-09-12 22:00:00,12.83,OK,-1.83,OR,null,OS,null,OS,0.53,OK,23.84,OK,6.19,OK
2017-09-12 23:00:00,16.36,OK,-1.86,OR,null,OS,null,OS,0.46,OK,22.25,OK,4.74,OK
2017-09-13 00:00:00,16.44,OK,-1.89,OR,null,OS,null,OS,0.47,OK,11.26,OK,4.25,OK
2017-09-13 01:00:00,16.15,OK,-1.87,OR,null,OS,null,OS,0.44,OK,8.77,OK,7.05,OK
2017-09-13 02:00:00,15.38,OK,-1.89,OR,null,OS,null,OS,0.44,OK,7.3,OK,4.27,OK
2017-09-13 03:00:00,13.41,OK,-1.9,OR,null,OS,null,OS,0.46,OK,12.98,OK,3.3,BDL
2017-09-13 04:00:00,5.09,OK,-1.87,OR,null,OS,null,OS,0.47,OK,31.53,OK,10.83,OK
2017-09-13 05:00:00,3.51,OK,-1.7,OR,null,OS,null,OS,0.6,OK,35.48,OK,11.89,OK
2017-09-13 06:00:00,4.39,OK,-1.75,OR,null,OS,null,OS,0.81,OK,49.63,OK,5.58,OK
2017-09-13 07:00:00,11.96,OK,-1.81,OR,null,OS,null,OS,0.64,OK,41.06,OK,12.1,OK
2017-09-13 08:00:00,19.19,OK,-1.86,OR,null,OS,null,OS,0.56,OK,26.51,OK,2.79,BDL
2017-09-13 09:00:00,28.12,OK,-1.83,OR,null,OS,null,OS,0.64,OK,31.87,OK,6.11,OK
2017-09-13 10:00:00,43.12,OK,-1.84,OR,null,OS,null,OS,0.6,OK,43.08,OK,11.4,OK
2017-09-13 11:00:00,37.4,OK,-1.83,OR,null,OS,null,OS,0.62,OK,55.32,OK,14.29,OK
2017-09-13 12:00:00,24.83,OK,-1.85,OR,null,OS,null,OS,0.54,OK,39.79,OK,4.89,OK
2017-09-13 13:00:00,25.23,OK,-1.76,OR,null,OS,null,OS,0.56,OK,18.37,OK,4.42,OK
2017-09-13 14:00:00,25.11,OK,-1.78,OR,null,OS,null,OS,0.55,OK,30.31,OK,8.61,OK
2017-09-13 15:00:00,23.3,OK,-1.79,OR,null,OS,null,OS,0.58,OK,25.33,OK,9.42,OK
2017-09-13 16:00:00,19.63,OK,-1.85,OR,null,OS,null,OS,0.6,OK,42.63,OK,13.55,OK
2017-09-13 17:00:00,14.73,OK,-1.8,OR,null,OS,null,OS,0.68,OK,27.91,OK,0.8,BDL
2017-09-13 18:00:00,11.34,OK,-1.75,OR,null,OS,null,OS,0.72,OK,24.51,OK,5.92,OK
2017-09-13 19:00:00,10.79,OK,-1.85,OR,null,OS,null,OS,0.64,OK,30.07,OK,6.44,OK
2017-09-13 20:00:00,9.47,OK,-1.79,OR,null,OS,null,OS,0.61,OK,19.66,OK,2.52,BDL
2017-09-13 21:00:00,10.89,OK,-1.81,OR,null,OS,null,OS,0.56,OK,19.62,OK,4.15,OK
2017-09-13 22:00:00,12.63,OK,-1.83,OR,null,OS,null,OS,0.5,OK,14.21,OK,8.21,OK
2017-09-13 23:00:00,12.35,OK,-1.85,OR,null,OS,null,OS,0.5,OK,16.29,OK,3.97,BDL
2017-09-14 00:00:00,13.49,OK,-1.88,OR,null,OS,null,OS,0.48,OK,7.07,OK,8.97,OK
2017-09-14 01:00:00,14.52,OK,-1.88,OR,null,OS,null,OS,0.46,OK,16.25,OK,5.42,OK
2017-09-14 02:00:00,13.11,OK,-1.86,OR,null,OS,null,OS,0.46,OK,6.4,OK,0.66,BDL
2017-09-14 03:00:00,5.22,OK,-1.88,OR,null,OS,null,OS,0.49,OK,31.1,OK,7.86,OK
2017-09-14 04:00:00,6.06,OK,-1.86,OR,null,OS,null,OS,0.48,OK,26.46,OK,9.1,OK
2017-09-14 05:00:00,6.46,OK,-1.8,OR,null,OS,null,OS,0.56,OK,22.58,OK,11.36,OK
2017-09-14 06:00:00,3.53,OK,-1.76,OR,null,OS,null,OS,0.61,OK,22.91,OK,2.16,BDL
2017-09-14 07:00:00,9.19,OK,-1.8,OR,null,OS,null,OS,0.6,OK,38.99,OK,8.74,OK
2017-09-14 08:00:00,13.79,OK,-1.79,OR,null,OS,null,OS,0.55,OK,37.38,OK,9.79,OK
2017-09-14 09:00:00,14.55,OK,-1.8,OR,null,OS,null,OS,0.59,OK,40.38,OK,2.27,BDL
2017-09-14 10:00:00,16.05,OK,-1.8,OR,null,OS,null,OS,0.54,OK,27.82,OK,6.67,OK
2017-09-14 11:00:00,17.04,OK,-1.83,OR,null,OS,null,OS,0.58,OK,18.03,OK,6.63,OK
2017-09-14 12:00:00,16.25,OK,-1.84,OR,null,OS,null,OS,0.67,OK,23.2,OK,8.76,OK
2017-09-14 13:00:00,17.97,OK,-1.8,OR,null,OS,null,OS,0.64,OK,24.99,OK,8.67,OK
2017-09-14 14:00:00,19.21,OK,-1.79,OR,null,OS,null,OS,0.64,OK,39.65,OK,13.32,OK
2017-09-14 15:00:00,16.73,OK,-1.76,OR,null,OS,null,OS,0.63,OK,48.83,OK,13.11,OK
2017-09-14 16:00:00,15.77,OK,-1.84,OR,null,OS,null,OS,0.61,OK,44.15,OK,4.05,OK
2017-09-14 17:00:00,12.57,OK,-1.8,OR,null,OS,null,OS,0.66,OK,20.0,OK,4.8,OK
2017-09-14 18:00:00,10.68,OK,-1.79,OR,null,OS,null,OS,0.7,OK,27.21,OK,10.52,OK
2017-09-14 19:00:00,10.27,OK,-1.81,OR,null,OS,null,OS,0.71,OK,30.69,OK,12.97,OK
2017-09-14 20:00:00,11.93,OK,-1.82,OR,null,OS,null,OS,0.61,OK,27.24,OK,11.49,OK
2017-09-14 21:00:00,10.57,OK,-1.81,OR,null,OS,null,OS,0.63,OK,29.84,OK,6.62,OK
2017-09-14 22:00:00,12.28,OK,-1.82,OR,null,OS,null,OS,0.52,OK,29.89,OK,7.51,OK
2017-09-14 23:00:00,12.72,OK,-1.83,OR,null,OS,null,OS,0.51,OK,28.27,OK,4.01,OK
2017-09-15 00:00:00,13.22,OK,-1.85,OR,null,OS,null,OS,0.49,OK,19.51,OK,11.67,OK
2017-09-15 01:00:00,13.21,OK,-1.85,OR,null,OS,null,OS,0.47,OK,24.72,OK,14.99,OK
2017-09-15 02:00:00,12.75,OK,-1.87,OR,null,OS,null,OS,0.48,OK,21.05,OK,6.05,OK
2017-09-15 03:00:00,13.69,OK,-1.88,OR,null,OS,null,OS,0.46,OK,26.04,OK,13.22,OK
2017-09-15 04:00:00,12.89,OK,-1.88,OR,null,OS,null,OS,0.47,OK,38.32,OK,9.4,OK
2017-09-15 05:00:00,7.29,OK,-1.87,OR,null,OS,null,OS,0.53,OK,32.82,OK,6.5,OK
2017-09-15 06:00:00,11.18,OK,-1.86,OR,null,OS,null,OS,0.66,OK,23.15,OK,-2.17,BDL
2017-09-15 07:00:00,16.22,OK,-1.84,OR,null,OS,null,OS,0.7,OK,39.23,OK,8.54,OK
2017-09-15 08:00:00,20.14,OK,-1.9,OR,null,OS,null,OS,0.7,OK,41.59,OK,8.56,OK
2017-09-15 09:00:00,22.0,OK,-1.85,OR,null,OS,null,OS,0.66,OK,29.75,OK,2.61,BDL
2017-09-15 10:00:00,20.82,OK,-1.8,OR,null,OS,null,OS,0.63,OK,31.51,OK,11.37,OK
2017-09-15 11:00:00,18.03,OK,-1.85,OR,null,OS,null,OS,0.61,OK,31.08,OK,11.11,OK
2017-09-15 12:00:00,16.94,OK,-1.79,OR,null,OS,null,OS,0.66,OK,30.87,OK,3.77,BDL
2017-09-15 13:00:00,17.31,OK,-1.77,OR,null,OS,null,OS,0.66,OK,32.2,OK,12.01,OK
2017-09-15 14:00:00,16.64,OK,-1.83,OR,null,OS,null,OS,0.63,OK,41.95,OK,15.71,OK
2017-09-15 15:00:00,16.81,OK,-1.85,OR,null,OS,null,OS,0.59,OK,66.29,OK,14.74,OK
2017-09-15 16:00:00,16.09,OK,-1.8,OR,null,OS,null,OS,0.65,OK,53.78,OK,8.68,OK
2017-09-15 17:00:00,14.6,OK,-1.8,OR,null,OS,null,OS,0.66,OK,35.43,OK,10.72,OK
2017-09-15 18:00:00,15.9,OK,-1.85,OR,null,OS,null,OS,0.55,OK,25.14,OK,-2.07,BDL
2017-09-15 19:00:00,12.85,OK,-1.82,OR,null,OS,null,OS,0.61,OK,10.95,OK,2.49,BDL
2017-09-15 20:00:00,3.88,OK,-1.75,OR,null,OS,null,OS,0.96,OK,27.12,OK,6.35,OK
2017-09-15 21:00:00,8.87,OK,-1.79,OR,null,OS,null,OS,0.68,OK,58.84,OK,17.02,OK
2017-09-15 22:00:00,10.34,OK,-1.84,OR,null,OS,null,OS,0.6,OK,19.9,OK,3.52,BDL
2017-09-15 23:00:00,4.63,OK,-1.83,OR,null,OS,null,OS,0.69,OK,21.08,OK,9.47,OK
2017-09-16 00:00:00,6.7,OK,-1.86,OR,null,OS,null,OS,0.57,OK,21.31,OK,10.3,OK
2017-09-16 01:00:00,8.16,OK,-1.84,OR,null,OS,null,OS,0.51,OK,27.41,OK,9.19,OK
2017-09-16 02:00:00,11.33,OK,-1.81,OR,null,OS,null,OS,0.48,OK,214.59,OK,8.65,OK
2017-09-16 03:00:00,9.08,OK,-1.86,OR,null,OS,null,OS,0.49,OK,19.92,OK,9.72,OK
2017-09-16 04:00:00,10.9,OK,-1.89,OR,null,OS,null,OS,0.49,OK,20.63,OK,4.65,OK
2017-09-16 05:00:00,11.63,OK,-1.88,OR,null,OS,null,OS,0.5,OK,20.2,OK,7.92,OK
2017-09-16 06:00:00,12.03,OK,-1.86,OR,null,OS,null,OS,0.51,OK,10.37,OK,7.2,OK
2017-09-16 07:00:00,14.89,OK,-1.91,OR,null,OS,null,OS,0.5,OK,24.31,OK,7.77,OK
2017-09-16 08:00:00,16.96,OK,-1.87,OR,null,OS,null,OS,0.5,OK,34.31,OK,10.57,OK
2017-09-16 09:00:00,18.38,OK,-1.9,OR,null,OS,null,OS,0.51,OK,35.27,OK,1.18,BDL
2017-09-16 10:00:00,20.79,OK,-1.81,OR,null,OS,null,OS,0.55,OK,25.44,OK,12.35,OK
2017-09-16 11:00:00,20.34,OK,-1.88,OR,null,OS,null,OS,0.54,OK,27.37,OK,10.11,OK
2017-09-16 12:00:00,20.14,OK,-1.86,OR,null,OS,null,OS,0.53,OK,18.01,OK,4.21,OK
2017-09-16 13:00:00,19.56,OK,-1.86,OR,null,OS,null,OS,0.56,OK,18.23,OK,5.81,OK
2017-09-16 14:00:00,20.17,OK,-1.84,OR,null,OS,null,OS,0.52,OK,13.09,OK,7.65,OK
2017-09-16 15:00:00,20.26,OK,-1.86,OR,null,OS,null,OS,0.54,OK,12.86,OK,11.24,OK
2017-09-16 16:00:00,18.22,OK,-1.83,OR,null,OS,null,OS,0.52,OK,29.44,OK,14.76,OK
2017-09-16 17:00:00,14.31,OK,-1.83,OR,null,OS,null,OS,0.55,OK,29.64,OK,9.47,OK
2017-09-16 18:00:00,12.36,OK,-1.82,OR,null,OS,null,OS,0.56,OK,20.69,OK,2.35,BDL
2017-09-16 19:00:00,12.02,OK,-1.83,OR,null,OS,null,OS,0.54,OK,13.49,OK,3.5,BDL
2017-09-16 20:00:00,11.05,OK,-1.84,OR,null,OS,null,OS,0.54,OK,19.8,OK,6.96,OK
2017-09-16 21:00:00,9.34,OK,-1.86,OR,null,OS,null,OS,0.59,OK,20.59,OK,8.88,OK
2017-09-16 22:00:00,7.79,OK,-1.86,OR,null,OS,null,OS,0.58,OK,23.82,OK,3.62,BDL
2017-09-16 23:00:00,7.56,OK,-1.86,OR,null,OS,null,OS,0.57,OK,31.04,OK,10.06,OK
2017-09-17 00:00:00,9.49,OK,-1.82,OR,null,OS,null,OS,0.52,OK,22.75,OK,6.66,OK
2017-09-17 01:00:00,6.38,OK,-1.85,OR,null,OS,null,OS,0.57,OK,28.91,OK,6.15,OK
2017-09-17 02:00:00,6.41,OK,-1.88,OR,null,OS,null,OS,0.51,OK,32.24,OK,-1.12,BDL
2017-09-17 03:00:00,4.84,OK,-1.9,OR,null,OS,null,OS,0.49,OK,23.79,OK,5.22,OK
2017-09-17 04:00:00,3.3,OK,-1.84,OR,null,OS,null,OS,0.53,OK,24.72,OK,9.54,OK
2017-09-17 05:00:00,2.82,OK,-1.87,OR,null,OS,null,OS,0.54,OK,31.47,OK,6.28,OK
2017-09-17 06:00:00,6.52,OK,-1.84,OR,null,OS,null,OS,0.56,OK,21.83,OK,-0.43,BDL
2017-09-17 07:00:00,12.68,OK,-1.87,OR,null,OS,null,OS,0.5,OK,32.82,OK,10.68,OK
2017-09-17 08:00:00,17.9,OK,-1.88,OR,null,OS,null,OS,0.49,OK,27.12,OK,6.05,OK
2017-09-17 09:00:00,20.71,OK,-1.89,OR,null,OS,null,OS,0.49,OK,32.85,OK,4.86,OK
2017-09-17 10:00:00,22.5,OK,-1.85,OR,null,OS,null,OS,0.54,OK,31.3,OK,8.06,OK
2017-09-17 11:00:00,21.29,OK,-1.86,OR,null,OS,null,OS,0.51,OK,48.39,OK,7.91,OK
2017-09-17 12:00:00,21.61,OK,-1.86,OR,null,OS,null,OS,0.53,OK,22.44,OK,4.13,OK
2017-09-17 13:00:00,21.14,OK,-1.84,OR,null,OS,null,OS,0.54,OK,22.12,OK,10.79,OK
2017-09-17 14:00:00,22.4,OK,-1.84,OR,null,OS,null,OS,0.51,OK,20.81,OK,1.04,BDL
2017-09-17 15:00:00,21.8,OK,-1.83,OR,null,OS,null,OS,0.51,OK,15.61,OK,9.95,OK
2017-09-17 16:00:00,19.01,OK,-1.83,OR,null,OS,null,OS,0.53,OK,26.07,OK,6.58,OK
2017-09-17 17:00:00,16.56,OK,-1.84,OR,null,OS,null,OS,0.52,OK,22.4,OK,11.04,OK
2017-09-17 18:00:00,13.76,OK,-1.81,OR,null,OS,null,OS,0.52,OK,19.95,OK,5.5,OK
2017-09-17 19:00:00,10.84,OK,-1.85,OR,null,OS,null,OS,0.56,OK,16.25,OK,8.4,OK
2017-09-17 20:00:00,9.57,OK,-1.79,OR,null,OS,null,OS,0.53,OK,16.71,OK,10.69,OK
2017-09-17 21:00:00,9.36,OK,-1.84,OR,null,OS,null,OS,0.48,OK,15.67,OK,9.41,OK
2017-09-17 22:00:00,9.97,OK,-1.89,OR,null,OS,null,OS,0.48,OK,8.5,OK,2.92,BDL
2017-09-17 23:00:00,11.11,OK,-1.89,OR,null,OS,null,OS,0.45,OK,10.13,OK,11.77,OK
2017-09-18 00:00:00,10.83,OK,-1.84,OR,null,OS,null,OS,0.45,OK,7.05,OK,1.97,BDL
2017-09-18 01:00:00,11.4,OK,-1.9,OR,null,OS,null,OS,0.45,OK,12.24,OK,-6.45,OR
2017-09-18 02:00:00,12.58,OK,-1.88,OR,null,OS,null,OS,0.44,OK,13.72,OK,10.22,OK
2017-09-18 03:00:00,12.72,OK,-1.9,OR,null,OS,null,OS,0.45,OK,9.03,OK,-1.09,BDL
2017-09-18 04:00:00,6.82,OK,-1.88,OR,null,OS,null,OS,0.49,OK,19.66,OK,3.84,BDL
2017-09-18 05:00:00,3.51,OK,-1.85,OR,null,OS,null,OS,0.57,OK,19.72,OK,3.68,BDL
2017-09-18 06:00:00,5.32,OK,-1.83,OR,null,OS,null,OS,0.69,OK,21.11,OK,-1.59,BDL
2017-09-18 07:00:00,9.87,OK,-1.85,OR,null,OS,null,OS,0.67,OK,37.38,OK,2.77,BDL
2017-09-18 08:00:00,16.43,OK,-1.85,OR,null,OS,null,OS,0.56,OK,25.91,OK,3.21,BDL
2017-09-18 09:00:00,18.7,OK,-1.85,OR,null,OS,null,OS,0.63,OK,37.88,OK,4.01,OK
2017-09-18 10:00:00,19.55,OK,-1.85,OR,null,OS,null,OS,0.59,OK,32.38,OK,6.39,OK
2017-09-18 11:00:00,19.38,OK,-1.84,OR,null,OS,null,OS,0.62,OK,38.77,OK,9.66,OK
2017-09-18 12:00:00,18.65,OK,-1.78,OR,null,OS,null,OS,0.67,OK,24.59,OK,9.19,OK
2017-09-18 13:00:00,19.51,OK,-1.79,OR,null,OS,null,OS,0.65,OK,29.52,OK,7.77,OK
2017-09-18 14:00:00,19.55,OK,-1.82,OR,null,OS,null,OS,0.64,OK,28.31,OK,6.86,OK
2017-09-18 15:00:00,18.68,OK,-1.78,OR,null,OS,null,OS,0.66,OK,30.51,OK,13.52,OK
2017-09-18 16:00:00,16.22,OK,-1.82,OR,null,OS,null,OS,0.67,OK,37.79,OK,11.64,OK
2017-09-18 17:00:00,13.54,OK,-1.8,OR,null,OS,null,OS,0.65,OK,33.5,OK,9.56,OK
2017-09-18 18:00:00,12.68,OK,-1.77,OR,null,OS,null,OS,0.69,OK,21.52,OK,3.35,BDL
2017-09-18 19:00:00,11.87,OK,-1.81,OR,null,OS,null,OS,0.63,OK,19.4,OK,7.05,OK
2017-09-18 20:00:00,10.74,OK,-1.81,OR,null,OS,null,OS,0.63,OK,28.01,OK,9.99,OK
2017-09-18 21:00:00,12.04,OK,-1.84,OR,null,OS,null,OS,0.54,OK,24.83,OK,2.01,BDL
2017-09-18 22:00:00,11.32,OK,-1.85,OR,null,OS,null,OS,0.48,OK,19.08,OK,6.77,OK
2017-09-18 23:00:00,11.61,OK,-1.82,OR,null,OS,null,OS,0.47,OK,21.64,OK,8.5,OK
2017-09-19 00:00:00,12.24,OK,-1.94,OR,null,OS,null,OS,0.45,OK,13.76,OK,7.18,OK
2017-09-19 01:00:00,14.99,OK,-1.91,OR,null,OS,null,OS,0.45,OK,12.37,OK,-4.2,OR
2017-09-19 02:00:00,11.6,OK,-1.89,OR,null,OS,null,OS,0.47,OK,16.8,OK,4.27,OK
2017-09-19 03:00:00,9.75,OK,-1.86,OR,null,OS,null,OS,0.47,OK,24.01,OK,7.64,OK
2017-09-19 04:00:00,8.8,OK,-1.89,OR,null,OS,null,OS,0.47,OK,19.78,OK,5.43,OK
2017-09-19 05:00:00,6.75,OK,-1.87,OR,null,OS,null,OS,0.57,OK,24.76,OK,5.75,OK
2017-09-19 06:00:00,6.43,OK,-1.8,OR,null,OS,null,OS,0.69,OK,17.91,OK,0.69,BDL
2017-09-19 07:00:00,9.03,OK,-1.81,OR,null,OS,null,OS,0.62,OK,35.98,OK,-0.51,BDL
2017-09-19 08:00:00,15.57,OK,-1.87,OR,null,OS,null,OS,0.55,OK,24.45,OK,2.13,BDL
2017-09-19 09:00:00,20.04,OK,-1.85,OR,null,OS,null,OS,0.65,OK,34.4,OK,6.04,OK
2017-09-19 10:00:00,24.71,OK,-1.86,OR,null,OS,null,OS,0.58,OK,41.65,OK,11.84,OK
2017-09-19 11:00:00,20.04,OK,-1.77,OR,null,OS,null,OS,0.61,OK,33.47,OK,1.95,BDL
2017-09-19 12:00:00,16.93,OK,-1.83,OR,null,OS,null,OS,0.68,OK,33.28,OK,13.27,OK
2017-09-19 13:00:00,16.97,OK,-1.75,OR,null,OS,null,OS,0.66,OK,29.32,OK,1.5,BDL
2017-09-19 14:00:00,16.99,OK,-1.81,OR,null,OS,null,OS,0.68,OK,29.96,OK,13.53,OK
2017-09-19 15:00:00,16.86,OK,-1.75,OR,null,OS,null,OS,0.63,OK,46.43,OK,6.96,OK
2017-09-19 16:00:00,16.03,OK,-1.79,OR,null,OS,null,OS,0.66,OK,40.58,OK,7.29,OK
2017-09-19 17:00:00,14.22,OK,-1.75,OR,null,OS,null,OS,0.63,OK,31.3,OK,10.77,OK
2017-09-19 18:00:00,14.22,OK,-1.76,OR,null,OS,null,OS,0.66,OK,29.01,OK,2.08,BDL
2017-09-19 19:00:00,15.26,OK,-1.84,OR,null,OS,null,OS,0.61,OK,15.92,OK,0.77,BDL
2017-09-19 20:00:00,15.18,OK,-1.85,OR,null,OS,null,OS,0.63,OK,20.56,OK,3.16,BDL
2017-09-19 21:00:00,17.94,OK,-1.88,OR,null,OS,null,OS,0.54,OK,19.6,OK,6.63,OK
2017-09-19 22:00:00,19.62,OK,-1.82,OR,null,OS,null,OS,0.52,OK,12.24,OK,6.12,OK
2017-09-19 23:00:00,18.17,OK,-1.9,OR,null,OS,null,OS,0.5,OK,12.25,OK,2.81,BDL
2017-09-20 00:00:00,18.31,OK,-1.87,OR,null,OS,null,OS,0.49,OK,19.41,OK,4.47,OK
2017-09-20 01:00:00,21.59,OK,-1.92,OR,null,OS,null,OS,0.48,OK,17.79,OK,6.91,OK
2017-09-20 02:00:00,23.48,OK,-1.89,OR,null,OS,null,OS,0.47,OK,15.6,OK,3.26,BDL
2017-09-20 03:00:00,22.3,OK,-1.83,OR,null,OS,null,OS,0.48,OK,10.83,OK,2.8,BDL
2017-09-20 04:00:00,15.71,OK,-1.86,OR,null,OS,null,OS,0.49,OK,19.07,OK,1.87,BDL
2017-09-20 05:00:00,12.49,OK,-1.81,OR,null,OS,null,OS,0.56,OK,16.86,OK,12.32,OK
2017-09-20 06:00:00,8.25,OK,-1.76,OR,null,OS,null,OS,0.79,OK,19.56,OK,-3.44,BDL
2017-09-20 07:00:00,14.4,OK,-1.79,OR,null,OS,null,OS,0.69,OK,41.08,OK,5.87,OK
2017-09-20 08:00:00,21.01,OK,-1.81,OR,null,OS,null,OS,0.61,OK,27.2,OK,-2.59,BDL
2017-09-20 09:00:00,22.45,OK,-1.82,OR,null,OS,null,OS,0.61,OK,43.24,OK,15.52,OK
2017-09-20 10:00:00,19.4,OK,-1.88,OR,null,OS,null,OS,0.6,OK,31.29,OK,0.17,BDL
2017-09-20 11:00:00,18.0,OK,-1.84,OR,null,OS,null,OS,0.6,OK,30.58,OK,7.75,OK
2017-09-20 12:00:00,18.21,OK,-1.82,OR,null,OS,null,OS,0.6,OK,21.94,OK,3.38,BDL
2017-09-20 13:00:00,17.3,OK,-1.78,OR,null,OS,null,OS,0.67,OK,24.49,OK,9.06,OK
2017-09-20 14:00:00,16.54,OK,-1.81,OR,null,OS,null,OS,0.69,OK,30.03,OK,7.1,OK
2017-09-20 15:00:00,14.45,OK,-1.81,OR,null,OS,null,OS,0.65,OK,42.47,OK,9.14,OK
2017-09-20 16:00:00,13.11,OK,-1.74,OR,null,OS,null,OS,0.68,OK,38.3,OK,7.91,OK
2017-09-20 17:00:00,11.85,OK,-1.81,OR,null,OS,null,OS,0.69,OK,27.15,OK,7.47,OK
2017-09-20 18:00:00,10.28,OK,-1.76,OR,null,OS,null,OS,0.63,OK,22.41,OK,-1.13,BDL
2017-09-20 19:00:00,8.46,OK,-1.81,OR,null,OS,null,OS,0.64,OK,14.82,OK,-4.57,OR
2017-09-20 20:00:00,8.27,OK,-1.84,OR,null,OS,null,OS,0.58,OK,20.8,OK,3.19,BDL
2017-09-20 21:00:00,10.21,OK,-1.84,OR,null,OS,null,OS,0.53,OK,15.78,OK,1.68,BDL
2017-09-20 22:00:00,8.87,OK,-1.88,OR,null,OS,null,OS,0.53,OK,23.6,OK,9.55,OK
2017-09-20 23:00:00,9.09,OK,-1.86,OR,null,OS,null,OS,0.51,OK,20.07,OK,1.01,BDL
2017-09-21 00:00:00,11.08,OK,-1.87,OR,null,OS,null,OS,0.49,OK,17.53,OK,12.25,OK
2017-09-21 01:00:00,8.65,OK,-1.9,OR,null,OS,null,OS,0.52,OK,19.03,OK,-1.38,BDL
2017-09-21 02:00:00,7.42,OK,-1.87,OR,null,OS,null,OS,0.51,OK,20.24,OK,11.35,OK
2017-09-21 03:00:00,5.49,OK,-1.84,OR,null,OS,null,OS,0.51,OK,28.58,OK,7.64,OK
2017-09-21 04:00:00,3.37,OK,-1.82,OR,null,OS,null,OS,0.52,OK,33.11,OK,8.76,OK
2017-09-21 05:00:00,2.35,OK,-1.85,OR,null,OS,null,OS,0.63,OK,42.94,OK,2.99,BDL
2017-09-21 06:00:00,4.12,OK,-1.74,OR,null,OS,null,OS,0.87,OK,28.18,OK,-2.77,BDL
2017-09-21 07:00:00,9.68,OK,-1.76,OR,null,OS,null,OS,0.73,OK,51.87,OK,7.54,OK
2017-09-21 08:00:00,14.15,OK,-1.77,OR,null,OS,null,OS,0.69,OK,45.28,OK,12.73,OK
2017-09-21 09:00:00,15.6,OK,-1.83,OR,null,OS,null,OS,0.59,OK,43.26,OK,5.55,OK
2017-09-21 10:00:00,16.21,OK,-1.81,OR,null,OS,null,OS,0.6,OK,26.91,OK,3.6,BDL
2017-09-21 11:00:00,16.91,OK,-1.84,OR,null,OS,null,OS,0.58,OK,27.1,OK,7.63,OK
2017-09-21 12:00:00,15.75,OK,-1.8,OR,null,OS,null,OS,0.65,OK,20.83,OK,7.64,OK
2017-09-21 13:00:00,14.34,OK,-1.77,OR,null,OS,null,OS,0.65,OK,24.76,OK,1.91,BDL
2017-09-21 14:00:00,15.86,OK,-1.77,OR,null,OS,null,OS,0.64,OK,29.9,OK,1.14,BDL
2017-09-21 15:00:00,16.86,OK,-1.75,OR,null,OS,null,OS,0.63,OK,9.54,OK,2.4,BDL
2017-09-21 16:00:00,16.25,OK,-1.8,OR,null,OS,null,OS,0.62,OK,32.18,OK,5.24,OK
2017-09-21 17:00:00,12.62,OK,-1.78,OR,null,OS,null,OS,0.72,OK,27.51,OK,-0.08,BDL
2017-09-21 18:00:00,11.36,OK,-1.75,OR,null,OS,null,OS,0.76,OK,28.7,OK,1.29,BDL
2017-09-21 19:00:00,13.5,OK,-1.74,OR,null,OS,null,OS,0.64,OK,19.38,OK,1.66,BDL
2017-09-21 20:00:00,14.06,OK,-1.75,OR,null,OS,null,OS,0.59,OK,14.98,OK,0.28,BDL
2017-09-21 21:00:00,13.15,OK,-1.84,OR,null,OS,null,OS,0.54,OK,15.9,OK,4.44,OK
2017-09-21 22:00:00,9.7,OK,-1.81,OR,null,OS,null,OS,0.59,OK,32.69,OK,7.54,OK
2017-09-21 23:00:00,12.24,OK,-1.81,OR,null,OS,null,OS,0.51,OK,39.86,OK,5.74,OK
2017-09-22 00:00:00,7.73,OK,-1.78,OR,null,OS,null,OS,0.55,OK,53.49,OK,5.5,OK
2017-09-22 01:00:00,4.68,OK,-1.78,OR,null,OS,null,OS,0.52,OK,72.44,OK,13.03,OK
2017-09-22 02:00:00,5.14,OK,-1.81,OR,null,OS,null,OS,0.48,OK,42.77,OK,12.05,OK
2017-09-22 03:00:00,6.85,OK,-1.81,OR,null,OS,null,OS,0.48,OK,33.59,OK,5.89,OK
2017-09-22 04:00:00,5.8,OK,-1.81,OR,null,OS,null,OS,0.47,OK,29.5,OK,7.46,OK
2017-09-22 05:00:00,2.76,OK,-1.8,OR,null,OS,null,OS,0.57,OK,34.41,OK,4.65,OK
2017-09-22 06:00:00,4.52,OK,-1.68,OR,null,OS,null,OS,0.78,OK,42.91,OK,5.97,OK
2017-09-22 07:00:00,9.69,OK,-1.75,OR,null,OS,null,OS,0.78,OK,51.94,OK,13.15,OK
2017-09-22 08:00:00,16.24,OK,-1.81,OR,null,OS,null,OS,0.63,OK,57.81,OK,12.72,OK
2017-09-22 09:00:00,16.96,OK,-1.81,OR,null,OS,null,OS,0.57,OK,39.58,OK,6.17,OK
2017-09-22 10:00:00,14.68,OK,-1.8,OR,null,OS,null,OS,0.6,OK,25.3,OK,9.24,OK
2017-09-22 11:00:00,14.16,OK,-1.77,OR,null,OS,null,OS,0.6,OK,24.21,OK,1.66,BDL
2017-09-22 12:00:00,13.47,OK,-1.81,OR,null,OS,null,OS,0.63,OK,18.1,OK,4.68,OK
2017-09-22 13:00:00,15.07,OK,-1.77,OR,null,OS,null,OS,0.59,OK,31.26,OK,3.14,BDL
2017-09-22 14:00:00,17.12,OK,-1.77,OR,null,OS,null,OS,0.6,OK,35.78,OK,6.11,OK
2017-09-22 15:00:00,15.3,OK,-1.8,OR,null,OS,null,OS,0.58,OK,31.93,OK,0.55,BDL
2017-09-22 16:00:00,17.75,OK,-1.79,OR,null,OS,null,OS,0.63,OK,32.43,OK,0.28,BDL
2017-09-22 17:00:00,15.72,OK,-1.74,OR,null,OS,null,OS,0.64,OK,26.03,OK,5.32,OK
2017-09-22 18:00:00,16.09,OK,-1.74,OR,null,OS,null,OS,0.65,OK,17.88,OK,-6.77,OR
2017-09-22 19:00:00,17.72,OK,-1.74,OR,null,OS,null,OS,0.65,OK,26.32,OK,-3.16,BDL
2017-09-22 20:00:00,19.25,OK,-1.78,OR,null,OS,null,OS,0.58,OK,28.28,OK,10.98,OK
2017-09-22 21:00:00,19.82,OK,-1.83,OR,null,OS,null,OS,0.55,OK,31.47,OK,2.88,BDL
2017-09-22 22:00:00,20.08,OK,-1.83,OR,null,OS,null,OS,0.54,OK,26.37,OK,3.42,BDL
2017-09-22 23:00:00,18.04,OK,-1.84,OR,null,OS,null,OS,0.54,OK,23.2,OK,3.77,BDL
2017-09-23 00:00:00,19.15,OK,-1.83,OR,null,OS,null,OS,0.52,OK,25.02,OK,4.6,OK
2017-09-23 01:00:00,22.33,OK,-1.81,OR,null,OS,null,OS,0.49,OK,31.14,OK,7.91,OK
2017-09-23 02:00:00,19.04,OK,-1.84,OR,null,OS,null,OS,0.5,OK,20.93,OK,2.52,BDL
2017-09-23 03:00:00,12.65,OK,-1.83,OR,null,OS,null,OS,0.51,OK,26.63,OK,4.61,OK
2017-09-23 04:00:00,11.51,OK,-1.81,OR,null,OS,null,OS,0.54,OK,42.02,OK,8.8,OK
2017-09-23 05:00:00,5.07,OK,-1.8,OR,null,OS,null,OS,0.61,OK,80.52,OK,11.48,OK
2017-09-23 06:00:00,13.95,OK,-1.77,OR,null,OS,null,OS,0.66,OK,48.49,OK,6.22,OK
2017-09-23 07:00:00,21.61,OK,-1.82,OR,null,OS,null,OS,0.62,OK,41.8,OK,4.19,OK
2017-09-23 08:00:00,29.92,OK,-1.79,OR,null,OS,null,OS,0.56,OK,32.21,OK,-2.76,BDL
2017-09-23 09:00:00,30.37,OK,-1.79,OR,null,OS,null,OS,0.57,OK,47.36,OK,13.78,OK
2017-09-23 10:00:00,26.47,OK,-1.84,OR,null,OS,null,OS,0.52,OK,42.21,OK,9.4,OK
2017-09-23 11:00:00,23.03,OK,-1.77,OR,null,OS,null,OS,0.53,OK,23.04,OK,8.49,OK
2017-09-23 12:00:00,22.44,OK,-1.78,OR,null,OS,null,OS,0.62,OK,19.22,OK,0.52,BDL
2017-09-23 13:00:00,24.64,OK,-1.81,OR,null,OS,null,OS,0.58,OK,22.24,OK,-2.53,BDL
2017-09-23 14:00:00,25.57,OK,-1.81,OR,null,OS,null,OS,0.53,OK,22.58,OK,7.75,OK
2017-09-23 15:00:00,25.35,OK,-1.82,OR,null,OS,null,OS,0.53,OK,33.12,OK,2.91,BDL
2017-09-23 16:00:00,27.65,OK,-1.82,OR,null,OS,null,OS,0.54,OK,41.01,OK,6.58,OK
2017-09-23 17:00:00,27.36,OK,-1.81,OR,null,OS,null,OS,0.52,OK,23.43,OK,-3.64,BDL
2017-09-23 18:00:00,27.0,OK,-1.77,OR,null,OS,null,OS,0.57,OK,16.76,OK,-5.19,OR
2017-09-23 19:00:00,27.53,OK,-1.75,OR,null,OS,null,OS,0.57,OK,20.64,OK,1.58,BDL
2017-09-23 20:00:00,25.31,OK,-1.81,OR,null,OS,null,OS,0.58,OK,30.21,OK,3.61,BDL
2017-09-23 21:00:00,22.07,OK,-1.81,OR,null,OS,null,OS,0.57,OK,33.89,OK,4.42,OK
2017-09-23 22:00:00,21.78,OK,-1.81,OR,null,OS,null,OS,0.59,OK,32.31,OK,2.39,BDL
2017-09-23 23:00:00,25.71,OK,-1.78,OR,null,OS,null,OS,0.52,OK,24.98,OK,-0.41,BDL
2017-09-24 00:00:00,25.68,OK,-1.8,OR,null,OS,null,OS,0.53,OK,30.55,OK,1.35,BDL
2017-09-24 01:00:00,26.46,OK,-1.81,OR,null,OS,null,OS,0.55,OK,34.5,OK,11.57,OK
2017-09-24 02:00:00,22.88,OK,-1.81,OR,null,OS,null,OS,0.56,OK,31.4,OK,6.14,OK
2017-09-24 03:00:00,14.4,OK,-1.79,OR,null,OS,null,OS,0.63,OK,46.15,OK,14.46,OK
2017-09-24 04:00:00,23.98,OK,-1.79,OR,null,OS,null,OS,0.53,OK,57.22,OK,18.43,OK
2017-09-24 05:00:00,24.24,OK,-1.76,OR,null,OS,null,OS,0.5,OK,19.01,OK,1.57,BDL
2017-09-24 06:00:00,12.35,OK,-1.7,OR,null,OS,null,OS,0.64,OK,27.32,OK,7.88,OK
2017-09-24 07:00:00,25.09,OK,-1.82,OR,null,OS,null,OS,0.56,OK,39.8,OK,9.67,OK
2017-09-24 08:00:00,33.47,OK,-1.79,OR,null,OS,null,OS,0.58,OK,49.07,OK,6.9,OK
2017-09-24 09:00:00,42.62,OK,-1.83,OR,null,OS,null,OS,0.53,OK,36.32,OK,8.78,OK
2017-09-24 10:00:00,42.85,OK,-1.79,OR,null,OS,null,OS,0.51,OK,10.74,OK,4.88,OK
2017-09-24 11:00:00,43.38,OK,-1.84,OR,null,OS,null,OS,0.48,OK,12.24,OK,5.98,OK
2017-09-24 12:00:00,44.85,OK,-1.8,OR,null,OS,null,OS,0.48,OK,15.65,OK,2.46,BDL
2017-09-24 13:00:00,44.48,OK,-1.78,OR,null,OS,null,OS,0.52,OK,13.22,OK,4.06,OK
2017-09-24 14:00:00,47.23,OK,-1.75,OR,null,OS,null,OS,0.49,OK,10.55,OK,3.19,BDL
2017-09-24 15:00:00,47.78,OK,-1.79,OR,null,OS,null,OS,0.49,OK,12.0,OK,5.49,OK
2017-09-24 16:00:00,44.58,OK,-1.78,OR,null,OS,null,OS,0.51,OK,15.24,OK,1.4,BDL
2017-09-24 17:00:00,32.23,OK,-1.67,OR,null,OS,null,OS,0.65,OK,24.43,OK,5.61,OK
2017-09-24 18:00:00,28.83,OK,-1.7,OR,null,OS,null,OS,0.66,OK,62.03,OK,5.79,OK
2017-09-24 19:00:00,25.63,OK,-1.68,OR,null,OS,null,OS,0.69,OK,60.43,OK,6.03,OK
2017-09-24 20:00:00,31.15,OK,-1.67,OR,null,OS,null,OS,0.64,OK,35.92,OK,10.18,OK
2017-09-24 21:00:00,32.1,OK,-1.65,OR,null,OS,null,OS,0.59,OK,29.96,OK,2.33,BDL
2017-09-24 22:00:00,27.59,OK,-1.67,OR,null,OS,null,OS,0.6,OK,31.78,OK,9.22,OK
2017-09-24 23:00:00,29.87,OK,-1.63,OR,null,OS,null,OS,0.53,OK,42.27,OK,12.86,OK
2017-09-25 00:00:00,31.13,OK,-1.66,OR,null,OS,null,OS,0.52,OK,32.87,OK,4.78,OK
2017-09-25 01:00:00,17.43,OK,-1.64,OR,null,OS,null,OS,0.56,OK,42.81,OK,15.73,OK
2017-09-25 02:00:00,14.09,OK,-1.66,OR,null,OS,null,OS,0.57,OK,56.94,OK,15.01,OK
2017-09-25 03:00:00,15.55,OK,-1.64,OR,null,OS,null,OS,0.52,OK,44.4,OK,10.42,OK
2017-09-25 04:00:00,18.27,OK,-1.66,OR,null,OS,null,OS,0.5,OK,39.48,OK,13.29,OK
2017-09-25 05:00:00,12.79,OK,-1.64,OR,null,OS,null,OS,0.57,OK,30.4,OK,1.46,BDL
2017-09-25 06:00:00,12.53,OK,-1.57,OR,null,OS,null,OS,0.74,OK,38.35,OK,1.92,BDL
2017-09-25 07:00:00,23.24,OK,-1.62,OR,null,OS,null,OS,0.64,OK,62.88,OK,12.52,OK
2017-09-25 08:00:00,26.88,OK,-1.64,OR,null,OS,null,OS,0.68,OK,49.46,OK,4.2,OK
2017-09-25 09:00:00,32.46,OK,-1.59,OR,null,OS,null,OS,0.67,OK,55.86,OK,8.41,OK
2017-09-25 10:00:00,44.41,OK,-1.64,OR,null,OS,null,OS,0.66,OK,53.87,OK,16.11,OK
2017-09-25 11:00:00,49.56,OK,-1.64,OR,null,OS,null,OS,0.6,OK,58.89,OK,6.4,OK
2017-09-25 12:00:00,51.69,OK,-1.59,OR,null,OS,null,OS,0.6,OK,42.65,OK,8.88,OK
2017-09-25 13:00:00,46.43,OK,-1.69,OR,null,OS,null,OS,0.56,OK,35.94,OK,-1.26,BDL
2017-09-25 14:00:00,43.06,OK,-1.6,OR,null,OS,null,OS,0.6,OK,37.84,OK,10.81,OK
2017-09-25 15:00:00,40.37,OK,-1.71,OR,null,OS,null,OS,0.63,OK,20.18,OK,1.84,BDL
2017-09-25 16:00:00,36.0,OK,-1.6,OR,null,OS,null,OS,0.69,OK,27.58,OK,7.64,OK
2017-09-25 17:00:00,24.98,OK,-1.54,OR,null,OS,null,OS,0.84,OK,41.46,OK,5.14,OK
2017-09-25 18:00:00,26.61,OK,-1.57,OR,null,OS,null,OS,0.77,OK,36.5,OK,2.13,BDL
2017-09-25 19:00:00,26.21,OK,-1.58,OR,null,OS,null,OS,0.76,OK,29.32,OK,1.85,BDL
2017-09-25 20:00:00,26.86,OK,-1.53,OR,null,OS,null,OS,0.73,OK,29.99,OK,7.42,OK
2017-09-25 21:00:00,23.85,OK,-1.6,OR,null,OS,null,OS,0.67,OK,28.89,OK,8.45,OK
2017-09-25 22:00:00,22.17,OK,-1.57,OR,null,OS,null,OS,0.67,OK,34.23,OK,7.57,OK
2017-09-25 23:00:00,26.12,OK,-1.6,OR,null,OS,null,OS,0.53,OK,38.13,OK,6.36,OK
2017-09-26 00:00:00,31.56,OK,-1.63,OR,null,OS,null,OS,0.47,OK,29.96,OK,10.37,OK
2017-09-26 01:00:00,31.18,OK,-1.61,OR,null,OS,null,OS,0.47,OK,18.68,OK,1.26,BDL
2017-09-26 02:00:00,19.73,OK,-1.67,OR,null,OS,null,OS,0.53,OK,25.96,OK,7.04,OK
2017-09-26 03:00:00,15.78,OK,-1.6,OR,null,OS,null,OS,0.54,OK,42.13,OK,9.41,OK
2017-09-26 04:00:00,13.62,OK,-1.62,OR,null,OS,null,OS,0.51,OK,42.55,OK,15.24,OK
2017-09-26 05:00:00,8.5,OK,-1.59,OR,null,OS,null,OS,0.59,OK,44.53,OK,3.78,BDL
2017-09-26 06:00:00,6.94,OK,-1.51,OR,null,OS,null,OS,0.82,OK,44.27,OK,6.86,OK
2017-09-26 07:00:00,14.66,OK,-1.45,OR,null,OS,null,OS,0.81,OK,68.52,OK,9.41,OK
2017-09-26 08:00:00,27.9,OK,-1.57,OR,null,OS,null,OS,0.72,OK,70.41,OK,8.0,OK
2017-09-26 09:00:00,35.84,OK,-1.6,OR,null,OS,null,OS,0.71,OK,50.1,OK,7.67,OK
2017-09-26 10:00:00,51.12,OK,-1.63,OR,null,OS,null,OS,0.61,OK,42.92,OK,7.31,OK
2017-09-26 11:00:00,48.96,OK,-1.58,OR,null,OS,null,OS,0.62,OK,51.18,OK,9.12,OK
2017-09-26 12:00:00,43.37,OK,-1.58,OR,null,OS,null,OS,0.65,OK,33.38,OK,4.53,OK
2017-09-26 13:00:00,45.71,OK,-1.65,OR,null,OS,null,OS,0.64,OK,15.55,OK,4.51,OK
2017-09-26 14:00:00,47.07,OK,-1.6,OR,null,OS,null,OS,0.61,OK,31.88,OK,7.2,OK
2017-09-26 15:00:00,42.36,OK,-1.56,OR,null,OS,null,OS,0.73,OK,30.42,OK,5.36,OK
2017-09-26 16:00:00,38.76,OK,-1.57,OR,null,OS,null,OS,0.72,OK,29.37,OK,-0.33,BDL
2017-09-26 17:00:00,26.85,OK,-1.54,OR,null,OS,null,OS,0.84,OK,32.52,OK,8.14,OK
2017-09-26 18:00:00,21.38,OK,-1.55,OR,null,OS,null,OS,0.89,OK,47.66,OK,1.03,BDL
2017-09-26 19:00:00,22.49,OK,-1.58,OR,null,OS,null,OS,0.79,OK,56.44,OK,8.7,OK
2017-09-26 20:00:00,24.29,OK,-1.61,OR,null,OS,null,OS,0.72,OK,40.25,OK,10.33,OK
2017-09-26 21:00:00,20.69,OK,-1.63,OR,null,OS,null,OS,0.69,OK,35.87,OK,5.79,OK
2017-09-26 22:00:00,22.84,OK,-1.57,OR,null,OS,null,OS,0.68,OK,60.96,OK,14.18,OK
2017-09-26 23:00:00,22.29,OK,-1.64,OR,null,OS,null,OS,0.66,OK,40.77,OK,9.37,OK
2017-09-27 00:00:00,15.99,OK,-1.63,OR,null,OS,null,OS,0.6,OK,49.92,OK,13.6,OK
2017-09-27 01:00:00,22.5,OK,-1.65,OR,null,OS,null,OS,0.54,OK,35.71,OK,8.69,OK
2017-09-27 02:00:00,19.5,OK,-1.66,OR,null,OS,null,OS,0.57,OK,23.41,OK,8.25,OK
2017-09-27 03:00:00,13.85,OK,-1.7,OR,null,OS,null,OS,0.57,OK,24.91,OK,6.43,OK
2017-09-27 04:00:00,9.49,OK,-1.67,OR,null,OS,null,OS,0.57,OK,29.53,OK,4.1,OK
2017-09-27 05:00:00,2.97,OK,-1.58,OR,null,OS,null,OS,0.76,OK,43.79,OK,7.22,OK
2017-09-27 06:00:00,5.75,OK,-1.49,OR,null,OS,null,OS,0.98,OK,54.06,OK,4.76,OK
2017-09-27 07:00:00,12.66,OK,-1.5,OR,null,OS,null,OS,0.9,OK,76.09,OK,10.3,OK
2017-09-27 08:00:00,27.06,OK,-1.64,OR,null,OS,null,OS,0.76,OK,80.87,OK,8.18,OK
2017-09-27 09:00:00,39.98,OK,-1.69,OR,null,OS,null,OS,0.74,OK,63.22,OK,14.82,OK
2017-09-27 10:00:00,48.51,OK,-1.7,OR,null,OS,null,OS,0.64,OK,37.64,OK,8.14,OK
2017-09-27 11:00:00,50.13,OK,-1.64,OR,null,OS,null,OS,0.63,OK,48.12,OK,10.22,OK
2017-09-27 12:00:00,45.93,OK,-1.65,OR,null,OS,null,OS,0.62,OK,32.35,OK,2.14,BDL
2017-09-27 13:00:00,44.28,OK,-1.65,OR,null,OS,null,OS,0.66,OK,37.35,OK,8.27,OK
2017-09-27 14:00:00,43.0,OK,-1.61,OR,null,OS,null,OS,0.64,OK,20.72,OK,4.62,OK
2017-09-27 15:00:00,38.7,OK,-1.64,OR,null,OS,null,OS,0.67,OK,14.07,OK,8.32,OK
2017-09-27 16:00:00,33.38,OK,-1.56,OR,null,OS,null,OS,0.78,OK,21.73,OK,4.18,OK
2017-09-27 17:00:00,22.95,OK,-1.55,OR,null,OS,null,OS,0.91,OK,29.08,OK,2.01,BDL
2017-09-27 18:00:00,26.37,OK,-1.62,OR,null,OS,null,OS,0.73,OK,40.15,OK,-0.01,BDL
2017-09-27 19:00:00,18.64,OK,-1.56,OR,null,OS,null,OS,0.88,OK,29.0,OK,8.58,OK
2017-09-27 20:00:00,17.65,OK,-1.59,OR,null,OS,null,OS,0.9,OK,39.09,OK,7.31,OK
2017-09-27 21:00:00,24.26,OK,-1.62,OR,null,OS,null,OS,0.65,OK,38.78,OK,10.25,OK
2017-09-27 22:00:00,19.85,OK,-1.61,OR,null,OS,null,OS,0.68,OK,26.56,OK,4.76,OK
2017-09-27 23:00:00,8.83,OK,-1.6,OR,null,OS,null,OS,0.78,OK,47.31,OK,7.24,OK
2017-09-28 00:00:00,24.49,OK,-1.67,OR,null,OS,null,OS,0.54,OK,56.98,OK,12.27,OK
2017-09-28 01:00:00,24.95,OK,-1.67,OR,null,OS,null,OS,0.51,OK,31.64,OK,6.49,OK
2017-09-28 02:00:00,24.13,OK,-1.66,OR,null,OS,null,OS,0.51,OK,29.59,OK,5.93,OK
2017-09-28 03:00:00,26.42,OK,-1.67,OR,null,OS,null,OS,0.49,OK,32.95,OK,5.75,OK
2017-09-28 04:00:00,23.59,OK,-1.61,OR,null,OS,null,OS,0.5,OK,17.59,OK,4.47,OK
2017-09-28 05:00:00,12.44,OK,-1.63,OR,null,OS,null,OS,0.64,OK,29.34,OK,2.16,BDL
2017-09-28 06:00:00,7.41,OK,-1.46,OR,null,OS,null,OS,0.97,OK,36.25,OK,5.69,OK
2017-09-28 07:00:00,15.66,OK,-1.5,OR,null,OS,null,OS,0.96,OK,86.39,OK,9.07,OK
2017-09-28 08:00:00,27.47,OK,-1.61,OR,null,OS,null,OS,0.82,OK,100.5,OK,15.58,OK
2017-09-28 09:00:00,39.74,OK,-1.64,OR,null,OS,null,OS,0.66,OK,73.58,OK,13.11,OK
2017-09-28 10:00:00,49.54,OK,-1.64,OR,null,OS,null,OS,0.75,OK,54.1,OK,8.48,OK
2017-09-28 11:00:00,52.67,OK,-1.64,OR,null,OS,null,OS,0.73,OK,58.81,OK,10.94,OK
2017-09-28 12:00:00,43.54,OK,-1.66,OR,null,OS,null,OS,0.64,OK,59.14,OK,10.4,OK
2017-09-28 13:00:00,39.88,OK,-1.51,OR,null,OS,null,OS,0.64,OK,34.88,OK,5.21,OK
2017-09-28 14:00:00,36.9,OK,-1.68,OR,null,OS,null,OS,0.66,OK,29.19,OK,4.37,OK
2017-09-28 15:00:00,34.34,OK,-1.59,OR,null,OS,null,OS,0.67,OK,19.15,OK,4.71,OK
2017-09-28 16:00:00,28.34,OK,-1.63,OR,null,OS,null,OS,0.76,OK,32.12,OK,6.29,OK
2017-09-28 17:00:00,18.26,OK,-1.61,OR,null,OS,null,OS,0.88,OK,40.46,OK,4.57,OK
2017-09-28 18:00:00,15.23,OK,-1.62,OR,null,OS,null,OS,0.93,OK,50.53,OK,3.52,BDL
2017-09-28 19:00:00,9.46,OK,-1.57,OR,null,OS,null,OS,0.98,OK,51.87,OK,9.08,OK
2017-09-28 20:00:00,12.43,OK,-1.61,OR,null,OS,null,OS,0.86,OK,54.22,OK,7.2,OK
2017-09-28 21:00:00,15.35,OK,-1.64,OR,null,OS,null,OS,0.75,OK,60.19,OK,8.3,OK
2017-09-28 22:00:00,21.68,OK,-1.66,OR,null,OS,null,OS,0.68,OK,40.73,OK,6.89,OK
2017-09-28 23:00:00,23.3,OK,-1.68,OR,null,OS,null,OS,0.66,OK,34.82,OK,4.57,OK
2017-09-29 00:00:00,9.41,OK,-1.72,OR,null,OS,null,OS,0.71,OK,43.5,OK,10.04,OK
2017-09-29 01:00:00,12.07,OK,-1.69,OR,null,OS,null,OS,0.62,OK,55.22,OK,8.0,OK
2017-09-29 02:00:00,13.54,OK,-1.69,OR,null,OS,null,OS,0.58,OK,40.24,OK,8.26,OK
2017-09-29 03:00:00,17.79,OK,-1.69,OR,null,OS,null,OS,0.55,OK,28.58,OK,8.64,OK
2017-09-29 04:00:00,13.27,OK,-1.68,OR,null,OS,null,OS,0.58,OK,35.98,OK,3.41,BDL
2017-09-29 05:00:00,7.29,OK,-1.62,OR,null,OS,null,OS,0.7,OK,39.41,OK,11.14,OK
2017-09-29 06:00:00,10.96,OK,-1.6,OR,null,OS,null,OS,0.91,OK,44.51,OK,0.55,BDL
2017-09-29 07:00:00,14.18,OK,-1.61,OR,null,OS,null,OS,0.98,OK,73.06,OK,15.51,OK
2017-09-29 08:00:00,31.63,OK,-1.67,OR,null,OS,null,OS,0.72,OK,82.46,OK,10.92,OK
2017-09-29 09:00:00,41.36,OK,-1.71,OR,null,OS,null,OS,0.77,OK,59.12,OK,11.49,OK
2017-09-29 10:00:00,50.59,OK,-1.64,OR,null,OS,null,OS,0.83,OK,78.71,OK,16.08,OK
2017-09-29 11:00:00,49.28,OK,-1.69,OR,null,OS,null,OS,0.75,OK,95.0,OK,11.14,OK
2017-09-29 12:00:00,40.15,OK,-1.5,OR,null,OS,null,OS,0.72,OK,51.5,OK,9.77,OK
2017-09-29 13:00:00,39.38,OK,-1.68,OR,null,OS,null,OS,0.69,OK,36.05,OK,9.86,OK
2017-09-29 14:00:00,37.14,OK,-1.72,OR,null,OS,null,OS,0.74,OK,32.03,OK,3.1,BDL
2017-09-29 15:00:00,33.71,OK,-1.65,OR,null,OS,null,OS,0.78,OK,36.57,OK,8.11,OK
2017-09-29 16:00:00,29.53,OK,-1.63,OR,null,OS,null,OS,0.83,OK,44.55,OK,8.24,OK
2017-09-29 17:00:00,26.11,OK,-1.63,OR,null,OS,null,OS,0.81,OK,29.44,OK,1.14,BDL
2017-09-29 18:00:00,20.16,OK,-1.67,OR,null,OS,null,OS,0.85,OK,48.18,OK,3.88,BDL
2017-09-29 19:00:00,22.21,OK,-1.7,OR,null,OS,null,OS,0.83,OK,39.15,OK,3.17,BDL
2017-09-29 20:00:00,24.15,OK,-1.69,OR,null,OS,null,OS,0.79,OK,42.23,OK,4.52,OK
2017-09-29 21:00:00,18.13,OK,-1.75,OR,null,OS,null,OS,0.86,OK,39.93,OK,5.13,OK
2017-09-29 22:00:00,12.71,OK,-1.68,OR,null,OS,null,OS,0.89,OK,47.82,OK,10.24,OK
2017-09-29 23:00:00,16.47,OK,-1.7,OR,null,OS,null,OS,0.8,OK,51.37,OK,7.24,OK
2017-09-30 00:00:00,15.58,OK,-1.71,OR,null,OS,null,OS,0.78,OK,47.38,OK,7.68,OK
2017-09-30 01:00:00,5.01,OK,-1.68,OR,null,OS,null,OS,0.75,OK,62.38,OK,11.44,OK
2017-09-30 02:00:00,10.46,OK,-1.77,OR,null,OS,null,OS,0.68,OK,69.64,OK,15.81,OK
2017-09-30 03:00:00,14.5,OK,-1.74,OR,null,OS,null,OS,0.64,OK,37.3,OK,8.15,OK
2017-09-30 04:00:00,12.44,OK,-1.76,OR,null,OS,null,OS,0.63,OK,44.38,OK,6.93,OK
2017-09-30 05:00:00,6.63,OK,-1.75,OR,null,OS,null,OS,0.67,OK,60.95,OK,11.28,OK
2017-09-30 06:00:00,9.51,OK,-1.7,OR,null,OS,null,OS,0.78,OK,51.91,OK,3.13,BDL
2017-09-30 07:00:00,14.53,OK,-1.71,OR,null,OS,null,OS,0.92,OK,60.95,OK,11.79,OK
2017-09-30 08:00:00,28.4,OK,-1.71,OR,null,OS,null,OS,0.79,OK,66.77,OK,12.05,OK
2017-09-30 09:00:00,34.24,OK,-1.68,OR,null,OS,null,OS,0.73,OK,52.54,OK,9.17,OK
2017-09-30 10:00:00,43.71,OK,-1.73,OR,null,OS,null,OS,0.8,OK,46.87,OK,11.74,OK
2017-09-30 11:00:00,50.99,OK,-1.65,OR,null,OS,null,OS,0.71,OK,56.14,OK,15.06,OK
2017-09-30 12:00:00,39.61,OK,-1.73,OR,null,OS,null,OS,0.73,OK,37.96,OK,4.61,OK
2017-09-30 13:00:00,35.35,OK,-1.75,OR,null,OS,null,OS,0.7,OK,32.02,OK,12.6,OK
2017-09-30 14:00:00,35.16,OK,-1.73,OR,null,OS,null,OS,0.63,OK,35.11,OK,2.3,BDL
2017-09-30 15:00:00,38.08,OK,-1.77,OR,null,OS,null,OS,0.64,OK,39.15,OK,3.9,BDL
2017-09-30 16:00:00,35.9,OK,-1.82,OR,null,OS,null,OS,0.61,OK,62.73,OK,6.1,OK
2017-09-30 17:00:00,26.43,OK,-1.79,OR,null,OS,null,OS,0.67,OK,46.62,OK,-1.38,BDL
2017-09-30 18:00:00,20.55,OK,-1.74,OR,null,OS,null,OS,0.73,OK,32.47,OK,-2.68,BDL
2017-09-30 19:00:00,21.8,OK,-1.74,OR,null,OS,null,OS,0.78,OK,47.14,OK,7.73,OK
2017-09-30 20:00:00,23.0,OK,-1.72,OR,null,OS,null,OS,0.88,OK,47.87,OK,6.97,OK
2017-09-30 21:00:00,21.28,OK,-1.67,OR,null,OS,null,OS,0.85,OK,47.71,OK,11.83,OK
2017-09-30 22:00:00,13.89,OK,-1.73,OR,null,OS,null,OS,0.84,OK,34.34,OK,8.85,OK
2017-09-30 23:00:00,7.07,OK,-1.76,OR,null,OS,null,OS,0.87,OK,55.6,OK,7.64,OK
