Red Universitaria de Observatorios Atmosfericos (RUOA)
Atmospheric Observatory Hermosillo (erno), Sonora
Lat 29.0814 N, Lon 110.9706 W, Alt 154 masl
Time UTC-7h
Air Quality data
Flags: OK = Reliable data, BDL = Below Detection Limit, OR = Out of Range, OS = Out of Service 
 
Time,O3,O3_flag,SO2,SO2_flag,NO2,NO2_flag,NO,NO_flag,CO,CO_flag,PM10,PM10_flag,PM2.5,PM2.5_flag
yyyy-mm-dd HH:MM:SS,ppb,flag,ppb,flag,ppb,flag,ppb,flag,ppm,flag,ug/m^3,flag,ug/m^3,flag
2017-02-01 00:00:00,20.7,OK,1.44,OK,null,OS,null,OS,6.0,OK,35.61,OK,9.79,OK
2017-02-01 01:00:00,15.5,OK,1.32,OK,null,OS,null,OS,6.0,OK,28.54,OK,10.3,OK
2017-02-01 02:00:00,15.68,OK,1.28,OK,null,OS,null,OS,5.95,OK,30.16,OK,10.24,OK
2017-02-01 03:00:00,14.57,OK,1.3,OK,null,OS,null,OS,5.93,OK,13.6,OK,8.96,OK
2017-02-01 04:00:00,18.43,OK,1.3,OK,null,OS,null,OS,5.87,OK,25.23,OK,6.55,OK
2017-02-01 05:00:00,14.89,OK,1.33,OK,null,OS,null,OS,5.94,OK,26.98,OK,9.42,OK
2017-02-01 06:00:00,4.92,OK,1.55,OK,null,OS,null,OS,6.25,OK,32.65,OK,8.38,OK
2017-02-01 07:00:00,9.92,OK,1.63,OK,null,OS,null,OS,6.28,OK,48.84,OK,6.86,OK
2017-02-01 08:00:00,20.41,OK,1.66,OK,null,OS,null,OS,6.22,OK,39.92,OK,1.97,BDL
2017-02-01 09:00:00,25.16,OK,1.44,OK,null,OS,null,OS,6.05,OK,39.75,OK,9.05,OK
2017-02-01 10:00:00,27.02,OK,1.44,OK,null,OS,null,OS,5.99,OK,23.37,OK,0.85,BDL
2017-02-01 11:00:00,31.34,OK,1.38,OK,null,OS,null,OS,6.03,OK,17.92,OK,-2.92,BDL
2017-02-01 12:00:00,19.22,OK,1.39,OK,null,OS,null,OS,6.13,OK,7.78,OK,5.5,OK
2017-02-01 13:00:00,19.84,OK,1.38,OK,null,OS,null,OS,6.17,OK,27.67,OK,9.78,OK
2017-02-01 14:00:00,20.81,OK,1.36,OK,null,OS,null,OS,6.19,OK,33.99,OK,5.7,OK
2017-02-01 15:00:00,20.42,OK,1.42,OK,null,OS,null,OS,6.3,OK,26.36,OK,17.22,OK
2017-02-01 16:00:00,14.49,OK,1.46,OK,null,OS,null,OS,6.64,OK,37.37,OK,9.99,OK
2017-02-01 17:00:00,3.5,OK,1.36,OK,null,OS,null,OS,6.69,OK,44.77,OK,7.71,OK
2017-02-01 18:00:00,1.15,OK,1.44,OK,null,OS,null,OS,6.71,OK,67.04,OK,10.6,OK
2017-02-01 19:00:00,0.67,BDL,1.49,OK,null,OS,null,OS,6.86,OK,78.07,OK,15.52,OK
2017-02-01 20:00:00,0.83,BDL,1.45,OK,null,OS,null,OS,6.72,OK,96.93,OK,18.89,OK
2017-02-01 21:00:00,1.53,OK,1.39,OK,null,OS,null,OS,6.63,OK,84.63,OK,22.41,OK
2017-02-01 22:00:00,1.53,OK,1.64,OK,null,OS,null,OS,6.63,OK,64.08,OK,19.53,OK
2017-02-01 23:00:00,1.21,OK,1.52,OK,null,OS,null,OS,6.68,OK,82.08,OK,22.05,OK
2017-02-02 00:00:00,4.86,OK,1.31,OK,null,OS,null,OS,6.2,OK,49.6,OK,18.96,OK
2017-02-02 01:00:00,12.09,OK,1.3,OK,null,OS,null,OS,5.98,OK,34.79,OK,11.95,OK
2017-02-02 02:00:00,11.07,OK,1.29,OK,null,OS,null,OS,6.01,OK,5.5,OK,2.21,BDL
2017-02-02 03:00:00,12.66,OK,1.22,OK,null,OS,null,OS,5.95,OK,16.51,OK,6.44,OK
2017-02-02 04:00:00,8.95,OK,1.28,OK,null,OS,null,OS,6.03,OK,15.83,OK,7.18,OK
2017-02-02 05:00:00,6.34,OK,1.31,OK,null,OS,null,OS,6.14,OK,19.38,OK,8.46,OK
2017-02-02 06:00:00,2.45,OK,1.55,OK,null,OS,null,OS,6.56,OK,55.36,OK,17.72,OK
2017-02-02 07:00:00,7.84,OK,1.56,OK,null,OS,null,OS,6.51,OK,38.53,OK,2.87,BDL
2017-02-02 08:00:00,14.59,OK,1.48,OK,null,OS,null,OS,6.27,OK,53.72,OK,4.24,OK
2017-02-02 09:00:00,19.9,OK,1.45,OK,null,OS,null,OS,6.19,OK,57.19,OK,6.48,OK
2017-02-02 10:00:00,26.98,OK,1.38,OK,null,OS,null,OS,6.11,OK,50.91,OK,2.73,BDL
2017-02-02 11:00:00,25.73,OK,1.36,OK,null,OS,null,OS,6.18,OK,30.49,OK,-1.8,BDL
2017-02-02 12:00:00,19.03,OK,1.4,OK,null,OS,null,OS,6.25,OK,29.76,OK,10.61,OK
2017-02-02 13:00:00,18.12,OK,1.36,OK,null,OS,null,OS,6.24,OK,36.63,OK,8.76,OK
2017-02-02 14:00:00,18.36,OK,1.33,OK,null,OS,null,OS,6.2,OK,25.28,OK,2.26,BDL
2017-02-02 15:00:00,15.52,OK,1.32,OK,null,OS,null,OS,6.34,OK,25.32,OK,5.64,OK
2017-02-02 16:00:00,18.86,OK,1.61,OK,null,OS,null,OS,6.53,OK,17.96,OK,2.26,BDL
2017-02-02 17:00:00,7.11,OK,2.24,OK,null,OS,null,OS,7.06,OK,45.35,OK,10.58,OK
2017-02-02 18:00:00,2.42,OK,3.64,OK,null,OS,null,OS,8.45,OK,87.62,OK,14.25,OK
2017-02-02 19:00:00,1.55,OK,2.38,OK,null,OS,null,OS,7.6,OK,114.84,OK,23.73,OK
2017-02-02 20:00:00,1.39,OK,2.35,OK,null,OS,null,OS,7.48,OK,109.18,OK,28.38,OK
2017-02-02 21:00:00,1.71,OK,2.93,OK,null,OS,null,OS,7.67,OK,117.76,OK,23.67,OK
2017-02-02 22:00:00,2.91,OK,2.05,OK,null,OS,null,OS,7.01,OK,110.46,OK,23.77,OK
2017-02-02 23:00:00,6.85,OK,1.57,OK,null,OS,null,OS,6.26,OK,58.19,OK,20.37,OK
2017-02-03 00:00:00,14.58,OK,1.38,OK,null,OS,null,OS,6.01,OK,40.18,OK,15.46,OK
2017-02-03 01:00:00,14.21,OK,1.35,OK,null,OS,null,OS,5.98,OK,28.16,OK,11.64,OK
2017-02-03 02:00:00,16.72,OK,1.3,OK,null,OS,null,OS,5.95,OK,18.48,OK,13.13,OK
2017-02-03 03:00:00,17.43,OK,1.3,OK,null,OS,null,OS,5.95,OK,15.95,OK,3.96,BDL
2017-02-03 04:00:00,22.21,OK,1.32,OK,null,OS,null,OS,5.95,OK,13.46,OK,2.42,BDL
2017-02-03 05:00:00,10.05,OK,1.63,OK,null,OS,null,OS,6.14,OK,25.87,OK,10.4,OK
2017-02-03 06:00:00,7.18,OK,1.87,OK,null,OS,null,OS,6.4,OK,38.48,OK,15.53,OK
2017-02-03 07:00:00,11.09,OK,1.98,OK,null,OS,null,OS,6.52,OK,38.33,OK,1.54,BDL
2017-02-03 08:00:00,20.83,OK,1.59,OK,null,OS,null,OS,6.31,OK,58.75,OK,18.1,OK
2017-02-03 09:00:00,21.58,OK,1.58,OK,null,OS,null,OS,6.31,OK,34.62,OK,-1.01,BDL
2017-02-03 10:00:00,26.57,OK,1.66,OK,null,OS,null,OS,6.5,OK,35.21,OK,1.53,BDL
2017-02-03 11:00:00,39.34,OK,1.83,OK,null,OS,null,OS,6.76,OK,68.96,OK,13.36,OK
2017-02-03 12:00:00,38.41,OK,2.42,OK,null,OS,null,OS,6.51,OK,73.53,OK,18.55,OK
2017-02-03 13:00:00,34.6,OK,1.6,OK,null,OS,null,OS,6.32,OK,47.64,OK,4.44,OK
2017-02-03 14:00:00,32.8,OK,1.49,OK,null,OS,null,OS,6.33,OK,24.16,OK,6.78,OK
2017-02-03 15:00:00,29.72,OK,1.49,OK,null,OS,null,OS,6.37,OK,27.82,OK,16.26,OK
2017-02-03 16:00:00,19.52,OK,1.57,OK,null,OS,null,OS,6.55,OK,57.18,OK,13.42,OK
2017-02-03 17:00:00,6.49,OK,1.6,OK,null,OS,null,OS,6.62,OK,58.06,OK,-0.72,BDL
2017-02-03 18:00:00,2.18,OK,2.58,OK,null,OS,null,OS,7.72,OK,96.22,OK,12.31,OK
2017-02-03 19:00:00,1.7,OK,2.26,OK,null,OS,null,OS,7.5,OK,120.33,OK,21.49,OK
2017-02-03 20:00:00,2.46,OK,4.01,OK,null,OS,null,OS,8.96,OK,135.29,OK,22.41,OK
2017-02-03 21:00:00,12.57,OK,1.66,OK,null,OS,null,OS,6.4,OK,109.67,OK,23.69,OK
2017-02-03 22:00:00,17.59,OK,1.49,OK,null,OS,null,OS,6.11,OK,20.68,OK,6.86,OK
2017-02-03 23:00:00,13.74,OK,1.39,OK,null,OS,null,OS,6.12,OK,25.76,OK,6.18,OK
2017-02-04 00:00:00,12.5,OK,1.37,OK,null,OS,null,OS,6.05,OK,27.49,OK,9.18,OK
2017-02-04 01:00:00,12.21,OK,1.35,OK,null,OS,null,OS,6.01,OK,26.32,OK,11.22,OK
2017-02-04 02:00:00,10.66,OK,1.34,OK,null,OS,null,OS,6.02,OK,32.31,OK,10.38,OK
2017-02-04 03:00:00,15.21,OK,1.36,OK,null,OS,null,OS,5.97,OK,20.8,OK,9.84,OK
2017-02-04 04:00:00,15.67,OK,1.37,OK,null,OS,null,OS,5.98,OK,17.07,OK,6.36,OK
2017-02-04 05:00:00,10.28,OK,1.64,OK,null,OS,null,OS,6.08,OK,20.95,OK,3.1,BDL
2017-02-04 06:00:00,9.03,OK,1.8,OK,null,OS,null,OS,6.23,OK,49.61,OK,23.13,OK
2017-02-04 07:00:00,10.54,OK,1.59,OK,null,OS,null,OS,6.28,OK,55.81,OK,10.09,OK
2017-02-04 08:00:00,21.82,OK,1.58,OK,null,OS,null,OS,6.25,OK,25.04,OK,-2.62,BDL
2017-02-04 09:00:00,28.21,OK,1.46,OK,null,OS,null,OS,6.16,OK,16.7,OK,-6.15,OR
2017-02-04 10:00:00,36.4,OK,1.47,OK,null,OS,null,OS,6.11,OK,32.82,OK,-3.58,BDL
2017-02-04 11:00:00,39.4,OK,1.48,OK,null,OS,null,OS,6.13,OK,26.23,OK,0.53,BDL
2017-02-04 12:00:00,42.49,OK,1.42,OK,null,OS,null,OS,6.16,OK,13.99,OK,5.85,OK
2017-02-04 13:00:00,44.77,OK,1.44,OK,null,OS,null,OS,6.21,OK,29.79,OK,2.81,BDL
2017-02-04 14:00:00,47.36,OK,1.46,OK,null,OS,null,OS,6.19,OK,25.33,OK,10.9,OK
2017-02-04 15:00:00,38.33,OK,1.49,OK,null,OS,null,OS,6.29,OK,21.34,OK,12.07,OK
2017-02-04 16:00:00,39.7,OK,1.46,OK,null,OS,null,OS,6.23,OK,34.98,OK,4.89,OK
2017-02-04 17:00:00,26.24,OK,1.63,OK,null,OS,null,OS,6.33,OK,55.81,OK,13.75,OK
2017-02-04 18:00:00,18.19,OK,1.72,OK,null,OS,null,OS,6.37,OK,64.29,OK,11.69,OK
2017-02-04 19:00:00,7.28,OK,2.06,OK,null,OS,null,OS,6.69,OK,60.59,OK,14.95,OK
2017-02-04 20:00:00,2.78,OK,1.86,OK,null,OS,null,OS,6.8,OK,63.72,OK,20.29,OK
2017-02-04 21:00:00,1.15,OK,2.08,OK,null,OS,null,OS,7.14,OK,76.74,OK,18.03,OK
2017-02-04 22:00:00,2.62,OK,2.09,OK,null,OS,null,OS,7.15,OK,74.98,OK,22.0,OK
2017-02-04 23:00:00,10.69,OK,1.46,OK,null,OS,null,OS,6.25,OK,57.54,OK,10.75,OK
2017-02-05 00:00:00,14.84,OK,1.49,OK,null,OS,null,OS,6.11,OK,37.89,OK,14.25,OK
2017-02-05 01:00:00,19.04,OK,1.34,OK,null,OS,null,OS,6.07,OK,40.04,OK,16.17,OK
2017-02-05 02:00:00,16.98,OK,1.36,OK,null,OS,null,OS,6.05,OK,16.58,OK,6.32,OK
2017-02-05 03:00:00,17.17,OK,1.25,OK,null,OS,null,OS,6.01,OK,30.71,OK,13.26,OK
2017-02-05 04:00:00,16.4,OK,1.3,OK,null,OS,null,OS,6.01,OK,25.97,OK,9.72,OK
2017-02-05 05:00:00,16.37,OK,1.31,OK,null,OS,null,OS,6.02,OK,18.65,OK,7.61,OK
2017-02-05 06:00:00,17.87,OK,1.38,OK,null,OS,null,OS,6.05,OK,17.39,OK,2.4,BDL
2017-02-05 07:00:00,17.79,OK,1.39,OK,null,OS,null,OS,6.08,OK,10.9,OK,-3.24,BDL
2017-02-05 08:00:00,21.03,OK,1.52,OK,null,OS,null,OS,6.15,OK,16.65,OK,-3.1,BDL
2017-02-05 09:00:00,31.15,OK,1.78,OK,null,OS,null,OS,6.16,OK,24.07,OK,-2.93,BDL
2017-02-05 10:00:00,41.09,OK,2.28,OK,null,OS,null,OS,6.15,OK,20.01,OK,-1.92,BDL
2017-02-05 11:00:00,46.71,OK,2.42,OK,null,OS,null,OS,6.17,OK,26.48,OK,11.16,OK
2017-02-05 12:00:00,49.4,OK,2.19,OK,null,OS,null,OS,6.17,OK,38.57,OK,9.99,OK
2017-02-05 13:00:00,46.06,OK,2.29,OK,null,OS,null,OS,6.17,OK,28.84,OK,7.73,OK
2017-02-05 14:00:00,44.79,OK,2.14,OK,null,OS,null,OS,6.12,OK,23.85,OK,10.19,OK
2017-02-05 15:00:00,40.77,OK,2.0,OK,null,OS,null,OS,6.19,OK,16.13,OK,6.12,OK
2017-02-05 16:00:00,37.34,OK,2.08,OK,null,OS,null,OS,6.2,OK,21.14,OK,7.78,OK
2017-02-05 17:00:00,29.44,OK,2.4,OK,null,OS,null,OS,6.21,OK,31.39,OK,10.91,OK
2017-02-05 18:00:00,28.25,OK,2.57,OK,null,OS,null,OS,6.2,OK,40.22,OK,13.74,OK
2017-02-05 19:00:00,31.61,OK,2.59,OK,null,OS,null,OS,6.19,OK,31.69,OK,17.14,OK
2017-02-05 20:00:00,22.72,OK,2.58,OK,null,OS,null,OS,6.38,OK,25.03,OK,9.59,OK
2017-02-05 21:00:00,21.75,OK,2.59,OK,null,OS,null,OS,6.37,OK,32.87,OK,12.92,OK
2017-02-05 22:00:00,11.28,OK,2.62,OK,null,OS,null,OS,6.52,OK,39.56,OK,14.15,OK
2017-02-05 23:00:00,15.32,OK,2.34,OK,null,OS,null,OS,6.29,OK,63.07,OK,26.4,OK
2017-02-06 00:00:00,14.39,OK,2.33,OK,null,OS,null,OS,6.24,OK,56.07,OK,21.27,OK
2017-02-06 01:00:00,4.47,OK,1.93,OK,null,OS,null,OS,6.42,OK,58.08,OK,20.34,OK
2017-02-06 02:00:00,1.35,OK,1.96,OK,null,OS,null,OS,6.59,OK,76.67,OK,22.72,OK
2017-02-06 03:00:00,1.33,OK,1.93,OK,null,OS,null,OS,6.55,OK,104.38,OK,35.48,OK
2017-02-06 04:00:00,4.35,OK,2.15,OK,null,OS,null,OS,6.3,OK,92.68,OK,35.07,OK
2017-02-06 05:00:00,9.36,OK,1.83,OK,null,OS,null,OS,6.14,OK,49.44,OK,24.08,OK
2017-02-06 06:00:00,7.48,OK,1.73,OK,null,OS,null,OS,6.16,OK,26.92,OK,10.63,OK
2017-02-06 07:00:00,16.33,OK,1.79,OK,null,OS,null,OS,6.16,OK,20.62,OK,4.43,OK
2017-02-06 08:00:00,26.05,OK,2.06,OK,null,OS,null,OS,6.13,OK,23.78,OK,0.7,BDL
2017-02-06 09:00:00,31.88,OK,2.15,OK,null,OS,null,OS,6.11,OK,26.68,OK,2.67,BDL
2017-02-06 10:00:00,33.41,OK,2.02,OK,null,OS,null,OS,6.1,OK,17.82,OK,0.53,BDL
2017-02-06 11:00:00,39.46,OK,1.62,OK,null,OS,null,OS,6.12,OK,13.93,OK,-1.66,BDL
2017-02-06 12:00:00,37.35,OK,1.58,OK,null,OS,null,OS,6.15,OK,16.68,OK,4.3,OK
2017-02-06 13:00:00,37.98,OK,1.57,OK,null,OS,null,OS,6.16,OK,36.71,OK,8.51,OK
2017-02-06 14:00:00,40.78,OK,1.54,OK,null,OS,null,OS,6.14,OK,15.9,OK,4.84,OK
2017-02-06 15:00:00,37.64,OK,1.48,OK,null,OS,null,OS,6.19,OK,11.39,OK,7.85,OK
2017-02-06 16:00:00,33.12,OK,1.5,OK,null,OS,null,OS,6.26,OK,31.62,OK,9.62,OK
2017-02-06 17:00:00,17.65,OK,1.72,OK,null,OS,null,OS,6.47,OK,44.17,OK,9.0,OK
2017-02-06 18:00:00,5.94,OK,1.74,OK,null,OS,null,OS,6.65,OK,74.39,OK,14.75,OK
2017-02-06 19:00:00,7.56,OK,1.88,OK,null,OS,null,OS,6.54,OK,99.33,OK,20.43,OK
2017-02-06 20:00:00,6.61,OK,1.66,OK,null,OS,null,OS,6.51,OK,65.56,OK,17.05,OK
2017-02-06 21:00:00,11.94,OK,1.6,OK,null,OS,null,OS,6.26,OK,58.71,OK,14.29,OK
2017-02-06 22:00:00,8.97,OK,1.54,OK,null,OS,null,OS,6.3,OK,43.95,OK,9.58,OK
2017-02-06 23:00:00,1.81,OK,1.62,OK,null,OS,null,OS,6.53,OK,43.97,OK,15.26,OK
2017-02-07 00:00:00,9.71,OK,1.43,OK,null,OS,null,OS,6.22,OK,58.08,OK,18.68,OK
2017-02-07 01:00:00,11.15,OK,1.39,OK,null,OS,null,OS,6.08,OK,33.87,OK,13.89,OK
2017-02-07 02:00:00,8.03,OK,1.33,OK,null,OS,null,OS,6.08,OK,31.23,OK,12.38,OK
2017-02-07 03:00:00,8.74,OK,1.33,OK,null,OS,null,OS,6.04,OK,22.53,OK,8.28,OK
2017-02-07 04:00:00,10.37,OK,1.3,OK,null,OS,null,OS,6.06,OK,11.43,OK,4.21,OK
2017-02-07 05:00:00,10.03,OK,1.46,OK,null,OS,null,OS,6.22,OK,24.97,OK,2.74,BDL
2017-02-07 06:00:00,6.01,OK,1.51,OK,null,OS,null,OS,6.42,OK,33.01,OK,0.42,BDL
2017-02-07 07:00:00,9.19,OK,1.72,OK,null,OS,null,OS,6.64,OK,47.05,OK,-2.68,BDL
2017-02-07 08:00:00,14.8,OK,1.82,OK,null,OS,null,OS,6.65,OK,74.61,OK,7.43,OK
2017-02-07 09:00:00,23.35,OK,1.55,OK,null,OS,null,OS,6.47,OK,71.21,OK,4.26,OK
2017-02-07 10:00:00,29.2,OK,1.72,OK,null,OS,null,OS,6.69,OK,58.07,OK,6.23,OK
2017-02-07 11:00:00,43.6,OK,1.62,OK,null,OS,null,OS,6.51,OK,68.26,OK,9.69,OK
2017-02-07 12:00:00,41.63,OK,1.74,OK,null,OS,null,OS,6.31,OK,51.94,OK,8.28,OK
2017-02-07 13:00:00,37.43,OK,1.4,OK,null,OS,null,OS,6.26,OK,24.64,OK,3.51,BDL
2017-02-07 14:00:00,36.81,OK,1.25,OK,null,OS,null,OS,6.17,OK,23.21,OK,5.87,OK
2017-02-07 15:00:00,33.82,OK,1.32,OK,null,OS,null,OS,6.23,OK,18.13,OK,1.0,BDL
2017-02-07 16:00:00,24.99,OK,1.48,OK,null,OS,null,OS,6.39,OK,22.45,OK,2.36,BDL
2017-02-07 17:00:00,7.39,OK,1.55,OK,null,OS,null,OS,6.72,OK,46.3,OK,6.45,OK
2017-02-07 18:00:00,3.65,OK,1.62,OK,null,OS,null,OS,6.8,OK,69.3,OK,10.57,OK
2017-02-07 19:00:00,12.06,OK,1.49,OK,null,OS,null,OS,6.53,OK,71.88,OK,14.76,OK
2017-02-07 20:00:00,21.07,OK,1.35,OK,null,OS,null,OS,6.3,OK,37.12,OK,5.91,OK
2017-02-07 21:00:00,12.47,OK,1.43,OK,null,OS,null,OS,6.48,OK,37.66,OK,10.45,OK
2017-02-07 22:00:00,5.66,OK,1.74,OK,null,OS,null,OS,6.68,OK,59.78,OK,13.32,OK
2017-02-07 23:00:00,4.99,OK,1.68,OK,null,OS,null,OS,6.53,OK,73.51,OK,14.79,OK
2017-02-08 00:00:00,19.97,OK,1.31,OK,null,OS,null,OS,6.12,OK,40.61,OK,13.5,OK
2017-02-08 01:00:00,23.0,OK,1.29,OK,null,OS,null,OS,6.08,OK,18.6,OK,3.02,BDL
2017-02-08 02:00:00,21.93,OK,1.26,OK,null,OS,null,OS,6.08,OK,7.17,OK,5.97,OK
2017-02-08 03:00:00,12.61,OK,1.32,OK,null,OS,null,OS,6.15,OK,18.71,OK,6.33,OK
2017-02-08 04:00:00,17.27,OK,1.3,OK,null,OS,null,OS,6.12,OK,27.46,OK,3.52,BDL
2017-02-08 05:00:00,3.39,OK,1.48,OK,null,OS,null,OS,6.39,OK,20.17,OK,6.11,OK
2017-02-08 06:00:00,2.77,OK,1.7,OK,null,OS,null,OS,6.77,OK,45.38,OK,9.24,OK
2017-02-08 07:00:00,8.71,OK,1.67,OK,null,OS,null,OS,6.72,OK,47.41,OK,-4.54,OR
2017-02-08 08:00:00,10.97,OK,2.17,OK,null,OS,null,OS,7.54,OK,62.82,OK,3.63,BDL
2017-02-08 09:00:00,21.62,OK,2.07,OK,null,OS,null,OS,7.23,OK,125.81,OK,12.57,OK
2017-02-08 10:00:00,32.95,OK,1.96,OK,null,OS,null,OS,6.86,OK,107.29,OK,18.54,OK
2017-02-08 11:00:00,40.89,OK,1.61,OK,null,OS,null,OS,6.48,OK,64.88,OK,4.68,OK
2017-02-08 12:00:00,48.18,OK,1.5,OK,null,OS,null,OS,6.42,OK,34.66,OK,13.91,OK
2017-02-08 13:00:00,42.07,OK,1.32,OK,null,OS,null,OS,6.19,OK,41.88,OK,8.88,OK
2017-02-08 14:00:00,38.21,OK,1.33,OK,null,OS,null,OS,6.19,OK,24.66,OK,1.31,BDL
2017-02-08 15:00:00,33.73,OK,1.35,OK,null,OS,null,OS,6.22,OK,24.14,OK,5.37,OK
2017-02-08 16:00:00,26.4,OK,1.36,OK,null,OS,null,OS,6.33,OK,23.49,OK,1.4,BDL
2017-02-08 17:00:00,12.22,OK,1.54,OK,null,OS,null,OS,6.59,OK,30.96,OK,6.86,OK
2017-02-08 18:00:00,1.38,OK,2.12,OK,null,OS,null,OS,7.68,OK,59.16,OK,7.41,OK
2017-02-08 19:00:00,1.37,OK,2.73,OK,null,OS,null,OS,8.78,OK,163.67,OK,24.93,OK
2017-02-08 20:00:00,7.3,OK,1.87,OK,null,OS,null,OS,7.0,OK,155.45,OK,26.06,OK
2017-02-08 21:00:00,14.8,OK,1.55,OK,null,OS,null,OS,6.6,OK,46.63,OK,3.43,BDL
2017-02-08 22:00:00,10.2,OK,1.57,OK,null,OS,null,OS,6.5,OK,97.86,OK,27.36,OK
2017-02-08 23:00:00,9.33,OK,1.46,OK,null,OS,null,OS,6.35,OK,47.77,OK,6.51,OK
2017-02-09 00:00:00,2.01,OK,1.5,OK,null,OS,null,OS,6.45,OK,33.89,OK,14.2,OK
2017-02-09 01:00:00,15.87,OK,1.31,OK,null,OS,null,OS,6.18,OK,38.03,OK,9.13,OK
2017-02-09 02:00:00,16.6,OK,1.31,OK,null,OS,null,OS,6.16,OK,16.51,OK,8.06,OK
2017-02-09 03:00:00,11.89,OK,1.29,OK,null,OS,null,OS,6.2,OK,18.98,OK,3.58,BDL
2017-02-09 04:00:00,7.01,OK,1.34,OK,null,OS,null,OS,6.27,OK,22.23,OK,10.48,OK
2017-02-09 05:00:00,1.77,OK,1.42,OK,null,OS,null,OS,6.37,OK,43.18,OK,7.1,OK
2017-02-09 06:00:00,1.44,OK,2.1,OK,null,OS,null,OS,7.39,OK,46.3,OK,6.88,OK
2017-02-09 07:00:00,13.85,OK,1.73,OK,null,OS,null,OS,6.84,OK,81.02,OK,1.4,BDL
2017-02-09 08:00:00,15.09,OK,1.65,OK,null,OS,null,OS,6.74,OK,31.66,OK,-9.11,OR
2017-02-09 09:00:00,29.79,OK,1.53,OK,null,OS,null,OS,6.32,OK,41.81,OK,4.11,OK
2017-02-09 10:00:00,36.61,OK,1.49,OK,null,OS,null,OS,6.23,OK,27.43,OK,3.98,BDL
2017-02-09 11:00:00,37.43,OK,1.61,OK,null,OS,null,OS,6.37,OK,17.96,OK,-0.04,BDL
2017-02-09 12:00:00,46.78,OK,1.74,OK,null,OS,null,OS,6.45,OK,26.07,OK,10.16,OK
2017-02-09 13:00:00,53.86,OK,2.01,OK,null,OS,null,OS,6.46,OK,62.91,OK,12.27,OK
2017-02-09 14:00:00,49.02,OK,1.95,OK,null,OS,null,OS,6.62,OK,57.43,OK,11.05,OK
2017-02-09 15:00:00,38.52,OK,1.77,OK,null,OS,null,OS,6.5,OK,46.24,OK,9.7,OK
2017-02-09 16:00:00,28.23,OK,1.7,OK,null,OS,null,OS,6.55,OK,41.82,OK,10.56,OK
2017-02-09 17:00:00,6.44,OK,1.88,OK,null,OS,null,OS,7.12,OK,69.34,OK,9.75,OK
2017-02-09 18:00:00,8.28,OK,1.98,OK,null,OS,null,OS,7.07,OK,113.65,OK,15.31,OK
2017-02-09 19:00:00,11.93,OK,1.6,OK,null,OS,null,OS,6.61,OK,92.29,OK,17.37,OK
2017-02-09 20:00:00,8.61,OK,1.47,OK,null,OS,null,OS,6.64,OK,64.93,OK,11.11,OK
2017-02-09 21:00:00,3.86,OK,1.57,OK,null,OS,null,OS,6.84,OK,77.78,OK,18.37,OK
2017-02-09 22:00:00,5.16,OK,1.58,OK,null,OS,null,OS,6.63,OK,84.73,OK,18.41,OK
2017-02-09 23:00:00,15.78,OK,1.4,OK,null,OS,null,OS,6.24,OK,59.95,OK,7.85,OK
2017-02-10 00:00:00,18.57,OK,1.35,OK,null,OS,null,OS,6.18,OK,42.42,OK,13.37,OK
2017-02-10 01:00:00,15.2,OK,1.32,OK,null,OS,null,OS,6.2,OK,31.24,OK,7.56,OK
2017-02-10 02:00:00,18.76,OK,1.33,OK,null,OS,null,OS,6.13,OK,31.4,OK,5.82,OK
2017-02-10 03:00:00,19.75,OK,1.34,OK,null,OS,null,OS,6.14,OK,15.74,OK,7.22,OK
2017-02-10 04:00:00,15.35,OK,1.38,OK,null,OS,null,OS,6.16,OK,25.8,OK,10.11,OK
2017-02-10 05:00:00,6.98,OK,1.42,OK,null,OS,null,OS,6.3,OK,37.09,OK,7.26,OK
2017-02-10 06:00:00,2.19,OK,1.96,OK,null,OS,null,OS,6.94,OK,41.32,OK,5.42,OK
2017-02-10 07:00:00,6.12,OK,1.92,OK,null,OS,null,OS,6.97,OK,66.85,OK,3.42,BDL
2017-02-10 08:00:00,16.44,OK,1.77,OK,null,OS,null,OS,6.72,OK,70.05,OK,6.24,OK
2017-02-10 09:00:00,31.54,OK,1.63,OK,null,OS,null,OS,6.39,OK,63.96,OK,7.53,OK
2017-02-10 10:00:00,33.69,OK,1.71,OK,null,OS,null,OS,6.43,OK,35.84,OK,-1.69,BDL
2017-02-10 11:00:00,39.74,OK,1.9,OK,null,OS,null,OS,6.42,OK,60.5,OK,13.67,OK
2017-02-10 12:00:00,41.05,OK,2.11,OK,null,OS,null,OS,6.5,OK,44.62,OK,9.11,OK
2017-02-10 13:00:00,38.42,OK,2.36,OK,null,OS,null,OS,6.49,OK,45.1,OK,9.77,OK
2017-02-10 14:00:00,39.3,OK,2.37,OK,null,OS,null,OS,6.44,OK,40.94,OK,14.1,OK
2017-02-10 15:00:00,34.01,OK,2.36,OK,null,OS,null,OS,6.52,OK,44.72,OK,13.93,OK
2017-02-10 16:00:00,28.18,OK,2.32,OK,null,OS,null,OS,6.56,OK,32.37,OK,8.3,OK
2017-02-10 17:00:00,13.86,OK,2.36,OK,null,OS,null,OS,6.81,OK,56.96,OK,5.47,OK
2017-02-10 18:00:00,10.44,OK,2.1,OK,null,OS,null,OS,6.87,OK,95.84,OK,17.63,OK
2017-02-10 19:00:00,14.62,OK,2.05,OK,null,OS,null,OS,6.66,OK,83.46,OK,15.92,OK
2017-02-10 20:00:00,6.01,OK,1.95,OK,null,OS,null,OS,6.81,OK,55.79,OK,12.68,OK
2017-02-10 21:00:00,1.08,OK,2.37,OK,null,OS,null,OS,7.35,OK,81.54,OK,21.8,OK
2017-02-10 22:00:00,1.46,OK,2.64,OK,null,OS,null,OS,8.22,OK,136.97,OK,21.43,OK
2017-02-10 23:00:00,6.87,OK,2.51,OK,null,OS,null,OS,7.66,OK,172.17,OK,34.08,OK
2017-02-11 00:00:00,22.54,OK,2.23,OK,null,OS,null,OS,6.34,OK,90.14,OK,16.9,OK
2017-02-11 01:00:00,7.08,OK,2.16,OK,null,OS,null,OS,6.57,OK,55.98,OK,12.4,OK
2017-02-11 02:00:00,2.36,OK,1.85,OK,null,OS,null,OS,6.42,OK,77.29,OK,22.01,OK
2017-02-11 03:00:00,5.6,OK,1.58,OK,null,OS,null,OS,6.25,OK,57.28,OK,10.74,OK
2017-02-11 04:00:00,13.22,OK,1.56,OK,null,OS,null,OS,6.17,OK,27.2,OK,6.1,OK
2017-02-11 05:00:00,6.65,OK,1.53,OK,null,OS,null,OS,6.22,OK,36.42,OK,7.47,OK
2017-02-11 06:00:00,4.82,OK,1.65,OK,null,OS,null,OS,6.35,OK,30.84,OK,9.64,OK
2017-02-11 07:00:00,8.43,OK,1.74,OK,null,OS,null,OS,6.5,OK,48.94,OK,6.88,OK
2017-02-11 08:00:00,20.75,OK,1.79,OK,null,OS,null,OS,6.4,OK,78.1,OK,6.47,OK
2017-02-11 09:00:00,30.24,OK,1.84,OK,null,OS,null,OS,6.39,OK,73.02,OK,7.34,OK
2017-02-11 10:00:00,31.35,OK,1.93,OK,null,OS,null,OS,6.34,OK,50.1,OK,5.41,OK
2017-02-11 11:00:00,35.55,OK,1.95,OK,null,OS,null,OS,6.42,OK,51.08,OK,12.21,OK
2017-02-11 12:00:00,36.84,OK,2.01,OK,null,OS,null,OS,6.35,OK,35.76,OK,6.38,OK
2017-02-11 13:00:00,36.72,OK,1.89,OK,null,OS,null,OS,6.34,OK,32.93,OK,2.89,BDL
2017-02-11 14:00:00,34.88,OK,1.7,OK,null,OS,null,OS,6.32,OK,30.9,OK,9.15,OK
2017-02-11 15:00:00,34.37,OK,1.56,OK,null,OS,null,OS,6.26,OK,27.01,OK,-1.55,BDL
2017-02-11 16:00:00,30.79,OK,1.92,OK,null,OS,null,OS,6.32,OK,25.96,OK,4.3,OK
2017-02-11 17:00:00,20.92,OK,1.82,OK,null,OS,null,OS,6.47,OK,36.57,OK,3.23,BDL
2017-02-11 18:00:00,18.2,OK,1.78,OK,null,OS,null,OS,6.54,OK,43.21,OK,7.48,OK
2017-02-11 19:00:00,14.6,OK,1.71,OK,null,OS,null,OS,6.52,OK,30.85,OK,12.1,OK
2017-02-11 20:00:00,18.51,OK,1.76,OK,null,OS,null,OS,6.45,OK,49.24,OK,12.94,OK
2017-02-11 21:00:00,13.91,OK,1.8,OK,null,OS,null,OS,6.46,OK,40.66,OK,13.82,OK
2017-02-11 22:00:00,12.3,OK,1.66,OK,null,OS,null,OS,6.5,OK,55.5,OK,14.6,OK
2017-02-11 23:00:00,7.11,OK,1.59,OK,null,OS,null,OS,6.61,OK,54.36,OK,12.76,OK
2017-02-12 00:00:00,3.95,OK,1.64,OK,null,OS,null,OS,6.59,OK,62.47,OK,13.01,OK
2017-02-12 01:00:00,15.68,OK,1.55,OK,null,OS,null,OS,6.25,OK,36.79,OK,13.88,OK
2017-02-12 02:00:00,11.66,OK,1.45,OK,null,OS,null,OS,6.29,OK,32.34,OK,8.06,OK
2017-02-12 03:00:00,5.24,OK,1.56,OK,null,OS,null,OS,6.44,OK,30.78,OK,7.42,OK
2017-02-12 04:00:00,4.35,OK,1.47,OK,null,OS,null,OS,6.34,OK,61.73,OK,18.48,OK
2017-02-12 05:00:00,7.1,OK,1.41,OK,null,OS,null,OS,6.23,OK,40.53,OK,8.46,OK
2017-02-12 06:00:00,7.39,OK,1.42,OK,null,OS,null,OS,6.26,OK,18.17,OK,7.46,OK
2017-02-12 07:00:00,13.89,OK,2.07,OK,null,OS,null,OS,6.36,OK,23.64,OK,1.55,BDL
2017-02-12 08:00:00,19.87,OK,1.85,OK,null,OS,null,OS,6.36,OK,39.96,OK,1.77,BDL
2017-02-12 09:00:00,29.36,OK,1.48,OK,null,OS,null,OS,6.23,OK,14.89,OK,-0.35,BDL
2017-02-12 10:00:00,32.71,OK,1.4,OK,null,OS,null,OS,6.23,OK,14.75,OK,0.51,BDL
2017-02-12 11:00:00,37.66,OK,1.45,OK,null,OS,null,OS,6.2,OK,25.4,OK,1.29,BDL
2017-02-12 12:00:00,38.81,OK,1.46,OK,null,OS,null,OS,6.21,OK,14.93,OK,5.6,OK
2017-02-12 13:00:00,36.68,OK,1.5,OK,null,OS,null,OS,6.23,OK,7.59,OK,-1.16,BDL
2017-02-12 14:00:00,35.71,OK,1.48,OK,null,OS,null,OS,6.25,OK,28.01,OK,9.89,OK
2017-02-12 15:00:00,34.65,OK,1.5,OK,null,OS,null,OS,6.26,OK,30.14,OK,7.61,OK
2017-02-12 16:00:00,32.33,OK,1.55,OK,null,OS,null,OS,6.29,OK,36.94,OK,4.0,OK
2017-02-12 17:00:00,29.82,OK,1.41,OK,null,OS,null,OS,6.31,OK,40.53,OK,8.51,OK
2017-02-12 18:00:00,29.21,OK,1.38,OK,null,OS,null,OS,6.32,OK,32.15,OK,8.2,OK
2017-02-12 19:00:00,30.3,OK,1.39,OK,null,OS,null,OS,6.29,OK,30.65,OK,9.68,OK
2017-02-12 20:00:00,30.75,OK,1.32,OK,null,OS,null,OS,6.28,OK,20.9,OK,8.51,OK
2017-02-12 21:00:00,31.73,OK,1.25,OK,null,OS,null,OS,6.25,OK,23.82,OK,4.88,OK
2017-02-12 22:00:00,29.66,OK,1.24,OK,null,OS,null,OS,6.21,OK,8.07,OK,7.07,OK
2017-02-12 23:00:00,31.5,OK,1.17,OK,null,OS,null,OS,6.2,OK,26.23,OK,5.1,OK
2017-02-13 00:00:00,34.57,OK,1.19,OK,null,OS,null,OS,6.16,OK,6.38,OK,1.7,BDL
2017-02-13 01:00:00,34.31,OK,1.21,OK,null,OS,null,OS,6.14,OK,8.21,OK,5.81,OK
2017-02-13 02:00:00,34.05,OK,1.18,OK,null,OS,null,OS,6.16,OK,3.26,BDL,4.67,OK
2017-02-13 03:00:00,34.55,OK,1.2,OK,null,OS,null,OS,6.17,OK,2.14,BDL,-1.86,BDL
2017-02-13 04:00:00,33.51,OK,1.15,OK,null,OS,null,OS,6.16,OK,1.05,BDL,-0.15,BDL
2017-02-13 05:00:00,30.4,OK,1.2,OK,null,OS,null,OS,6.27,OK,7.04,OK,3.36,BDL
2017-02-13 06:00:00,23.64,OK,1.24,OK,null,OS,null,OS,6.51,OK,21.14,OK,7.1,OK
2017-02-13 07:00:00,27.2,OK,1.28,OK,null,OS,null,OS,6.48,OK,21.22,OK,5.28,OK
2017-02-13 08:00:00,31.99,OK,1.25,OK,null,OS,null,OS,6.38,OK,-10.74,OR,-12.89,OR
2017-02-13 09:00:00,32.81,OK,1.34,OK,null,OS,null,OS,6.4,OK,13.47,OK,4.73,OK
2017-02-13 10:00:00,36.51,OK,1.38,OK,null,OS,null,OS,6.39,OK,19.93,OK,0.61,BDL
2017-02-13 11:00:00,37.12,OK,1.29,OK,null,OS,null,OS,6.37,OK,19.17,OK,-4.76,OR
2017-02-13 12:00:00,34.8,OK,1.3,OK,null,OS,null,OS,6.47,OK,14.81,OK,5.32,OK
2017-02-13 13:00:00,35.77,OK,1.32,OK,null,OS,null,OS,6.42,OK,8.42,OK,-1.2,BDL
2017-02-13 14:00:00,34.1,OK,1.28,OK,null,OS,null,OS,6.44,OK,22.71,OK,7.05,OK
2017-02-13 15:00:00,30.99,OK,1.29,OK,null,OS,null,OS,6.51,OK,25.76,OK,12.36,OK
2017-02-13 16:00:00,30.77,OK,1.27,OK,null,OS,null,OS,6.46,OK,23.01,OK,3.17,BDL
2017-02-13 17:00:00,19.93,OK,1.39,OK,null,OS,null,OS,6.73,OK,22.97,OK,8.34,OK
2017-02-13 18:00:00,15.68,OK,1.42,OK,null,OS,null,OS,6.88,OK,36.88,OK,7.32,OK
2017-02-13 19:00:00,13.71,OK,1.41,OK,null,OS,null,OS,6.76,OK,39.24,OK,10.56,OK
2017-02-13 20:00:00,14.93,OK,1.41,OK,null,OS,null,OS,6.63,OK,44.86,OK,8.96,OK
2017-02-13 21:00:00,20.23,OK,1.33,OK,null,OS,null,OS,6.42,OK,40.81,OK,13.48,OK
2017-02-13 22:00:00,17.42,OK,1.22,OK,null,OS,null,OS,6.37,OK,17.31,OK,7.75,OK
2017-02-13 23:00:00,13.81,OK,1.26,OK,null,OS,null,OS,6.33,OK,11.6,OK,4.3,OK
2017-02-14 00:00:00,12.13,OK,1.22,OK,null,OS,null,OS,6.33,OK,34.47,OK,10.07,OK
2017-02-14 01:00:00,18.4,OK,1.25,OK,null,OS,null,OS,6.23,OK,26.48,OK,11.95,OK
2017-02-14 02:00:00,15.96,OK,1.23,OK,null,OS,null,OS,6.21,OK,22.0,OK,9.66,OK
2017-02-14 03:00:00,16.73,OK,1.18,OK,null,OS,null,OS,6.18,OK,22.16,OK,7.18,OK
2017-02-14 04:00:00,10.56,OK,1.2,OK,null,OS,null,OS,6.19,OK,16.46,OK,6.67,OK
2017-02-14 05:00:00,4.8,OK,1.21,OK,null,OS,null,OS,6.25,OK,15.41,OK,4.79,OK
2017-02-14 06:00:00,1.72,OK,1.45,OK,null,OS,null,OS,6.76,OK,19.04,OK,-1.39,BDL
2017-02-14 07:00:00,4.19,OK,1.59,OK,null,OS,null,OS,7.08,OK,28.27,OK,5.48,OK
2017-02-14 08:00:00,13.93,OK,1.46,OK,null,OS,null,OS,6.57,OK,37.92,OK,6.38,OK
2017-02-14 09:00:00,23.75,OK,1.36,OK,null,OS,null,OS,6.35,OK,9.87,OK,-9.36,OR
2017-02-14 10:00:00,34.39,OK,1.28,OK,null,OS,null,OS,6.29,OK,18.59,OK,-2.44,BDL
2017-02-14 11:00:00,37.83,OK,1.34,OK,null,OS,null,OS,6.39,OK,21.86,OK,-0.98,BDL
2017-02-14 12:00:00,43.76,OK,1.31,OK,null,OS,null,OS,6.46,OK,25.74,OK,8.71,OK
2017-02-14 13:00:00,39.34,OK,1.34,OK,null,OS,null,OS,6.45,OK,42.3,OK,5.77,OK
2017-02-14 14:00:00,35.81,OK,1.39,OK,null,OS,null,OS,6.48,OK,23.54,OK,7.7,OK
2017-02-14 15:00:00,29.03,OK,1.41,OK,null,OS,null,OS,6.62,OK,27.88,OK,-1.69,BDL
2017-02-14 16:00:00,29.34,OK,1.37,OK,null,OS,null,OS,6.58,OK,29.54,OK,5.05,OK
2017-02-14 17:00:00,24.47,OK,1.44,OK,null,OS,null,OS,6.58,OK,36.74,OK,11.55,OK
2017-02-14 18:00:00,19.68,OK,1.41,OK,null,OS,null,OS,6.62,OK,31.56,OK,5.31,OK
2017-02-14 19:00:00,12.92,OK,1.45,OK,null,OS,null,OS,6.77,OK,40.51,OK,8.24,OK
2017-02-14 20:00:00,9.81,OK,1.42,OK,null,OS,null,OS,6.67,OK,44.46,OK,13.87,OK
2017-02-14 21:00:00,5.21,OK,1.43,OK,null,OS,null,OS,6.71,OK,58.96,OK,12.51,OK
2017-02-14 22:00:00,10.21,OK,1.39,OK,null,OS,null,OS,6.52,OK,61.32,OK,15.83,OK
2017-02-14 23:00:00,15.06,OK,1.35,OK,null,OS,null,OS,6.43,OK,38.44,OK,9.12,OK
2017-02-15 00:00:00,11.46,OK,1.31,OK,null,OS,null,OS,6.38,OK,33.03,OK,7.36,OK
2017-02-15 01:00:00,14.74,OK,1.29,OK,null,OS,null,OS,6.3,OK,38.45,OK,9.64,OK
2017-02-15 02:00:00,27.43,OK,1.23,OK,null,OS,null,OS,6.17,OK,9.64,OK,0.9,BDL
2017-02-15 03:00:00,29.58,OK,1.2,OK,null,OS,null,OS,6.15,OK,9.29,OK,5.33,OK
2017-02-15 04:00:00,29.05,OK,1.19,OK,null,OS,null,OS,6.14,OK,5.22,OK,2.75,BDL
2017-02-15 05:00:00,25.45,OK,1.21,OK,null,OS,null,OS,6.17,OK,7.31,OK,2.27,BDL
2017-02-15 06:00:00,21.9,OK,1.35,OK,null,OS,null,OS,6.25,OK,20.82,OK,3.14,BDL
2017-02-15 07:00:00,24.44,OK,1.34,OK,null,OS,null,OS,6.24,OK,19.15,OK,1.75,BDL
2017-02-15 08:00:00,25.77,OK,1.39,OK,null,OS,null,OS,6.23,OK,15.25,OK,-2.3,BDL
2017-02-15 09:00:00,28.84,OK,1.36,OK,null,OS,null,OS,6.21,OK,18.51,OK,-4.2,OR
2017-02-15 10:00:00,31.88,OK,1.36,OK,null,OS,null,OS,6.23,OK,13.03,OK,-2.91,BDL
2017-02-15 11:00:00,34.33,OK,1.29,OK,null,OS,null,OS,6.26,OK,14.11,OK,0.72,BDL
2017-02-15 12:00:00,38.15,OK,1.3,OK,null,OS,null,OS,6.23,OK,16.76,OK,2.47,BDL
2017-02-15 13:00:00,36.94,OK,1.37,OK,null,OS,null,OS,6.27,OK,21.05,OK,3.17,BDL
2017-02-15 14:00:00,38.47,OK,1.35,OK,null,OS,null,OS,6.26,OK,24.06,OK,1.09,BDL
2017-02-15 15:00:00,39.57,OK,1.32,OK,null,OS,null,OS,6.26,OK,21.13,OK,-5.18,OR
2017-02-15 16:00:00,35.96,OK,1.34,OK,null,OS,null,OS,6.35,OK,17.61,OK,7.21,OK
2017-02-15 17:00:00,18.96,OK,1.49,OK,null,OS,null,OS,6.76,OK,19.84,OK,4.98,OK
2017-02-15 18:00:00,6.57,OK,1.93,OK,null,OS,null,OS,7.24,OK,59.11,OK,9.26,OK
2017-02-15 19:00:00,14.92,OK,1.64,OK,null,OS,null,OS,6.6,OK,75.59,OK,17.69,OK
2017-02-15 20:00:00,6.05,OK,1.58,OK,null,OS,null,OS,6.82,OK,52.86,OK,10.82,OK
2017-02-15 21:00:00,1.37,OK,1.73,OK,null,OS,null,OS,7.03,OK,69.12,OK,14.51,OK
2017-02-15 22:00:00,5.68,OK,1.65,OK,null,OS,null,OS,6.73,OK,74.77,OK,15.67,OK
2017-02-15 23:00:00,24.32,OK,1.34,OK,null,OS,null,OS,6.23,OK,36.03,OK,12.77,OK
2017-02-16 00:00:00,22.98,OK,1.38,OK,null,OS,null,OS,6.23,OK,17.34,OK,3.53,BDL
2017-02-16 01:00:00,18.73,OK,1.34,OK,null,OS,null,OS,6.21,OK,20.31,OK,7.92,OK
2017-02-16 02:00:00,25.97,OK,1.32,OK,null,OS,null,OS,6.19,OK,17.58,OK,6.79,OK
2017-02-16 03:00:00,26.39,OK,1.29,OK,null,OS,null,OS,6.18,OK,6.73,OK,2.47,BDL
2017-02-16 04:00:00,12.15,OK,1.34,OK,null,OS,null,OS,6.26,OK,21.91,OK,11.37,OK
2017-02-16 05:00:00,4.16,OK,1.43,OK,null,OS,null,OS,6.29,OK,41.76,OK,14.14,OK
2017-02-16 06:00:00,9.17,OK,1.54,OK,null,OS,null,OS,6.44,OK,31.57,OK,2.74,BDL
2017-02-16 07:00:00,16.29,OK,1.68,OK,null,OS,null,OS,6.45,OK,27.6,OK,0.49,BDL
2017-02-16 08:00:00,30.39,OK,1.47,OK,null,OS,null,OS,6.26,OK,15.98,OK,-9.19,OR
2017-02-16 09:00:00,33.78,OK,1.48,OK,null,OS,null,OS,6.26,OK,11.98,OK,-5.77,OR
2017-02-16 10:00:00,35.67,OK,1.58,OK,null,OS,null,OS,6.31,OK,17.6,OK,-5.52,OR
2017-02-16 11:00:00,39.06,OK,1.64,OK,null,OS,null,OS,6.41,OK,37.14,OK,6.68,OK
2017-02-16 12:00:00,38.64,OK,1.73,OK,null,OS,null,OS,6.41,OK,33.74,OK,6.64,OK
2017-02-16 13:00:00,40.37,OK,1.69,OK,null,OS,null,OS,6.47,OK,26.39,OK,3.76,BDL
2017-02-16 14:00:00,41.41,OK,1.61,OK,null,OS,null,OS,6.38,OK,28.39,OK,6.37,OK
2017-02-16 15:00:00,37.91,OK,1.61,OK,null,OS,null,OS,6.4,OK,36.51,OK,6.71,OK
2017-02-16 16:00:00,35.91,OK,1.63,OK,null,OS,null,OS,6.41,OK,49.98,OK,8.7,OK
2017-02-16 17:00:00,27.93,OK,1.56,OK,null,OS,null,OS,6.5,OK,44.06,OK,6.2,OK
2017-02-16 18:00:00,21.37,OK,1.61,OK,null,OS,null,OS,6.61,OK,40.94,OK,9.04,OK
2017-02-16 19:00:00,17.75,OK,1.69,OK,null,OS,null,OS,6.65,OK,54.71,OK,13.55,OK
2017-02-16 20:00:00,10.21,OK,1.7,OK,null,OS,null,OS,6.73,OK,48.49,OK,11.4,OK
2017-02-16 21:00:00,11.12,OK,1.69,OK,null,OS,null,OS,6.64,OK,66.98,OK,19.71,OK
2017-02-16 22:00:00,20.54,OK,2.0,OK,null,OS,null,OS,6.44,OK,46.92,OK,13.19,OK
2017-02-16 23:00:00,28.94,OK,1.86,OK,null,OS,null,OS,6.28,OK,22.31,OK,8.96,OK
2017-02-17 00:00:00,24.55,OK,1.67,OK,null,OS,null,OS,6.31,OK,25.35,OK,8.76,OK
2017-02-17 01:00:00,34.33,OK,1.54,OK,null,OS,null,OS,6.22,OK,26.05,OK,7.01,OK
2017-02-17 02:00:00,33.88,OK,1.49,OK,null,OS,null,OS,6.21,OK,10.35,OK,5.23,OK
2017-02-17 03:00:00,29.32,OK,1.49,OK,null,OS,null,OS,6.19,OK,17.18,OK,8.16,OK
2017-02-17 04:00:00,23.86,OK,1.44,OK,null,OS,null,OS,6.19,OK,27.95,OK,12.57,OK
2017-02-17 05:00:00,20.88,OK,1.43,OK,null,OS,null,OS,6.24,OK,22.15,OK,9.94,OK
2017-02-17 06:00:00,18.36,OK,1.65,OK,null,OS,null,OS,6.4,OK,25.84,OK,8.97,OK
2017-02-17 07:00:00,18.99,OK,1.85,OK,null,OS,null,OS,6.45,OK,15.45,OK,0.33,BDL
2017-02-17 08:00:00,31.65,OK,2.04,OK,null,OS,null,OS,6.43,OK,27.42,OK,-2.31,BDL
2017-02-17 09:00:00,37.7,OK,1.86,OK,null,OS,null,OS,6.37,OK,42.86,OK,-0.01,BDL
2017-02-17 10:00:00,40.23,OK,1.69,OK,null,OS,null,OS,6.36,OK,41.53,OK,5.1,OK
2017-02-17 11:00:00,39.98,OK,1.69,OK,null,OS,null,OS,6.38,OK,36.55,OK,5.92,OK
2017-02-17 12:00:00,39.88,OK,2.25,OK,null,OS,null,OS,6.41,OK,32.64,OK,3.22,BDL
2017-02-17 13:00:00,39.33,OK,1.96,OK,null,OS,null,OS,6.4,OK,47.45,OK,3.64,BDL
2017-02-17 14:00:00,36.79,OK,1.63,OK,null,OS,null,OS,6.45,OK,47.08,OK,11.94,OK
2017-02-17 15:00:00,38.02,OK,1.43,OK,null,OS,null,OS,6.38,OK,49.86,OK,7.62,OK
2017-02-17 16:00:00,34.81,OK,1.46,OK,null,OS,null,OS,6.43,OK,74.51,OK,11.76,OK
2017-02-17 17:00:00,31.45,OK,1.52,OK,null,OS,null,OS,6.46,OK,93.78,OK,7.94,OK
2017-02-17 18:00:00,29.09,OK,1.59,OK,null,OS,null,OS,6.51,OK,78.79,OK,10.66,OK
2017-02-17 19:00:00,27.76,OK,1.58,OK,null,OS,null,OS,6.51,OK,70.79,OK,7.47,OK
2017-02-17 20:00:00,33.15,OK,1.47,OK,null,OS,null,OS,6.38,OK,55.86,OK,11.78,OK
2017-02-17 21:00:00,37.76,OK,1.55,OK,null,OS,null,OS,6.3,OK,38.17,OK,7.32,OK
2017-02-17 22:00:00,35.35,OK,1.37,OK,null,OS,null,OS,6.29,OK,24.68,OK,7.47,OK
2017-02-17 23:00:00,34.51,OK,1.32,OK,null,OS,null,OS,6.27,OK,23.96,OK,5.99,OK
2017-02-18 00:00:00,33.79,OK,1.26,OK,null,OS,null,OS,6.28,OK,18.25,OK,10.68,OK
2017-02-18 01:00:00,33.83,OK,1.29,OK,null,OS,null,OS,6.27,OK,19.06,OK,0.62,BDL
2017-02-18 02:00:00,33.57,OK,1.23,OK,null,OS,null,OS,6.27,OK,17.18,OK,10.63,OK
2017-02-18 03:00:00,32.15,OK,1.23,OK,null,OS,null,OS,6.28,OK,19.66,OK,7.86,OK
2017-02-18 04:00:00,32.68,OK,1.24,OK,null,OS,null,OS,6.24,OK,6.09,OK,1.21,BDL
2017-02-18 05:00:00,28.73,OK,1.31,OK,null,OS,null,OS,6.26,OK,22.51,OK,12.35,OK
2017-02-18 06:00:00,26.73,OK,1.24,OK,null,OS,null,OS,6.34,OK,10.81,OK,4.29,OK
2017-02-18 07:00:00,28.45,OK,1.24,OK,null,OS,null,OS,6.37,OK,5.06,OK,-2.98,BDL
2017-02-18 08:00:00,34.03,OK,1.25,OK,null,OS,null,OS,6.33,OK,106.72,OK,4.82,OK
2017-02-18 09:00:00,40.92,OK,1.25,OK,null,OS,null,OS,6.34,OK,202.46,OK,3.61,BDL
2017-02-18 10:00:00,44.62,OK,1.22,OK,null,OS,null,OS,6.48,OK,96.25,OK,5.42,OK
2017-02-18 11:00:00,35.53,OK,1.24,OK,null,OS,null,OS,6.66,OK,0.61,BDL,-0.04,BDL
2017-02-18 12:00:00,35.52,OK,1.21,OK,null,OS,null,OS,6.62,OK,17.87,OK,8.3,OK
2017-02-18 13:00:00,35.9,OK,1.28,OK,null,OS,null,OS,6.53,OK,6.91,OK,8.56,OK
2017-02-18 14:00:00,46.85,OK,1.27,OK,null,OS,null,OS,6.43,OK,-0.29,BDL,7.02,OK
2017-02-18 15:00:00,49.38,OK,1.27,OK,null,OS,null,OS,6.39,OK,3.73,BDL,9.45,OK
2017-02-18 16:00:00,43.05,OK,1.25,OK,null,OS,null,OS,6.44,OK,6.17,OK,-1.67,BDL
2017-02-18 17:00:00,45.15,OK,1.17,OK,null,OS,null,OS,6.4,OK,5.79,OK,3.9,BDL
2017-02-18 18:00:00,41.28,OK,1.27,OK,null,OS,null,OS,6.42,OK,17.62,OK,7.27,OK
2017-02-18 19:00:00,38.1,OK,1.25,OK,null,OS,null,OS,6.41,OK,8.29,OK,7.4,OK
2017-02-18 20:00:00,37.28,OK,1.24,OK,null,OS,null,OS,6.38,OK,10.47,OK,3.36,BDL
2017-02-18 21:00:00,23.62,OK,1.27,OK,null,OS,null,OS,6.33,OK,8.53,OK,7.5,OK
2017-02-18 22:00:00,37.14,OK,1.24,OK,null,OS,null,OS,6.27,OK,8.71,OK,2.09,BDL
2017-02-18 23:00:00,37.22,OK,1.21,OK,null,OS,null,OS,6.26,OK,2.31,BDL,0.1,BDL
2017-02-19 00:00:00,39.81,OK,1.22,OK,null,OS,null,OS,6.23,OK,-1.81,BDL,-0.21,BDL
2017-02-19 01:00:00,40.31,OK,1.18,OK,null,OS,null,OS,6.22,OK,11.53,OK,3.48,BDL
2017-02-19 02:00:00,27.92,OK,1.2,OK,null,OS,null,OS,6.21,OK,1.06,BDL,1.25,BDL
2017-02-19 03:00:00,31.68,OK,1.19,OK,null,OS,null,OS,6.21,OK,4.83,OK,3.18,BDL
2017-02-19 04:00:00,29.6,OK,1.22,OK,null,OS,null,OS,6.21,OK,2.65,BDL,0.15,BDL
2017-02-19 05:00:00,37.94,OK,1.2,OK,null,OS,null,OS,6.22,OK,3.31,BDL,-1.37,BDL
2017-02-19 06:00:00,36.89,OK,1.21,OK,null,OS,null,OS,6.26,OK,7.98,OK,1.14,BDL
2017-02-19 07:00:00,37.63,OK,1.23,OK,null,OS,null,OS,6.26,OK,-5.86,OR,1.14,BDL
2017-02-19 08:00:00,38.98,OK,1.21,OK,null,OS,null,OS,6.29,OK,-10.85,OR,-8.47,OR
2017-02-19 09:00:00,45.31,OK,1.27,OK,null,OS,null,OS,6.27,OK,1.29,BDL,-7.44,OR
2017-02-19 10:00:00,44.75,OK,1.25,OK,null,OS,null,OS,6.27,OK,11.14,OK,6.01,OK
2017-02-19 11:00:00,42.93,OK,1.24,OK,null,OS,null,OS,6.33,OK,5.16,OK,-1.8,BDL
2017-02-19 12:00:00,43.44,OK,1.23,OK,null,OS,null,OS,6.34,OK,-1.1,BDL,-2.48,BDL
2017-02-19 13:00:00,41.2,OK,1.27,OK,null,OS,null,OS,6.37,OK,24.85,OK,10.59,OK
2017-02-19 14:00:00,39.19,OK,1.23,OK,null,OS,null,OS,6.39,OK,2.36,BDL,1.27,BDL
2017-02-19 15:00:00,39.53,OK,1.22,OK,null,OS,null,OS,6.36,OK,10.54,OK,10.59,OK
2017-02-19 16:00:00,38.53,OK,1.29,OK,null,OS,null,OS,6.33,OK,6.18,OK,3.95,BDL
2017-02-19 17:00:00,29.46,OK,1.24,OK,null,OS,null,OS,6.47,OK,16.57,OK,7.18,OK
2017-02-19 18:00:00,17.11,OK,1.31,OK,null,OS,null,OS,6.72,OK,13.99,OK,7.52,OK
2017-02-19 19:00:00,9.22,OK,1.35,OK,null,OS,null,OS,6.9,OK,27.66,OK,5.57,OK
2017-02-19 20:00:00,6.53,OK,1.36,OK,null,OS,null,OS,6.85,OK,14.37,OK,6.22,OK
2017-02-19 21:00:00,1.48,OK,1.84,OK,null,OS,null,OS,8.21,OK,30.71,OK,14.21,OK
2017-02-19 22:00:00,1.56,OK,1.74,OK,null,OS,null,OS,7.62,OK,34.01,OK,20.79,OK
2017-02-19 23:00:00,13.1,OK,1.32,OK,null,OS,null,OS,6.44,OK,27.91,OK,19.25,OK
2017-02-20 00:00:00,20.08,OK,1.28,OK,null,OS,null,OS,6.27,OK,10.65,OK,4.33,OK
2017-02-20 01:00:00,18.45,OK,1.25,OK,null,OS,null,OS,6.27,OK,4.73,OK,4.96,OK
2017-02-20 02:00:00,19.84,OK,1.2,OK,null,OS,null,OS,6.24,OK,5.71,OK,-0.01,BDL
2017-02-20 03:00:00,19.68,OK,1.29,OK,null,OS,null,OS,6.22,OK,4.56,OK,2.01,BDL
2017-02-20 04:00:00,8.5,OK,1.2,OK,null,OS,null,OS,6.25,OK,17.04,OK,4.86,OK
2017-02-20 05:00:00,5.65,OK,1.21,OK,null,OS,null,OS,6.31,OK,4.09,OK,0.21,BDL
2017-02-20 06:00:00,2.84,OK,1.43,OK,null,OS,null,OS,6.7,OK,-4.47,OR,-4.52,OR
2017-02-20 07:00:00,13.96,OK,1.48,OK,null,OS,null,OS,6.74,OK,10.48,OK,-0.61,BDL
2017-02-20 08:00:00,28.52,OK,1.29,OK,null,OS,null,OS,6.31,OK,12.84,OK,-2.11,BDL
2017-02-20 09:00:00,36.26,OK,1.24,OK,null,OS,null,OS,6.27,OK,2.62,BDL,-6.06,OR
2017-02-20 10:00:00,42.65,OK,1.24,OK,null,OS,null,OS,6.25,OK,3.77,BDL,-3.25,BDL
2017-02-20 11:00:00,44.84,OK,1.22,OK,null,OS,null,OS,6.3,OK,-0.93,BDL,-5.34,OR
2017-02-20 12:00:00,47.0,OK,1.21,OK,null,OS,null,OS,6.33,OK,16.22,OK,7.39,OK
2017-02-20 13:00:00,50.86,OK,1.24,OK,null,OS,null,OS,6.35,OK,24.59,OK,3.37,BDL
2017-02-20 14:00:00,47.81,OK,1.25,OK,null,OS,null,OS,6.35,OK,14.0,OK,4.6,OK
2017-02-20 15:00:00,40.97,OK,1.29,OK,null,OS,null,OS,6.46,OK,27.49,OK,2.31,BDL
2017-02-20 16:00:00,33.49,OK,1.3,OK,null,OS,null,OS,6.58,OK,27.38,OK,5.93,OK
2017-02-20 17:00:00,19.01,OK,1.42,OK,null,OS,null,OS,6.95,OK,49.43,OK,7.36,OK
2017-02-20 18:00:00,11.92,OK,1.5,OK,null,OS,null,OS,6.99,OK,59.51,OK,6.21,OK
2017-02-20 19:00:00,13.12,OK,1.42,OK,null,OS,null,OS,6.91,OK,76.85,OK,12.95,OK
2017-02-20 20:00:00,22.25,OK,1.31,OK,null,OS,null,OS,6.51,OK,46.64,OK,8.75,OK
2017-02-20 21:00:00,8.22,OK,1.4,OK,null,OS,null,OS,6.81,OK,33.84,OK,9.73,OK
2017-02-20 22:00:00,1.71,OK,1.4,OK,null,OS,null,OS,6.89,OK,72.52,OK,13.02,OK
2017-02-20 23:00:00,16.7,OK,1.31,OK,null,OS,null,OS,6.41,OK,24.41,OK,11.7,OK
2017-02-21 00:00:00,19.8,OK,1.23,OK,null,OS,null,OS,6.29,OK,28.79,OK,8.81,OK
2017-02-21 01:00:00,16.53,OK,1.22,OK,null,OS,null,OS,6.31,OK,6.01,OK,5.47,OK
2017-02-21 02:00:00,14.66,OK,1.3,OK,null,OS,null,OS,6.29,OK,17.49,OK,4.21,OK
2017-02-21 03:00:00,10.6,OK,1.29,OK,null,OS,null,OS,6.35,OK,22.15,OK,9.1,OK
2017-02-21 04:00:00,8.9,OK,1.31,OK,null,OS,null,OS,6.39,OK,19.63,OK,9.86,OK
2017-02-21 05:00:00,6.35,OK,1.41,OK,null,OS,null,OS,6.52,OK,19.68,OK,6.84,OK
2017-02-21 06:00:00,2.73,OK,1.72,OK,null,OS,null,OS,7.26,OK,46.47,OK,2.1,BDL
2017-02-21 07:00:00,6.49,OK,1.84,OK,null,OS,null,OS,7.35,OK,52.25,OK,-1.84,BDL
2017-02-21 08:00:00,21.44,OK,1.54,OK,null,OS,null,OS,6.81,OK,42.3,OK,-5.96,OR
2017-02-21 09:00:00,25.0,OK,1.76,OK,null,OS,null,OS,7.15,OK,79.76,OK,6.44,OK
2017-02-21 10:00:00,43.84,OK,1.49,OK,null,OS,null,OS,6.6,OK,53.34,OK,2.36,BDL
2017-02-21 11:00:00,51.47,OK,1.46,OK,null,OS,null,OS,6.59,OK,31.85,OK,5.86,OK
2017-02-21 12:00:00,51.15,OK,1.42,OK,null,OS,null,OS,6.6,OK,43.28,OK,11.99,OK
2017-02-21 13:00:00,45.77,OK,1.37,OK,null,OS,null,OS,6.44,OK,34.11,OK,6.21,OK
2017-02-21 14:00:00,43.58,OK,1.33,OK,null,OS,null,OS,6.46,OK,17.44,OK,2.69,BDL
2017-02-21 15:00:00,42.31,OK,1.36,OK,null,OS,null,OS,6.45,OK,16.81,OK,2.57,BDL
2017-02-21 16:00:00,21.91,OK,1.5,OK,null,OS,null,OS,6.81,OK,40.71,OK,9.78,OK
2017-02-21 17:00:00,4.31,OK,1.82,OK,null,OS,null,OS,7.47,OK,46.31,OK,3.19,BDL
2017-02-21 18:00:00,1.24,OK,2.15,OK,null,OS,null,OS,8.29,OK,94.33,OK,11.12,OK
2017-02-21 19:00:00,1.38,OK,2.4,OK,null,OS,null,OS,8.46,OK,156.43,OK,19.13,OK
2017-02-21 20:00:00,1.12,OK,2.12,OK,null,OS,null,OS,8.14,OK,151.96,OK,28.65,OK
2017-02-21 21:00:00,0.88,BDL,1.78,OK,null,OS,null,OS,7.3,OK,121.59,OK,28.03,OK
2017-02-21 22:00:00,1.16,OK,1.88,OK,null,OS,null,OS,7.36,OK,78.16,OK,18.52,OK
2017-02-21 23:00:00,0.99,BDL,1.72,OK,null,OS,null,OS,7.05,OK,95.0,OK,19.01,OK
2017-02-22 00:00:00,0.94,BDL,1.56,OK,null,OS,null,OS,6.79,OK,51.35,OK,14.56,OK
2017-02-22 01:00:00,2.43,OK,1.74,OK,null,OS,null,OS,6.73,OK,38.01,OK,7.95,OK
2017-02-22 02:00:00,1.04,OK,1.53,OK,null,OS,null,OS,6.71,OK,40.39,OK,7.92,OK
2017-02-22 03:00:00,9.69,OK,1.39,OK,null,OS,null,OS,6.32,OK,21.36,OK,8.04,OK
2017-02-22 04:00:00,3.6,OK,1.33,OK,null,OS,null,OS,6.44,OK,17.1,OK,5.17,OK
2017-02-22 05:00:00,1.26,OK,1.66,OK,null,OS,null,OS,7.03,OK,24.36,OK,6.29,OK
2017-02-22 06:00:00,1.84,OK,2.67,OK,null,OS,null,OS,9.1,OK,114.87,OK,21.4,OK
2017-02-22 07:00:00,2.85,OK,2.45,OK,null,OS,null,OS,8.55,OK,155.04,OK,16.83,OK
2017-02-22 08:00:00,8.62,OK,2.03,OK,null,OS,null,OS,7.67,OK,83.03,OK,7.44,OK
2017-02-22 09:00:00,16.59,OK,1.79,OK,null,OS,null,OS,7.01,OK,70.47,OK,6.48,OK
2017-02-22 10:00:00,33.4,OK,1.75,OK,null,OS,null,OS,6.91,OK,36.08,OK,4.13,OK
2017-02-22 11:00:00,44.85,OK,1.73,OK,null,OS,null,OS,6.79,OK,58.69,OK,18.62,OK
2017-02-22 12:00:00,43.09,OK,1.99,OK,null,OS,null,OS,6.6,OK,47.66,OK,12.34,OK
2017-02-22 13:00:00,32.04,OK,1.63,OK,null,OS,null,OS,6.52,OK,27.25,OK,3.29,BDL
2017-02-22 14:00:00,29.02,OK,1.4,OK,null,OS,null,OS,6.5,OK,22.93,OK,5.05,OK
2017-02-22 15:00:00,28.05,OK,1.38,OK,null,OS,null,OS,6.41,OK,15.32,OK,11.76,OK
2017-02-22 16:00:00,23.41,OK,1.42,OK,null,OS,null,OS,6.49,OK,16.74,OK,0.7,BDL
2017-02-22 17:00:00,18.96,OK,1.44,OK,null,OS,null,OS,6.6,OK,34.82,OK,5.43,OK
2017-02-22 18:00:00,13.9,OK,1.5,OK,null,OS,null,OS,6.8,OK,34.26,OK,0.21,BDL
2017-02-22 19:00:00,6.97,OK,1.46,OK,null,OS,null,OS,6.69,OK,37.75,OK,8.05,OK
2017-02-22 20:00:00,4.55,OK,1.59,OK,null,OS,null,OS,6.72,OK,59.66,OK,15.67,OK
2017-02-22 21:00:00,1.36,OK,1.64,OK,null,OS,null,OS,6.99,OK,54.6,OK,11.52,OK
2017-02-22 22:00:00,1.24,OK,1.74,OK,null,OS,null,OS,7.1,OK,67.18,OK,15.97,OK
2017-02-22 23:00:00,1.36,OK,1.91,OK,null,OS,null,OS,7.3,OK,67.69,OK,16.79,OK
2017-02-23 00:00:00,6.03,OK,1.56,OK,null,OS,null,OS,6.44,OK,56.13,OK,10.65,OK
2017-02-23 01:00:00,7.64,OK,1.34,OK,null,OS,null,OS,6.36,OK,15.42,OK,4.35,OK
2017-02-23 02:00:00,5.72,OK,1.34,OK,null,OS,null,OS,6.44,OK,21.28,OK,6.83,OK
2017-02-23 03:00:00,2.92,OK,1.38,OK,null,OS,null,OS,6.5,OK,20.85,OK,6.24,OK
2017-02-23 04:00:00,1.58,OK,1.33,OK,null,OS,null,OS,6.46,OK,30.93,OK,9.2,OK
2017-02-23 05:00:00,1.35,OK,1.6,OK,null,OS,null,OS,7.02,OK,31.19,OK,7.92,OK
2017-02-23 06:00:00,1.84,OK,2.38,OK,null,OS,null,OS,8.24,OK,108.77,OK,11.95,OK
2017-02-23 07:00:00,5.05,OK,2.05,OK,null,OS,null,OS,7.88,OK,129.88,OK,16.3,OK
2017-02-23 08:00:00,25.77,OK,1.66,OK,null,OS,null,OS,6.78,OK,93.65,OK,5.69,OK
2017-02-23 09:00:00,34.8,OK,1.57,OK,null,OS,null,OS,6.53,OK,12.45,OK,-3.85,BDL
2017-02-23 10:00:00,41.31,OK,1.47,OK,null,OS,null,OS,6.43,OK,21.9,OK,-1.35,BDL
2017-02-23 11:00:00,43.67,OK,1.5,OK,null,OS,null,OS,6.42,OK,13.82,OK,4.6,OK
2017-02-23 12:00:00,41.65,OK,1.55,OK,null,OS,null,OS,6.47,OK,21.94,OK,4.36,OK
2017-02-23 13:00:00,44.42,OK,1.53,OK,null,OS,null,OS,6.47,OK,30.71,OK,3.18,BDL
2017-02-23 14:00:00,47.81,OK,1.48,OK,null,OS,null,OS,6.44,OK,35.96,OK,9.0,OK
2017-02-23 15:00:00,47.36,OK,1.48,OK,null,OS,null,OS,6.49,OK,34.08,OK,4.96,OK
2017-02-23 16:00:00,44.58,OK,1.44,OK,null,OS,null,OS,6.5,OK,38.69,OK,8.29,OK
2017-02-23 17:00:00,39.25,OK,1.36,OK,null,OS,null,OS,6.48,OK,58.09,OK,3.5,BDL
2017-02-23 18:00:00,30.63,OK,1.44,OK,null,OS,null,OS,6.55,OK,46.48,OK,7.45,OK
2017-02-23 19:00:00,22.9,OK,1.46,OK,null,OS,null,OS,6.65,OK,59.98,OK,13.33,OK
2017-02-23 20:00:00,23.36,OK,1.45,OK,null,OS,null,OS,6.54,OK,62.36,OK,11.66,OK
2017-02-23 21:00:00,27.69,OK,1.46,OK,null,OS,null,OS,6.47,OK,67.9,OK,11.56,OK
2017-02-23 22:00:00,22.52,OK,1.45,OK,null,OS,null,OS,6.48,OK,46.38,OK,8.2,OK
2017-02-23 23:00:00,20.13,OK,1.46,OK,null,OS,null,OS,6.48,OK,55.07,OK,8.35,OK
2017-02-24 00:00:00,15.21,OK,1.56,OK,null,OS,null,OS,6.54,OK,63.86,OK,22.33,OK
2017-02-24 01:00:00,6.04,OK,1.51,OK,null,OS,null,OS,6.55,OK,57.27,OK,19.91,OK
2017-02-24 02:00:00,4.33,OK,1.44,OK,null,OS,null,OS,6.51,OK,54.92,OK,15.13,OK
2017-02-24 03:00:00,16.53,OK,1.44,OK,null,OS,null,OS,6.44,OK,40.04,OK,7.32,OK
2017-02-24 04:00:00,18.59,OK,1.51,OK,null,OS,null,OS,6.41,OK,53.49,OK,12.56,OK
2017-02-24 05:00:00,14.84,OK,1.39,OK,null,OS,null,OS,6.35,OK,37.14,OK,6.01,OK
2017-02-24 06:00:00,9.6,OK,1.5,OK,null,OS,null,OS,6.53,OK,20.55,OK,-0.71,BDL
2017-02-24 07:00:00,14.8,OK,1.63,OK,null,OS,null,OS,6.57,OK,33.02,OK,3.94,BDL
2017-02-24 08:00:00,20.57,OK,1.66,OK,null,OS,null,OS,6.6,OK,39.82,OK,-3.28,BDL
2017-02-24 09:00:00,31.69,OK,1.64,OK,null,OS,null,OS,6.68,OK,33.26,OK,1.72,BDL
2017-02-24 10:00:00,44.41,OK,1.66,OK,null,OS,null,OS,6.49,OK,57.61,OK,11.2,OK
2017-02-24 11:00:00,51.21,OK,1.47,OK,null,OS,null,OS,6.3,OK,24.69,OK,-0.27,BDL
2017-02-24 12:00:00,48.99,OK,1.45,OK,null,OS,null,OS,6.4,OK,23.6,OK,2.45,BDL
2017-02-24 13:00:00,47.35,OK,1.52,OK,null,OS,null,OS,6.43,OK,26.32,OK,8.18,OK
2017-02-24 14:00:00,45.66,OK,1.52,OK,null,OS,null,OS,6.47,OK,23.24,OK,-0.37,BDL
2017-02-24 15:00:00,43.48,OK,1.54,OK,null,OS,null,OS,6.5,OK,28.97,OK,13.85,OK
2017-02-24 16:00:00,40.0,OK,1.5,OK,null,OS,null,OS,6.54,OK,23.11,OK,4.44,OK
2017-02-24 17:00:00,25.56,OK,1.61,OK,null,OS,null,OS,6.81,OK,37.08,OK,7.94,OK
2017-02-24 18:00:00,14.64,OK,1.84,OK,null,OS,null,OS,7.08,OK,49.51,OK,8.65,OK
2017-02-24 19:00:00,12.78,OK,1.74,OK,null,OS,null,OS,6.93,OK,56.37,OK,17.35,OK
2017-02-24 20:00:00,8.34,OK,1.81,OK,null,OS,null,OS,6.95,OK,56.9,OK,13.69,OK
2017-02-24 21:00:00,16.6,OK,1.65,OK,null,OS,null,OS,6.68,OK,82.52,OK,19.36,OK
2017-02-24 22:00:00,9.09,OK,1.71,OK,null,OS,null,OS,6.73,OK,43.44,OK,9.8,OK
2017-02-24 23:00:00,9.64,OK,1.64,OK,null,OS,null,OS,6.68,OK,76.16,OK,19.75,OK
2017-02-25 00:00:00,8.97,OK,1.61,OK,null,OS,null,OS,6.58,OK,75.79,OK,20.16,OK
2017-02-25 01:00:00,7.3,OK,1.55,OK,null,OS,null,OS,6.5,OK,56.12,OK,15.18,OK
2017-02-25 02:00:00,11.52,OK,1.48,OK,null,OS,null,OS,6.43,OK,40.47,OK,8.68,OK
2017-02-25 03:00:00,21.01,OK,1.51,OK,null,OS,null,OS,6.31,OK,25.68,OK,5.19,OK
2017-02-25 04:00:00,19.61,OK,1.42,OK,null,OS,null,OS,6.31,OK,18.67,OK,2.71,BDL
2017-02-25 05:00:00,19.43,OK,1.43,OK,null,OS,null,OS,6.34,OK,15.7,OK,1.87,BDL
2017-02-25 06:00:00,14.57,OK,1.53,OK,null,OS,null,OS,6.47,OK,17.91,OK,-2.59,BDL
2017-02-25 07:00:00,20.11,OK,1.65,OK,null,OS,null,OS,6.6,OK,38.12,OK,2.35,BDL
2017-02-25 08:00:00,19.18,OK,1.88,OK,null,OS,null,OS,7.05,OK,54.65,OK,8.52,OK
2017-02-25 09:00:00,31.13,OK,1.86,OK,null,OS,null,OS,7.11,OK,76.76,OK,13.73,OK
2017-02-25 10:00:00,45.04,OK,1.75,OK,null,OS,null,OS,6.85,OK,67.94,OK,11.18,OK
2017-02-25 11:00:00,58.78,OK,1.69,OK,null,OS,null,OS,6.8,OK,53.32,OK,9.68,OK
2017-02-25 12:00:00,55.65,OK,1.67,OK,null,OS,null,OS,6.6,OK,50.16,OK,11.23,OK
2017-02-25 13:00:00,49.26,OK,1.54,OK,null,OS,null,OS,6.45,OK,26.21,OK,4.29,OK
2017-02-25 14:00:00,46.82,OK,1.46,OK,null,OS,null,OS,6.43,OK,21.32,OK,8.09,OK
2017-02-25 15:00:00,43.56,OK,1.48,OK,null,OS,null,OS,6.45,OK,13.87,OK,-1.08,BDL
2017-02-25 16:00:00,40.0,OK,1.44,OK,null,OS,null,OS,6.51,OK,21.92,OK,0.59,BDL
2017-02-25 17:00:00,22.98,OK,1.62,OK,null,OS,null,OS,6.86,OK,34.58,OK,8.96,OK
2017-02-25 18:00:00,28.35,OK,1.54,OK,null,OS,null,OS,6.59,OK,44.57,OK,4.86,OK
2017-02-25 19:00:00,16.91,OK,1.67,OK,null,OS,null,OS,6.81,OK,45.6,OK,14.76,OK
2017-02-25 20:00:00,14.16,OK,1.65,OK,null,OS,null,OS,6.8,OK,58.22,OK,16.1,OK
2017-02-25 21:00:00,16.19,OK,1.84,OK,null,OS,null,OS,6.77,OK,59.38,OK,13.45,OK
2017-02-25 22:00:00,7.15,OK,1.7,OK,null,OS,null,OS,7.03,OK,57.76,OK,14.14,OK
2017-02-25 23:00:00,3.02,OK,1.68,OK,null,OS,null,OS,7.04,OK,85.6,OK,17.77,OK
2017-02-26 00:00:00,9.03,OK,1.59,OK,null,OS,null,OS,6.64,OK,73.29,OK,19.32,OK
2017-02-26 01:00:00,17.16,OK,1.52,OK,null,OS,null,OS,6.42,OK,22.78,OK,5.7,OK
2017-02-26 02:00:00,21.15,OK,1.47,OK,null,OS,null,OS,6.34,OK,36.5,OK,12.62,OK
2017-02-26 03:00:00,12.13,OK,1.41,OK,null,OS,null,OS,6.38,OK,23.26,OK,9.5,OK
2017-02-26 04:00:00,7.79,OK,1.4,OK,null,OS,null,OS,6.37,OK,29.58,OK,9.47,OK
2017-02-26 05:00:00,11.85,OK,1.42,OK,null,OS,null,OS,6.37,OK,17.3,OK,5.45,OK
2017-02-26 06:00:00,11.53,OK,1.51,OK,null,OS,null,OS,6.41,OK,4.59,OK,-0.29,BDL
2017-02-26 07:00:00,18.3,OK,1.54,OK,null,OS,null,OS,6.39,OK,14.52,OK,0.3,BDL
2017-02-26 08:00:00,29.13,OK,1.53,OK,null,OS,null,OS,6.38,OK,24.37,OK,1.32,BDL
2017-02-26 09:00:00,32.67,OK,1.52,OK,null,OS,null,OS,6.42,OK,16.13,OK,-3.14,BDL
2017-02-26 10:00:00,42.69,OK,1.51,OK,null,OS,null,OS,6.4,OK,11.62,OK,-0.63,BDL
2017-02-26 11:00:00,47.32,OK,1.39,OK,null,OS,null,OS,6.32,OK,16.26,OK,0.48,BDL
2017-02-26 12:00:00,47.33,OK,1.43,OK,null,OS,null,OS,6.35,OK,13.48,OK,1.55,BDL
2017-02-26 13:00:00,47.51,OK,1.43,OK,null,OS,null,OS,6.34,OK,22.8,OK,0.59,BDL
2017-02-26 14:00:00,45.58,OK,1.43,OK,null,OS,null,OS,6.35,OK,16.86,OK,3.29,BDL
2017-02-26 15:00:00,43.59,OK,1.41,OK,null,OS,null,OS,6.37,OK,31.02,OK,2.09,BDL
2017-02-26 16:00:00,40.47,OK,1.48,OK,null,OS,null,OS,6.4,OK,29.4,OK,7.23,OK
2017-02-26 17:00:00,35.73,OK,1.53,OK,null,OS,null,OS,6.42,OK,28.81,OK,5.76,OK
2017-02-26 18:00:00,22.07,OK,1.6,OK,null,OS,null,OS,6.62,OK,39.64,OK,7.43,OK
2017-02-26 19:00:00,21.32,OK,1.54,OK,null,OS,null,OS,6.58,OK,53.84,OK,8.56,OK
2017-02-26 20:00:00,10.16,OK,1.74,OK,null,OS,null,OS,6.85,OK,44.56,OK,11.92,OK
2017-02-26 21:00:00,6.28,OK,1.75,OK,null,OS,null,OS,6.97,OK,67.63,OK,11.71,OK
2017-02-26 22:00:00,3.8,OK,1.66,OK,null,OS,null,OS,6.85,OK,63.65,OK,15.75,OK
2017-02-26 23:00:00,1.39,OK,1.78,OK,null,OS,null,OS,7.04,OK,74.7,OK,12.97,OK
2017-02-27 00:00:00,1.69,OK,1.7,OK,null,OS,null,OS,6.81,OK,84.97,OK,13.55,OK
2017-02-27 01:00:00,5.49,OK,1.55,OK,null,OS,null,OS,6.46,OK,54.6,OK,15.61,OK
2017-02-27 02:00:00,11.24,OK,1.49,OK,null,OS,null,OS,6.36,OK,35.96,OK,12.68,OK
2017-02-27 03:00:00,13.07,OK,1.5,OK,null,OS,null,OS,6.35,OK,24.9,OK,9.59,OK
2017-02-27 04:00:00,8.04,OK,1.5,OK,null,OS,null,OS,6.38,OK,37.37,OK,20.95,OK
2017-02-27 05:00:00,8.3,OK,1.5,OK,null,OS,null,OS,6.43,OK,37.48,OK,7.9,OK
2017-02-27 06:00:00,9.11,OK,1.69,OK,null,OS,null,OS,6.68,OK,23.77,OK,-3.15,BDL
2017-02-27 07:00:00,16.93,OK,1.68,OK,null,OS,null,OS,6.66,OK,43.19,OK,6.12,OK
2017-02-27 08:00:00,29.52,OK,1.52,OK,null,OS,null,OS,6.44,OK,35.17,OK,-3.4,BDL
2017-02-27 09:00:00,32.05,OK,1.57,OK,null,OS,null,OS,6.43,OK,22.21,OK,1.65,BDL
2017-02-27 10:00:00,37.68,OK,1.47,OK,null,OS,null,OS,6.4,OK,25.96,OK,0.21,BDL
2017-02-27 11:00:00,38.75,OK,1.4,OK,null,OS,null,OS,6.43,OK,-0.26,BDL,-2.78,BDL
2017-02-27 12:00:00,40.8,OK,1.45,OK,null,OS,null,OS,6.49,OK,13.21,OK,3.25,BDL
2017-02-27 13:00:00,36.69,OK,1.5,OK,null,OS,null,OS,6.58,OK,22.72,OK,2.25,BDL
2017-02-27 14:00:00,31.73,OK,1.57,OK,null,OS,null,OS,6.6,OK,17.34,OK,4.92,OK
2017-02-27 15:00:00,28.44,OK,1.55,OK,null,OS,null,OS,6.67,OK,28.04,OK,2.02,BDL
2017-02-27 16:00:00,26.79,OK,1.67,OK,null,OS,null,OS,6.6,OK,31.87,OK,7.72,OK
2017-02-27 17:00:00,20.98,OK,1.69,OK,null,OS,null,OS,6.76,OK,33.69,OK,5.94,OK
2017-02-27 18:00:00,10.28,OK,1.87,OK,null,OS,null,OS,7.04,OK,43.26,OK,7.73,OK
2017-02-27 19:00:00,3.05,OK,2.2,OK,null,OS,null,OS,7.04,OK,56.82,OK,11.42,OK
2017-02-27 20:00:00,1.41,OK,2.4,OK,null,OS,null,OS,7.34,OK,73.83,OK,14.16,OK
2017-02-27 21:00:00,1.64,OK,2.6,OK,null,OS,null,OS,7.84,OK,114.39,OK,17.72,OK
2017-02-27 22:00:00,1.51,OK,2.51,OK,null,OS,null,OS,7.9,OK,128.01,OK,23.1,OK
2017-02-27 23:00:00,1.48,OK,2.62,OK,null,OS,null,OS,7.58,OK,97.67,OK,19.06,OK
2017-02-28 00:00:00,1.42,OK,2.31,OK,null,OS,null,OS,7.56,OK,88.63,OK,24.49,OK
2017-02-28 01:00:00,1.29,OK,2.2,OK,null,OS,null,OS,7.23,OK,86.25,OK,16.49,OK
2017-02-28 02:00:00,1.37,OK,2.16,OK,null,OS,null,OS,7.28,OK,105.57,OK,23.63,OK
2017-02-28 03:00:00,1.38,OK,2.15,OK,null,OS,null,OS,7.08,OK,85.65,OK,19.89,OK
2017-02-28 04:00:00,1.34,OK,2.31,OK,null,OS,null,OS,7.01,OK,67.56,OK,19.52,OK
2017-02-28 05:00:00,1.53,OK,2.43,OK,null,OS,null,OS,7.23,OK,82.03,OK,23.99,OK
2017-02-28 06:00:00,1.77,OK,2.87,OK,null,OS,null,OS,7.83,OK,97.96,OK,22.84,OK
2017-02-28 07:00:00,4.72,OK,2.41,OK,null,OS,null,OS,7.49,OK,114.79,OK,11.04,OK
2017-02-28 08:00:00,15.59,OK,2.1,OK,null,OS,null,OS,6.96,OK,74.12,OK,10.63,OK
2017-02-28 09:00:00,31.51,OK,1.63,OK,null,OS,null,OS,6.52,OK,32.08,OK,-2.25,BDL
2017-02-28 10:00:00,35.92,OK,1.54,OK,null,OS,null,OS,6.51,OK,4.25,OK,-4.47,OR
2017-02-28 11:00:00,36.1,OK,1.67,OK,null,OS,null,OS,6.57,OK,23.47,OK,0.42,BDL
2017-02-28 12:00:00,35.71,OK,1.77,OK,null,OS,null,OS,6.57,OK,27.07,OK,4.39,OK
2017-02-28 13:00:00,34.22,OK,1.52,OK,null,OS,null,OS,6.51,OK,30.3,OK,2.81,BDL
2017-02-28 14:00:00,34.92,OK,1.55,OK,null,OS,null,OS,6.51,OK,11.76,OK,-0.16,BDL
2017-02-28 15:00:00,35.25,OK,1.4,OK,null,OS,null,OS,6.55,OK,15.75,OK,-0.4,BDL
2017-02-28 16:00:00,32.02,OK,1.45,OK,null,OS,null,OS,6.61,OK,20.87,OK,2.35,BDL
2017-02-28 17:00:00,23.24,OK,1.51,OK,null,OS,null,OS,6.79,OK,26.16,OK,6.94,OK
2017-02-28 18:00:00,16.66,OK,1.57,OK,null,OS,null,OS,6.75,OK,40.25,OK,8.92,OK
2017-02-28 19:00:00,20.57,OK,1.5,OK,null,OS,null,OS,6.69,OK,47.79,OK,8.02,OK
2017-02-28 20:00:00,11.11,OK,1.63,OK,null,OS,null,OS,6.88,OK,55.84,OK,16.61,OK
2017-02-28 21:00:00,18.8,OK,1.45,OK,null,OS,null,OS,6.68,OK,55.19,OK,11.88,OK
2017-02-28 22:00:00,11.81,OK,1.5,OK,null,OS,null,OS,6.58,OK,41.7,OK,12.0,OK
2017-02-28 23:00:00,9.58,OK,1.49,OK,null,OS,null,OS,6.55,OK,35.62,OK,5.72,OK
