Red Universitaria de Observatorios Atmosfericos (RUOA)
Atmospheric Observatory Hermosillo (erno), Sonora
Lat 29.0814 N, Lon 110.9706 W, Alt 154 masl
Time UTC-7h
Air Quality data
Flags: OK = Reliable data, BDL = Below Detection Limit, OR = Out of Range, OS = Out of Service 
 
Time,O3,O3_flag,SO2,SO2_flag,NO2,NO2_flag,NO,NO_flag,CO,CO_flag,PM10,PM10_flag,PM2.5,PM2.5_flag
yyyy-mm-dd HH:MM:SS,ppb,flag,ppb,flag,ppb,flag,ppb,flag,ppm,flag,ug/m^3,flag,ug/m^3,flag
2018-06-01 00:00:00,24.77,OK,-0.2,BDL,null,OS,null,OS,1.42,OK,23.2,OK,3.56,BDL
2018-06-01 01:00:00,20.01,OK,-0.15,BDL,null,OS,null,OS,1.43,OK,17.2,OK,4.49,OK
2018-06-01 02:00:00,5.62,OK,-0.09,BDL,null,OS,null,OS,1.44,OK,42.76,OK,13.22,OK
2018-06-01 03:00:00,4.61,OK,-0.07,BDL,null,OS,null,OS,1.4,OK,72.2,OK,12.34,OK
2018-06-01 04:00:00,2.09,OK,-0.01,BDL,null,OS,null,OS,1.44,OK,91.16,OK,18.11,OK
2018-06-01 05:00:00,3.77,OK,0.11,BDL,null,OS,null,OS,1.59,OK,79.63,OK,1.6,BDL
2018-06-01 06:00:00,7.67,OK,0.28,BDL,null,OS,null,OS,1.81,OK,74.12,OK,7.74,OK
2018-06-01 07:00:00,16.08,OK,0.25,BDL,null,OS,null,OS,1.99,OK,96.93,OK,21.32,OK
2018-06-01 08:00:00,30.31,OK,0.12,BDL,null,OS,null,OS,1.88,OK,67.83,OK,19.49,OK
2018-06-01 09:00:00,44.06,OK,-0.05,BDL,null,OS,null,OS,1.58,OK,53.47,OK,15.37,OK
2018-06-01 10:00:00,45.41,OK,0.24,BDL,null,OS,null,OS,1.43,OK,55.89,OK,15.57,OK
2018-06-01 11:00:00,40.63,OK,-0.06,BDL,null,OS,null,OS,1.43,OK,33.68,OK,5.89,OK
2018-06-01 12:00:00,39.65,OK,-0.09,BDL,null,OS,null,OS,1.47,OK,17.84,OK,5.06,OK
2018-06-01 13:00:00,39.39,OK,-0.1,BDL,null,OS,null,OS,1.48,OK,27.6,OK,6.02,OK
2018-06-01 14:00:00,37.15,OK,-0.19,BDL,null,OS,null,OS,1.48,OK,47.3,OK,11.82,OK
2018-06-01 15:00:00,39.32,OK,-0.13,BDL,null,OS,null,OS,1.48,OK,29.03,OK,14.19,OK
2018-06-01 16:00:00,37.03,OK,-0.18,BDL,null,OS,null,OS,1.54,OK,26.01,OK,11.79,OK
2018-06-01 17:00:00,35.31,OK,-0.14,BDL,null,OS,null,OS,1.57,OK,16.49,OK,3.66,BDL
2018-06-01 18:00:00,29.65,OK,-0.15,BDL,null,OS,null,OS,1.58,OK,12.35,OK,3.48,BDL
2018-06-01 19:00:00,31.3,OK,-0.18,BDL,null,OS,null,OS,1.5,OK,11.4,OK,-2.8,BDL
2018-06-01 20:00:00,25.21,OK,0.1,BDL,null,OS,null,OS,1.58,OK,19.8,OK,-7.73,OR
2018-06-01 21:00:00,22.64,OK,-0.13,BDL,null,OS,null,OS,1.6,OK,22.42,OK,6.24,OK
2018-06-01 22:00:00,19.82,OK,-0.1,BDL,null,OS,null,OS,1.54,OK,26.79,OK,7.58,OK
2018-06-01 23:00:00,5.42,OK,0.07,BDL,null,OS,null,OS,1.78,OK,51.48,OK,16.11,OK
2018-06-02 00:00:00,12.79,OK,0.18,BDL,null,OS,null,OS,1.61,OK,72.95,OK,16.53,OK
2018-06-02 01:00:00,18.42,OK,-0.08,BDL,null,OS,null,OS,1.57,OK,51.36,OK,10.17,OK
2018-06-02 02:00:00,9.25,OK,-0.03,BDL,null,OS,null,OS,1.69,OK,32.88,OK,12.22,OK
2018-06-02 03:00:00,11.42,OK,0.01,BDL,null,OS,null,OS,1.43,OK,41.32,OK,10.63,OK
2018-06-02 04:00:00,16.75,OK,-0.15,BDL,null,OS,null,OS,1.36,OK,32.67,OK,7.18,OK
2018-06-02 05:00:00,11.1,OK,-0.09,BDL,null,OS,null,OS,1.44,OK,30.08,OK,0.34,BDL
2018-06-02 06:00:00,14.98,OK,0.07,BDL,null,OS,null,OS,1.48,OK,62.92,OK,3.55,BDL
2018-06-02 07:00:00,28.44,OK,-0.01,BDL,null,OS,null,OS,1.47,OK,50.05,OK,6.99,OK
2018-06-02 08:00:00,40.96,OK,-0.12,BDL,null,OS,null,OS,1.5,OK,41.38,OK,8.67,OK
2018-06-02 09:00:00,49.08,OK,-0.07,BDL,null,OS,null,OS,1.55,OK,49.55,OK,15.16,OK
2018-06-02 10:00:00,53.93,OK,0.09,BDL,null,OS,null,OS,1.43,OK,64.91,OK,14.31,OK
2018-06-02 11:00:00,48.08,OK,0.03,BDL,null,OS,null,OS,1.41,OK,37.17,OK,9.95,OK
2018-06-02 12:00:00,45.08,OK,-0.09,BDL,null,OS,null,OS,1.44,OK,26.9,OK,13.3,OK
2018-06-02 13:00:00,46.16,OK,-0.13,BDL,null,OS,null,OS,1.41,OK,31.38,OK,12.71,OK
2018-06-02 14:00:00,47.56,OK,-0.16,BDL,null,OS,null,OS,1.38,OK,30.84,OK,13.1,OK
2018-06-02 15:00:00,46.8,OK,-0.21,BDL,null,OS,null,OS,1.36,OK,22.72,OK,1.61,BDL
2018-06-02 16:00:00,48.84,OK,-0.18,BDL,null,OS,null,OS,1.34,OK,25.27,OK,12.96,OK
2018-06-02 17:00:00,42.65,OK,-0.17,BDL,null,OS,null,OS,1.41,OK,15.88,OK,7.69,OK
2018-06-02 18:00:00,41.91,OK,-0.24,BDL,null,OS,null,OS,1.38,OK,16.15,OK,10.28,OK
2018-06-02 19:00:00,32.68,OK,-0.09,BDL,null,OS,null,OS,1.5,OK,3.7,BDL,-10.51,OR
2018-06-02 20:00:00,20.07,OK,-0.11,BDL,null,OS,null,OS,1.66,OK,5.85,OK,-8.46,OR
2018-06-02 21:00:00,17.63,OK,-0.1,BDL,null,OS,null,OS,1.63,OK,16.66,OK,2.85,BDL
2018-06-02 22:00:00,11.03,OK,-0.08,BDL,null,OS,null,OS,1.74,OK,32.44,OK,4.6,OK
2018-06-02 23:00:00,2.98,OK,0.04,BDL,null,OS,null,OS,1.94,OK,51.95,OK,12.67,OK
2018-06-03 00:00:00,0.87,BDL,0.16,BDL,null,OS,null,OS,2.02,OK,58.31,OK,17.1,OK
2018-06-03 01:00:00,8.5,OK,-0.06,BDL,null,OS,null,OS,1.57,OK,67.97,OK,13.07,OK
2018-06-03 02:00:00,16.11,OK,-0.18,BDL,null,OS,null,OS,1.42,OK,41.52,OK,13.9,OK
2018-06-03 03:00:00,10.21,OK,-0.09,BDL,null,OS,null,OS,1.43,OK,39.48,OK,7.4,OK
2018-06-03 04:00:00,10.78,OK,-0.08,BDL,null,OS,null,OS,1.42,OK,40.87,OK,6.5,OK
2018-06-03 05:00:00,16.68,OK,-0.06,BDL,null,OS,null,OS,1.4,OK,53.99,OK,4.34,OK
2018-06-03 06:00:00,22.83,OK,-0.05,BDL,null,OS,null,OS,1.42,OK,35.87,OK,0.87,BDL
2018-06-03 07:00:00,33.28,OK,-0.13,BDL,null,OS,null,OS,1.43,OK,37.97,OK,6.68,OK
2018-06-03 08:00:00,49.71,OK,-0.06,BDL,null,OS,null,OS,1.49,OK,51.41,OK,13.4,OK
2018-06-03 09:00:00,61.17,OK,-0.07,BDL,null,OS,null,OS,1.44,OK,47.28,OK,17.97,OK
2018-06-03 10:00:00,52.17,OK,-0.15,BDL,null,OS,null,OS,1.37,OK,44.32,OK,9.23,OK
2018-06-03 11:00:00,51.24,OK,-0.2,BDL,null,OS,null,OS,1.33,OK,29.68,OK,9.02,OK
2018-06-03 12:00:00,49.88,OK,-0.19,BDL,null,OS,null,OS,1.33,OK,23.15,OK,9.29,OK
2018-06-03 13:00:00,50.4,OK,-0.15,BDL,null,OS,null,OS,1.33,OK,35.91,OK,13.58,OK
2018-06-03 14:00:00,49.94,OK,-0.13,BDL,null,OS,null,OS,1.33,OK,42.52,OK,13.1,OK
2018-06-03 15:00:00,50.43,OK,-0.17,BDL,null,OS,null,OS,1.32,OK,47.36,OK,19.08,OK
2018-06-03 16:00:00,49.81,OK,-0.19,BDL,null,OS,null,OS,1.33,OK,36.71,OK,7.7,OK
2018-06-03 17:00:00,48.82,OK,-0.18,BDL,null,OS,null,OS,1.33,OK,10.98,OK,7.86,OK
2018-06-03 18:00:00,41.68,OK,-0.18,BDL,null,OS,null,OS,1.43,OK,8.68,OK,1.24,BDL
2018-06-03 19:00:00,33.6,OK,-0.19,BDL,null,OS,null,OS,1.48,OK,15.44,OK,-9.74,OR
2018-06-03 20:00:00,35.69,OK,-0.1,BDL,null,OS,null,OS,1.41,OK,21.43,OK,-3.84,BDL
2018-06-03 21:00:00,33.12,OK,0.07,BDL,null,OS,null,OS,1.46,OK,27.6,OK,5.72,OK
2018-06-03 22:00:00,40.66,OK,0.19,BDL,null,OS,null,OS,1.42,OK,17.29,OK,2.02,BDL
2018-06-03 23:00:00,43.97,OK,0.29,BDL,null,OS,null,OS,1.37,OK,9.97,OK,2.19,BDL
2018-06-04 00:00:00,26.39,OK,0.18,BDL,null,OS,null,OS,1.48,OK,27.42,OK,0.87,BDL
2018-06-04 01:00:00,26.78,OK,-0.16,BDL,null,OS,null,OS,1.39,OK,20.93,OK,13.42,OK
2018-06-04 02:00:00,23.52,OK,-0.27,BDL,null,OS,null,OS,1.38,OK,38.73,OK,13.85,OK
2018-06-04 03:00:00,19.08,OK,-0.1,BDL,null,OS,null,OS,1.4,OK,29.65,OK,7.5,OK
2018-06-04 04:00:00,16.86,OK,-0.12,BDL,null,OS,null,OS,1.41,OK,39.81,OK,3.59,BDL
2018-06-04 05:00:00,8.49,OK,-0.18,BDL,null,OS,null,OS,1.47,OK,29.05,OK,7.65,OK
2018-06-04 06:00:00,19.45,OK,-0.23,BDL,null,OS,null,OS,1.54,OK,33.29,OK,-2.03,BDL
2018-06-04 07:00:00,24.93,OK,-0.22,BDL,null,OS,null,OS,1.55,OK,48.69,OK,8.67,OK
2018-06-04 08:00:00,28.11,OK,-0.27,BDL,null,OS,null,OS,1.56,OK,71.21,OK,18.13,OK
2018-06-04 09:00:00,31.66,OK,-0.34,BDL,null,OS,null,OS,1.53,OK,33.78,OK,10.9,OK
2018-06-04 10:00:00,38.26,OK,-0.33,BDL,null,OS,null,OS,1.49,OK,53.22,OK,10.77,OK
2018-06-04 11:00:00,41.52,OK,-0.27,BDL,null,OS,null,OS,1.46,OK,27.57,OK,10.39,OK
2018-06-04 12:00:00,42.75,OK,-0.23,BDL,null,OS,null,OS,1.48,OK,30.1,OK,11.11,OK
2018-06-04 13:00:00,40.48,OK,-0.27,BDL,null,OS,null,OS,1.5,OK,25.18,OK,11.63,OK
2018-06-04 14:00:00,33.76,OK,-0.29,BDL,null,OS,null,OS,1.53,OK,62.43,OK,16.54,OK
2018-06-04 15:00:00,33.7,OK,-0.31,BDL,null,OS,null,OS,1.5,OK,79.98,OK,6.34,OK
2018-06-04 16:00:00,32.66,OK,-0.31,BDL,null,OS,null,OS,1.53,OK,70.68,OK,19.91,OK
2018-06-04 17:00:00,29.52,OK,-0.17,BDL,null,OS,null,OS,1.61,OK,38.05,OK,10.9,OK
2018-06-04 18:00:00,26.28,OK,-0.33,BDL,null,OS,null,OS,1.61,OK,43.62,OK,15.2,OK
2018-06-04 19:00:00,16.45,OK,-0.34,BDL,null,OS,null,OS,1.66,OK,98.84,OK,16.1,OK
2018-06-04 20:00:00,16.84,OK,-0.38,BDL,null,OS,null,OS,1.56,OK,97.39,OK,12.62,OK
2018-06-04 21:00:00,15.92,OK,-0.43,BDL,null,OS,null,OS,1.52,OK,83.85,OK,16.56,OK
2018-06-04 22:00:00,16.16,OK,-0.4,BDL,null,OS,null,OS,1.48,OK,56.83,OK,11.62,OK
2018-06-04 23:00:00,13.61,OK,-0.47,BDL,null,OS,null,OS,1.48,OK,44.2,OK,9.84,OK
2018-06-05 00:00:00,11.2,OK,-0.45,BDL,null,OS,null,OS,1.47,OK,54.21,OK,11.95,OK
2018-06-05 01:00:00,12.28,OK,-0.5,BDL,null,OS,null,OS,1.46,OK,47.87,OK,19.34,OK
2018-06-05 02:00:00,11.55,OK,-0.53,BDL,null,OS,null,OS,1.44,OK,50.26,OK,36.86,OK
2018-06-05 03:00:00,11.47,OK,-0.55,BDL,null,OS,null,OS,1.45,OK,43.81,OK,37.78,OK
2018-06-05 04:00:00,14.27,OK,-0.51,BDL,null,OS,null,OS,1.44,OK,29.59,OK,-2.24,BDL
2018-06-05 05:00:00,15.6,OK,-0.55,BDL,null,OS,null,OS,1.48,OK,29.07,OK,-14.77,OR
2018-06-05 06:00:00,11.92,OK,-0.54,BDL,null,OS,null,OS,1.52,OK,59.03,OK,-1.77,BDL
2018-06-05 07:00:00,17.43,OK,-0.58,BDL,null,OS,null,OS,1.59,OK,56.02,OK,-4.96,OR
2018-06-05 08:00:00,30.16,OK,-0.56,BDL,null,OS,null,OS,1.52,OK,47.24,OK,-3.23,BDL
2018-06-05 09:00:00,34.88,OK,-0.5,BDL,null,OS,null,OS,1.49,OK,11.96,OK,4.84,OK
2018-06-05 10:00:00,36.81,OK,-0.57,BDL,null,OS,null,OS,1.48,OK,41.17,OK,14.5,OK
2018-06-05 11:00:00,39.3,OK,-0.59,BDL,null,OS,null,OS,1.49,OK,37.93,OK,14.7,OK
2018-06-05 12:00:00,37.21,OK,-0.5,BDL,null,OS,null,OS,1.55,OK,35.56,OK,10.31,OK
2018-06-05 13:00:00,38.16,OK,-0.48,BDL,null,OS,null,OS,1.55,OK,45.39,OK,13.6,OK
2018-06-05 14:00:00,34.35,OK,-0.51,BDL,null,OS,null,OS,1.56,OK,50.26,OK,19.79,OK
2018-06-05 15:00:00,29.54,OK,-0.54,BDL,null,OS,null,OS,1.58,OK,67.2,OK,14.74,OK
2018-06-05 16:00:00,27.93,OK,-0.38,BDL,null,OS,null,OS,1.57,OK,81.2,OK,20.24,OK
2018-06-05 17:00:00,24.53,OK,-0.53,BDL,null,OS,null,OS,1.59,OK,65.38,OK,16.07,OK
2018-06-05 18:00:00,26.16,OK,-0.51,BDL,null,OS,null,OS,1.55,OK,46.72,OK,12.56,OK
2018-06-05 19:00:00,25.75,OK,-0.54,BDL,null,OS,null,OS,1.52,OK,35.7,OK,0.52,BDL
2018-06-05 20:00:00,23.87,OK,-0.57,BDL,null,OS,null,OS,1.51,OK,46.1,OK,9.05,OK
2018-06-05 21:00:00,23.18,OK,-0.54,BDL,null,OS,null,OS,1.48,OK,52.49,OK,3.47,BDL
2018-06-05 22:00:00,20.8,OK,-0.53,BDL,null,OS,null,OS,1.47,OK,50.63,OK,13.0,OK
2018-06-05 23:00:00,23.28,OK,-0.52,BDL,null,OS,null,OS,1.44,OK,45.71,OK,7.2,OK
2018-06-06 00:00:00,21.98,OK,-0.5,BDL,null,OS,null,OS,1.43,OK,35.64,OK,10.94,OK
2018-06-06 01:00:00,19.19,OK,-0.5,BDL,null,OS,null,OS,1.45,OK,43.13,OK,9.68,OK
2018-06-06 02:00:00,22.96,OK,-0.45,BDL,null,OS,null,OS,1.42,OK,42.91,OK,11.82,OK
2018-06-06 03:00:00,17.78,OK,-0.47,BDL,null,OS,null,OS,1.44,OK,45.3,OK,12.56,OK
2018-06-06 04:00:00,13.42,OK,-0.49,BDL,null,OS,null,OS,1.45,OK,44.56,OK,12.85,OK
2018-06-06 05:00:00,8.06,OK,-0.43,BDL,null,OS,null,OS,1.51,OK,48.8,OK,6.42,OK
2018-06-06 06:00:00,13.63,OK,-0.4,BDL,null,OS,null,OS,1.57,OK,60.04,OK,3.36,BDL
2018-06-06 07:00:00,17.84,OK,-0.41,BDL,null,OS,null,OS,1.58,OK,63.7,OK,11.57,OK
2018-06-06 08:00:00,31.86,OK,-0.43,BDL,null,OS,null,OS,1.57,OK,51.54,OK,13.16,OK
2018-06-06 09:00:00,38.61,OK,-0.46,BDL,null,OS,null,OS,1.55,OK,63.57,OK,19.2,OK
2018-06-06 10:00:00,39.68,OK,-0.38,BDL,null,OS,null,OS,1.49,OK,44.56,OK,18.09,OK
2018-06-06 11:00:00,39.01,OK,-0.36,BDL,null,OS,null,OS,1.53,OK,41.12,OK,14.9,OK
2018-06-06 12:00:00,39.37,OK,-0.44,BDL,null,OS,null,OS,1.55,OK,47.62,OK,15.42,OK
2018-06-06 13:00:00,39.12,OK,-0.49,BDL,null,OS,null,OS,1.55,OK,56.86,OK,15.96,OK
2018-06-06 14:00:00,34.94,OK,-0.47,BDL,null,OS,null,OS,1.57,OK,60.28,OK,18.77,OK
2018-06-06 15:00:00,31.78,OK,-0.36,BDL,null,OS,null,OS,1.6,OK,67.14,OK,19.63,OK
2018-06-06 16:00:00,29.18,OK,-0.54,BDL,null,OS,null,OS,1.57,OK,60.19,OK,22.5,OK
2018-06-06 17:00:00,28.21,OK,-0.53,BDL,null,OS,null,OS,1.57,OK,48.03,OK,16.87,OK
2018-06-06 18:00:00,24.75,OK,-0.52,BDL,null,OS,null,OS,1.58,OK,43.44,OK,22.25,OK
2018-06-06 19:00:00,20.05,OK,-0.51,BDL,null,OS,null,OS,1.58,OK,44.17,OK,9.16,OK
2018-06-06 20:00:00,22.38,OK,-0.5,BDL,null,OS,null,OS,1.52,OK,47.93,OK,6.86,OK
2018-06-06 21:00:00,22.08,OK,-0.53,BDL,null,OS,null,OS,1.5,OK,54.44,OK,15.18,OK
2018-06-06 22:00:00,24.13,OK,-0.57,BDL,null,OS,null,OS,1.47,OK,46.49,OK,16.57,OK
2018-06-06 23:00:00,29.53,OK,-0.57,BDL,null,OS,null,OS,1.42,OK,44.56,OK,12.41,OK
2018-06-07 00:00:00,25.57,OK,-0.53,BDL,null,OS,null,OS,1.4,OK,19.09,OK,7.91,OK
2018-06-07 01:00:00,28.97,OK,-0.55,BDL,null,OS,null,OS,1.38,OK,36.57,OK,7.79,OK
2018-06-07 02:00:00,29.58,OK,-0.53,BDL,null,OS,null,OS,1.39,OK,27.6,OK,15.54,OK
2018-06-07 03:00:00,28.02,OK,-0.56,BDL,null,OS,null,OS,1.39,OK,13.35,OK,13.54,OK
2018-06-07 04:00:00,17.58,OK,-0.51,BDL,null,OS,null,OS,1.43,OK,33.06,OK,11.11,OK
2018-06-07 05:00:00,12.03,OK,-0.51,BDL,null,OS,null,OS,1.54,OK,48.36,OK,-3.81,BDL
2018-06-07 06:00:00,16.4,OK,-0.53,BDL,null,OS,null,OS,1.57,OK,77.75,OK,12.46,OK
2018-06-07 07:00:00,19.44,OK,-0.51,BDL,null,OS,null,OS,1.58,OK,61.3,OK,5.78,OK
2018-06-07 08:00:00,26.1,OK,-0.43,BDL,null,OS,null,OS,1.57,OK,57.37,OK,19.69,OK
2018-06-07 09:00:00,34.27,OK,-0.49,BDL,null,OS,null,OS,1.53,OK,63.42,OK,18.01,OK
2018-06-07 10:00:00,37.93,OK,-0.48,BDL,null,OS,null,OS,1.52,OK,50.72,OK,17.79,OK
2018-06-07 11:00:00,39.34,OK,-0.45,BDL,null,OS,null,OS,1.53,OK,47.94,OK,16.69,OK
2018-06-07 12:00:00,41.16,OK,-0.43,BDL,null,OS,null,OS,1.56,OK,37.95,OK,15.33,OK
2018-06-07 13:00:00,41.14,OK,-0.42,BDL,null,OS,null,OS,1.56,OK,42.74,OK,14.79,OK
2018-06-07 14:00:00,40.39,OK,-0.32,BDL,null,OS,null,OS,1.56,OK,61.07,OK,20.79,OK
2018-06-07 15:00:00,38.33,OK,-0.5,BDL,null,OS,null,OS,1.59,OK,64.63,OK,22.66,OK
2018-06-07 16:00:00,34.18,OK,-0.42,BDL,null,OS,null,OS,1.63,OK,59.57,OK,22.52,OK
2018-06-07 17:00:00,30.93,OK,-0.44,BDL,null,OS,null,OS,1.61,OK,38.73,OK,14.25,OK
2018-06-07 18:00:00,25.97,OK,-0.46,BDL,null,OS,null,OS,1.57,OK,40.68,OK,16.89,OK
2018-06-07 19:00:00,20.12,OK,-0.49,BDL,null,OS,null,OS,1.58,OK,39.9,OK,11.04,OK
2018-06-07 20:00:00,18.3,OK,-0.52,BDL,null,OS,null,OS,1.55,OK,43.03,OK,10.96,OK
2018-06-07 21:00:00,20.6,OK,-0.55,BDL,null,OS,null,OS,1.46,OK,44.35,OK,7.1,OK
2018-06-07 22:00:00,17.68,OK,-0.51,BDL,null,OS,null,OS,1.49,OK,43.17,OK,13.44,OK
2018-06-07 23:00:00,17.94,OK,-0.54,BDL,null,OS,null,OS,1.46,OK,33.15,OK,25.7,OK
2018-06-08 00:00:00,15.54,OK,-0.61,BDL,null,OS,null,OS,1.46,OK,17.45,OK,19.06,OK
2018-06-08 01:00:00,15.72,OK,-0.57,BDL,null,OS,null,OS,1.44,OK,33.83,OK,12.03,OK
2018-06-08 02:00:00,12.35,OK,-0.58,BDL,null,OS,null,OS,1.46,OK,39.07,OK,9.45,OK
2018-06-08 03:00:00,6.26,OK,-0.58,BDL,null,OS,null,OS,1.57,OK,36.18,OK,7.1,OK
2018-06-08 04:00:00,3.84,OK,-0.53,BDL,null,OS,null,OS,1.51,OK,47.02,OK,-9.69,OR
2018-06-08 05:00:00,4.79,OK,-0.47,BDL,null,OS,null,OS,1.59,OK,44.05,OK,-6.27,OR
2018-06-08 06:00:00,9.02,OK,-0.42,BDL,null,OS,null,OS,1.73,OK,80.48,OK,-1.74,BDL
2018-06-08 07:00:00,22.81,OK,-0.54,BDL,null,OS,null,OS,1.6,OK,75.78,OK,11.97,OK
2018-06-08 08:00:00,38.42,OK,-0.55,BDL,null,OS,null,OS,1.57,OK,52.27,OK,14.87,OK
2018-06-08 09:00:00,42.15,OK,-0.58,BDL,null,OS,null,OS,1.5,OK,57.82,OK,15.71,OK
2018-06-08 10:00:00,46.98,OK,-0.54,BDL,null,OS,null,OS,1.51,OK,41.51,OK,21.59,OK
2018-06-08 11:00:00,54.69,OK,-0.45,BDL,null,OS,null,OS,1.51,OK,45.64,OK,13.29,OK
2018-06-08 12:00:00,51.3,OK,-0.41,BDL,null,OS,null,OS,1.52,OK,60.23,OK,21.81,OK
2018-06-08 13:00:00,41.13,OK,-0.22,BDL,null,OS,null,OS,1.54,OK,69.06,OK,13.76,OK
2018-06-08 14:00:00,43.27,OK,-0.27,BDL,null,OS,null,OS,1.51,OK,44.92,OK,11.64,OK
2018-06-08 15:00:00,39.4,OK,-0.28,BDL,null,OS,null,OS,1.51,OK,69.09,OK,11.21,OK
2018-06-08 16:00:00,37.02,OK,-0.32,BDL,null,OS,null,OS,1.47,OK,76.07,OK,13.22,OK
2018-06-08 17:00:00,31.24,OK,-0.36,BDL,null,OS,null,OS,1.49,OK,46.09,OK,14.67,OK
2018-06-08 18:00:00,28.28,OK,-0.41,BDL,null,OS,null,OS,1.48,OK,42.94,OK,8.08,OK
2018-06-08 19:00:00,25.91,OK,-0.39,BDL,null,OS,null,OS,1.49,OK,27.41,OK,-2.84,BDL
2018-06-08 20:00:00,21.94,OK,-0.42,BDL,null,OS,null,OS,1.52,OK,36.88,OK,1.44,BDL
2018-06-08 21:00:00,35.41,OK,-0.46,BDL,null,OS,null,OS,1.48,OK,41.77,OK,6.2,OK
2018-06-08 22:00:00,31.74,OK,-0.48,BDL,null,OS,null,OS,1.46,OK,86.26,OK,11.53,OK
2018-06-08 23:00:00,22.58,OK,-0.51,BDL,null,OS,null,OS,1.49,OK,36.81,OK,18.73,OK
2018-06-09 00:00:00,16.65,OK,-0.54,BDL,null,OS,null,OS,1.54,OK,38.13,OK,4.78,OK
2018-06-09 01:00:00,15.52,OK,-0.46,BDL,null,OS,null,OS,1.49,OK,57.28,OK,10.91,OK
2018-06-09 02:00:00,21.0,OK,-0.56,BDL,null,OS,null,OS,1.42,OK,36.02,OK,16.3,OK
2018-06-09 03:00:00,18.74,OK,-0.56,BDL,null,OS,null,OS,1.43,OK,20.28,OK,8.2,OK
2018-06-09 04:00:00,15.0,OK,-0.53,BDL,null,OS,null,OS,1.43,OK,33.44,OK,11.07,OK
2018-06-09 05:00:00,13.43,OK,-0.47,BDL,null,OS,null,OS,1.5,OK,30.39,OK,2.79,BDL
2018-06-09 06:00:00,17.77,OK,-0.49,BDL,null,OS,null,OS,1.55,OK,58.79,OK,8.31,OK
2018-06-09 07:00:00,31.04,OK,-0.49,BDL,null,OS,null,OS,1.48,OK,66.2,OK,17.01,OK
2018-06-09 08:00:00,45.86,OK,-0.55,BDL,null,OS,null,OS,1.47,OK,52.17,OK,22.32,OK
2018-06-09 09:00:00,47.47,OK,-0.55,BDL,null,OS,null,OS,1.48,OK,52.49,OK,16.72,OK
2018-06-09 10:00:00,56.27,OK,-0.5,BDL,null,OS,null,OS,1.49,OK,55.76,OK,21.63,OK
2018-06-09 11:00:00,59.35,OK,-0.49,BDL,null,OS,null,OS,1.53,OK,38.41,OK,15.75,OK
2018-06-09 12:00:00,52.77,OK,-0.37,BDL,null,OS,null,OS,1.49,OK,35.28,OK,11.05,OK
2018-06-09 13:00:00,45.87,OK,-0.36,BDL,null,OS,null,OS,1.52,OK,39.57,OK,20.93,OK
2018-06-09 14:00:00,43.15,OK,-0.37,BDL,null,OS,null,OS,1.45,OK,111.38,OK,21.31,OK
2018-06-09 15:00:00,40.86,OK,-0.45,BDL,null,OS,null,OS,1.43,OK,214.93,OK,30.91,OK
2018-06-09 16:00:00,37.41,OK,-0.47,BDL,null,OS,null,OS,1.44,OK,96.39,OK,16.09,OK
2018-06-09 17:00:00,31.15,OK,-0.52,BDL,null,OS,null,OS,1.48,OK,57.43,OK,13.58,OK
2018-06-09 18:00:00,26.79,OK,-0.5,BDL,null,OS,null,OS,1.52,OK,39.43,OK,10.69,OK
2018-06-09 19:00:00,23.48,OK,-0.49,BDL,null,OS,null,OS,1.55,OK,35.45,OK,9.79,OK
2018-06-09 20:00:00,24.06,OK,-0.45,BDL,null,OS,null,OS,1.57,OK,30.87,OK,5.38,OK
2018-06-09 21:00:00,21.67,OK,-0.52,BDL,null,OS,null,OS,1.58,OK,44.21,OK,13.45,OK
2018-06-09 22:00:00,20.03,OK,-0.56,BDL,null,OS,null,OS,1.57,OK,34.12,OK,13.32,OK
2018-06-09 23:00:00,21.8,OK,-0.51,BDL,null,OS,null,OS,1.5,OK,40.38,OK,14.4,OK
2018-06-10 00:00:00,22.25,OK,-0.51,BDL,null,OS,null,OS,1.47,OK,34.9,OK,10.99,OK
2018-06-10 01:00:00,27.99,OK,-0.51,BDL,null,OS,null,OS,1.43,OK,33.32,OK,9.95,OK
2018-06-10 02:00:00,27.91,OK,-0.53,BDL,null,OS,null,OS,1.42,OK,26.93,OK,10.04,OK
2018-06-10 03:00:00,26.1,OK,-0.53,BDL,null,OS,null,OS,1.42,OK,39.94,OK,18.73,OK
2018-06-10 04:00:00,28.83,OK,-0.52,BDL,null,OS,null,OS,1.41,OK,29.56,OK,13.66,OK
2018-06-10 05:00:00,25.82,OK,-0.52,BDL,null,OS,null,OS,1.42,OK,27.52,OK,11.85,OK
2018-06-10 06:00:00,23.5,OK,-0.54,BDL,null,OS,null,OS,1.45,OK,98.01,OK,9.62,OK
2018-06-10 07:00:00,25.21,OK,-0.53,BDL,null,OS,null,OS,1.45,OK,76.63,OK,2.24,BDL
2018-06-10 08:00:00,28.18,OK,-0.55,BDL,null,OS,null,OS,1.45,OK,41.92,OK,4.4,OK
2018-06-10 09:00:00,32.94,OK,-0.6,BDL,null,OS,null,OS,1.47,OK,38.05,OK,8.04,OK
2018-06-10 10:00:00,39.73,OK,-0.53,BDL,null,OS,null,OS,1.46,OK,49.01,OK,14.03,OK
2018-06-10 11:00:00,41.79,OK,-0.44,BDL,null,OS,null,OS,1.45,OK,73.64,OK,12.36,OK
2018-06-10 12:00:00,44.24,OK,-0.52,BDL,null,OS,null,OS,1.42,OK,36.01,OK,12.28,OK
2018-06-10 13:00:00,43.23,OK,-0.54,BDL,null,OS,null,OS,1.42,OK,40.05,OK,15.64,OK
2018-06-10 14:00:00,43.25,OK,-0.49,BDL,null,OS,null,OS,1.43,OK,58.45,OK,12.98,OK
2018-06-10 15:00:00,42.2,OK,-0.53,BDL,null,OS,null,OS,1.42,OK,46.2,OK,13.4,OK
2018-06-10 16:00:00,37.38,OK,-0.54,BDL,null,OS,null,OS,1.43,OK,86.99,OK,21.88,OK
2018-06-10 17:00:00,35.76,OK,-0.46,BDL,null,OS,null,OS,1.42,OK,83.95,OK,18.81,OK
2018-06-10 18:00:00,29.5,OK,-0.46,BDL,null,OS,null,OS,1.45,OK,35.47,OK,5.85,OK
2018-06-10 19:00:00,23.24,OK,-0.48,BDL,null,OS,null,OS,1.49,OK,36.88,OK,3.45,BDL
2018-06-10 20:00:00,24.04,OK,-0.43,BDL,null,OS,null,OS,1.48,OK,35.11,OK,13.1,OK
2018-06-10 21:00:00,23.61,OK,-0.51,BDL,null,OS,null,OS,1.48,OK,32.7,OK,7.0,OK
2018-06-10 22:00:00,21.03,OK,-0.48,BDL,null,OS,null,OS,1.5,OK,38.73,OK,16.18,OK
2018-06-10 23:00:00,23.99,OK,-0.52,BDL,null,OS,null,OS,1.44,OK,27.63,OK,18.13,OK
2018-06-11 00:00:00,26.31,OK,-0.55,BDL,null,OS,null,OS,1.43,OK,31.76,OK,6.9,OK
2018-06-11 01:00:00,22.49,OK,-0.52,BDL,null,OS,null,OS,1.43,OK,32.02,OK,6.25,OK
2018-06-11 02:00:00,11.69,OK,-0.51,BDL,null,OS,null,OS,1.47,OK,31.93,OK,15.98,OK
2018-06-11 03:00:00,12.65,OK,-0.55,BDL,null,OS,null,OS,1.43,OK,44.03,OK,16.53,OK
2018-06-11 04:00:00,15.82,OK,-0.41,BDL,null,OS,null,OS,1.44,OK,39.6,OK,11.31,OK
2018-06-11 05:00:00,15.91,OK,-0.52,BDL,null,OS,null,OS,1.51,OK,42.85,OK,4.64,OK
2018-06-11 06:00:00,23.93,OK,-0.51,BDL,null,OS,null,OS,1.52,OK,41.34,OK,-5.37,OR
2018-06-11 07:00:00,30.68,OK,-0.55,BDL,null,OS,null,OS,1.51,OK,55.62,OK,9.17,OK
2018-06-11 08:00:00,37.62,OK,-0.56,BDL,null,OS,null,OS,1.5,OK,50.57,OK,13.29,OK
2018-06-11 09:00:00,48.41,OK,-0.48,BDL,null,OS,null,OS,1.45,OK,51.52,OK,17.83,OK
2018-06-11 10:00:00,62.51,OK,-0.43,BDL,null,OS,null,OS,1.46,OK,46.67,OK,18.22,OK
2018-06-11 11:00:00,55.08,OK,-0.42,BDL,null,OS,null,OS,1.5,OK,54.1,OK,17.5,OK
2018-06-11 12:00:00,45.8,OK,-0.24,BDL,null,OS,null,OS,1.45,OK,29.04,OK,8.38,OK
2018-06-11 13:00:00,44.64,OK,-0.22,BDL,null,OS,null,OS,1.47,OK,42.11,OK,13.17,OK
2018-06-11 14:00:00,42.27,OK,-0.24,BDL,null,OS,null,OS,1.51,OK,50.02,OK,15.89,OK
2018-06-11 15:00:00,37.98,OK,-0.19,BDL,null,OS,null,OS,1.53,OK,55.86,OK,17.6,OK
2018-06-11 16:00:00,37.08,OK,-0.26,BDL,null,OS,null,OS,1.46,OK,45.55,OK,21.52,OK
2018-06-11 17:00:00,33.11,OK,-0.35,BDL,null,OS,null,OS,1.51,OK,25.64,OK,15.07,OK
2018-06-11 18:00:00,30.11,OK,-0.37,BDL,null,OS,null,OS,1.49,OK,28.68,OK,14.62,OK
2018-06-11 19:00:00,25.0,OK,-0.36,BDL,null,OS,null,OS,1.54,OK,31.08,OK,0.62,BDL
2018-06-11 20:00:00,24.87,OK,-0.41,BDL,null,OS,null,OS,1.49,OK,41.46,OK,6.65,OK
2018-06-11 21:00:00,24.78,OK,-0.4,BDL,null,OS,null,OS,1.44,OK,42.16,OK,8.67,OK
2018-06-11 22:00:00,24.24,OK,-0.45,BDL,null,OS,null,OS,1.43,OK,32.25,OK,12.22,OK
2018-06-11 23:00:00,22.38,OK,-0.46,BDL,null,OS,null,OS,1.43,OK,32.22,OK,6.41,OK
2018-06-12 00:00:00,27.89,OK,-0.51,BDL,null,OS,null,OS,1.4,OK,55.75,OK,19.34,OK
2018-06-12 01:00:00,25.87,OK,-0.46,BDL,null,OS,null,OS,1.4,OK,18.21,OK,8.52,OK
2018-06-12 02:00:00,26.98,OK,-0.47,BDL,null,OS,null,OS,1.39,OK,24.17,OK,5.44,OK
2018-06-12 03:00:00,25.2,OK,-0.54,BDL,null,OS,null,OS,1.37,OK,22.6,OK,4.99,OK
2018-06-12 04:00:00,26.19,OK,-0.52,BDL,null,OS,null,OS,1.38,OK,25.91,OK,3.59,BDL
2018-06-12 05:00:00,25.09,OK,-0.48,BDL,null,OS,null,OS,1.44,OK,29.87,OK,9.41,OK
2018-06-12 06:00:00,20.48,OK,-0.48,BDL,null,OS,null,OS,1.55,OK,46.17,OK,10.2,OK
2018-06-12 07:00:00,26.44,OK,-0.44,BDL,null,OS,null,OS,1.61,OK,139.44,OK,15.68,OK
2018-06-12 08:00:00,37.87,OK,-0.47,BDL,null,OS,null,OS,1.47,OK,29.08,OK,-5.54,OR
2018-06-12 09:00:00,38.1,OK,-0.22,BDL,null,OS,null,OS,1.5,OK,51.64,OK,13.09,OK
2018-06-12 10:00:00,48.4,OK,-0.47,BDL,null,OS,null,OS,1.51,OK,40.07,OK,18.03,OK
2018-06-12 11:00:00,55.79,OK,-0.48,BDL,null,OS,null,OS,1.44,OK,47.06,OK,17.24,OK
2018-06-12 12:00:00,61.57,OK,-0.38,BDL,null,OS,null,OS,1.46,OK,28.45,OK,8.73,OK
2018-06-12 13:00:00,55.99,OK,-0.24,BDL,null,OS,null,OS,1.44,OK,44.3,OK,14.49,OK
2018-06-12 14:00:00,45.65,OK,-0.15,BDL,null,OS,null,OS,1.51,OK,31.38,OK,10.38,OK
2018-06-12 15:00:00,38.81,OK,-0.22,BDL,null,OS,null,OS,1.52,OK,40.39,OK,19.56,OK
2018-06-12 16:00:00,31.48,OK,-0.38,BDL,null,OS,null,OS,1.55,OK,100.6,OK,27.13,OK
2018-06-12 17:00:00,32.19,OK,-0.39,BDL,null,OS,null,OS,1.51,OK,61.55,OK,15.03,OK
2018-06-12 18:00:00,26.75,OK,-0.4,BDL,null,OS,null,OS,1.54,OK,24.5,OK,8.16,OK
2018-06-12 19:00:00,25.45,OK,-0.42,BDL,null,OS,null,OS,1.51,OK,35.84,OK,5.55,OK
2018-06-12 20:00:00,27.27,OK,-0.51,BDL,null,OS,null,OS,1.5,OK,36.43,OK,10.1,OK
2018-06-12 21:00:00,25.21,OK,-0.52,BDL,null,OS,null,OS,1.53,OK,40.22,OK,7.01,OK
2018-06-12 22:00:00,25.79,OK,-0.45,BDL,null,OS,null,OS,1.49,OK,35.82,OK,13.91,OK
2018-06-12 23:00:00,22.81,OK,-0.5,BDL,null,OS,null,OS,1.48,OK,40.97,OK,8.33,OK
2018-06-13 00:00:00,23.3,OK,-0.52,BDL,null,OS,null,OS,1.45,OK,34.4,OK,19.17,OK
2018-06-13 01:00:00,20.08,OK,-0.49,BDL,null,OS,null,OS,1.43,OK,31.74,OK,35.53,OK
2018-06-13 02:00:00,11.76,OK,-0.54,BDL,null,OS,null,OS,1.42,OK,35.35,OK,58.77,OK
2018-06-13 03:00:00,22.08,OK,-0.52,BDL,null,OS,null,OS,1.41,OK,23.83,OK,-23.27,OR
2018-06-13 04:00:00,19.91,OK,-0.51,BDL,null,OS,null,OS,1.41,OK,38.8,OK,23.01,OK
2018-06-13 05:00:00,12.68,OK,-0.53,BDL,null,OS,null,OS,1.46,OK,151.31,OK,-0.13,BDL
2018-06-13 06:00:00,18.95,OK,-0.48,BDL,null,OS,null,OS,1.47,OK,38.92,OK,-19.48,OR
2018-06-13 07:00:00,24.66,OK,-0.53,BDL,null,OS,null,OS,1.48,OK,29.86,OK,-13.02,OR
2018-06-13 08:00:00,33.07,OK,-0.39,BDL,null,OS,null,OS,1.47,OK,46.69,OK,-4.04,OR
2018-06-13 09:00:00,38.49,OK,-0.52,BDL,null,OS,null,OS,1.48,OK,37.35,OK,1.12,BDL
2018-06-13 10:00:00,43.43,OK,-0.51,BDL,null,OS,null,OS,1.47,OK,40.55,OK,14.47,OK
2018-06-13 11:00:00,46.51,OK,-0.48,BDL,null,OS,null,OS,1.48,OK,37.59,OK,14.84,OK
2018-06-13 12:00:00,48.34,OK,-0.41,BDL,null,OS,null,OS,1.49,OK,35.89,OK,7.73,OK
2018-06-13 13:00:00,48.25,OK,-0.46,BDL,null,OS,null,OS,1.46,OK,38.8,OK,8.08,OK
2018-06-13 14:00:00,43.61,OK,-0.44,BDL,null,OS,null,OS,1.48,OK,44.69,OK,17.89,OK
2018-06-13 15:00:00,35.39,OK,-0.44,BDL,null,OS,null,OS,1.53,OK,65.1,OK,19.77,OK
2018-06-13 16:00:00,30.9,OK,-0.4,BDL,null,OS,null,OS,1.51,OK,88.61,OK,24.92,OK
2018-06-13 17:00:00,30.46,OK,-0.47,BDL,null,OS,null,OS,1.51,OK,53.72,OK,11.81,OK
2018-06-13 18:00:00,27.22,OK,-0.43,BDL,null,OS,null,OS,1.51,OK,39.29,OK,6.76,OK
2018-06-13 19:00:00,24.49,OK,-0.44,BDL,null,OS,null,OS,1.5,OK,32.63,OK,3.84,BDL
2018-06-13 20:00:00,17.98,OK,-0.42,BDL,null,OS,null,OS,1.59,OK,43.82,OK,11.9,OK
2018-06-13 21:00:00,16.36,OK,-0.46,BDL,null,OS,null,OS,1.57,OK,56.16,OK,7.7,OK
2018-06-13 22:00:00,25.56,OK,-0.45,BDL,null,OS,null,OS,1.44,OK,42.16,OK,3.21,BDL
2018-06-13 23:00:00,25.48,OK,-0.46,BDL,null,OS,null,OS,1.41,OK,24.09,OK,10.66,OK
2018-06-14 00:00:00,27.65,OK,-0.42,BDL,null,OS,null,OS,1.37,OK,30.14,OK,6.17,OK
2018-06-14 01:00:00,30.7,OK,-0.48,BDL,null,OS,null,OS,1.35,OK,17.12,OK,7.65,OK
2018-06-14 02:00:00,22.26,OK,-0.46,BDL,null,OS,null,OS,1.36,OK,16.13,OK,16.96,OK
2018-06-14 03:00:00,12.16,OK,-0.44,BDL,null,OS,null,OS,1.39,OK,21.06,OK,77.88,OK
2018-06-14 04:00:00,12.9,OK,-0.52,BDL,null,OS,null,OS,1.4,OK,14.35,OK,-25.5,OR
2018-06-14 05:00:00,15.45,OK,-0.48,BDL,null,OS,null,OS,1.44,OK,27.51,OK,-16.87,OR
2018-06-14 06:00:00,12.9,OK,-0.46,BDL,null,OS,null,OS,1.53,OK,37.66,OK,2.58,BDL
2018-06-14 07:00:00,13.07,OK,-0.41,BDL,null,OS,null,OS,1.55,OK,33.14,OK,4.75,OK
2018-06-14 08:00:00,16.64,OK,-0.45,BDL,null,OS,null,OS,1.5,OK,25.12,OK,-11.93,OR
2018-06-14 09:00:00,24.12,OK,-0.45,BDL,null,OS,null,OS,1.51,OK,31.31,OK,1.67,BDL
2018-06-14 10:00:00,33.85,OK,-0.46,BDL,null,OS,null,OS,1.47,OK,27.67,OK,-7.28,OR
2018-06-14 11:00:00,37.21,OK,-0.44,BDL,null,OS,null,OS,1.47,OK,14.35,OK,0.59,BDL
2018-06-14 12:00:00,35.01,OK,-0.41,BDL,null,OS,null,OS,1.5,OK,36.63,OK,11.36,OK
2018-06-14 13:00:00,32.29,OK,-0.4,BDL,null,OS,null,OS,1.5,OK,38.8,OK,11.62,OK
2018-06-14 14:00:00,22.9,OK,-0.47,BDL,null,OS,null,OS,1.53,OK,62.88,OK,19.0,OK
2018-06-14 15:00:00,18.12,OK,-0.42,BDL,null,OS,null,OS,1.49,OK,187.35,OK,15.44,OK
2018-06-14 16:00:00,18.11,OK,-0.42,BDL,null,OS,null,OS,1.5,OK,137.75,OK,10.95,OK
2018-06-14 17:00:00,17.65,OK,-0.42,BDL,null,OS,null,OS,1.53,OK,79.8,OK,9.33,OK
2018-06-14 18:00:00,13.92,OK,-0.41,BDL,null,OS,null,OS,1.59,OK,69.15,OK,13.25,OK
2018-06-14 19:00:00,14.62,OK,-0.4,BDL,null,OS,null,OS,1.53,OK,26.41,OK,5.13,OK
2018-06-14 20:00:00,12.29,OK,-0.41,BDL,null,OS,null,OS,1.5,OK,16.89,OK,11.39,OK
2018-06-14 21:00:00,13.36,OK,-0.49,BDL,null,OS,null,OS,1.43,OK,36.76,OK,26.01,OK
2018-06-14 22:00:00,29.66,OK,-0.46,BDL,null,OS,null,OS,1.4,OK,319.57,OK,29.96,OK
2018-06-14 23:00:00,22.33,OK,-0.47,BDL,null,OS,null,OS,1.41,OK,16.02,OK,91.39,OK
2018-06-15 00:00:00,20.87,OK,-0.47,BDL,null,OS,null,OS,1.4,OK,3.06,BDL,74.13,OK
2018-06-15 01:00:00,17.65,OK,-0.47,BDL,null,OS,null,OS,1.4,OK,7.58,OK,38.9,OK
2018-06-15 02:00:00,12.65,OK,-0.44,BDL,null,OS,null,OS,1.4,OK,8.82,OK,136.97,OK
2018-06-15 03:00:00,13.98,OK,-0.45,BDL,null,OS,null,OS,1.39,OK,12.82,OK,-70.64,OR
2018-06-15 04:00:00,17.38,OK,-0.5,BDL,null,OS,null,OS,1.4,OK,3.55,BDL,-6.05,OR
2018-06-15 05:00:00,16.48,OK,-0.5,BDL,null,OS,null,OS,1.43,OK,11.31,OK,-29.82,OR
2018-06-15 06:00:00,14.83,OK,-0.44,BDL,null,OS,null,OS,1.49,OK,3.18,BDL,-47.42,OR
2018-06-15 07:00:00,15.82,OK,-0.42,BDL,null,OS,null,OS,1.51,OK,15.76,OK,-96.13,OR
2018-06-15 08:00:00,18.56,OK,-0.47,BDL,null,OS,null,OS,1.51,OK,10.72,OK,-23.9,OR
2018-06-15 09:00:00,18.57,OK,-0.44,BDL,null,OS,null,OS,1.53,OK,9.63,OK,22.01,OK
2018-06-15 10:00:00,20.42,OK,-0.46,BDL,null,OS,null,OS,1.47,OK,12.09,OK,15.22,OK
2018-06-15 11:00:00,18.36,OK,-0.48,BDL,null,OS,null,OS,1.51,OK,1.53,BDL,13.73,OK
2018-06-15 12:00:00,19.6,OK,-0.45,BDL,null,OS,null,OS,1.58,OK,17.45,OK,-17.58,OR
2018-06-15 13:00:00,23.08,OK,-0.49,BDL,null,OS,null,OS,1.62,OK,5.89,OK,12.38,OK
2018-06-15 14:00:00,17.91,OK,-0.39,BDL,null,OS,null,OS,1.94,OK,31.71,OK,27.13,OK
2018-06-15 15:00:00,22.17,OK,-0.43,BDL,null,OS,null,OS,1.68,OK,33.42,OK,47.04,OK
2018-06-15 16:00:00,20.44,OK,-0.49,BDL,null,OS,null,OS,1.68,OK,14.17,OK,21.24,OK
2018-06-15 17:00:00,16.69,OK,-0.45,BDL,null,OS,null,OS,1.76,OK,30.01,OK,50.85,OK
2018-06-15 18:00:00,10.63,OK,-0.4,BDL,null,OS,null,OS,1.91,OK,17.99,OK,94.55,OK
2018-06-15 19:00:00,9.58,OK,-0.45,BDL,null,OS,null,OS,1.78,OK,21.77,OK,152.98,OK
2018-06-15 20:00:00,12.49,OK,-0.46,BDL,null,OS,null,OS,1.61,OK,28.36,OK,80.03,OK
2018-06-15 21:00:00,10.07,OK,-0.49,BDL,null,OS,null,OS,1.63,OK,11.38,OK,75.41,OK
2018-06-15 22:00:00,9.09,OK,-0.49,BDL,null,OS,null,OS,1.53,OK,18.84,OK,485.06,OK
2018-06-15 23:00:00,11.69,OK,-0.51,BDL,null,OS,null,OS,1.43,OK,13.74,OK,928.37,OR
2018-06-16 00:00:00,11.15,OK,-0.76,BDL,null,OS,null,OS,1.47,OK,-3.93,BDL,619.08,OR
2018-06-16 01:00:00,null,OS,null,OS,null,OS,null,OS,null,OS,null,OS,null,OS
2018-06-16 02:00:00,null,OS,null,OS,null,OS,null,OS,null,OS,null,OS,null,OS
2018-06-16 03:00:00,null,OS,null,OS,null,OS,null,OS,null,OS,null,OS,null,OS
2018-06-16 04:00:00,null,OS,null,OS,null,OS,null,OS,null,OS,null,OS,null,OS
2018-06-16 05:00:00,null,OS,null,OS,null,OS,null,OS,null,OS,null,OS,null,OS
2018-06-16 06:00:00,null,OS,null,OS,null,OS,null,OS,null,OS,null,OS,null,OS
2018-06-16 07:00:00,null,OS,null,OS,null,OS,null,OS,null,OS,null,OS,null,OS
2018-06-16 08:00:00,null,OS,null,OS,null,OS,null,OS,null,OS,null,OS,null,OS
2018-06-16 09:00:00,null,OS,null,OS,null,OS,null,OS,null,OS,null,OS,null,OS
2018-06-16 10:00:00,null,OS,null,OS,null,OS,null,OS,null,OS,null,OS,null,OS
2018-06-16 11:00:00,null,OS,null,OS,null,OS,null,OS,null,OS,null,OS,null,OS
2018-06-16 12:00:00,null,OS,null,OS,null,OS,null,OS,null,OS,null,OS,null,OS
2018-06-16 13:00:00,null,OS,null,OS,null,OS,null,OS,null,OS,null,OS,null,OS
2018-06-16 14:00:00,null,OS,null,OS,null,OS,null,OS,null,OS,null,OS,null,OS
2018-06-16 15:00:00,null,OS,null,OS,null,OS,null,OS,null,OS,null,OS,null,OS
2018-06-16 16:00:00,null,OS,null,OS,null,OS,null,OS,null,OS,null,OS,null,OS
2018-06-16 17:00:00,null,OS,null,OS,null,OS,null,OS,null,OS,null,OS,null,OS
2018-06-16 18:00:00,null,OS,null,OS,null,OS,null,OS,null,OS,null,OS,null,OS
2018-06-16 19:00:00,null,OS,null,OS,null,OS,null,OS,null,OS,null,OS,null,OS
2018-06-16 20:00:00,null,OS,null,OS,null,OS,null,OS,null,OS,null,OS,null,OS
2018-06-16 21:00:00,null,OS,null,OS,null,OS,null,OS,null,OS,null,OS,null,OS
2018-06-16 22:00:00,null,OS,null,OS,null,OS,null,OS,null,OS,null,OS,null,OS
2018-06-16 23:00:00,null,OS,null,OS,null,OS,null,OS,null,OS,null,OS,null,OS
2018-06-17 00:00:00,null,OS,null,OS,null,OS,null,OS,null,OS,null,OS,null,OS
2018-06-17 01:00:00,null,OS,null,OS,null,OS,null,OS,null,OS,null,OS,null,OS
2018-06-17 02:00:00,null,OS,null,OS,null,OS,null,OS,null,OS,null,OS,null,OS
2018-06-17 03:00:00,null,OS,null,OS,null,OS,null,OS,null,OS,null,OS,null,OS
2018-06-17 04:00:00,null,OS,null,OS,null,OS,null,OS,null,OS,null,OS,null,OS
2018-06-17 05:00:00,null,OS,null,OS,null,OS,null,OS,null,OS,null,OS,null,OS
2018-06-17 06:00:00,null,OS,null,OS,null,OS,null,OS,null,OS,null,OS,null,OS
2018-06-17 07:00:00,null,OS,null,OS,null,OS,null,OS,null,OS,null,OS,null,OS
2018-06-17 08:00:00,null,OS,null,OS,null,OS,null,OS,null,OS,null,OS,null,OS
2018-06-17 09:00:00,null,OS,null,OS,null,OS,null,OS,null,OS,null,OS,null,OS
2018-06-17 10:00:00,null,OS,null,OS,null,OS,null,OS,null,OS,null,OS,null,OS
2018-06-17 11:00:00,null,OS,null,OS,null,OS,null,OS,null,OS,null,OS,null,OS
2018-06-17 12:00:00,null,OS,null,OS,null,OS,null,OS,null,OS,null,OS,null,OS
2018-06-17 13:00:00,null,OS,null,OS,null,OS,null,OS,null,OS,null,OS,null,OS
2018-06-17 14:00:00,null,OS,null,OS,null,OS,null,OS,null,OS,null,OS,null,OS
2018-06-17 15:00:00,null,OS,null,OS,null,OS,null,OS,null,OS,null,OS,null,OS
2018-06-17 16:00:00,null,OS,null,OS,null,OS,null,OS,null,OS,null,OS,null,OS
2018-06-17 17:00:00,null,OS,null,OS,null,OS,null,OS,null,OS,null,OS,null,OS
2018-06-17 18:00:00,null,OS,null,OS,null,OS,null,OS,null,OS,null,OS,null,OS
2018-06-17 19:00:00,null,OS,null,OS,null,OS,null,OS,null,OS,null,OS,null,OS
2018-06-17 20:00:00,null,OS,null,OS,null,OS,null,OS,null,OS,null,OS,null,OS
2018-06-17 21:00:00,null,OS,null,OS,null,OS,null,OS,null,OS,null,OS,null,OS
2018-06-17 22:00:00,null,OS,null,OS,null,OS,null,OS,null,OS,null,OS,null,OS
2018-06-17 23:00:00,null,OS,null,OS,null,OS,null,OS,null,OS,null,OS,null,OS
2018-06-18 00:00:00,null,OS,null,OS,null,OS,null,OS,null,OS,null,OS,null,OS
2018-06-18 01:00:00,null,OS,null,OS,null,OS,null,OS,null,OS,null,OS,null,OS
2018-06-18 02:00:00,null,OS,null,OS,null,OS,null,OS,null,OS,null,OS,null,OS
2018-06-18 03:00:00,null,OS,null,OS,null,OS,null,OS,null,OS,null,OS,null,OS
2018-06-18 04:00:00,null,OS,null,OS,null,OS,null,OS,null,OS,null,OS,null,OS
2018-06-18 05:00:00,null,OS,null,OS,null,OS,null,OS,null,OS,null,OS,null,OS
2018-06-18 06:00:00,null,OS,null,OS,null,OS,null,OS,null,OS,null,OS,null,OS
2018-06-18 07:00:00,null,OS,null,OS,null,OS,null,OS,null,OS,null,OS,null,OS
2018-06-18 08:00:00,null,OS,null,OS,null,OS,null,OS,null,OS,null,OS,null,OS
2018-06-18 09:00:00,null,OS,null,OS,null,OS,null,OS,null,OS,null,OS,null,OS
2018-06-18 10:00:00,null,OS,null,OS,null,OS,null,OS,null,OS,null,OS,null,OS
2018-06-18 11:00:00,null,OS,null,OS,null,OS,null,OS,null,OS,null,OS,null,OS
2018-06-18 12:00:00,null,OS,null,OS,null,OS,null,OS,null,OS,null,OS,null,OS
2018-06-18 13:00:00,null,OS,null,OS,null,OS,null,OS,null,OS,null,OS,null,OS
2018-06-18 14:00:00,null,OS,null,OS,null,OS,null,OS,null,OS,null,OS,null,OS
2018-06-18 15:00:00,null,OS,null,OS,null,OS,null,OS,null,OS,null,OS,null,OS
2018-06-18 16:00:00,null,OS,null,OS,null,OS,null,OS,null,OS,null,OS,null,OS
2018-06-18 17:00:00,null,OS,null,OS,null,OS,null,OS,null,OS,null,OS,null,OS
2018-06-18 18:00:00,null,OS,null,OS,null,OS,null,OS,null,OS,null,OS,null,OS
2018-06-18 19:00:00,null,OS,null,OS,null,OS,null,OS,null,OS,null,OS,null,OS
2018-06-18 20:00:00,null,OS,null,OS,null,OS,null,OS,null,OS,null,OS,null,OS
2018-06-18 21:00:00,null,OS,null,OS,null,OS,null,OS,null,OS,null,OS,null,OS
2018-06-18 22:00:00,null,OS,null,OS,null,OS,null,OS,null,OS,null,OS,null,OS
2018-06-18 23:00:00,null,OS,null,OS,null,OS,null,OS,null,OS,null,OS,null,OS
2018-06-19 00:00:00,null,OS,null,OS,null,OS,null,OS,null,OS,null,OS,null,OS
2018-06-19 01:00:00,null,OS,null,OS,null,OS,null,OS,null,OS,null,OS,null,OS
2018-06-19 02:00:00,null,OS,null,OS,null,OS,null,OS,null,OS,null,OS,null,OS
2018-06-19 03:00:00,null,OS,null,OS,null,OS,null,OS,null,OS,null,OS,null,OS
2018-06-19 04:00:00,null,OS,null,OS,null,OS,null,OS,null,OS,null,OS,null,OS
2018-06-19 05:00:00,null,OS,null,OS,null,OS,null,OS,null,OS,null,OS,null,OS
2018-06-19 06:00:00,null,OS,null,OS,null,OS,null,OS,null,OS,null,OS,null,OS
2018-06-19 07:00:00,null,OS,null,OS,null,OS,null,OS,null,OS,null,OS,null,OS
2018-06-19 08:00:00,null,OS,null,OS,null,OS,null,OS,null,OS,null,OS,null,OS
2018-06-19 09:00:00,null,OS,null,OS,null,OS,null,OS,null,OS,null,OS,null,OS
2018-06-19 10:00:00,null,OS,null,OS,null,OS,null,OS,null,OS,null,OS,null,OS
2018-06-19 11:00:00,null,OS,null,OS,null,OS,null,OS,null,OS,null,OS,null,OS
2018-06-19 12:00:00,null,OS,null,OS,null,OS,null,OS,null,OS,null,OS,null,OS
2018-06-19 13:00:00,null,OS,null,OS,null,OS,null,OS,null,OS,null,OS,null,OS
2018-06-19 14:00:00,null,OS,null,OS,null,OS,null,OS,null,OS,null,OS,null,OS
2018-06-19 15:00:00,null,OS,null,OS,null,OS,null,OS,null,OS,null,OS,null,OS
2018-06-19 16:00:00,null,OS,null,OS,null,OS,null,OS,null,OS,null,OS,null,OS
2018-06-19 17:00:00,null,OS,null,OS,null,OS,null,OS,null,OS,null,OS,null,OS
2018-06-19 18:00:00,null,OS,null,OS,null,OS,null,OS,null,OS,null,OS,null,OS
2018-06-19 19:00:00,null,OS,null,OS,null,OS,null,OS,null,OS,null,OS,null,OS
2018-06-19 20:00:00,null,OS,null,OS,null,OS,null,OS,null,OS,null,OS,null,OS
2018-06-19 21:00:00,null,OS,null,OS,null,OS,null,OS,null,OS,null,OS,null,OS
2018-06-19 22:00:00,null,OS,null,OS,null,OS,null,OS,null,OS,null,OS,null,OS
2018-06-19 23:00:00,null,OS,null,OS,null,OS,null,OS,null,OS,null,OS,null,OS
2018-06-20 00:00:00,null,OS,null,OS,null,OS,null,OS,null,OS,null,OS,null,OS
2018-06-20 01:00:00,null,OS,null,OS,null,OS,null,OS,null,OS,null,OS,null,OS
2018-06-20 02:00:00,null,OS,null,OS,null,OS,null,OS,null,OS,null,OS,null,OS
2018-06-20 03:00:00,null,OS,null,OS,null,OS,null,OS,null,OS,null,OS,null,OS
2018-06-20 04:00:00,null,OS,null,OS,null,OS,null,OS,null,OS,null,OS,null,OS
2018-06-20 05:00:00,null,OS,null,OS,null,OS,null,OS,null,OS,null,OS,null,OS
2018-06-20 06:00:00,null,OS,null,OS,null,OS,null,OS,null,OS,null,OS,null,OS
2018-06-20 07:00:00,null,OS,null,OS,null,OS,null,OS,null,OS,null,OS,null,OS
2018-06-20 08:00:00,null,OS,null,OS,null,OS,null,OS,null,OS,null,OS,null,OS
2018-06-20 09:00:00,null,OS,null,OS,null,OS,null,OS,null,OS,null,OS,null,OS
2018-06-20 10:00:00,null,OS,null,OS,null,OS,null,OS,null,OS,null,OS,null,OS
2018-06-20 11:00:00,null,OS,null,OS,null,OS,null,OS,null,OS,null,OS,null,OS
2018-06-20 12:00:00,null,OS,null,OS,null,OS,null,OS,null,OS,null,OS,null,OS
2018-06-20 13:00:00,null,OS,null,OS,null,OS,null,OS,null,OS,null,OS,null,OS
2018-06-20 14:00:00,null,OS,null,OS,null,OS,null,OS,null,OS,null,OS,null,OS
2018-06-20 15:00:00,null,OS,null,OS,null,OS,null,OS,null,OS,null,OS,null,OS
2018-06-20 16:00:00,null,OS,null,OS,null,OS,null,OS,null,OS,null,OS,null,OS
2018-06-20 17:00:00,null,OS,null,OS,null,OS,null,OS,null,OS,null,OS,null,OS
2018-06-20 18:00:00,null,OS,null,OS,null,OS,null,OS,null,OS,null,OS,null,OS
2018-06-20 19:00:00,null,OS,null,OS,null,OS,null,OS,null,OS,null,OS,null,OS
2018-06-20 20:00:00,null,OS,null,OS,null,OS,null,OS,null,OS,null,OS,null,OS
2018-06-20 21:00:00,null,OS,null,OS,null,OS,null,OS,null,OS,null,OS,null,OS
2018-06-20 22:00:00,null,OS,null,OS,null,OS,null,OS,null,OS,null,OS,null,OS
2018-06-20 23:00:00,null,OS,null,OS,null,OS,null,OS,null,OS,null,OS,null,OS
2018-06-21 00:00:00,null,OS,null,OS,null,OS,null,OS,null,OS,null,OS,null,OS
2018-06-21 01:00:00,null,OS,null,OS,null,OS,null,OS,null,OS,null,OS,null,OS
2018-06-21 02:00:00,null,OS,null,OS,null,OS,null,OS,null,OS,null,OS,null,OS
2018-06-21 03:00:00,null,OS,null,OS,null,OS,null,OS,null,OS,null,OS,null,OS
2018-06-21 04:00:00,null,OS,null,OS,null,OS,null,OS,null,OS,null,OS,null,OS
2018-06-21 05:00:00,null,OS,null,OS,null,OS,null,OS,null,OS,null,OS,null,OS
2018-06-21 06:00:00,null,OS,null,OS,null,OS,null,OS,null,OS,null,OS,null,OS
2018-06-21 07:00:00,null,OS,null,OS,null,OS,null,OS,null,OS,null,OS,null,OS
2018-06-21 08:00:00,null,OS,null,OS,null,OS,null,OS,null,OS,null,OS,null,OS
2018-06-21 09:00:00,null,OS,null,OS,null,OS,null,OS,null,OS,null,OS,null,OS
2018-06-21 10:00:00,null,OS,null,OS,null,OS,null,OS,null,OS,null,OS,null,OS
2018-06-21 11:00:00,null,OS,null,OS,null,OS,null,OS,null,OS,null,OS,null,OS
2018-06-21 12:00:00,null,OS,null,OS,null,OS,null,OS,null,OS,null,OS,null,OS
2018-06-21 13:00:00,null,OS,null,OS,null,OS,null,OS,null,OS,null,OS,null,OS
2018-06-21 14:00:00,null,OS,null,OS,null,OS,null,OS,null,OS,null,OS,null,OS
2018-06-21 15:00:00,null,OS,null,OS,null,OS,null,OS,null,OS,null,OS,null,OS
2018-06-21 16:00:00,null,OS,null,OS,null,OS,null,OS,null,OS,null,OS,null,OS
2018-06-21 17:00:00,null,OS,null,OS,null,OS,null,OS,null,OS,null,OS,null,OS
2018-06-21 18:00:00,null,OS,null,OS,null,OS,null,OS,null,OS,null,OS,null,OS
2018-06-21 19:00:00,null,OS,null,OS,null,OS,null,OS,null,OS,null,OS,null,OS
2018-06-21 20:00:00,null,OS,null,OS,null,OS,null,OS,null,OS,null,OS,null,OS
2018-06-21 21:00:00,null,OS,null,OS,null,OS,null,OS,null,OS,null,OS,null,OS
2018-06-21 22:00:00,null,OS,null,OS,null,OS,null,OS,null,OS,null,OS,null,OS
2018-06-21 23:00:00,null,OS,null,OS,null,OS,null,OS,null,OS,null,OS,null,OS
2018-06-22 00:00:00,null,OS,null,OS,null,OS,null,OS,null,OS,null,OS,null,OS
2018-06-22 01:00:00,null,OS,null,OS,null,OS,null,OS,null,OS,null,OS,null,OS
2018-06-22 02:00:00,null,OS,null,OS,null,OS,null,OS,null,OS,null,OS,null,OS
2018-06-22 03:00:00,null,OS,null,OS,null,OS,null,OS,null,OS,null,OS,null,OS
2018-06-22 04:00:00,null,OS,null,OS,null,OS,null,OS,null,OS,null,OS,null,OS
2018-06-22 05:00:00,null,OS,null,OS,null,OS,null,OS,null,OS,null,OS,null,OS
2018-06-22 06:00:00,null,OS,null,OS,null,OS,null,OS,null,OS,null,OS,null,OS
2018-06-22 07:00:00,null,OS,null,OS,null,OS,null,OS,null,OS,null,OS,null,OS
2018-06-22 08:00:00,null,OS,null,OS,null,OS,null,OS,null,OS,null,OS,null,OS
2018-06-22 09:00:00,null,OS,null,OS,null,OS,null,OS,null,OS,null,OS,null,OS
2018-06-22 10:00:00,null,OS,null,OS,null,OS,null,OS,null,OS,null,OS,null,OS
2018-06-22 11:00:00,null,OS,null,OS,null,OS,null,OS,null,OS,null,OS,null,OS
2018-06-22 12:00:00,null,OS,null,OS,null,OS,null,OS,null,OS,null,OS,null,OS
2018-06-22 13:00:00,null,OS,null,OS,null,OS,null,OS,null,OS,null,OS,null,OS
2018-06-22 14:00:00,null,OS,null,OS,null,OS,null,OS,null,OS,null,OS,null,OS
2018-06-22 15:00:00,null,OS,null,OS,null,OS,null,OS,null,OS,null,OS,null,OS
2018-06-22 16:00:00,null,OS,null,OS,null,OS,null,OS,null,OS,null,OS,null,OS
2018-06-22 17:00:00,null,OS,null,OS,null,OS,null,OS,null,OS,null,OS,null,OS
2018-06-22 18:00:00,null,OS,null,OS,null,OS,null,OS,null,OS,null,OS,null,OS
2018-06-22 19:00:00,null,OS,null,OS,null,OS,null,OS,null,OS,null,OS,null,OS
2018-06-22 20:00:00,null,OS,null,OS,null,OS,null,OS,null,OS,null,OS,null,OS
2018-06-22 21:00:00,null,OS,null,OS,null,OS,null,OS,null,OS,null,OS,null,OS
2018-06-22 22:00:00,null,OS,null,OS,null,OS,null,OS,null,OS,null,OS,null,OS
2018-06-22 23:00:00,null,OS,null,OS,null,OS,null,OS,null,OS,null,OS,null,OS
2018-06-23 00:00:00,null,OS,null,OS,null,OS,null,OS,null,OS,null,OS,null,OS
2018-06-23 01:00:00,null,OS,null,OS,null,OS,null,OS,null,OS,null,OS,null,OS
2018-06-23 02:00:00,null,OS,null,OS,null,OS,null,OS,null,OS,null,OS,null,OS
2018-06-23 03:00:00,null,OS,null,OS,null,OS,null,OS,null,OS,null,OS,null,OS
2018-06-23 04:00:00,null,OS,null,OS,null,OS,null,OS,null,OS,null,OS,null,OS
2018-06-23 05:00:00,null,OS,null,OS,null,OS,null,OS,null,OS,null,OS,null,OS
2018-06-23 06:00:00,null,OS,null,OS,null,OS,null,OS,null,OS,null,OS,null,OS
2018-06-23 07:00:00,null,OS,null,OS,null,OS,null,OS,null,OS,null,OS,null,OS
2018-06-23 08:00:00,null,OS,null,OS,null,OS,null,OS,null,OS,null,OS,null,OS
2018-06-23 09:00:00,null,OS,null,OS,null,OS,null,OS,null,OS,null,OS,null,OS
2018-06-23 10:00:00,null,OS,null,OS,null,OS,null,OS,null,OS,null,OS,null,OS
2018-06-23 11:00:00,null,OS,null,OS,null,OS,null,OS,null,OS,null,OS,null,OS
2018-06-23 12:00:00,null,OS,null,OS,null,OS,null,OS,null,OS,null,OS,null,OS
2018-06-23 13:00:00,null,OS,null,OS,null,OS,null,OS,null,OS,null,OS,null,OS
2018-06-23 14:00:00,null,OS,null,OS,null,OS,null,OS,null,OS,null,OS,null,OS
2018-06-23 15:00:00,null,OS,null,OS,null,OS,null,OS,null,OS,null,OS,null,OS
2018-06-23 16:00:00,null,OS,null,OS,null,OS,null,OS,null,OS,null,OS,null,OS
2018-06-23 17:00:00,null,OS,null,OS,null,OS,null,OS,null,OS,null,OS,null,OS
2018-06-23 18:00:00,null,OS,null,OS,null,OS,null,OS,null,OS,null,OS,null,OS
2018-06-23 19:00:00,null,OS,null,OS,null,OS,null,OS,null,OS,null,OS,null,OS
2018-06-23 20:00:00,null,OS,null,OS,null,OS,null,OS,null,OS,null,OS,null,OS
2018-06-23 21:00:00,null,OS,null,OS,null,OS,null,OS,null,OS,null,OS,null,OS
2018-06-23 22:00:00,null,OS,null,OS,null,OS,null,OS,null,OS,null,OS,null,OS
2018-06-23 23:00:00,null,OS,null,OS,null,OS,null,OS,null,OS,null,OS,null,OS
2018-06-24 00:00:00,null,OS,null,OS,null,OS,null,OS,null,OS,null,OS,null,OS
2018-06-24 01:00:00,null,OS,null,OS,null,OS,null,OS,null,OS,null,OS,null,OS
2018-06-24 02:00:00,null,OS,null,OS,null,OS,null,OS,null,OS,null,OS,null,OS
2018-06-24 03:00:00,null,OS,null,OS,null,OS,null,OS,null,OS,null,OS,null,OS
2018-06-24 04:00:00,null,OS,null,OS,null,OS,null,OS,null,OS,null,OS,null,OS
2018-06-24 05:00:00,null,OS,null,OS,null,OS,null,OS,null,OS,null,OS,null,OS
2018-06-24 06:00:00,null,OS,null,OS,null,OS,null,OS,null,OS,null,OS,null,OS
2018-06-24 07:00:00,null,OS,null,OS,null,OS,null,OS,null,OS,null,OS,null,OS
2018-06-24 08:00:00,null,OS,null,OS,null,OS,null,OS,null,OS,null,OS,null,OS
2018-06-24 09:00:00,null,OS,null,OS,null,OS,null,OS,null,OS,null,OS,null,OS
2018-06-24 10:00:00,null,OS,null,OS,null,OS,null,OS,null,OS,null,OS,null,OS
2018-06-24 11:00:00,null,OS,null,OS,null,OS,null,OS,null,OS,null,OS,null,OS
2018-06-24 12:00:00,null,OS,null,OS,null,OS,null,OS,null,OS,null,OS,null,OS
2018-06-24 13:00:00,null,OS,null,OS,null,OS,null,OS,null,OS,null,OS,null,OS
2018-06-24 14:00:00,null,OS,null,OS,null,OS,null,OS,null,OS,null,OS,null,OS
2018-06-24 15:00:00,null,OS,null,OS,null,OS,null,OS,null,OS,null,OS,null,OS
2018-06-24 16:00:00,null,OS,null,OS,null,OS,null,OS,null,OS,null,OS,null,OS
2018-06-24 17:00:00,null,OS,null,OS,null,OS,null,OS,null,OS,null,OS,null,OS
2018-06-24 18:00:00,null,OS,null,OS,null,OS,null,OS,null,OS,null,OS,null,OS
2018-06-24 19:00:00,null,OS,null,OS,null,OS,null,OS,null,OS,null,OS,null,OS
2018-06-24 20:00:00,null,OS,null,OS,null,OS,null,OS,null,OS,null,OS,null,OS
2018-06-24 21:00:00,null,OS,null,OS,null,OS,null,OS,null,OS,null,OS,null,OS
2018-06-24 22:00:00,null,OS,null,OS,null,OS,null,OS,null,OS,null,OS,null,OS
2018-06-24 23:00:00,null,OS,null,OS,null,OS,null,OS,null,OS,null,OS,null,OS
2018-06-25 00:00:00,null,OS,null,OS,null,OS,null,OS,null,OS,null,OS,null,OS
2018-06-25 01:00:00,null,OS,null,OS,null,OS,null,OS,null,OS,null,OS,null,OS
2018-06-25 02:00:00,null,OS,null,OS,null,OS,null,OS,null,OS,null,OS,null,OS
2018-06-25 03:00:00,null,OS,null,OS,null,OS,null,OS,null,OS,null,OS,null,OS
2018-06-25 04:00:00,null,OS,null,OS,null,OS,null,OS,null,OS,null,OS,null,OS
2018-06-25 05:00:00,null,OS,null,OS,null,OS,null,OS,null,OS,null,OS,null,OS
2018-06-25 06:00:00,null,OS,null,OS,null,OS,null,OS,null,OS,null,OS,null,OS
2018-06-25 07:00:00,null,OS,null,OS,null,OS,null,OS,null,OS,null,OS,null,OS
2018-06-25 08:00:00,null,OS,null,OS,null,OS,null,OS,null,OS,null,OS,null,OS
2018-06-25 09:00:00,null,OS,null,OS,null,OS,null,OS,null,OS,null,OS,null,OS
2018-06-25 10:00:00,null,OS,null,OS,null,OS,null,OS,null,OS,null,OS,null,OS
2018-06-25 11:00:00,null,OS,null,OS,null,OS,null,OS,null,OS,null,OS,null,OS
2018-06-25 12:00:00,null,OS,null,OS,null,OS,null,OS,null,OS,null,OS,null,OS
2018-06-25 13:00:00,null,OS,null,OS,null,OS,null,OS,null,OS,null,OS,null,OS
2018-06-25 14:00:00,null,OS,null,OS,null,OS,null,OS,null,OS,null,OS,null,OS
2018-06-25 15:00:00,null,OS,null,OS,null,OS,null,OS,null,OS,null,OS,null,OS
2018-06-25 16:00:00,null,OS,null,OS,null,OS,null,OS,null,OS,null,OS,null,OS
2018-06-25 17:00:00,null,OS,null,OS,null,OS,null,OS,null,OS,null,OS,null,OS
2018-06-25 18:00:00,null,OS,null,OS,null,OS,null,OS,null,OS,null,OS,null,OS
2018-06-25 19:00:00,null,OS,null,OS,null,OS,null,OS,null,OS,null,OS,null,OS
2018-06-25 20:00:00,null,OS,null,OS,null,OS,null,OS,null,OS,null,OS,null,OS
2018-06-25 21:00:00,null,OS,null,OS,null,OS,null,OS,null,OS,null,OS,null,OS
2018-06-25 22:00:00,null,OS,null,OS,null,OS,null,OS,null,OS,null,OS,null,OS
2018-06-25 23:00:00,null,OS,null,OS,null,OS,null,OS,null,OS,null,OS,null,OS
2018-06-26 00:00:00,null,OS,null,OS,null,OS,null,OS,null,OS,null,OS,null,OS
2018-06-26 01:00:00,null,OS,null,OS,null,OS,null,OS,null,OS,null,OS,null,OS
2018-06-26 02:00:00,null,OS,null,OS,null,OS,null,OS,null,OS,null,OS,null,OS
2018-06-26 03:00:00,null,OS,null,OS,null,OS,null,OS,null,OS,null,OS,null,OS
2018-06-26 04:00:00,null,OS,null,OS,null,OS,null,OS,null,OS,null,OS,null,OS
2018-06-26 05:00:00,null,OS,null,OS,null,OS,null,OS,null,OS,null,OS,null,OS
2018-06-26 06:00:00,null,OS,null,OS,null,OS,null,OS,null,OS,null,OS,null,OS
2018-06-26 07:00:00,null,OS,null,OS,null,OS,null,OS,null,OS,null,OS,null,OS
2018-06-26 08:00:00,null,OS,null,OS,null,OS,null,OS,null,OS,null,OS,null,OS
2018-06-26 09:00:00,null,OS,null,OS,null,OS,null,OS,null,OS,null,OS,null,OS
2018-06-26 10:00:00,null,OS,null,OS,null,OS,null,OS,null,OS,null,OS,null,OS
2018-06-26 11:00:00,null,OS,null,OS,null,OS,null,OS,null,OS,null,OS,null,OS
2018-06-26 12:00:00,null,OS,null,OS,null,OS,null,OS,null,OS,null,OS,null,OS
2018-06-26 13:00:00,null,OS,null,OS,null,OS,null,OS,null,OS,null,OS,null,OS
2018-06-26 14:00:00,null,OS,null,OS,null,OS,null,OS,null,OS,null,OS,null,OS
2018-06-26 15:00:00,null,OS,null,OS,null,OS,null,OS,null,OS,null,OS,null,OS
2018-06-26 16:00:00,null,OS,null,OS,null,OS,null,OS,null,OS,null,OS,null,OS
2018-06-26 17:00:00,null,OS,null,OS,null,OS,null,OS,null,OS,null,OS,null,OS
2018-06-26 18:00:00,null,OS,null,OS,null,OS,null,OS,null,OS,null,OS,null,OS
2018-06-26 19:00:00,null,OS,null,OS,null,OS,null,OS,null,OS,null,OS,null,OS
2018-06-26 20:00:00,null,OS,null,OS,null,OS,null,OS,null,OS,null,OS,null,OS
2018-06-26 21:00:00,null,OS,null,OS,null,OS,null,OS,null,OS,null,OS,null,OS
2018-06-26 22:00:00,null,OS,null,OS,null,OS,null,OS,null,OS,null,OS,null,OS
2018-06-26 23:00:00,null,OS,null,OS,null,OS,null,OS,null,OS,null,OS,null,OS
2018-06-27 00:00:00,null,OS,null,OS,null,OS,null,OS,null,OS,null,OS,null,OS
2018-06-27 01:00:00,null,OS,null,OS,null,OS,null,OS,null,OS,null,OS,null,OS
2018-06-27 02:00:00,null,OS,null,OS,null,OS,null,OS,null,OS,null,OS,null,OS
2018-06-27 03:00:00,null,OS,null,OS,null,OS,null,OS,null,OS,null,OS,null,OS
2018-06-27 04:00:00,null,OS,null,OS,null,OS,null,OS,null,OS,null,OS,null,OS
2018-06-27 05:00:00,null,OS,null,OS,null,OS,null,OS,null,OS,null,OS,null,OS
2018-06-27 06:00:00,null,OS,null,OS,null,OS,null,OS,null,OS,null,OS,null,OS
2018-06-27 07:00:00,null,OS,null,OS,null,OS,null,OS,null,OS,null,OS,null,OS
2018-06-27 08:00:00,null,OS,null,OS,null,OS,null,OS,null,OS,null,OS,null,OS
2018-06-27 09:00:00,null,OS,null,OS,null,OS,null,OS,null,OS,null,OS,null,OS
2018-06-27 10:00:00,null,OS,null,OS,null,OS,null,OS,null,OS,null,OS,null,OS
2018-06-27 11:00:00,null,OS,null,OS,null,OS,null,OS,null,OS,null,OS,null,OS
2018-06-27 12:00:00,null,OS,null,OS,null,OS,null,OS,null,OS,null,OS,null,OS
2018-06-27 13:00:00,null,OS,null,OS,null,OS,null,OS,null,OS,null,OS,null,OS
2018-06-27 14:00:00,null,OS,null,OS,null,OS,null,OS,null,OS,null,OS,null,OS
2018-06-27 15:00:00,null,OS,null,OS,null,OS,null,OS,null,OS,null,OS,null,OS
2018-06-27 16:00:00,null,OS,null,OS,null,OS,null,OS,null,OS,null,OS,null,OS
2018-06-27 17:00:00,null,OS,null,OS,null,OS,null,OS,null,OS,null,OS,null,OS
2018-06-27 18:00:00,null,OS,null,OS,null,OS,null,OS,null,OS,null,OS,null,OS
2018-06-27 19:00:00,null,OS,null,OS,null,OS,null,OS,null,OS,null,OS,null,OS
2018-06-27 20:00:00,null,OS,null,OS,null,OS,null,OS,null,OS,null,OS,null,OS
2018-06-27 21:00:00,null,OS,null,OS,null,OS,null,OS,null,OS,null,OS,null,OS
2018-06-27 22:00:00,null,OS,null,OS,null,OS,null,OS,null,OS,null,OS,null,OS
2018-06-27 23:00:00,null,OS,null,OS,null,OS,null,OS,null,OS,null,OS,null,OS
2018-06-28 00:00:00,null,OS,null,OS,null,OS,null,OS,null,OS,null,OS,null,OS
2018-06-28 01:00:00,null,OS,null,OS,null,OS,null,OS,null,OS,null,OS,null,OS
2018-06-28 02:00:00,null,OS,null,OS,null,OS,null,OS,null,OS,null,OS,null,OS
2018-06-28 03:00:00,null,OS,null,OS,null,OS,null,OS,null,OS,null,OS,null,OS
2018-06-28 04:00:00,null,OS,null,OS,null,OS,null,OS,null,OS,null,OS,null,OS
2018-06-28 05:00:00,null,OS,null,OS,null,OS,null,OS,null,OS,null,OS,null,OS
2018-06-28 06:00:00,null,OS,null,OS,null,OS,null,OS,null,OS,null,OS,null,OS
2018-06-28 07:00:00,null,OS,null,OS,null,OS,null,OS,null,OS,null,OS,null,OS
2018-06-28 08:00:00,null,OS,null,OS,null,OS,null,OS,null,OS,null,OS,null,OS
2018-06-28 09:00:00,null,OS,null,OS,null,OS,null,OS,null,OS,null,OS,null,OS
2018-06-28 10:00:00,null,OS,null,OS,null,OS,null,OS,null,OS,null,OS,null,OS
2018-06-28 11:00:00,null,OS,null,OS,null,OS,null,OS,null,OS,null,OS,null,OS
2018-06-28 12:00:00,null,OS,null,OS,null,OS,null,OS,null,OS,null,OS,null,OS
2018-06-28 13:00:00,null,OS,null,OS,null,OS,null,OS,null,OS,null,OS,null,OS
2018-06-28 14:00:00,null,OS,null,OS,null,OS,null,OS,null,OS,null,OS,null,OS
2018-06-28 15:00:00,null,OS,null,OS,null,OS,null,OS,null,OS,null,OS,null,OS
2018-06-28 16:00:00,null,OS,null,OS,null,OS,null,OS,null,OS,null,OS,null,OS
2018-06-28 17:00:00,null,OS,null,OS,null,OS,null,OS,null,OS,null,OS,null,OS
2018-06-28 18:00:00,null,OS,null,OS,null,OS,null,OS,null,OS,null,OS,null,OS
2018-06-28 19:00:00,null,OS,null,OS,null,OS,null,OS,null,OS,null,OS,null,OS
2018-06-28 20:00:00,null,OS,null,OS,null,OS,null,OS,null,OS,null,OS,null,OS
2018-06-28 21:00:00,null,OS,null,OS,null,OS,null,OS,null,OS,null,OS,null,OS
2018-06-28 22:00:00,null,OS,null,OS,null,OS,null,OS,null,OS,null,OS,null,OS
2018-06-28 23:00:00,null,OS,null,OS,null,OS,null,OS,null,OS,null,OS,null,OS
2018-06-29 00:00:00,null,OS,null,OS,null,OS,null,OS,null,OS,null,OS,null,OS
2018-06-29 01:00:00,null,OS,null,OS,null,OS,null,OS,null,OS,null,OS,null,OS
2018-06-29 02:00:00,null,OS,null,OS,null,OS,null,OS,null,OS,null,OS,null,OS
2018-06-29 03:00:00,null,OS,null,OS,null,OS,null,OS,null,OS,null,OS,null,OS
2018-06-29 04:00:00,null,OS,null,OS,null,OS,null,OS,null,OS,null,OS,null,OS
2018-06-29 05:00:00,null,OS,null,OS,null,OS,null,OS,null,OS,null,OS,null,OS
2018-06-29 06:00:00,null,OS,null,OS,null,OS,null,OS,null,OS,null,OS,null,OS
2018-06-29 07:00:00,null,OS,null,OS,null,OS,null,OS,null,OS,null,OS,null,OS
2018-06-29 08:00:00,null,OS,null,OS,null,OS,null,OS,null,OS,null,OS,null,OS
2018-06-29 09:00:00,null,OS,null,OS,null,OS,null,OS,null,OS,null,OS,null,OS
2018-06-29 10:00:00,null,OS,null,OS,null,OS,null,OS,null,OS,null,OS,null,OS
2018-06-29 11:00:00,null,OS,null,OS,null,OS,null,OS,null,OS,null,OS,null,OS
2018-06-29 12:00:00,null,OS,null,OS,null,OS,null,OS,null,OS,null,OS,null,OS
2018-06-29 13:00:00,null,OS,null,OS,null,OS,null,OS,null,OS,null,OS,null,OS
2018-06-29 14:00:00,null,OS,null,OS,null,OS,null,OS,null,OS,null,OS,null,OS
2018-06-29 15:00:00,null,OS,null,OS,null,OS,null,OS,null,OS,null,OS,null,OS
2018-06-29 16:00:00,null,OS,null,OS,null,OS,null,OS,null,OS,null,OS,null,OS
2018-06-29 17:00:00,null,OS,null,OS,null,OS,null,OS,null,OS,null,OS,null,OS
2018-06-29 18:00:00,null,OS,null,OS,null,OS,null,OS,null,OS,null,OS,null,OS
2018-06-29 19:00:00,null,OS,null,OS,null,OS,null,OS,null,OS,null,OS,null,OS
2018-06-29 20:00:00,null,OS,null,OS,null,OS,null,OS,null,OS,null,OS,null,OS
2018-06-29 21:00:00,null,OS,null,OS,null,OS,null,OS,null,OS,null,OS,null,OS
2018-06-29 22:00:00,null,OS,null,OS,null,OS,null,OS,null,OS,null,OS,null,OS
2018-06-29 23:00:00,null,OS,null,OS,null,OS,null,OS,null,OS,null,OS,null,OS
2018-06-30 00:00:00,null,OS,null,OS,null,OS,null,OS,null,OS,null,OS,null,OS
2018-06-30 01:00:00,null,OS,null,OS,null,OS,null,OS,null,OS,null,OS,null,OS
2018-06-30 02:00:00,null,OS,null,OS,null,OS,null,OS,null,OS,null,OS,null,OS
2018-06-30 03:00:00,null,OS,null,OS,null,OS,null,OS,null,OS,null,OS,null,OS
2018-06-30 04:00:00,null,OS,null,OS,null,OS,null,OS,null,OS,null,OS,null,OS
2018-06-30 05:00:00,null,OS,null,OS,null,OS,null,OS,null,OS,null,OS,null,OS
2018-06-30 06:00:00,null,OS,null,OS,null,OS,null,OS,null,OS,null,OS,null,OS
2018-06-30 07:00:00,null,OS,null,OS,null,OS,null,OS,null,OS,null,OS,null,OS
2018-06-30 08:00:00,null,OS,null,OS,null,OS,null,OS,null,OS,null,OS,null,OS
2018-06-30 09:00:00,null,OS,null,OS,null,OS,null,OS,null,OS,null,OS,null,OS
2018-06-30 10:00:00,null,OS,null,OS,null,OS,null,OS,null,OS,null,OS,null,OS
2018-06-30 11:00:00,null,OS,null,OS,null,OS,null,OS,null,OS,null,OS,null,OS
2018-06-30 12:00:00,null,OS,null,OS,null,OS,null,OS,null,OS,null,OS,null,OS
2018-06-30 13:00:00,null,OS,null,OS,null,OS,null,OS,null,OS,null,OS,null,OS
2018-06-30 14:00:00,null,OS,null,OS,null,OS,null,OS,null,OS,null,OS,null,OS
2018-06-30 15:00:00,null,OS,null,OS,null,OS,null,OS,null,OS,null,OS,null,OS
2018-06-30 16:00:00,null,OS,null,OS,null,OS,null,OS,null,OS,null,OS,null,OS
2018-06-30 17:00:00,null,OS,null,OS,null,OS,null,OS,null,OS,null,OS,null,OS
2018-06-30 18:00:00,null,OS,null,OS,null,OS,null,OS,null,OS,null,OS,null,OS
2018-06-30 19:00:00,null,OS,null,OS,null,OS,null,OS,null,OS,null,OS,null,OS
2018-06-30 20:00:00,null,OS,null,OS,null,OS,null,OS,null,OS,null,OS,null,OS
2018-06-30 21:00:00,null,OS,null,OS,null,OS,null,OS,null,OS,null,OS,null,OS
2018-06-30 22:00:00,null,OS,null,OS,null,OS,null,OS,null,OS,null,OS,null,OS
2018-06-30 23:00:00,null,OS,null,OS,null,OS,null,OS,null,OS,null,OS,null,OS
