Red Universitaria de Observatorios Atmosfericos (RUOA)
Atmospheric Observatory Hermosillo (erno), Sonora
Lat 29.0814 N, Lon 110.9706 W, Alt 154 masl
Time UTC-7h
Air Quality data
Flags: OK = Reliable data, BDL = Below Detection Limit, OR = Out of Range, OS = Out of Service 
 
Time,O3,O3_flag,SO2,SO2_flag,NO2,NO2_flag,NO,NO_flag,CO,CO_flag,PM10,PM10_flag,PM2.5,PM2.5_flag
yyyy-mm-dd HH:MM:SS,ppb,flag,ppb,flag,ppb,flag,ppb,flag,ppm,flag,ug/m^3,flag,ug/m^3,flag
2019-12-01 00:00:00,14.49,OK,-0.28,BDL,null,OS,null,OS,null,OS,8.16,OK,null,OS
2019-12-01 01:00:00,6.51,OK,-0.23,BDL,null,OS,null,OS,null,OS,10.07,OK,null,OS
2019-12-01 02:00:00,15.77,OK,-0.31,BDL,null,OS,null,OS,null,OS,8.44,OK,null,OS
2019-12-01 03:00:00,5.4,OK,-0.31,BDL,null,OS,null,OS,null,OS,13.53,OK,null,OS
2019-12-01 04:00:00,2.33,OK,-0.26,BDL,null,OS,null,OS,null,OS,40.3,OK,null,OS
2019-12-01 05:00:00,13.46,OK,-0.34,BDL,null,OS,null,OS,null,OS,7.05,OK,null,OS
2019-12-01 06:00:00,9.71,OK,-0.31,BDL,null,OS,null,OS,null,OS,-2.35,BDL,null,OS
2019-12-01 07:00:00,11.07,OK,-0.27,BDL,null,OS,null,OS,null,OS,15.13,OK,null,OS
2019-12-01 08:00:00,16.13,OK,-0.21,BDL,null,OS,null,OS,null,OS,49.95,OK,null,OS
2019-12-01 09:00:00,24.86,OK,-0.31,BDL,null,OS,null,OS,null,OS,61.91,OK,null,OS
2019-12-01 10:00:00,32.07,OK,-0.27,BDL,null,OS,null,OS,null,OS,41.84,OK,null,OS
2019-12-01 11:00:00,38.04,OK,-0.22,BDL,null,OS,null,OS,null,OS,34.67,OK,null,OS
2019-12-01 12:00:00,40.12,OK,-0.28,BDL,null,OS,null,OS,null,OS,33.85,OK,null,OS
2019-12-01 13:00:00,36.84,OK,-0.28,BDL,null,OS,null,OS,null,OS,27.86,OK,null,OS
2019-12-01 14:00:00,34.27,OK,-0.29,BDL,null,OS,null,OS,null,OS,24.4,OK,null,OS
2019-12-01 15:00:00,30.6,OK,-0.29,BDL,null,OS,null,OS,null,OS,31.53,OK,null,OS
2019-12-01 16:00:00,22.06,OK,-0.27,BDL,null,OS,null,OS,null,OS,30.16,OK,null,OS
2019-12-01 17:00:00,11.16,OK,-0.25,BDL,null,OS,null,OS,null,OS,48.0,OK,null,OS
2019-12-01 18:00:00,16.03,OK,-0.29,BDL,null,OS,null,OS,null,OS,47.89,OK,null,OS
2019-12-01 19:00:00,13.49,OK,-0.26,BDL,null,OS,null,OS,null,OS,44.21,OK,null,OS
2019-12-01 20:00:00,14.91,OK,-0.23,BDL,null,OS,null,OS,null,OS,47.42,OK,null,OS
2019-12-01 21:00:00,13.58,OK,-0.27,BDL,null,OS,null,OS,null,OS,28.16,OK,null,OS
2019-12-01 22:00:00,4.26,OK,-0.25,BDL,null,OS,null,OS,null,OS,35.08,OK,null,OS
2019-12-01 23:00:00,3.27,OK,-0.25,BDL,null,OS,null,OS,null,OS,34.1,OK,null,OS
2019-12-02 00:00:00,9.26,OK,-0.18,BDL,null,OS,null,OS,null,OS,21.05,OK,null,OS
2019-12-02 01:00:00,4.83,OK,-0.27,BDL,null,OS,null,OS,null,OS,13.98,OK,null,OS
2019-12-02 02:00:00,2.67,OK,-0.25,BDL,null,OS,null,OS,null,OS,-5.56,OR,null,OS
2019-12-02 03:00:00,0.93,BDL,-0.24,BDL,null,OS,null,OS,null,OS,20.32,OK,null,OS
2019-12-02 04:00:00,7.25,OK,-0.29,BDL,null,OS,null,OS,null,OS,7.96,OK,null,OS
2019-12-02 05:00:00,5.92,OK,-0.26,BDL,null,OS,null,OS,null,OS,5.06,OK,null,OS
2019-12-02 06:00:00,0.91,BDL,0.23,BDL,null,OS,null,OS,null,OS,69.4,OK,null,OS
2019-12-02 07:00:00,2.07,OK,0.46,BDL,null,OS,null,OS,null,OS,131.31,OK,null,OS
2019-12-02 08:00:00,9.48,OK,0.16,BDL,null,OS,null,OS,null,OS,142.45,OK,null,OS
2019-12-02 09:00:00,17.3,OK,0.03,BDL,null,OS,null,OS,null,OS,89.2,OK,null,OS
2019-12-02 10:00:00,21.69,OK,-0.13,BDL,null,OS,null,OS,null,OS,48.31,OK,null,OS
2019-12-02 11:00:00,28.16,OK,-0.23,BDL,null,OS,null,OS,null,OS,36.28,OK,null,OS
2019-12-02 12:00:00,30.67,OK,-0.24,BDL,null,OS,null,OS,null,OS,28.68,OK,null,OS
2019-12-02 13:00:00,29.68,OK,-0.27,BDL,null,OS,null,OS,null,OS,26.65,OK,null,OS
2019-12-02 14:00:00,27.24,OK,-0.2,BDL,null,OS,null,OS,null,OS,29.22,OK,null,OS
2019-12-02 15:00:00,25.18,OK,-0.22,BDL,null,OS,null,OS,null,OS,35.44,OK,null,OS
2019-12-02 16:00:00,9.84,OK,-0.14,BDL,null,OS,null,OS,null,OS,46.62,OK,null,OS
2019-12-02 17:00:00,0.59,BDL,0.05,BDL,null,OS,null,OS,null,OS,84.4,OK,null,OS
2019-12-02 18:00:00,0.29,BDL,0.39,BDL,null,OS,null,OS,null,OS,152.52,OK,null,OS
2019-12-02 19:00:00,2.19,OK,0.01,BDL,null,OS,null,OS,null,OS,153.5,OK,null,OS
2019-12-02 20:00:00,1.81,OK,-0.14,BDL,null,OS,null,OS,null,OS,86.62,OK,null,OS
2019-12-02 21:00:00,0.72,BDL,-0.11,BDL,null,OS,null,OS,null,OS,65.18,OK,null,OS
2019-12-02 22:00:00,0.47,BDL,0.09,BDL,null,OS,null,OS,null,OS,74.31,OK,null,OS
2019-12-02 23:00:00,0.84,BDL,0.28,BDL,null,OS,null,OS,null,OS,74.35,OK,null,OS
2019-12-03 00:00:00,0.14,BDL,-0.16,BDL,null,OS,null,OS,null,OS,21.24,OK,null,OS
2019-12-03 01:00:00,0.28,BDL,-0.15,BDL,null,OS,null,OS,null,OS,19.09,OK,null,OS
2019-12-03 02:00:00,2.58,OK,-0.27,BDL,null,OS,null,OS,null,OS,-1.45,BDL,null,OS
2019-12-03 03:00:00,0.12,BDL,-0.21,BDL,null,OS,null,OS,null,OS,6.37,OK,null,OS
2019-12-03 04:00:00,0.1,BDL,-0.17,BDL,null,OS,null,OS,null,OS,17.72,OK,null,OS
2019-12-03 05:00:00,4.27,OK,-0.3,BDL,null,OS,null,OS,null,OS,18.51,OK,null,OS
2019-12-03 06:00:00,1.22,OK,-0.15,BDL,null,OS,null,OS,null,OS,20.8,OK,null,OS
2019-12-03 07:00:00,5.51,OK,-0.15,BDL,null,OS,null,OS,null,OS,37.45,OK,null,OS
2019-12-03 08:00:00,17.25,OK,-0.25,BDL,null,OS,null,OS,null,OS,45.66,OK,null,OS
2019-12-03 09:00:00,10.83,OK,-0.02,BDL,null,OS,null,OS,null,OS,134.02,OK,null,OS
2019-12-03 10:00:00,21.5,OK,-0.19,BDL,null,OS,null,OS,null,OS,61.21,OK,null,OS
2019-12-03 11:00:00,26.32,OK,-0.18,BDL,null,OS,null,OS,null,OS,46.74,OK,null,OS
2019-12-03 12:00:00,31.49,OK,-0.2,BDL,null,OS,null,OS,null,OS,61.29,OK,null,OS
2019-12-03 13:00:00,34.32,OK,-0.29,BDL,null,OS,null,OS,null,OS,26.67,OK,null,OS
2019-12-03 14:00:00,31.4,OK,-0.23,BDL,null,OS,null,OS,null,OS,54.84,OK,null,OS
2019-12-03 15:00:00,28.81,OK,-0.22,BDL,null,OS,null,OS,null,OS,46.24,OK,null,OS
2019-12-03 16:00:00,9.21,OK,-0.16,BDL,null,OS,null,OS,null,OS,75.93,OK,null,OS
2019-12-03 17:00:00,0.51,BDL,0.07,BDL,null,OS,null,OS,null,OS,126.15,OK,null,OS
2019-12-03 18:00:00,2.3,OK,-0.01,BDL,null,OS,null,OS,null,OS,130.74,OK,null,OS
2019-12-03 19:00:00,3.68,OK,-0.16,BDL,null,OS,null,OS,null,OS,62.1,OK,null,OS
2019-12-03 20:00:00,2.3,OK,-0.13,BDL,null,OS,null,OS,null,OS,82.23,OK,null,OS
2019-12-03 21:00:00,0.98,BDL,-0.13,BDL,null,OS,null,OS,null,OS,76.53,OK,null,OS
2019-12-03 22:00:00,3.27,OK,-0.02,BDL,null,OS,null,OS,null,OS,72.03,OK,null,OS
2019-12-03 23:00:00,3.81,OK,-0.26,BDL,null,OS,null,OS,null,OS,40.21,OK,null,OS
2019-12-04 00:00:00,2.96,OK,-0.22,BDL,null,OS,null,OS,null,OS,37.25,OK,null,OS
2019-12-04 01:00:00,5.26,OK,-0.29,BDL,null,OS,null,OS,null,OS,23.4,OK,null,OS
2019-12-04 02:00:00,7.88,OK,-0.29,BDL,null,OS,null,OS,null,OS,10.76,OK,null,OS
2019-12-04 03:00:00,10.51,OK,-0.32,BDL,null,OS,null,OS,null,OS,2.79,BDL,null,OS
2019-12-04 04:00:00,11.72,OK,-0.34,BDL,null,OS,null,OS,null,OS,16.03,OK,null,OS
2019-12-04 05:00:00,10.67,OK,-0.23,BDL,null,OS,null,OS,null,OS,19.47,OK,null,OS
2019-12-04 06:00:00,1.7,OK,-0.11,BDL,null,OS,null,OS,null,OS,66.33,OK,null,OS
2019-12-04 07:00:00,2.01,OK,-0.06,BDL,null,OS,null,OS,null,OS,77.32,OK,null,OS
2019-12-04 08:00:00,5.71,OK,-0.07,BDL,null,OS,null,OS,null,OS,49.37,OK,null,OS
2019-12-04 09:00:00,10.84,OK,-0.22,BDL,null,OS,null,OS,null,OS,31.46,OK,null,OS
2019-12-04 10:00:00,12.18,OK,-0.21,BDL,null,OS,null,OS,null,OS,38.25,OK,null,OS
2019-12-04 11:00:00,10.89,OK,-0.17,BDL,null,OS,null,OS,null,OS,59.12,OK,null,OS
2019-12-04 12:00:00,14.49,OK,-0.16,BDL,null,OS,null,OS,null,OS,44.25,OK,null,OS
2019-12-04 13:00:00,15.0,OK,-0.19,BDL,null,OS,null,OS,null,OS,55.97,OK,null,OS
2019-12-04 14:00:00,6.14,OK,-0.1,BDL,null,OS,null,OS,null,OS,77.64,OK,null,OS
2019-12-04 15:00:00,1.84,OK,0.04,BDL,null,OS,null,OS,null,OS,115.85,OK,null,OS
2019-12-04 16:00:00,0.57,BDL,0.27,BDL,null,OS,null,OS,null,OS,133.79,OK,null,OS
2019-12-04 17:00:00,0.54,BDL,0.44,BDL,null,OS,null,OS,null,OS,156.82,OK,null,OS
2019-12-04 18:00:00,0.39,BDL,0.5,BDL,null,OS,null,OS,null,OS,122.36,OK,null,OS
2019-12-04 19:00:00,0.46,BDL,0.48,BDL,null,OS,null,OS,null,OS,147.64,OK,null,OS
2019-12-04 20:00:00,0.17,BDL,-0.03,BDL,null,OS,null,OS,null,OS,79.52,OK,null,OS
2019-12-04 21:00:00,0.69,BDL,-0.05,BDL,null,OS,null,OS,null,OS,23.58,OK,null,OS
2019-12-04 22:00:00,2.35,OK,-0.22,BDL,null,OS,null,OS,null,OS,25.0,OK,null,OS
2019-12-04 23:00:00,5.43,OK,-0.25,BDL,null,OS,null,OS,null,OS,22.24,OK,null,OS
2019-12-05 00:00:00,5.86,OK,-0.25,BDL,null,OS,null,OS,null,OS,19.47,OK,null,OS
2019-12-05 01:00:00,6.65,OK,-0.25,BDL,null,OS,null,OS,null,OS,10.88,OK,null,OS
2019-12-05 02:00:00,11.7,OK,-0.27,BDL,null,OS,null,OS,null,OS,2.76,BDL,null,OS
2019-12-05 03:00:00,17.12,OK,-0.3,BDL,null,OS,null,OS,null,OS,7.64,OK,null,OS
2019-12-05 04:00:00,11.15,OK,-0.3,BDL,null,OS,null,OS,null,OS,14.31,OK,null,OS
2019-12-05 05:00:00,3.2,OK,-0.24,BDL,null,OS,null,OS,null,OS,24.88,OK,null,OS
2019-12-05 06:00:00,1.25,OK,-0.03,BDL,null,OS,null,OS,null,OS,38.43,OK,null,OS
2019-12-05 07:00:00,4.68,OK,-0.01,BDL,null,OS,null,OS,null,OS,48.73,OK,null,OS
2019-12-05 08:00:00,14.59,OK,-0.21,BDL,null,OS,null,OS,null,OS,45.08,OK,null,OS
2019-12-05 09:00:00,18.12,OK,-0.22,BDL,null,OS,null,OS,null,OS,22.07,OK,null,OS
2019-12-05 10:00:00,22.07,OK,-0.22,BDL,null,OS,null,OS,null,OS,27.85,OK,null,OS
2019-12-05 11:00:00,33.83,OK,-0.23,BDL,null,OS,null,OS,null,OS,61.91,OK,null,OS
2019-12-05 12:00:00,35.65,OK,-0.21,BDL,null,OS,null,OS,null,OS,46.15,OK,null,OS
2019-12-05 13:00:00,28.04,OK,-0.24,BDL,null,OS,null,OS,null,OS,31.12,OK,null,OS
2019-12-05 14:00:00,21.12,OK,-0.22,BDL,null,OS,null,OS,null,OS,27.79,OK,null,OS
2019-12-05 15:00:00,16.75,OK,-0.23,BDL,null,OS,null,OS,null,OS,26.0,OK,null,OS
2019-12-05 16:00:00,5.43,OK,-0.09,BDL,null,OS,null,OS,null,OS,48.33,OK,null,OS
2019-12-05 17:00:00,1.05,OK,-0.03,BDL,null,OS,null,OS,null,OS,69.22,OK,null,OS
2019-12-05 18:00:00,0.81,BDL,-0.03,BDL,null,OS,null,OS,null,OS,88.29,OK,null,OS
2019-12-05 19:00:00,0.83,BDL,0.13,BDL,null,OS,null,OS,null,OS,140.1,OK,null,OS
2019-12-05 20:00:00,8.49,OK,-0.14,BDL,null,OS,null,OS,null,OS,51.2,OK,null,OS
2019-12-05 21:00:00,1.84,OK,-0.05,BDL,null,OS,null,OS,null,OS,72.03,OK,null,OS
2019-12-05 22:00:00,3.36,OK,-0.08,BDL,null,OS,null,OS,null,OS,120.3,OK,null,OS
2019-12-05 23:00:00,9.71,OK,-0.22,BDL,null,OS,null,OS,null,OS,20.24,OK,null,OS
2019-12-06 00:00:00,7.95,OK,-0.24,BDL,null,OS,null,OS,null,OS,25.96,OK,null,OS
2019-12-06 01:00:00,5.41,OK,-0.25,BDL,null,OS,null,OS,null,OS,10.94,OK,null,OS
2019-12-06 02:00:00,null,OS,null,OS,null,OS,null,OS,null,OS,null,OS,null,OS
2019-12-06 03:00:00,-33.6,OR,0.34,BDL,null,OS,null,OS,null,OS,-533.08,OR,null,OS
2019-12-06 04:00:00,4.8,OK,-0.24,BDL,null,OS,null,OS,null,OS,-162.24,OR,null,OS
2019-12-06 05:00:00,2.7,OK,-0.29,BDL,null,OS,null,OS,null,OS,-11.18,OR,null,OS
2019-12-06 06:00:00,1.62,OK,-0.19,BDL,null,OS,null,OS,null,OS,-71.72,OR,null,OS
2019-12-06 07:00:00,4.2,OK,-0.08,BDL,null,OS,null,OS,null,OS,1.77,BDL,null,OS
2019-12-06 08:00:00,10.03,OK,-0.15,BDL,null,OS,null,OS,null,OS,28.61,OK,null,OS
2019-12-06 09:00:00,12.64,OK,-0.14,BDL,null,OS,null,OS,null,OS,18.06,OK,null,OS
2019-12-06 10:00:00,19.96,OK,-0.14,BDL,null,OS,null,OS,null,OS,43.25,OK,null,OS
2019-12-06 11:00:00,27.82,OK,-0.18,BDL,null,OS,null,OS,null,OS,50.0,OK,null,OS
2019-12-06 12:00:00,30.62,OK,-0.26,BDL,null,OS,null,OS,null,OS,37.89,OK,null,OS
2019-12-06 13:00:00,25.95,OK,-0.22,BDL,null,OS,null,OS,null,OS,29.63,OK,null,OS
2019-12-06 14:00:00,23.84,OK,-0.17,BDL,null,OS,null,OS,null,OS,31.96,OK,null,OS
2019-12-06 15:00:00,20.37,OK,-0.17,BDL,null,OS,null,OS,null,OS,32.79,OK,null,OS
2019-12-06 16:00:00,10.32,OK,-0.04,BDL,null,OS,null,OS,null,OS,43.85,OK,null,OS
2019-12-06 17:00:00,1.56,OK,-0.05,BDL,null,OS,null,OS,null,OS,89.69,OK,null,OS
2019-12-06 18:00:00,0.53,BDL,0.38,BDL,null,OS,null,OS,null,OS,142.74,OK,null,OS
2019-12-06 19:00:00,0.59,BDL,0.78,BDL,null,OS,null,OS,null,OS,175.94,OK,null,OS
2019-12-06 20:00:00,3.82,OK,0.11,BDL,null,OS,null,OS,null,OS,129.59,OK,null,OS
2019-12-06 21:00:00,1.94,OK,-0.09,BDL,null,OS,null,OS,null,OS,85.66,OK,null,OS
2019-12-06 22:00:00,0.54,BDL,-0.11,BDL,null,OS,null,OS,null,OS,76.95,OK,null,OS
2019-12-06 23:00:00,3.43,OK,-0.2,BDL,null,OS,null,OS,null,OS,38.32,OK,null,OS
2019-12-07 00:00:00,2.01,OK,-0.23,BDL,null,OS,null,OS,null,OS,8.13,OK,null,OS
2019-12-07 01:00:00,0.15,BDL,-0.08,BDL,null,OS,null,OS,null,OS,28.86,OK,null,OS
2019-12-07 02:00:00,-0.05,BDL,-0.19,BDL,null,OS,null,OS,null,OS,25.05,OK,null,OS
2019-12-07 03:00:00,1.85,OK,-0.28,BDL,null,OS,null,OS,null,OS,10.81,OK,null,OS
2019-12-07 04:00:00,8.12,OK,-0.29,BDL,null,OS,null,OS,null,OS,-2.7,BDL,null,OS
2019-12-07 05:00:00,5.76,OK,-0.32,BDL,null,OS,null,OS,null,OS,4.83,OK,null,OS
2019-12-07 06:00:00,5.39,OK,-0.26,BDL,null,OS,null,OS,null,OS,1.73,BDL,null,OS
2019-12-07 07:00:00,2.61,OK,0.11,BDL,null,OS,null,OS,null,OS,49.69,OK,null,OS
2019-12-07 08:00:00,8.76,OK,-0.04,BDL,null,OS,null,OS,null,OS,69.07,OK,null,OS
2019-12-07 09:00:00,12.37,OK,-0.15,BDL,null,OS,null,OS,null,OS,45.62,OK,null,OS
2019-12-07 10:00:00,19.56,OK,-0.16,BDL,null,OS,null,OS,null,OS,52.96,OK,null,OS
2019-12-07 11:00:00,26.49,OK,-0.2,BDL,null,OS,null,OS,null,OS,37.47,OK,null,OS
2019-12-07 12:00:00,36.03,OK,-0.24,BDL,null,OS,null,OS,null,OS,76.86,OK,null,OS
2019-12-07 13:00:00,35.0,OK,-0.31,BDL,null,OS,null,OS,null,OS,46.45,OK,null,OS
2019-12-07 14:00:00,31.97,OK,-0.25,BDL,null,OS,null,OS,null,OS,22.36,OK,null,OS
2019-12-07 15:00:00,26.82,OK,-0.29,BDL,null,OS,null,OS,null,OS,31.4,OK,null,OS
2019-12-07 16:00:00,10.16,OK,-0.15,BDL,null,OS,null,OS,null,OS,51.64,OK,null,OS
2019-12-07 17:00:00,1.36,OK,-0.08,BDL,null,OS,null,OS,null,OS,102.29,OK,null,OS
2019-12-07 18:00:00,3.03,OK,0.3,BDL,null,OS,null,OS,null,OS,106.48,OK,null,OS
2019-12-07 19:00:00,0.42,BDL,0.0,BDL,null,OS,null,OS,null,OS,82.01,OK,null,OS
2019-12-07 20:00:00,2.62,OK,-0.07,BDL,null,OS,null,OS,null,OS,117.8,OK,null,OS
2019-12-07 21:00:00,0.74,BDL,-0.08,BDL,null,OS,null,OS,null,OS,96.26,OK,null,OS
2019-12-07 22:00:00,1.72,OK,-0.06,BDL,null,OS,null,OS,null,OS,91.19,OK,null,OS
2019-12-07 23:00:00,0.39,BDL,0.04,BDL,null,OS,null,OS,null,OS,83.54,OK,null,OS
2019-12-08 00:00:00,0.44,BDL,0.03,BDL,null,OS,null,OS,null,OS,110.21,OK,null,OS
2019-12-08 01:00:00,4.11,OK,-0.24,BDL,null,OS,null,OS,null,OS,36.72,OK,null,OS
2019-12-08 02:00:00,6.32,OK,-0.3,BDL,null,OS,null,OS,null,OS,17.33,OK,null,OS
2019-12-08 03:00:00,6.39,OK,-0.33,BDL,null,OS,null,OS,null,OS,3.54,BDL,null,OS
2019-12-08 04:00:00,8.19,OK,-0.34,BDL,null,OS,null,OS,null,OS,-2.26,BDL,null,OS
2019-12-08 05:00:00,9.46,OK,-0.29,BDL,null,OS,null,OS,null,OS,-2.59,BDL,null,OS
2019-12-08 06:00:00,9.47,OK,-0.28,BDL,null,OS,null,OS,null,OS,1.32,BDL,null,OS
2019-12-08 07:00:00,12.06,OK,-0.3,BDL,null,OS,null,OS,null,OS,8.42,OK,null,OS
2019-12-08 08:00:00,15.88,OK,-0.02,BDL,null,OS,null,OS,null,OS,20.78,OK,null,OS
2019-12-08 09:00:00,21.11,OK,-0.07,BDL,null,OS,null,OS,null,OS,16.95,OK,null,OS
2019-12-08 10:00:00,29.87,OK,-0.21,BDL,null,OS,null,OS,null,OS,22.12,OK,null,OS
2019-12-08 11:00:00,36.48,OK,-0.21,BDL,null,OS,null,OS,null,OS,29.46,OK,null,OS
2019-12-08 12:00:00,36.63,OK,-0.3,BDL,null,OS,null,OS,null,OS,38.31,OK,null,OS
2019-12-08 13:00:00,35.58,OK,-0.26,BDL,null,OS,null,OS,null,OS,25.52,OK,null,OS
2019-12-08 14:00:00,36.48,OK,-0.31,BDL,null,OS,null,OS,null,OS,16.12,OK,null,OS
2019-12-08 15:00:00,30.38,OK,-0.32,BDL,null,OS,null,OS,null,OS,11.98,OK,null,OS
2019-12-08 16:00:00,19.62,OK,-0.24,BDL,null,OS,null,OS,null,OS,36.69,OK,null,OS
2019-12-08 17:00:00,6.19,OK,-0.06,BDL,null,OS,null,OS,null,OS,66.18,OK,null,OS
2019-12-08 18:00:00,3.28,OK,-0.15,BDL,null,OS,null,OS,null,OS,74.82,OK,null,OS
2019-12-08 19:00:00,0.65,BDL,0.1,BDL,null,OS,null,OS,null,OS,113.68,OK,null,OS
2019-12-08 20:00:00,0.89,BDL,0.3,BDL,null,OS,null,OS,null,OS,139.27,OK,null,OS
2019-12-08 21:00:00,0.69,BDL,0.24,BDL,null,OS,null,OS,null,OS,140.64,OK,null,OS
2019-12-08 22:00:00,8.51,OK,-0.16,BDL,null,OS,null,OS,null,OS,85.44,OK,null,OS
2019-12-08 23:00:00,11.09,OK,-0.29,BDL,null,OS,null,OS,null,OS,30.35,OK,null,OS
2019-12-09 00:00:00,12.61,OK,-0.29,BDL,null,OS,null,OS,null,OS,31.12,OK,null,OS
2019-12-09 01:00:00,16.3,OK,-0.27,BDL,null,OS,null,OS,null,OS,7.26,OK,null,OS
2019-12-09 02:00:00,20.43,OK,-0.3,BDL,null,OS,null,OS,null,OS,-0.11,BDL,null,OS
2019-12-09 03:00:00,22.08,OK,-0.34,BDL,null,OS,null,OS,null,OS,27.44,OK,null,OS
2019-12-09 04:00:00,16.78,OK,-0.36,BDL,null,OS,null,OS,null,OS,12.0,OK,null,OS
2019-12-09 05:00:00,8.29,OK,-0.3,BDL,null,OS,null,OS,null,OS,-11.15,OR,null,OS
2019-12-09 06:00:00,0.25,BDL,-0.05,BDL,null,OS,null,OS,null,OS,12.9,OK,null,OS
2019-12-09 07:00:00,3.53,OK,-0.22,BDL,null,OS,null,OS,null,OS,32.3,OK,null,OS
2019-12-09 08:00:00,9.83,OK,-0.27,BDL,null,OS,null,OS,null,OS,23.34,OK,null,OS
2019-12-09 09:00:00,11.6,OK,-0.26,BDL,null,OS,null,OS,null,OS,-0.11,BDL,null,OS
2019-12-09 10:00:00,16.53,OK,-0.27,BDL,null,OS,null,OS,null,OS,-27.03,OR,null,OS
2019-12-09 11:00:00,24.51,OK,-0.29,BDL,null,OS,null,OS,null,OS,11.05,OK,null,OS
2019-12-09 12:00:00,29.56,OK,-0.31,BDL,null,OS,null,OS,null,OS,24.38,OK,null,OS
2019-12-09 13:00:00,23.31,OK,-0.31,BDL,null,OS,null,OS,null,OS,13.2,OK,null,OS
2019-12-09 14:00:00,25.22,OK,-0.31,BDL,null,OS,null,OS,null,OS,42.49,OK,null,OS
2019-12-09 15:00:00,26.64,OK,-0.26,BDL,null,OS,null,OS,null,OS,26.06,OK,null,OS
2019-12-09 16:00:00,19.87,OK,-0.05,BDL,null,OS,null,OS,null,OS,33.33,OK,null,OS
2019-12-09 17:00:00,19.69,OK,-0.28,BDL,null,OS,null,OS,null,OS,40.0,OK,null,OS
2019-12-09 18:00:00,20.85,OK,-0.25,BDL,null,OS,null,OS,null,OS,38.96,OK,null,OS
2019-12-09 19:00:00,12.65,OK,-0.29,BDL,null,OS,null,OS,null,OS,43.74,OK,null,OS
2019-12-09 20:00:00,0.6,BDL,-0.09,BDL,null,OS,null,OS,null,OS,64.87,OK,null,OS
2019-12-09 21:00:00,0.67,BDL,-0.05,BDL,null,OS,null,OS,null,OS,90.36,OK,null,OS
2019-12-09 22:00:00,1.03,OK,-0.23,BDL,null,OS,null,OS,null,OS,49.56,OK,null,OS
2019-12-09 23:00:00,0.66,BDL,-0.2,BDL,null,OS,null,OS,null,OS,37.83,OK,null,OS
2019-12-10 00:00:00,0.44,BDL,-0.15,BDL,null,OS,null,OS,null,OS,31.72,OK,null,OS
2019-12-10 01:00:00,4.31,OK,-0.21,BDL,null,OS,null,OS,null,OS,23.77,OK,null,OS
2019-12-10 02:00:00,18.3,OK,-0.26,BDL,null,OS,null,OS,null,OS,0.98,BDL,null,OS
2019-12-10 03:00:00,9.58,OK,-0.31,BDL,null,OS,null,OS,null,OS,15.68,OK,null,OS
2019-12-10 04:00:00,16.04,OK,-0.34,BDL,null,OS,null,OS,null,OS,-7.28,OR,null,OS
2019-12-10 05:00:00,8.15,OK,-0.31,BDL,null,OS,null,OS,null,OS,-1.6,BDL,null,OS
2019-12-10 06:00:00,2.32,OK,-0.19,BDL,null,OS,null,OS,null,OS,8.45,OK,null,OS
2019-12-10 07:00:00,6.82,OK,-0.08,BDL,null,OS,null,OS,null,OS,37.14,OK,null,OS
2019-12-10 08:00:00,23.33,OK,-0.28,BDL,null,OS,null,OS,null,OS,53.4,OK,null,OS
2019-12-10 09:00:00,27.55,OK,-0.26,BDL,null,OS,null,OS,null,OS,37.84,OK,null,OS
2019-12-10 10:00:00,30.18,OK,-0.29,BDL,null,OS,null,OS,null,OS,10.04,OK,null,OS
2019-12-10 11:00:00,34.53,OK,-0.27,BDL,null,OS,null,OS,null,OS,12.62,OK,null,OS
2019-12-10 12:00:00,37.46,OK,-0.26,BDL,null,OS,null,OS,null,OS,6.76,OK,null,OS
2019-12-10 13:00:00,37.58,OK,-0.26,BDL,null,OS,null,OS,null,OS,14.97,OK,null,OS
2019-12-10 14:00:00,36.42,OK,-0.29,BDL,null,OS,null,OS,null,OS,17.03,OK,null,OS
2019-12-10 15:00:00,33.98,OK,-0.23,BDL,null,OS,null,OS,null,OS,26.44,OK,null,OS
2019-12-10 16:00:00,13.35,OK,-0.07,BDL,null,OS,null,OS,null,OS,37.03,OK,null,OS
2019-12-10 17:00:00,0.64,BDL,0.49,BDL,null,OS,null,OS,null,OS,178.12,OK,null,OS
2019-12-10 18:00:00,3.68,OK,-0.0,BDL,null,OS,null,OS,null,OS,136.52,OK,null,OS
2019-12-10 19:00:00,0.6,BDL,0.08,BDL,null,OS,null,OS,null,OS,117.32,OK,null,OS
2019-12-10 20:00:00,13.61,OK,-0.16,BDL,null,OS,null,OS,null,OS,84.5,OK,null,OS
2019-12-10 21:00:00,29.7,OK,-0.25,BDL,null,OS,null,OS,null,OS,18.13,OK,null,OS
2019-12-10 22:00:00,17.84,OK,-0.3,BDL,null,OS,null,OS,null,OS,6.25,OK,null,OS
2019-12-10 23:00:00,9.37,OK,-0.2,BDL,null,OS,null,OS,null,OS,10.1,OK,null,OS
2019-12-11 00:00:00,14.53,OK,-0.26,BDL,null,OS,null,OS,null,OS,12.01,OK,null,OS
2019-12-11 01:00:00,20.34,OK,-0.29,BDL,null,OS,null,OS,null,OS,3.47,BDL,null,OS
2019-12-11 02:00:00,12.7,OK,-0.26,BDL,null,OS,null,OS,null,OS,-3.94,BDL,null,OS
2019-12-11 03:00:00,6.13,OK,-0.28,BDL,null,OS,null,OS,null,OS,15.19,OK,null,OS
2019-12-11 04:00:00,8.69,OK,-0.23,BDL,null,OS,null,OS,null,OS,1.83,BDL,null,OS
2019-12-11 05:00:00,9.08,OK,-0.26,BDL,null,OS,null,OS,null,OS,14.18,OK,null,OS
2019-12-11 06:00:00,3.93,OK,-0.19,BDL,null,OS,null,OS,null,OS,11.5,OK,null,OS
2019-12-11 07:00:00,6.58,OK,-0.14,BDL,null,OS,null,OS,null,OS,42.02,OK,null,OS
2019-12-11 08:00:00,18.3,OK,-0.13,BDL,null,OS,null,OS,null,OS,81.06,OK,null,OS
2019-12-11 09:00:00,26.09,OK,-0.25,BDL,null,OS,null,OS,null,OS,32.68,OK,null,OS
2019-12-11 10:00:00,30.29,OK,-0.27,BDL,null,OS,null,OS,null,OS,12.32,OK,null,OS
2019-12-11 11:00:00,33.39,OK,-0.23,BDL,null,OS,null,OS,null,OS,6.41,OK,null,OS
2019-12-11 12:00:00,34.2,OK,-0.24,BDL,null,OS,null,OS,null,OS,8.81,OK,null,OS
2019-12-11 13:00:00,35.87,OK,-0.25,BDL,null,OS,null,OS,null,OS,18.75,OK,null,OS
2019-12-11 14:00:00,36.14,OK,-0.14,BDL,null,OS,null,OS,null,OS,35.79,OK,null,OS
2019-12-11 15:00:00,20.45,OK,-0.2,BDL,null,OS,null,OS,null,OS,58.52,OK,null,OS
2019-12-11 16:00:00,11.28,OK,-0.2,BDL,null,OS,null,OS,null,OS,51.29,OK,null,OS
2019-12-11 17:00:00,0.87,BDL,0.22,BDL,null,OS,null,OS,null,OS,103.08,OK,null,OS
2019-12-11 18:00:00,0.62,BDL,0.5,BDL,null,OS,null,OS,null,OS,164.11,OK,null,OS
2019-12-11 19:00:00,0.71,BDL,0.41,BDL,null,OS,null,OS,null,OS,158.28,OK,null,OS
2019-12-11 20:00:00,1.73,OK,-0.14,BDL,null,OS,null,OS,null,OS,68.77,OK,null,OS
2019-12-11 21:00:00,6.32,OK,-0.2,BDL,null,OS,null,OS,null,OS,32.27,OK,null,OS
2019-12-11 22:00:00,2.21,OK,-0.16,BDL,null,OS,null,OS,null,OS,21.99,OK,null,OS
2019-12-11 23:00:00,2.02,OK,-0.2,BDL,null,OS,null,OS,null,OS,36.38,OK,null,OS
2019-12-12 00:00:00,1.75,OK,-0.27,BDL,null,OS,null,OS,null,OS,4.68,OK,null,OS
2019-12-12 01:00:00,3.27,OK,-0.26,BDL,null,OS,null,OS,null,OS,12.5,OK,null,OS
2019-12-12 02:00:00,11.09,OK,-0.33,BDL,null,OS,null,OS,null,OS,-2.22,BDL,null,OS
2019-12-12 03:00:00,13.4,OK,-0.34,BDL,null,OS,null,OS,null,OS,-16.37,OR,null,OS
2019-12-12 04:00:00,11.66,OK,-0.31,BDL,null,OS,null,OS,null,OS,-7.8,OR,null,OS
2019-12-12 05:00:00,10.36,OK,-0.27,BDL,null,OS,null,OS,null,OS,3.21,BDL,null,OS
2019-12-12 06:00:00,4.46,OK,-0.19,BDL,null,OS,null,OS,null,OS,18.46,OK,null,OS
2019-12-12 07:00:00,9.44,OK,-0.21,BDL,null,OS,null,OS,null,OS,17.52,OK,null,OS
2019-12-12 08:00:00,15.16,OK,-0.19,BDL,null,OS,null,OS,null,OS,58.29,OK,null,OS
2019-12-12 09:00:00,21.31,OK,-0.2,BDL,null,OS,null,OS,null,OS,95.88,OK,null,OS
2019-12-12 10:00:00,23.17,OK,-0.16,BDL,null,OS,null,OS,null,OS,42.3,OK,null,OS
2019-12-12 11:00:00,33.62,OK,-0.18,BDL,null,OS,null,OS,null,OS,80.4,OK,null,OS
2019-12-12 12:00:00,40.19,OK,-0.16,BDL,null,OS,null,OS,null,OS,65.79,OK,null,OS
2019-12-12 13:00:00,39.3,OK,-0.02,BDL,null,OS,null,OS,null,OS,37.75,OK,null,OS
2019-12-12 14:00:00,34.85,OK,-0.2,BDL,null,OS,null,OS,null,OS,40.14,OK,null,OS
2019-12-12 15:00:00,27.46,OK,-0.15,BDL,null,OS,null,OS,null,OS,41.84,OK,null,OS
2019-12-12 16:00:00,9.63,OK,0.04,BDL,null,OS,null,OS,null,OS,70.91,OK,null,OS
2019-12-12 17:00:00,4.6,OK,-0.07,BDL,null,OS,null,OS,null,OS,77.9,OK,null,OS
2019-12-12 18:00:00,0.57,BDL,0.4,BDL,null,OS,null,OS,null,OS,147.61,OK,null,OS
2019-12-12 19:00:00,0.75,BDL,0.62,BDL,null,OS,null,OS,null,OS,218.72,OK,null,OS
2019-12-12 20:00:00,0.88,BDL,0.65,BDL,null,OS,null,OS,null,OS,187.01,OK,null,OS
2019-12-12 21:00:00,7.42,OK,-0.11,BDL,null,OS,null,OS,null,OS,71.32,OK,null,OS
2019-12-12 22:00:00,11.13,OK,-0.18,BDL,null,OS,null,OS,null,OS,26.15,OK,null,OS
2019-12-12 23:00:00,9.77,OK,-0.22,BDL,null,OS,null,OS,null,OS,21.49,OK,null,OS
2019-12-13 00:00:00,14.96,OK,-0.28,BDL,null,OS,null,OS,null,OS,3.7,BDL,null,OS
2019-12-13 01:00:00,13.4,OK,-0.27,BDL,null,OS,null,OS,null,OS,4.97,OK,null,OS
2019-12-13 02:00:00,19.16,OK,-0.28,BDL,null,OS,null,OS,null,OS,-3.74,BDL,null,OS
2019-12-13 03:00:00,15.58,OK,-0.29,BDL,null,OS,null,OS,null,OS,-7.7,OR,null,OS
2019-12-13 04:00:00,1.48,OK,-0.19,BDL,null,OS,null,OS,null,OS,27.31,OK,null,OS
2019-12-13 05:00:00,6.17,OK,-0.31,BDL,null,OS,null,OS,null,OS,21.34,OK,null,OS
2019-12-13 06:00:00,1.98,OK,-0.15,BDL,null,OS,null,OS,null,OS,23.62,OK,null,OS
2019-12-13 07:00:00,3.67,OK,0.03,BDL,null,OS,null,OS,null,OS,27.68,OK,null,OS
2019-12-13 08:00:00,5.52,OK,0.28,BDL,null,OS,null,OS,null,OS,154.68,OK,null,OS
2019-12-13 09:00:00,17.87,OK,-0.14,BDL,null,OS,null,OS,null,OS,49.42,OK,null,OS
2019-12-13 10:00:00,25.81,OK,-0.17,BDL,null,OS,null,OS,null,OS,33.77,OK,null,OS
2019-12-13 11:00:00,26.92,OK,-0.11,BDL,null,OS,null,OS,null,OS,29.58,OK,null,OS
2019-12-13 12:00:00,37.24,OK,-0.04,BDL,null,OS,null,OS,null,OS,67.21,OK,null,OS
2019-12-13 13:00:00,35.11,OK,-0.17,BDL,null,OS,null,OS,null,OS,60.72,OK,null,OS
2019-12-13 14:00:00,33.69,OK,-0.15,BDL,null,OS,null,OS,null,OS,33.81,OK,null,OS
2019-12-13 15:00:00,26.41,OK,-0.16,BDL,null,OS,null,OS,null,OS,41.46,OK,null,OS
2019-12-13 16:00:00,10.73,OK,-0.07,BDL,null,OS,null,OS,null,OS,75.37,OK,null,OS
2019-12-13 17:00:00,0.97,BDL,0.29,BDL,null,OS,null,OS,null,OS,125.82,OK,null,OS
2019-12-13 18:00:00,0.71,BDL,0.33,BDL,null,OS,null,OS,null,OS,140.69,OK,null,OS
2019-12-13 19:00:00,1.14,OK,0.89,BDL,null,OS,null,OS,null,OS,228.92,OK,null,OS
2019-12-13 20:00:00,1.15,OK,1.28,OK,null,OS,null,OS,null,OS,356.93,OK,null,OS
2019-12-13 21:00:00,0.59,BDL,0.14,BDL,null,OS,null,OS,null,OS,110.77,OK,null,OS
2019-12-13 22:00:00,5.11,OK,-0.15,BDL,null,OS,null,OS,null,OS,58.58,OK,null,OS
2019-12-13 23:00:00,5.86,OK,-0.17,BDL,null,OS,null,OS,null,OS,30.03,OK,null,OS
2019-12-14 00:00:00,5.78,OK,-0.25,BDL,null,OS,null,OS,null,OS,2.98,BDL,null,OS
2019-12-14 01:00:00,5.68,OK,-0.28,BDL,null,OS,null,OS,null,OS,1.86,BDL,null,OS
2019-12-14 02:00:00,9.25,OK,-0.31,BDL,null,OS,null,OS,null,OS,-4.72,OR,null,OS
2019-12-14 03:00:00,12.39,OK,-0.33,BDL,null,OS,null,OS,null,OS,-1.22,BDL,null,OS
2019-12-14 04:00:00,20.5,OK,-0.33,BDL,null,OS,null,OS,null,OS,-10.67,OR,null,OS
2019-12-14 05:00:00,16.9,OK,-0.28,BDL,null,OS,null,OS,null,OS,-6.71,OR,null,OS
2019-12-14 06:00:00,7.13,OK,-0.23,BDL,null,OS,null,OS,null,OS,20.75,OK,null,OS
2019-12-14 07:00:00,8.39,OK,-0.13,BDL,null,OS,null,OS,null,OS,27.4,OK,null,OS
2019-12-14 08:00:00,17.13,OK,-0.11,BDL,null,OS,null,OS,null,OS,65.99,OK,null,OS
2019-12-14 09:00:00,27.38,OK,-0.14,BDL,null,OS,null,OS,null,OS,28.75,OK,null,OS
2019-12-14 10:00:00,28.6,OK,-0.16,BDL,null,OS,null,OS,null,OS,27.41,OK,null,OS
2019-12-14 11:00:00,31.12,OK,-0.13,BDL,null,OS,null,OS,null,OS,23.22,OK,null,OS
2019-12-14 12:00:00,31.05,OK,-0.2,BDL,null,OS,null,OS,null,OS,26.61,OK,null,OS
2019-12-14 13:00:00,34.02,OK,-0.21,BDL,null,OS,null,OS,null,OS,54.47,OK,null,OS
2019-12-14 14:00:00,32.61,OK,-0.25,BDL,null,OS,null,OS,null,OS,36.02,OK,null,OS
2019-12-14 15:00:00,39.14,OK,-0.3,BDL,null,OS,null,OS,null,OS,29.82,OK,null,OS
2019-12-14 16:00:00,20.83,OK,-0.23,BDL,null,OS,null,OS,null,OS,47.38,OK,null,OS
2019-12-14 17:00:00,5.57,OK,-0.15,BDL,null,OS,null,OS,null,OS,89.65,OK,null,OS
2019-12-14 18:00:00,1.66,OK,-0.01,BDL,null,OS,null,OS,null,OS,116.12,OK,null,OS
2019-12-14 19:00:00,0.6,BDL,0.31,BDL,null,OS,null,OS,null,OS,124.87,OK,null,OS
2019-12-14 20:00:00,0.56,BDL,0.36,BDL,null,OS,null,OS,null,OS,140.46,OK,null,OS
2019-12-14 21:00:00,3.25,OK,-0.09,BDL,null,OS,null,OS,null,OS,100.48,OK,null,OS
2019-12-14 22:00:00,6.37,OK,-0.2,BDL,null,OS,null,OS,null,OS,53.24,OK,null,OS
2019-12-14 23:00:00,5.37,OK,-0.28,BDL,null,OS,null,OS,null,OS,54.29,OK,null,OS
2019-12-15 00:00:00,9.77,OK,-0.28,BDL,null,OS,null,OS,null,OS,32.94,OK,null,OS
2019-12-15 01:00:00,7.97,OK,-0.25,BDL,null,OS,null,OS,null,OS,10.48,OK,null,OS
2019-12-15 02:00:00,7.71,OK,-0.3,BDL,null,OS,null,OS,null,OS,1.95,BDL,null,OS
2019-12-15 03:00:00,12.74,OK,-0.31,BDL,null,OS,null,OS,null,OS,4.24,OK,null,OS
2019-12-15 04:00:00,10.14,OK,-0.31,BDL,null,OS,null,OS,null,OS,-0.55,BDL,null,OS
2019-12-15 05:00:00,7.72,OK,-0.33,BDL,null,OS,null,OS,null,OS,-1.06,BDL,null,OS
2019-12-15 06:00:00,7.29,OK,-0.3,BDL,null,OS,null,OS,null,OS,-0.67,BDL,null,OS
2019-12-15 07:00:00,9.72,OK,-0.26,BDL,null,OS,null,OS,null,OS,-4.63,OR,null,OS
2019-12-15 08:00:00,14.58,OK,-0.12,BDL,null,OS,null,OS,null,OS,32.12,OK,null,OS
2019-12-15 09:00:00,30.74,OK,-0.19,BDL,null,OS,null,OS,null,OS,32.96,OK,null,OS
2019-12-15 10:00:00,38.95,OK,-0.22,BDL,null,OS,null,OS,null,OS,35.3,OK,null,OS
2019-12-15 11:00:00,38.47,OK,-0.28,BDL,null,OS,null,OS,null,OS,29.85,OK,null,OS
2019-12-15 12:00:00,36.33,OK,-0.33,BDL,null,OS,null,OS,null,OS,21.06,OK,null,OS
2019-12-15 13:00:00,33.07,OK,-0.3,BDL,null,OS,null,OS,null,OS,28.27,OK,null,OS
2019-12-15 14:00:00,32.53,OK,-0.34,BDL,null,OS,null,OS,null,OS,16.93,OK,null,OS
2019-12-15 15:00:00,30.69,OK,-0.29,BDL,null,OS,null,OS,null,OS,25.52,OK,null,OS
2019-12-15 16:00:00,23.25,OK,-0.32,BDL,null,OS,null,OS,null,OS,28.57,OK,null,OS
2019-12-15 17:00:00,12.07,OK,-0.25,BDL,null,OS,null,OS,null,OS,64.2,OK,null,OS
2019-12-15 18:00:00,13.19,OK,-0.24,BDL,null,OS,null,OS,null,OS,55.8,OK,null,OS
2019-12-15 19:00:00,7.98,OK,-0.22,BDL,null,OS,null,OS,null,OS,61.68,OK,null,OS
2019-12-15 20:00:00,7.54,OK,-0.26,BDL,null,OS,null,OS,null,OS,63.05,OK,null,OS
2019-12-15 21:00:00,7.23,OK,-0.23,BDL,null,OS,null,OS,null,OS,53.26,OK,null,OS
2019-12-15 22:00:00,4.28,OK,-0.25,BDL,null,OS,null,OS,null,OS,45.52,OK,null,OS
2019-12-15 23:00:00,4.56,OK,-0.26,BDL,null,OS,null,OS,null,OS,41.91,OK,null,OS
2019-12-16 00:00:00,6.65,OK,-0.27,BDL,null,OS,null,OS,null,OS,27.63,OK,null,OS
2019-12-16 01:00:00,20.83,OK,-0.32,BDL,null,OS,null,OS,null,OS,-8.65,OR,null,OS
2019-12-16 02:00:00,12.42,OK,-0.33,BDL,null,OS,null,OS,null,OS,14.49,OK,null,OS
2019-12-16 03:00:00,11.95,OK,-0.35,BDL,null,OS,null,OS,null,OS,9.96,OK,null,OS
2019-12-16 04:00:00,6.92,OK,-0.38,BDL,null,OS,null,OS,null,OS,1.28,BDL,null,OS
2019-12-16 05:00:00,5.28,OK,-0.3,BDL,null,OS,null,OS,null,OS,-3.17,BDL,null,OS
2019-12-16 06:00:00,0.78,BDL,0.12,BDL,null,OS,null,OS,null,OS,43.59,OK,null,OS
2019-12-16 07:00:00,1.66,OK,0.52,BDL,null,OS,null,OS,null,OS,115.39,OK,null,OS
2019-12-16 08:00:00,5.1,OK,0.11,BDL,null,OS,null,OS,null,OS,115.96,OK,null,OS
2019-12-16 09:00:00,14.35,OK,0.21,BDL,null,OS,null,OS,null,OS,115.73,OK,null,OS
2019-12-16 10:00:00,24.48,OK,-0.18,BDL,null,OS,null,OS,null,OS,73.82,OK,null,OS
2019-12-16 11:00:00,31.68,OK,-0.27,BDL,null,OS,null,OS,null,OS,19.83,OK,null,OS
2019-12-16 12:00:00,34.72,OK,-0.28,BDL,null,OS,null,OS,null,OS,29.06,OK,null,OS
2019-12-16 13:00:00,37.23,OK,-0.22,BDL,null,OS,null,OS,null,OS,33.17,OK,null,OS
2019-12-16 14:00:00,33.15,OK,-0.22,BDL,null,OS,null,OS,null,OS,20.73,OK,null,OS
2019-12-16 15:00:00,30.88,OK,-0.24,BDL,null,OS,null,OS,null,OS,32.0,OK,null,OS
2019-12-16 16:00:00,25.43,OK,-0.23,BDL,null,OS,null,OS,null,OS,41.3,OK,null,OS
2019-12-16 17:00:00,5.63,OK,-0.02,BDL,null,OS,null,OS,null,OS,70.9,OK,null,OS
2019-12-16 18:00:00,0.72,BDL,0.35,BDL,null,OS,null,OS,null,OS,142.23,OK,null,OS
2019-12-16 19:00:00,1.22,OK,0.79,BDL,null,OS,null,OS,null,OS,182.71,OK,null,OS
2019-12-16 20:00:00,1.3,OK,0.88,BDL,null,OS,null,OS,null,OS,243.34,OK,null,OS
2019-12-16 21:00:00,1.89,OK,0.08,BDL,null,OS,null,OS,null,OS,92.4,OK,null,OS
2019-12-16 22:00:00,1.4,OK,-0.02,BDL,null,OS,null,OS,null,OS,66.21,OK,null,OS
2019-12-16 23:00:00,12.03,OK,-0.19,BDL,null,OS,null,OS,null,OS,25.0,OK,null,OS
2019-12-17 00:00:00,11.85,OK,-0.26,BDL,null,OS,null,OS,null,OS,3.78,BDL,null,OS
2019-12-17 01:00:00,12.4,OK,-0.21,BDL,null,OS,null,OS,null,OS,19.86,OK,null,OS
2019-12-17 02:00:00,9.28,OK,-0.2,BDL,null,OS,null,OS,null,OS,13.51,OK,null,OS
2019-12-17 03:00:00,14.01,OK,-0.25,BDL,null,OS,null,OS,null,OS,5.94,OK,null,OS
2019-12-17 04:00:00,15.82,OK,-0.19,BDL,null,OS,null,OS,null,OS,-1.88,BDL,null,OS
2019-12-17 05:00:00,0.56,BDL,0.0,BDL,null,OS,null,OS,null,OS,40.49,OK,null,OS
2019-12-17 06:00:00,5.11,OK,-0.12,BDL,null,OS,null,OS,null,OS,36.02,OK,null,OS
2019-12-17 07:00:00,9.04,OK,-0.05,BDL,null,OS,null,OS,null,OS,47.97,OK,null,OS
2019-12-17 08:00:00,14.3,OK,0.09,BDL,null,OS,null,OS,null,OS,44.27,OK,null,OS
2019-12-17 09:00:00,29.89,OK,-0.09,BDL,null,OS,null,OS,null,OS,81.18,OK,null,OS
2019-12-17 10:00:00,35.16,OK,-0.13,BDL,null,OS,null,OS,null,OS,32.88,OK,null,OS
2019-12-17 11:00:00,36.18,OK,-0.13,BDL,null,OS,null,OS,null,OS,18.05,OK,null,OS
2019-12-17 12:00:00,37.03,OK,-0.11,BDL,null,OS,null,OS,null,OS,20.84,OK,null,OS
2019-12-17 13:00:00,38.16,OK,-0.14,BDL,null,OS,null,OS,null,OS,5.94,OK,null,OS
2019-12-17 14:00:00,38.21,OK,-0.13,BDL,null,OS,null,OS,null,OS,32.17,OK,null,OS
2019-12-17 15:00:00,34.5,OK,-0.07,BDL,null,OS,null,OS,null,OS,25.0,OK,null,OS
2019-12-17 16:00:00,15.07,OK,-0.05,BDL,null,OS,null,OS,null,OS,27.42,OK,null,OS
2019-12-17 17:00:00,15.57,OK,-0.04,BDL,null,OS,null,OS,null,OS,54.68,OK,null,OS
2019-12-17 18:00:00,29.53,OK,0.07,BDL,null,OS,null,OS,null,OS,9.52,OK,null,OS
2019-12-17 19:00:00,34.79,OK,0.02,BDL,null,OS,null,OS,null,OS,32.57,OK,null,OS
2019-12-17 20:00:00,36.3,OK,-0.01,BDL,null,OS,null,OS,null,OS,32.93,OK,null,OS
2019-12-17 21:00:00,36.67,OK,-0.09,BDL,null,OS,null,OS,null,OS,6.51,OK,null,OS
2019-12-17 22:00:00,33.17,OK,-0.1,BDL,null,OS,null,OS,null,OS,-2.7,BDL,null,OS
2019-12-17 23:00:00,36.82,OK,-0.12,BDL,null,OS,null,OS,null,OS,12.03,OK,null,OS
2019-12-18 00:00:00,40.07,OK,-0.11,BDL,null,OS,null,OS,null,OS,76.88,OK,null,OS
2019-12-18 01:00:00,39.78,OK,-0.05,BDL,null,OS,null,OS,null,OS,55.04,OK,null,OS
2019-12-18 02:00:00,39.12,OK,-0.01,BDL,null,OS,null,OS,null,OS,29.94,OK,null,OS
2019-12-18 03:00:00,38.63,OK,-0.02,BDL,null,OS,null,OS,null,OS,12.07,OK,null,OS
2019-12-18 04:00:00,37.72,OK,0.02,BDL,null,OS,null,OS,null,OS,5.99,OK,null,OS
2019-12-18 05:00:00,34.39,OK,0.07,BDL,null,OS,null,OS,null,OS,13.57,OK,null,OS
2019-12-18 06:00:00,31.38,OK,0.11,BDL,null,OS,null,OS,null,OS,13.05,OK,null,OS
2019-12-18 07:00:00,31.23,OK,0.24,BDL,null,OS,null,OS,null,OS,38.0,OK,null,OS
2019-12-18 08:00:00,31.9,OK,0.11,BDL,null,OS,null,OS,null,OS,56.54,OK,null,OS
2019-12-18 09:00:00,32.94,OK,0.11,BDL,null,OS,null,OS,null,OS,37.36,OK,null,OS
2019-12-18 10:00:00,34.23,OK,0.1,BDL,null,OS,null,OS,null,OS,12.4,OK,null,OS
2019-12-18 11:00:00,37.38,OK,0.05,BDL,null,OS,null,OS,null,OS,12.3,OK,null,OS
2019-12-18 12:00:00,38.14,OK,0.1,BDL,null,OS,null,OS,null,OS,13.24,OK,null,OS
2019-12-18 13:00:00,40.26,OK,0.04,BDL,null,OS,null,OS,null,OS,12.77,OK,null,OS
2019-12-18 14:00:00,40.15,OK,0.04,BDL,null,OS,null,OS,null,OS,25.5,OK,null,OS
2019-12-18 15:00:00,35.07,OK,0.02,BDL,null,OS,null,OS,null,OS,37.02,OK,null,OS
2019-12-18 16:00:00,6.94,OK,0.38,BDL,null,OS,null,OS,null,OS,50.45,OK,null,OS
2019-12-18 17:00:00,2.64,OK,1.01,OK,null,OS,null,OS,null,OS,179.11,OK,null,OS
2019-12-18 18:00:00,0.98,BDL,0.59,BDL,null,OS,null,OS,null,OS,145.19,OK,null,OS
2019-12-18 19:00:00,1.58,OK,1.48,OK,null,OS,null,OS,null,OS,210.17,OK,null,OS
2019-12-18 20:00:00,1.09,OK,0.95,BDL,null,OS,null,OS,null,OS,199.22,OK,null,OS
2019-12-18 21:00:00,0.63,BDL,0.35,BDL,null,OS,null,OS,null,OS,72.64,OK,null,OS
2019-12-18 22:00:00,0.79,BDL,0.38,BDL,null,OS,null,OS,null,OS,123.77,OK,null,OS
2019-12-18 23:00:00,1.52,OK,0.02,BDL,null,OS,null,OS,null,OS,21.87,OK,null,OS
2019-12-19 00:00:00,11.46,OK,-0.0,BDL,null,OS,null,OS,null,OS,25.41,OK,null,OS
2019-12-19 01:00:00,13.06,OK,-0.02,BDL,null,OS,null,OS,null,OS,2.87,BDL,null,OS
2019-12-19 02:00:00,4.22,OK,-0.04,BDL,null,OS,null,OS,null,OS,5.03,OK,null,OS
2019-12-19 03:00:00,6.12,OK,-0.09,BDL,null,OS,null,OS,null,OS,-10.49,OR,null,OS
2019-12-19 04:00:00,6.89,OK,-0.1,BDL,null,OS,null,OS,null,OS,-4.04,OR,null,OS
2019-12-19 05:00:00,8.08,OK,-0.11,BDL,null,OS,null,OS,null,OS,1.06,BDL,null,OS
2019-12-19 06:00:00,2.78,OK,0.28,BDL,null,OS,null,OS,null,OS,44.69,OK,null,OS
2019-12-19 07:00:00,3.67,OK,0.2,BDL,null,OS,null,OS,null,OS,61.64,OK,null,OS
2019-12-19 08:00:00,7.62,OK,0.32,BDL,null,OS,null,OS,null,OS,93.56,OK,null,OS
2019-12-19 09:00:00,16.48,OK,0.16,BDL,null,OS,null,OS,null,OS,98.13,OK,null,OS
2019-12-19 10:00:00,22.99,OK,0.15,BDL,null,OS,null,OS,null,OS,40.9,OK,null,OS
2019-12-19 11:00:00,29.51,OK,0.13,BDL,null,OS,null,OS,null,OS,75.8,OK,null,OS
2019-12-19 12:00:00,32.07,OK,0.32,BDL,null,OS,null,OS,null,OS,64.5,OK,null,OS
2019-12-19 13:00:00,29.57,OK,0.08,BDL,null,OS,null,OS,null,OS,40.87,OK,null,OS
2019-12-19 14:00:00,31.32,OK,0.06,BDL,null,OS,null,OS,null,OS,32.62,OK,null,OS
2019-12-19 15:00:00,24.95,OK,0.1,BDL,null,OS,null,OS,null,OS,46.67,OK,null,OS
2019-12-19 16:00:00,14.48,OK,0.11,BDL,null,OS,null,OS,null,OS,61.08,OK,null,OS
2019-12-19 17:00:00,2.25,OK,0.34,BDL,null,OS,null,OS,null,OS,144.94,OK,null,OS
2019-12-19 18:00:00,4.46,OK,0.18,BDL,null,OS,null,OS,null,OS,123.89,OK,null,OS
2019-12-19 19:00:00,2.11,OK,0.26,BDL,null,OS,null,OS,null,OS,122.18,OK,null,OS
2019-12-19 20:00:00,2.18,OK,0.18,BDL,null,OS,null,OS,null,OS,99.06,OK,null,OS
2019-12-19 21:00:00,0.85,BDL,0.31,BDL,null,OS,null,OS,null,OS,90.1,OK,null,OS
2019-12-19 22:00:00,0.86,BDL,0.06,BDL,null,OS,null,OS,null,OS,57.79,OK,null,OS
2019-12-19 23:00:00,0.78,BDL,0.07,BDL,null,OS,null,OS,null,OS,68.97,OK,null,OS
2019-12-20 00:00:00,13.38,OK,-0.04,BDL,null,OS,null,OS,null,OS,13.71,OK,null,OS
2019-12-20 01:00:00,3.7,OK,0.02,BDL,null,OS,null,OS,null,OS,23.73,OK,null,OS
2019-12-20 02:00:00,0.49,BDL,-0.01,BDL,null,OS,null,OS,null,OS,73.98,OK,null,OS
2019-12-20 03:00:00,7.39,OK,-0.0,BDL,null,OS,null,OS,null,OS,38.11,OK,null,OS
2019-12-20 04:00:00,12.36,OK,-0.11,BDL,null,OS,null,OS,null,OS,-0.13,BDL,null,OS
2019-12-20 05:00:00,10.9,OK,-0.09,BDL,null,OS,null,OS,null,OS,9.78,OK,null,OS
2019-12-20 06:00:00,4.83,OK,-0.1,BDL,null,OS,null,OS,null,OS,6.66,OK,null,OS
2019-12-20 07:00:00,6.41,OK,0.05,BDL,null,OS,null,OS,null,OS,25.49,OK,null,OS
2019-12-20 08:00:00,11.02,OK,0.31,BDL,null,OS,null,OS,null,OS,71.08,OK,null,OS
2019-12-20 09:00:00,16.54,OK,0.24,BDL,null,OS,null,OS,null,OS,96.46,OK,null,OS
2019-12-20 10:00:00,29.55,OK,0.07,BDL,null,OS,null,OS,null,OS,64.33,OK,null,OS
2019-12-20 11:00:00,29.73,OK,0.09,BDL,null,OS,null,OS,null,OS,40.1,OK,null,OS
2019-12-20 12:00:00,35.35,OK,0.08,BDL,null,OS,null,OS,null,OS,74.06,OK,null,OS
2019-12-20 13:00:00,37.91,OK,0.06,BDL,null,OS,null,OS,null,OS,55.97,OK,null,OS
2019-12-20 14:00:00,35.65,OK,0.01,BDL,null,OS,null,OS,null,OS,23.95,OK,null,OS
2019-12-20 15:00:00,30.5,OK,0.02,BDL,null,OS,null,OS,null,OS,12.89,OK,null,OS
2019-12-20 16:00:00,8.23,OK,0.14,BDL,null,OS,null,OS,null,OS,51.39,OK,null,OS
2019-12-20 17:00:00,1.06,OK,0.24,BDL,null,OS,null,OS,null,OS,116.17,OK,null,OS
2019-12-20 18:00:00,3.3,OK,0.27,BDL,null,OS,null,OS,null,OS,124.81,OK,null,OS
2019-12-20 19:00:00,1.0,OK,0.69,BDL,null,OS,null,OS,null,OS,162.45,OK,null,OS
2019-12-20 20:00:00,0.97,BDL,0.29,BDL,null,OS,null,OS,null,OS,126.63,OK,null,OS
2019-12-20 21:00:00,0.69,BDL,0.18,BDL,null,OS,null,OS,null,OS,73.88,OK,null,OS
2019-12-20 22:00:00,5.19,OK,0.1,BDL,null,OS,null,OS,null,OS,29.31,OK,null,OS
2019-12-20 23:00:00,32.95,OK,0.06,BDL,null,OS,null,OS,null,OS,-6.07,OR,null,OS
2019-12-21 00:00:00,23.87,OK,0.08,BDL,null,OS,null,OS,null,OS,15.84,OK,null,OS
2019-12-21 01:00:00,28.04,OK,0.01,BDL,null,OS,null,OS,null,OS,30.93,OK,null,OS
2019-12-21 02:00:00,36.14,OK,-0.05,BDL,null,OS,null,OS,null,OS,18.48,OK,null,OS
2019-12-21 03:00:00,39.76,OK,0.0,BDL,null,OS,null,OS,null,OS,4.2,OK,null,OS
2019-12-21 04:00:00,38.28,OK,0.05,BDL,null,OS,null,OS,null,OS,36.7,OK,null,OS
2019-12-21 05:00:00,38.47,OK,-0.01,BDL,null,OS,null,OS,null,OS,30.97,OK,null,OS
2019-12-21 06:00:00,39.7,OK,-0.05,BDL,null,OS,null,OS,null,OS,32.17,OK,null,OS
2019-12-21 07:00:00,38.78,OK,-0.01,BDL,null,OS,null,OS,null,OS,70.34,OK,null,OS
2019-12-21 08:00:00,38.09,OK,-0.05,BDL,null,OS,null,OS,null,OS,74.98,OK,null,OS
2019-12-21 09:00:00,38.82,OK,-0.03,BDL,null,OS,null,OS,null,OS,45.72,OK,null,OS
2019-12-21 10:00:00,39.65,OK,-0.04,BDL,null,OS,null,OS,null,OS,55.52,OK,null,OS
2019-12-21 11:00:00,41.7,OK,-0.03,BDL,null,OS,null,OS,null,OS,30.98,OK,null,OS
2019-12-21 12:00:00,41.82,OK,-0.04,BDL,null,OS,null,OS,null,OS,20.9,OK,null,OS
2019-12-21 13:00:00,42.09,OK,-0.0,BDL,null,OS,null,OS,null,OS,13.36,OK,null,OS
2019-12-21 14:00:00,41.05,OK,-0.01,BDL,null,OS,null,OS,null,OS,19.04,OK,null,OS
2019-12-21 15:00:00,34.92,OK,0.03,BDL,null,OS,null,OS,null,OS,23.05,OK,null,OS
2019-12-21 16:00:00,17.43,OK,0.13,BDL,null,OS,null,OS,null,OS,34.34,OK,null,OS
2019-12-21 17:00:00,1.21,OK,0.89,BDL,null,OS,null,OS,null,OS,88.02,OK,null,OS
2019-12-21 18:00:00,0.76,BDL,0.56,BDL,null,OS,null,OS,null,OS,92.52,OK,null,OS
2019-12-21 19:00:00,2.98,OK,0.42,BDL,null,OS,null,OS,null,OS,47.04,OK,null,OS
2019-12-21 20:00:00,4.8,OK,0.37,BDL,null,OS,null,OS,null,OS,62.93,OK,null,OS
2019-12-21 21:00:00,7.41,OK,0.25,BDL,null,OS,null,OS,null,OS,72.24,OK,null,OS
2019-12-21 22:00:00,14.4,OK,0.44,BDL,null,OS,null,OS,null,OS,28.68,OK,null,OS
2019-12-21 23:00:00,5.54,OK,0.62,BDL,null,OS,null,OS,null,OS,79.43,OK,null,OS
2019-12-22 00:00:00,1.63,OK,0.39,BDL,null,OS,null,OS,null,OS,90.8,OK,null,OS
2019-12-22 01:00:00,6.23,OK,0.33,BDL,null,OS,null,OS,null,OS,51.64,OK,null,OS
2019-12-22 02:00:00,16.78,OK,0.29,BDL,null,OS,null,OS,null,OS,4.11,OK,null,OS
2019-12-22 03:00:00,22.72,OK,0.29,BDL,null,OS,null,OS,null,OS,3.46,BDL,null,OS
2019-12-22 04:00:00,24.26,OK,0.13,BDL,null,OS,null,OS,null,OS,2.72,BDL,null,OS
2019-12-22 05:00:00,21.18,OK,0.09,BDL,null,OS,null,OS,null,OS,8.05,OK,null,OS
2019-12-22 06:00:00,20.28,OK,0.05,BDL,null,OS,null,OS,null,OS,1.14,BDL,null,OS
2019-12-22 07:00:00,21.64,OK,0.08,BDL,null,OS,null,OS,null,OS,25.0,OK,null,OS
2019-12-22 08:00:00,29.7,OK,0.12,BDL,null,OS,null,OS,null,OS,14.59,OK,null,OS
2019-12-22 09:00:00,32.62,OK,0.15,BDL,null,OS,null,OS,null,OS,37.05,OK,null,OS
2019-12-22 10:00:00,33.9,OK,0.07,BDL,null,OS,null,OS,null,OS,1.34,BDL,null,OS
2019-12-22 11:00:00,37.3,OK,0.07,BDL,null,OS,null,OS,null,OS,15.52,OK,null,OS
2019-12-22 12:00:00,38.82,OK,0.05,BDL,null,OS,null,OS,null,OS,22.9,OK,null,OS
2019-12-22 13:00:00,43.26,OK,0.1,BDL,null,OS,null,OS,null,OS,21.05,OK,null,OS
2019-12-22 14:00:00,43.22,OK,0.03,BDL,null,OS,null,OS,null,OS,30.44,OK,null,OS
2019-12-22 15:00:00,32.83,OK,0.01,BDL,null,OS,null,OS,null,OS,21.35,OK,null,OS
2019-12-22 16:00:00,9.29,OK,0.21,BDL,null,OS,null,OS,null,OS,45.42,OK,null,OS
2019-12-22 17:00:00,2.96,OK,0.38,BDL,null,OS,null,OS,null,OS,102.01,OK,null,OS
2019-12-22 18:00:00,1.14,OK,0.67,BDL,null,OS,null,OS,null,OS,112.44,OK,null,OS
2019-12-22 19:00:00,1.34,OK,1.04,OK,null,OS,null,OS,null,OS,150.21,OK,null,OS
2019-12-22 20:00:00,1.69,OK,0.72,BDL,null,OS,null,OS,null,OS,159.61,OK,null,OS
2019-12-22 21:00:00,14.83,OK,0.11,BDL,null,OS,null,OS,null,OS,63.61,OK,null,OS
2019-12-22 22:00:00,21.91,OK,0.01,BDL,null,OS,null,OS,null,OS,15.42,OK,null,OS
2019-12-22 23:00:00,14.8,OK,0.04,BDL,null,OS,null,OS,null,OS,21.62,OK,null,OS
2019-12-23 00:00:00,16.4,OK,0.08,BDL,null,OS,null,OS,null,OS,31.53,OK,null,OS
2019-12-23 01:00:00,15.65,OK,0.07,BDL,null,OS,null,OS,null,OS,32.88,OK,null,OS
2019-12-23 02:00:00,18.69,OK,0.04,BDL,null,OS,null,OS,null,OS,5.67,OK,null,OS
2019-12-23 03:00:00,22.25,OK,-0.03,BDL,null,OS,null,OS,null,OS,6.37,OK,null,OS
2019-12-23 04:00:00,18.63,OK,-0.03,BDL,null,OS,null,OS,null,OS,12.22,OK,null,OS
2019-12-23 05:00:00,18.09,OK,-0.06,BDL,null,OS,null,OS,null,OS,6.95,OK,null,OS
2019-12-23 06:00:00,13.93,OK,-0.01,BDL,null,OS,null,OS,null,OS,8.58,OK,null,OS
2019-12-23 07:00:00,13.01,OK,0.08,BDL,null,OS,null,OS,null,OS,26.93,OK,null,OS
2019-12-23 08:00:00,17.06,OK,0.09,BDL,null,OS,null,OS,null,OS,40.34,OK,null,OS
2019-12-23 09:00:00,26.64,OK,0.04,BDL,null,OS,null,OS,null,OS,27.37,OK,null,OS
2019-12-23 10:00:00,27.69,OK,-0.02,BDL,null,OS,null,OS,null,OS,23.46,OK,null,OS
2019-12-23 11:00:00,25.21,OK,0.04,BDL,null,OS,null,OS,null,OS,32.19,OK,null,OS
2019-12-23 12:00:00,21.62,OK,0.05,BDL,null,OS,null,OS,null,OS,32.76,OK,null,OS
2019-12-23 13:00:00,22.28,OK,0.09,BDL,null,OS,null,OS,null,OS,52.21,OK,null,OS
2019-12-23 14:00:00,22.06,OK,0.03,BDL,null,OS,null,OS,null,OS,57.75,OK,null,OS
2019-12-23 15:00:00,88.09,OK,0.06,BDL,null,OS,null,OS,null,OS,72.04,OK,null,OS
2019-12-23 16:00:00,10.92,OK,0.15,BDL,null,OS,null,OS,null,OS,49.55,OK,null,OS
2019-12-23 17:00:00,7.82,OK,0.23,BDL,null,OS,null,OS,null,OS,78.12,OK,null,OS
2019-12-23 18:00:00,16.31,OK,0.02,BDL,null,OS,null,OS,null,OS,89.18,OK,null,OS
2019-12-23 19:00:00,17.65,OK,-0.11,BDL,null,OS,null,OS,null,OS,39.97,OK,null,OS
2019-12-23 20:00:00,7.51,OK,-0.04,BDL,null,OS,null,OS,null,OS,67.08,OK,null,OS
2019-12-23 21:00:00,1.15,OK,-0.03,BDL,null,OS,null,OS,null,OS,97.5,OK,null,OS
2019-12-23 22:00:00,3.77,OK,-0.04,BDL,null,OS,null,OS,null,OS,87.43,OK,null,OS
2019-12-23 23:00:00,3.63,OK,-0.03,BDL,null,OS,null,OS,null,OS,87.17,OK,null,OS
2019-12-24 00:00:00,15.47,OK,-0.12,BDL,null,OS,null,OS,null,OS,54.24,OK,null,OS
2019-12-24 01:00:00,18.65,OK,-0.04,BDL,null,OS,null,OS,null,OS,33.68,OK,null,OS
2019-12-24 02:00:00,23.0,OK,-0.18,BDL,null,OS,null,OS,null,OS,28.84,OK,null,OS
2019-12-24 03:00:00,24.24,OK,-0.21,BDL,null,OS,null,OS,null,OS,15.98,OK,null,OS
2019-12-24 04:00:00,21.04,OK,-0.21,BDL,null,OS,null,OS,null,OS,20.9,OK,null,OS
2019-12-24 05:00:00,13.99,OK,-0.19,BDL,null,OS,null,OS,null,OS,-1.29,BDL,null,OS
2019-12-24 06:00:00,14.78,OK,-0.15,BDL,null,OS,null,OS,null,OS,14.82,OK,null,OS
2019-12-24 07:00:00,13.0,OK,-0.18,BDL,null,OS,null,OS,null,OS,25.51,OK,null,OS
2019-12-24 08:00:00,21.0,OK,-0.2,BDL,null,OS,null,OS,null,OS,9.15,OK,null,OS
2019-12-24 09:00:00,12.71,OK,-0.08,BDL,null,OS,null,OS,null,OS,8.93,OK,null,OS
2019-12-24 10:00:00,16.33,OK,-0.11,BDL,null,OS,null,OS,null,OS,-5.14,OR,null,OS
2019-12-24 11:00:00,23.45,OK,-0.12,BDL,null,OS,null,OS,null,OS,-3.92,BDL,null,OS
2019-12-24 12:00:00,27.87,OK,-0.2,BDL,null,OS,null,OS,null,OS,5.52,OK,null,OS
2019-12-24 13:00:00,33.4,OK,-0.24,BDL,null,OS,null,OS,null,OS,2.36,BDL,null,OS
2019-12-24 14:00:00,36.66,OK,-0.29,BDL,null,OS,null,OS,null,OS,-2.77,BDL,null,OS
2019-12-24 15:00:00,35.63,OK,-0.32,BDL,null,OS,null,OS,null,OS,14.74,OK,null,OS
2019-12-24 16:00:00,27.13,OK,-0.29,BDL,null,OS,null,OS,null,OS,15.05,OK,null,OS
2019-12-24 17:00:00,6.09,OK,-0.21,BDL,null,OS,null,OS,null,OS,50.77,OK,null,OS
2019-12-24 18:00:00,3.45,OK,-0.14,BDL,null,OS,null,OS,null,OS,91.3,OK,null,OS
2019-12-24 19:00:00,2.38,OK,-0.04,BDL,null,OS,null,OS,null,OS,82.29,OK,null,OS
2019-12-24 20:00:00,0.93,BDL,0.05,BDL,null,OS,null,OS,null,OS,99.57,OK,null,OS
2019-12-24 21:00:00,2.0,OK,-0.16,BDL,null,OS,null,OS,null,OS,67.31,OK,null,OS
2019-12-24 22:00:00,12.51,OK,-0.31,BDL,null,OS,null,OS,null,OS,35.35,OK,null,OS
2019-12-24 23:00:00,16.91,OK,-0.32,BDL,null,OS,null,OS,null,OS,12.28,OK,null,OS
2019-12-25 00:00:00,6.65,OK,-0.22,BDL,null,OS,null,OS,null,OS,10.57,OK,null,OS
2019-12-25 01:00:00,15.3,OK,-0.33,BDL,null,OS,null,OS,null,OS,11.39,OK,null,OS
2019-12-25 02:00:00,14.17,OK,-0.36,BDL,null,OS,null,OS,null,OS,10.21,OK,null,OS
2019-12-25 03:00:00,15.31,OK,-0.35,BDL,null,OS,null,OS,null,OS,7.25,OK,null,OS
2019-12-25 04:00:00,14.38,OK,-0.41,BDL,null,OS,null,OS,null,OS,9.71,OK,null,OS
2019-12-25 05:00:00,13.78,OK,-0.37,BDL,null,OS,null,OS,null,OS,8.08,OK,null,OS
2019-12-25 06:00:00,13.21,OK,-0.37,BDL,null,OS,null,OS,null,OS,7.99,OK,null,OS
2019-12-25 07:00:00,11.68,OK,-0.35,BDL,null,OS,null,OS,null,OS,1.7,BDL,null,OS
2019-12-25 08:00:00,14.19,OK,-0.35,BDL,null,OS,null,OS,null,OS,10.43,OK,null,OS
2019-12-25 09:00:00,21.54,OK,-0.39,BDL,null,OS,null,OS,null,OS,10.73,OK,null,OS
2019-12-25 10:00:00,30.64,OK,-0.42,BDL,null,OS,null,OS,null,OS,-2.15,BDL,null,OS
2019-12-25 11:00:00,37.82,OK,-0.39,BDL,null,OS,null,OS,null,OS,5.06,OK,null,OS
2019-12-25 12:00:00,37.51,OK,-0.41,BDL,null,OS,null,OS,null,OS,18.74,OK,null,OS
2019-12-25 13:00:00,37.79,OK,-0.38,BDL,null,OS,null,OS,null,OS,10.86,OK,null,OS
2019-12-25 14:00:00,38.6,OK,-0.4,BDL,null,OS,null,OS,null,OS,5.0,OK,null,OS
2019-12-25 15:00:00,37.98,OK,-0.4,BDL,null,OS,null,OS,null,OS,20.4,OK,null,OS
2019-12-25 16:00:00,33.26,OK,-0.41,BDL,null,OS,null,OS,null,OS,25.77,OK,null,OS
2019-12-25 17:00:00,24.09,OK,-0.38,BDL,null,OS,null,OS,null,OS,29.31,OK,null,OS
2019-12-25 18:00:00,22.72,OK,-0.33,BDL,null,OS,null,OS,null,OS,33.09,OK,null,OS
2019-12-25 19:00:00,10.5,OK,-0.31,BDL,null,OS,null,OS,null,OS,39.9,OK,null,OS
2019-12-25 20:00:00,6.58,OK,-0.33,BDL,null,OS,null,OS,null,OS,47.49,OK,null,OS
2019-12-25 21:00:00,4.99,OK,-0.34,BDL,null,OS,null,OS,null,OS,54.05,OK,null,OS
2019-12-25 22:00:00,2.03,OK,-0.28,BDL,null,OS,null,OS,null,OS,55.16,OK,null,OS
2019-12-25 23:00:00,12.42,OK,-0.31,BDL,null,OS,null,OS,null,OS,26.1,OK,null,OS
2019-12-26 00:00:00,12.82,OK,-0.4,BDL,null,OS,null,OS,null,OS,2.03,BDL,null,OS
2019-12-26 01:00:00,11.33,OK,-0.41,BDL,null,OS,null,OS,null,OS,-0.75,BDL,null,OS
2019-12-26 02:00:00,10.22,OK,-0.46,BDL,null,OS,null,OS,null,OS,-8.0,OR,null,OS
2019-12-26 03:00:00,8.91,OK,-0.42,BDL,null,OS,null,OS,null,OS,-7.94,OR,null,OS
2019-12-26 04:00:00,7.04,OK,-0.41,BDL,null,OS,null,OS,null,OS,-4.3,OR,null,OS
2019-12-26 05:00:00,5.41,OK,-0.44,BDL,null,OS,null,OS,null,OS,-9.57,OR,null,OS
2019-12-26 06:00:00,2.57,OK,-0.39,BDL,null,OS,null,OS,null,OS,0.03,BDL,null,OS
2019-12-26 07:00:00,4.0,OK,-0.29,BDL,null,OS,null,OS,null,OS,-1.73,BDL,null,OS
2019-12-26 08:00:00,9.98,OK,-0.22,BDL,null,OS,null,OS,null,OS,40.04,OK,null,OS
2019-12-26 09:00:00,18.69,OK,-0.33,BDL,null,OS,null,OS,null,OS,69.32,OK,null,OS
2019-12-26 10:00:00,29.38,OK,-0.34,BDL,null,OS,null,OS,null,OS,42.17,OK,null,OS
2019-12-26 11:00:00,37.81,OK,-0.37,BDL,null,OS,null,OS,null,OS,34.42,OK,null,OS
2019-12-26 12:00:00,39.09,OK,-0.35,BDL,null,OS,null,OS,null,OS,13.4,OK,null,OS
2019-12-26 13:00:00,37.42,OK,-0.36,BDL,null,OS,null,OS,null,OS,18.18,OK,null,OS
2019-12-26 14:00:00,37.3,OK,-0.37,BDL,null,OS,null,OS,null,OS,22.7,OK,null,OS
2019-12-26 15:00:00,36.35,OK,-0.32,BDL,null,OS,null,OS,null,OS,20.61,OK,null,OS
2019-12-26 16:00:00,33.66,OK,-0.37,BDL,null,OS,null,OS,null,OS,30.36,OK,null,OS
2019-12-26 17:00:00,26.48,OK,-0.34,BDL,null,OS,null,OS,null,OS,41.98,OK,null,OS
2019-12-26 18:00:00,18.62,OK,-0.31,BDL,null,OS,null,OS,null,OS,30.69,OK,null,OS
2019-12-26 19:00:00,7.75,OK,-0.3,BDL,null,OS,null,OS,null,OS,51.86,OK,null,OS
2019-12-26 20:00:00,1.83,OK,-0.25,BDL,null,OS,null,OS,null,OS,49.96,OK,null,OS
2019-12-26 21:00:00,1.5,OK,-0.15,BDL,null,OS,null,OS,null,OS,30.58,OK,null,OS
2019-12-26 22:00:00,3.8,OK,-0.07,BDL,null,OS,null,OS,null,OS,43.63,OK,null,OS
2019-12-26 23:00:00,14.35,OK,-0.33,BDL,null,OS,null,OS,null,OS,15.01,OK,null,OS
2019-12-27 00:00:00,23.56,OK,-0.37,BDL,null,OS,null,OS,null,OS,6.14,OK,null,OS
2019-12-27 01:00:00,32.03,OK,-0.4,BDL,null,OS,null,OS,null,OS,-0.19,BDL,null,OS
2019-12-27 02:00:00,33.45,OK,-0.43,BDL,null,OS,null,OS,null,OS,2.72,BDL,null,OS
2019-12-27 03:00:00,30.6,OK,-0.38,BDL,null,OS,null,OS,null,OS,1.99,BDL,null,OS
2019-12-27 04:00:00,26.37,OK,-0.38,BDL,null,OS,null,OS,null,OS,17.87,OK,null,OS
2019-12-27 05:00:00,19.78,OK,-0.41,BDL,null,OS,null,OS,null,OS,-1.16,BDL,null,OS
2019-12-27 06:00:00,16.03,OK,-0.36,BDL,null,OS,null,OS,null,OS,4.19,OK,null,OS
2019-12-27 07:00:00,15.77,OK,-0.32,BDL,null,OS,null,OS,null,OS,6.93,OK,null,OS
2019-12-27 08:00:00,27.63,OK,-0.35,BDL,null,OS,null,OS,null,OS,-1.66,BDL,null,OS
2019-12-27 09:00:00,33.79,OK,-0.33,BDL,null,OS,null,OS,null,OS,25.1,OK,null,OS
2019-12-27 10:00:00,38.55,OK,-0.35,BDL,null,OS,null,OS,null,OS,23.67,OK,null,OS
2019-12-27 11:00:00,38.79,OK,-0.4,BDL,null,OS,null,OS,null,OS,19.41,OK,null,OS
2019-12-27 12:00:00,40.56,OK,-0.38,BDL,null,OS,null,OS,null,OS,24.89,OK,null,OS
2019-12-27 13:00:00,41.09,OK,-0.4,BDL,null,OS,null,OS,null,OS,8.0,OK,null,OS
2019-12-27 14:00:00,40.94,OK,-0.36,BDL,null,OS,null,OS,null,OS,27.14,OK,null,OS
2019-12-27 15:00:00,32.93,OK,-0.35,BDL,null,OS,null,OS,null,OS,25.66,OK,null,OS
2019-12-27 16:00:00,25.43,OK,-0.32,BDL,null,OS,null,OS,null,OS,44.9,OK,null,OS
2019-12-27 17:00:00,23.2,OK,-0.28,BDL,null,OS,null,OS,null,OS,50.3,OK,null,OS
2019-12-27 18:00:00,19.47,OK,-0.29,BDL,null,OS,null,OS,null,OS,48.92,OK,null,OS
2019-12-27 19:00:00,26.12,OK,-0.36,BDL,null,OS,null,OS,null,OS,22.01,OK,null,OS
2019-12-27 20:00:00,24.68,OK,-0.36,BDL,null,OS,null,OS,null,OS,10.39,OK,null,OS
2019-12-27 21:00:00,8.46,OK,-0.17,BDL,null,OS,null,OS,null,OS,20.47,OK,null,OS
2019-12-27 22:00:00,3.34,OK,-0.28,BDL,null,OS,null,OS,null,OS,51.21,OK,null,OS
2019-12-27 23:00:00,2.94,OK,-0.3,BDL,null,OS,null,OS,null,OS,24.62,OK,null,OS
2019-12-28 00:00:00,19.44,OK,-0.36,BDL,null,OS,null,OS,null,OS,9.05,OK,null,OS
2019-12-28 01:00:00,16.55,OK,-0.4,BDL,null,OS,null,OS,null,OS,1.84,BDL,null,OS
2019-12-28 02:00:00,12.82,OK,-0.39,BDL,null,OS,null,OS,null,OS,6.0,OK,null,OS
2019-12-28 03:00:00,4.17,OK,-0.38,BDL,null,OS,null,OS,null,OS,16.58,OK,null,OS
2019-12-28 04:00:00,8.81,OK,-0.34,BDL,null,OS,null,OS,null,OS,2.08,BDL,null,OS
2019-12-28 05:00:00,5.17,OK,-0.41,BDL,null,OS,null,OS,null,OS,-3.74,BDL,null,OS
2019-12-28 06:00:00,1.17,OK,-0.24,BDL,null,OS,null,OS,null,OS,7.15,OK,null,OS
2019-12-28 07:00:00,3.99,OK,-0.2,BDL,null,OS,null,OS,null,OS,-4.67,OR,null,OS
2019-12-28 08:00:00,10.11,OK,-0.26,BDL,null,OS,null,OS,null,OS,37.47,OK,null,OS
2019-12-28 09:00:00,23.28,OK,-0.25,BDL,null,OS,null,OS,null,OS,55.64,OK,null,OS
2019-12-28 10:00:00,34.18,OK,-0.31,BDL,null,OS,null,OS,null,OS,53.91,OK,null,OS
2019-12-28 11:00:00,38.29,OK,-0.28,BDL,null,OS,null,OS,null,OS,44.5,OK,null,OS
2019-12-28 12:00:00,38.95,OK,-0.24,BDL,null,OS,null,OS,null,OS,30.24,OK,null,OS
2019-12-28 13:00:00,40.66,OK,-0.31,BDL,null,OS,null,OS,null,OS,22.93,OK,null,OS
2019-12-28 14:00:00,38.51,OK,-0.27,BDL,null,OS,null,OS,null,OS,16.84,OK,null,OS
2019-12-28 15:00:00,36.54,OK,-0.32,BDL,null,OS,null,OS,null,OS,15.1,OK,null,OS
2019-12-28 16:00:00,30.81,OK,-0.26,BDL,null,OS,null,OS,null,OS,26.06,OK,null,OS
2019-12-28 17:00:00,17.73,OK,-0.25,BDL,null,OS,null,OS,null,OS,37.18,OK,null,OS
2019-12-28 18:00:00,8.65,OK,-0.21,BDL,null,OS,null,OS,null,OS,56.35,OK,null,OS
2019-12-28 19:00:00,14.51,OK,-0.22,BDL,null,OS,null,OS,null,OS,41.03,OK,null,OS
2019-12-28 20:00:00,15.42,OK,-0.17,BDL,null,OS,null,OS,null,OS,14.18,OK,null,OS
2019-12-28 21:00:00,11.31,OK,-0.3,BDL,null,OS,null,OS,null,OS,22.54,OK,null,OS
2019-12-28 22:00:00,1.58,OK,-0.17,BDL,null,OS,null,OS,null,OS,31.62,OK,null,OS
2019-12-28 23:00:00,0.95,BDL,-0.18,BDL,null,OS,null,OS,null,OS,62.36,OK,null,OS
2019-12-29 00:00:00,0.69,BDL,-0.17,BDL,null,OS,null,OS,null,OS,48.94,OK,null,OS
2019-12-29 01:00:00,0.68,BDL,0.02,BDL,null,OS,null,OS,null,OS,63.13,OK,null,OS
2019-12-29 02:00:00,0.63,BDL,-0.2,BDL,null,OS,null,OS,null,OS,40.65,OK,null,OS
2019-12-29 03:00:00,4.48,OK,-0.31,BDL,null,OS,null,OS,null,OS,10.71,OK,null,OS
2019-12-29 04:00:00,7.12,OK,-0.34,BDL,null,OS,null,OS,null,OS,-9.87,OR,null,OS
2019-12-29 05:00:00,3.09,OK,-0.35,BDL,null,OS,null,OS,null,OS,-1.64,BDL,null,OS
2019-12-29 06:00:00,1.74,OK,-0.34,BDL,null,OS,null,OS,null,OS,2.97,BDL,null,OS
2019-12-29 07:00:00,7.72,OK,-0.26,BDL,null,OS,null,OS,null,OS,-18.71,OR,null,OS
2019-12-29 08:00:00,24.91,OK,-0.24,BDL,null,OS,null,OS,null,OS,35.99,OK,null,OS
2019-12-29 09:00:00,37.59,OK,-0.24,BDL,null,OS,null,OS,null,OS,45.39,OK,null,OS
2019-12-29 10:00:00,42.02,OK,-0.25,BDL,null,OS,null,OS,null,OS,48.61,OK,null,OS
2019-12-29 11:00:00,43.81,OK,-0.26,BDL,null,OS,null,OS,null,OS,35.25,OK,null,OS
2019-12-29 12:00:00,42.89,OK,-0.23,BDL,null,OS,null,OS,null,OS,25.94,OK,null,OS
2019-12-29 13:00:00,42.85,OK,-0.28,BDL,null,OS,null,OS,null,OS,11.61,OK,null,OS
2019-12-29 14:00:00,43.39,OK,-0.26,BDL,null,OS,null,OS,null,OS,18.72,OK,null,OS
2019-12-29 15:00:00,40.17,OK,-0.23,BDL,null,OS,null,OS,null,OS,35.42,OK,null,OS
2019-12-29 16:00:00,26.12,OK,-0.18,BDL,null,OS,null,OS,null,OS,38.12,OK,null,OS
2019-12-29 17:00:00,4.92,OK,-0.02,BDL,null,OS,null,OS,null,OS,65.36,OK,null,OS
2019-12-29 18:00:00,2.47,OK,0.48,BDL,null,OS,null,OS,null,OS,151.7,OK,null,OS
2019-12-29 19:00:00,3.65,OK,1.68,OK,null,OS,null,OS,null,OS,157.55,OK,null,OS
2019-12-29 20:00:00,1.7,OK,0.03,BDL,null,OS,null,OS,null,OS,64.96,OK,null,OS
2019-12-29 21:00:00,8.62,OK,-0.14,BDL,null,OS,null,OS,null,OS,13.33,OK,null,OS
2019-12-29 22:00:00,2.15,OK,0.55,BDL,null,OS,null,OS,null,OS,131.21,OK,null,OS
2019-12-29 23:00:00,0.55,BDL,0.2,BDL,null,OS,null,OS,null,OS,117.45,OK,null,OS
2019-12-30 00:00:00,1.25,OK,-0.14,BDL,null,OS,null,OS,null,OS,44.81,OK,null,OS
2019-12-30 01:00:00,7.62,OK,-0.21,BDL,null,OS,null,OS,null,OS,10.83,OK,null,OS
2019-12-30 02:00:00,7.98,OK,-0.2,BDL,null,OS,null,OS,null,OS,-2.84,BDL,null,OS
2019-12-30 03:00:00,13.2,OK,-0.28,BDL,null,OS,null,OS,null,OS,-13.67,OR,null,OS
2019-12-30 04:00:00,14.64,OK,-0.24,BDL,null,OS,null,OS,null,OS,-1.98,BDL,null,OS
2019-12-30 05:00:00,7.53,OK,-0.27,BDL,null,OS,null,OS,null,OS,-10.21,OR,null,OS
2019-12-30 06:00:00,5.73,OK,-0.22,BDL,null,OS,null,OS,null,OS,4.72,OK,null,OS
2019-12-30 07:00:00,11.11,OK,-0.13,BDL,null,OS,null,OS,null,OS,-11.41,OR,null,OS
2019-12-30 08:00:00,19.68,OK,-0.12,BDL,null,OS,null,OS,null,OS,28.86,OK,null,OS
2019-12-30 09:00:00,24.26,OK,-0.08,BDL,null,OS,null,OS,null,OS,53.74,OK,null,OS
2019-12-30 10:00:00,21.03,OK,0.02,BDL,null,OS,null,OS,null,OS,94.86,OK,null,OS
2019-12-30 11:00:00,28.12,OK,-0.01,BDL,null,OS,null,OS,null,OS,66.56,OK,null,OS
2019-12-30 12:00:00,32.73,OK,-0.09,BDL,null,OS,null,OS,null,OS,53.53,OK,null,OS
2019-12-30 13:00:00,35.93,OK,-0.06,BDL,null,OS,null,OS,null,OS,42.82,OK,null,OS
2019-12-30 14:00:00,35.7,OK,-0.13,BDL,null,OS,null,OS,null,OS,39.18,OK,null,OS
2019-12-30 15:00:00,34.97,OK,-0.11,BDL,null,OS,null,OS,null,OS,55.78,OK,null,OS
2019-12-30 16:00:00,25.41,OK,-0.09,BDL,null,OS,null,OS,null,OS,39.24,OK,null,OS
2019-12-30 17:00:00,14.46,OK,-0.05,BDL,null,OS,null,OS,null,OS,64.59,OK,null,OS
2019-12-30 18:00:00,6.09,OK,0.23,BDL,null,OS,null,OS,null,OS,59.27,OK,null,OS
2019-12-30 19:00:00,3.36,OK,0.09,BDL,null,OS,null,OS,null,OS,93.48,OK,null,OS
2019-12-30 20:00:00,14.11,OK,-0.12,BDL,null,OS,null,OS,null,OS,55.34,OK,null,OS
2019-12-30 21:00:00,10.15,OK,-0.18,BDL,null,OS,null,OS,null,OS,31.98,OK,null,OS
2019-12-30 22:00:00,3.63,OK,-0.06,BDL,null,OS,null,OS,null,OS,47.91,OK,null,OS
2019-12-30 23:00:00,7.64,OK,-0.13,BDL,null,OS,null,OS,null,OS,50.37,OK,null,OS
2019-12-31 00:00:00,8.92,OK,-0.17,BDL,null,OS,null,OS,null,OS,32.26,OK,null,OS
2019-12-31 01:00:00,2.89,OK,-0.17,BDL,null,OS,null,OS,null,OS,27.89,OK,null,OS
2019-12-31 02:00:00,1.4,OK,-0.18,BDL,null,OS,null,OS,null,OS,14.98,OK,null,OS
2019-12-31 03:00:00,7.02,OK,-0.25,BDL,null,OS,null,OS,null,OS,0.39,BDL,null,OS
2019-12-31 04:00:00,3.87,OK,-0.18,BDL,null,OS,null,OS,null,OS,0.03,BDL,null,OS
2019-12-31 05:00:00,0.05,BDL,-0.15,BDL,null,OS,null,OS,null,OS,21.84,OK,null,OS
2019-12-31 06:00:00,1.1,OK,-0.17,BDL,null,OS,null,OS,null,OS,24.13,OK,null,OS
2019-12-31 07:00:00,14.07,OK,-0.27,BDL,null,OS,null,OS,null,OS,1.08,BDL,null,OS
2019-12-31 08:00:00,20.65,OK,-0.22,BDL,null,OS,null,OS,null,OS,12.23,OK,null,OS
2019-12-31 09:00:00,20.87,OK,-0.11,BDL,null,OS,null,OS,null,OS,38.58,OK,null,OS
2019-12-31 10:00:00,26.98,OK,-0.14,BDL,null,OS,null,OS,null,OS,75.93,OK,null,OS
2019-12-31 11:00:00,34.81,OK,-0.13,BDL,null,OS,null,OS,null,OS,46.54,OK,null,OS
2019-12-31 12:00:00,33.24,OK,-0.15,BDL,null,OS,null,OS,null,OS,40.45,OK,null,OS
2019-12-31 13:00:00,34.02,OK,-0.17,BDL,null,OS,null,OS,null,OS,18.86,OK,null,OS
2019-12-31 14:00:00,34.05,OK,-0.21,BDL,null,OS,null,OS,null,OS,28.92,OK,null,OS
2019-12-31 15:00:00,34.62,OK,-0.16,BDL,null,OS,null,OS,null,OS,23.47,OK,null,OS
2019-12-31 16:00:00,23.3,OK,-0.14,BDL,null,OS,null,OS,null,OS,35.24,OK,null,OS
2019-12-31 17:00:00,5.82,OK,0.36,BDL,null,OS,null,OS,null,OS,74.63,OK,null,OS
2019-12-31 18:00:00,3.33,OK,0.55,BDL,null,OS,null,OS,null,OS,148.31,OK,null,OS
2019-12-31 19:00:00,1.67,OK,0.69,BDL,null,OS,null,OS,null,OS,170.84,OK,null,OS
2019-12-31 20:00:00,1.43,OK,0.21,BDL,null,OS,null,OS,null,OS,127.52,OK,null,OS
2019-12-31 21:00:00,2.64,OK,-0.06,BDL,null,OS,null,OS,null,OS,62.32,OK,null,OS
2019-12-31 22:00:00,5.24,OK,-0.11,BDL,null,OS,null,OS,null,OS,36.65,OK,null,OS
2019-12-31 23:00:00,9.04,OK,-0.14,BDL,null,OS,null,OS,null,OS,37.94,OK,null,OS
