Red Universitaria de Observatorios Atmosfericos (RUOA)
Atmospheric Observatory Hermosillo (erno), Sonora
Lat 29.0814 N, Lon 110.9706 W, Alt 154 masl
Time UTC-7h
Air Quality data
Flags: OK = Reliable data, BDL = Below Detection Limit, OR = Out of Range, OS = Out of Service 
 
Time,O3,O3_flag,SO2,SO2_flag,NO2,NO2_flag,NO,NO_flag,CO,CO_flag,PM10,PM10_flag,PM2.5,PM2.5_flag
yyyy-mm-dd HH:MM:SS,ppb,flag,ppb,flag,ppb,flag,ppb,flag,ppm,flag,ug/m^3,flag,ug/m^3,flag
2019-07-01 00:00:00,16.36,OK,0.64,BDL,null,OS,null,OS,0.0,BDL,24.46,OK,0.0,BDL
2019-07-01 01:00:00,16.65,OK,0.53,BDL,null,OS,null,OS,0.0,BDL,23.01,OK,0.0,BDL
2019-07-01 02:00:00,12.78,OK,0.46,BDL,null,OS,null,OS,0.0,BDL,20.84,OK,0.0,BDL
2019-07-01 03:00:00,13.98,OK,0.49,BDL,null,OS,null,OS,0.0,BDL,14.92,OK,0.0,BDL
2019-07-01 04:00:00,12.52,OK,0.53,BDL,null,OS,null,OS,0.0,BDL,19.03,OK,0.0,BDL
2019-07-01 05:00:00,13.77,OK,0.67,BDL,null,OS,null,OS,0.0,BDL,18.21,OK,0.0,BDL
2019-07-01 06:00:00,15.26,OK,0.64,BDL,null,OS,null,OS,0.0,BDL,1.62,BDL,0.0,BDL
2019-07-01 07:00:00,18.74,OK,0.73,BDL,null,OS,null,OS,0.0,BDL,42.91,OK,0.0,BDL
2019-07-01 08:00:00,25.41,OK,0.62,BDL,null,OS,null,OS,0.0,BDL,24.09,OK,0.0,BDL
2019-07-01 09:00:00,32.19,OK,0.65,BDL,null,OS,null,OS,0.0,BDL,20.19,OK,0.0,BDL
2019-07-01 10:00:00,34.15,OK,0.67,BDL,null,OS,null,OS,0.0,BDL,26.36,OK,0.0,BDL
2019-07-01 11:00:00,36.36,OK,0.62,BDL,null,OS,null,OS,0.0,BDL,25.26,OK,0.0,BDL
2019-07-01 12:00:00,36.88,OK,0.65,BDL,null,OS,null,OS,0.0,BDL,23.1,OK,0.0,BDL
2019-07-01 13:00:00,34.04,OK,0.72,BDL,null,OS,null,OS,0.0,BDL,28.55,OK,0.0,BDL
2019-07-01 14:00:00,34.53,OK,0.81,BDL,null,OS,null,OS,0.0,BDL,36.6,OK,0.0,BDL
2019-07-01 15:00:00,33.56,OK,0.69,BDL,null,OS,null,OS,0.0,BDL,42.12,OK,0.0,BDL
2019-07-01 16:00:00,27.66,OK,0.71,BDL,null,OS,null,OS,0.0,BDL,99.53,OK,0.0,BDL
2019-07-01 17:00:00,23.62,OK,0.74,BDL,null,OS,null,OS,0.0,BDL,56.1,OK,0.0,BDL
2019-07-01 18:00:00,17.28,OK,1.01,OK,null,OS,null,OS,0.0,BDL,8.65,OK,0.0,BDL
2019-07-01 19:00:00,16.79,OK,0.97,BDL,null,OS,null,OS,0.0,BDL,42.79,OK,0.0,BDL
2019-07-01 20:00:00,18.96,OK,0.59,BDL,null,OS,null,OS,0.0,BDL,22.63,OK,0.0,BDL
2019-07-01 21:00:00,21.57,OK,0.64,BDL,null,OS,null,OS,0.0,BDL,27.95,OK,0.0,BDL
2019-07-01 22:00:00,23.38,OK,0.54,BDL,null,OS,null,OS,0.0,BDL,80.36,OK,0.0,BDL
2019-07-01 23:00:00,21.56,OK,0.53,BDL,null,OS,null,OS,0.0,BDL,18.77,OK,0.0,BDL
2019-07-02 00:00:00,23.84,OK,0.55,BDL,null,OS,null,OS,0.0,BDL,16.58,OK,0.0,BDL
2019-07-02 01:00:00,18.67,OK,0.53,BDL,null,OS,null,OS,0.0,BDL,20.52,OK,0.0,BDL
2019-07-02 02:00:00,16.94,OK,0.52,BDL,null,OS,null,OS,0.0,BDL,21.51,OK,0.0,BDL
2019-07-02 03:00:00,16.58,OK,0.51,BDL,null,OS,null,OS,0.0,BDL,18.21,OK,0.0,BDL
2019-07-02 04:00:00,13.9,OK,0.62,BDL,null,OS,null,OS,0.0,BDL,27.03,OK,0.0,BDL
2019-07-02 05:00:00,13.78,OK,0.58,BDL,null,OS,null,OS,0.0,BDL,34.56,OK,0.0,BDL
2019-07-02 06:00:00,13.95,OK,0.69,BDL,null,OS,null,OS,0.0,BDL,32.13,OK,0.0,BDL
2019-07-02 07:00:00,21.49,OK,0.7,BDL,null,OS,null,OS,0.0,BDL,43.67,OK,0.0,BDL
2019-07-02 08:00:00,32.42,OK,0.69,BDL,null,OS,null,OS,0.0,BDL,36.87,OK,0.0,BDL
2019-07-02 09:00:00,38.3,OK,0.6,BDL,null,OS,null,OS,0.0,BDL,28.34,OK,0.0,BDL
2019-07-02 10:00:00,43.27,OK,0.75,BDL,null,OS,null,OS,0.0,BDL,22.28,OK,0.0,BDL
2019-07-02 11:00:00,49.85,OK,0.53,BDL,null,OS,null,OS,0.0,BDL,21.94,OK,0.0,BDL
2019-07-02 12:00:00,48.7,OK,0.62,BDL,null,OS,null,OS,0.0,BDL,18.78,OK,0.0,BDL
2019-07-02 13:00:00,48.11,OK,0.66,BDL,null,OS,null,OS,0.0,BDL,36.23,OK,0.0,BDL
2019-07-02 14:00:00,47.38,OK,0.66,BDL,null,OS,null,OS,0.0,BDL,40.46,OK,0.0,BDL
2019-07-02 15:00:00,42.25,OK,0.85,BDL,null,OS,null,OS,0.0,BDL,45.29,OK,0.0,BDL
2019-07-02 16:00:00,34.21,OK,0.74,BDL,null,OS,null,OS,0.0,BDL,110.34,OK,0.0,BDL
2019-07-02 17:00:00,28.1,OK,0.71,BDL,null,OS,null,OS,0.0,BDL,82.19,OK,0.0,BDL
2019-07-02 18:00:00,23.4,OK,0.68,BDL,null,OS,null,OS,0.0,BDL,49.82,OK,0.0,BDL
2019-07-02 19:00:00,19.4,OK,0.77,BDL,null,OS,null,OS,0.0,BDL,29.7,OK,0.0,BDL
2019-07-02 20:00:00,15.84,OK,0.73,BDL,null,OS,null,OS,0.0,BDL,33.46,OK,0.0,BDL
2019-07-02 21:00:00,16.98,OK,0.64,BDL,null,OS,null,OS,0.0,BDL,30.78,OK,0.0,BDL
2019-07-02 22:00:00,22.45,OK,0.57,BDL,null,OS,null,OS,0.0,BDL,-0.73,BDL,0.0,BDL
2019-07-02 23:00:00,22.69,OK,0.55,BDL,null,OS,null,OS,0.0,BDL,17.45,OK,0.0,BDL
2019-07-03 00:00:00,23.69,OK,0.54,BDL,null,OS,null,OS,0.0,BDL,17.91,OK,0.0,BDL
2019-07-03 01:00:00,23.47,OK,0.51,BDL,null,OS,null,OS,0.0,BDL,22.0,OK,0.0,BDL
2019-07-03 02:00:00,19.61,OK,0.51,BDL,null,OS,null,OS,0.0,BDL,23.27,OK,0.0,BDL
2019-07-03 03:00:00,18.04,OK,0.59,BDL,null,OS,null,OS,0.0,BDL,19.39,OK,0.0,BDL
2019-07-03 04:00:00,16.19,OK,0.59,BDL,null,OS,null,OS,0.0,BDL,23.23,OK,0.0,BDL
2019-07-03 05:00:00,16.41,OK,0.67,BDL,null,OS,null,OS,0.0,BDL,33.99,OK,0.0,BDL
2019-07-03 06:00:00,17.36,OK,0.59,BDL,null,OS,null,OS,0.0,BDL,24.85,OK,0.0,BDL
2019-07-03 07:00:00,26.19,OK,0.67,BDL,null,OS,null,OS,0.0,BDL,30.68,OK,0.0,BDL
2019-07-03 08:00:00,32.2,OK,0.7,BDL,null,OS,null,OS,0.0,BDL,24.82,OK,0.0,BDL
2019-07-03 09:00:00,41.13,OK,0.63,BDL,null,OS,null,OS,0.0,BDL,29.48,OK,0.0,BDL
2019-07-03 10:00:00,42.94,OK,1.09,OK,null,OS,null,OS,0.0,BDL,34.66,OK,0.0,BDL
2019-07-03 11:00:00,45.69,OK,0.81,BDL,null,OS,null,OS,0.0,BDL,25.6,OK,0.0,BDL
2019-07-03 12:00:00,45.67,OK,0.68,BDL,null,OS,null,OS,0.0,BDL,24.08,OK,0.0,BDL
2019-07-03 13:00:00,42.98,OK,0.67,BDL,null,OS,null,OS,0.0,BDL,39.79,OK,0.0,BDL
2019-07-03 14:00:00,42.17,OK,0.73,BDL,null,OS,null,OS,0.0,BDL,66.44,OK,0.0,BDL
2019-07-03 15:00:00,33.27,OK,0.75,BDL,null,OS,null,OS,0.0,BDL,121.18,OK,0.0,BDL
2019-07-03 16:00:00,32.52,OK,0.74,BDL,null,OS,null,OS,0.0,BDL,121.41,OK,0.0,BDL
2019-07-03 17:00:00,31.71,OK,0.75,BDL,null,OS,null,OS,0.0,BDL,59.36,OK,0.0,BDL
2019-07-03 18:00:00,26.66,OK,0.72,BDL,null,OS,null,OS,0.0,BDL,33.21,OK,0.0,BDL
2019-07-03 19:00:00,18.34,OK,0.67,BDL,null,OS,null,OS,0.0,BDL,30.93,OK,0.0,BDL
2019-07-03 20:00:00,18.17,OK,0.59,BDL,null,OS,null,OS,0.0,BDL,27.8,OK,0.0,BDL
2019-07-03 21:00:00,16.23,OK,0.6,BDL,null,OS,null,OS,0.0,BDL,30.23,OK,0.0,BDL
2019-07-03 22:00:00,13.77,OK,0.62,BDL,null,OS,null,OS,0.0,BDL,33.56,OK,0.0,BDL
2019-07-03 23:00:00,12.85,OK,0.56,BDL,null,OS,null,OS,0.0,BDL,29.13,OK,0.0,BDL
2019-07-04 00:00:00,11.94,OK,0.62,BDL,null,OS,null,OS,0.0,BDL,35.62,OK,0.0,BDL
2019-07-04 01:00:00,12.71,OK,0.58,BDL,null,OS,null,OS,0.0,BDL,27.67,OK,0.0,BDL
2019-07-04 02:00:00,10.44,OK,0.55,BDL,null,OS,null,OS,0.0,BDL,25.11,OK,0.0,BDL
2019-07-04 03:00:00,12.16,OK,0.51,BDL,null,OS,null,OS,0.0,BDL,32.02,OK,0.0,BDL
2019-07-04 04:00:00,10.93,OK,0.52,BDL,null,OS,null,OS,0.0,BDL,15.93,OK,0.0,BDL
2019-07-04 05:00:00,7.85,OK,0.61,BDL,null,OS,null,OS,0.0,BDL,44.37,OK,0.0,BDL
2019-07-04 06:00:00,11.52,OK,0.59,BDL,null,OS,null,OS,0.0,BDL,33.71,OK,0.0,BDL
2019-07-04 07:00:00,15.98,OK,0.72,BDL,null,OS,null,OS,0.0,BDL,30.98,OK,0.0,BDL
2019-07-04 08:00:00,24.52,OK,0.67,BDL,null,OS,null,OS,0.0,BDL,7.13,OK,0.0,BDL
2019-07-04 09:00:00,33.2,OK,0.71,BDL,null,OS,null,OS,0.0,BDL,23.55,OK,0.0,BDL
2019-07-04 10:00:00,36.93,OK,0.57,BDL,null,OS,null,OS,0.0,BDL,14.48,OK,0.0,BDL
2019-07-04 11:00:00,40.07,OK,0.61,BDL,null,OS,null,OS,0.0,BDL,24.98,OK,0.0,BDL
2019-07-04 12:00:00,40.37,OK,0.66,BDL,null,OS,null,OS,0.0,BDL,18.76,OK,0.0,BDL
2019-07-04 13:00:00,40.17,OK,0.68,BDL,null,OS,null,OS,0.0,BDL,20.08,OK,0.0,BDL
2019-07-04 14:00:00,37.79,OK,0.67,BDL,null,OS,null,OS,0.0,BDL,44.56,OK,0.0,BDL
2019-07-04 15:00:00,38.14,OK,0.78,BDL,null,OS,null,OS,0.0,BDL,43.1,OK,0.0,BDL
2019-07-04 16:00:00,34.25,OK,0.71,BDL,null,OS,null,OS,0.0,BDL,82.78,OK,0.0,BDL
2019-07-04 17:00:00,32.12,OK,0.75,BDL,null,OS,null,OS,0.0,BDL,84.48,OK,0.0,BDL
2019-07-04 18:00:00,25.57,OK,0.64,BDL,null,OS,null,OS,0.0,BDL,38.98,OK,0.0,BDL
2019-07-04 19:00:00,22.45,OK,0.65,BDL,null,OS,null,OS,0.0,BDL,34.95,OK,0.0,BDL
2019-07-04 20:00:00,22.2,OK,0.53,BDL,null,OS,null,OS,0.0,BDL,34.48,OK,0.0,BDL
2019-07-04 21:00:00,21.22,OK,0.57,BDL,null,OS,null,OS,0.0,BDL,22.3,OK,0.0,BDL
2019-07-04 22:00:00,19.46,OK,0.6,BDL,null,OS,null,OS,0.0,BDL,31.23,OK,0.0,BDL
2019-07-04 23:00:00,18.57,OK,0.63,BDL,null,OS,null,OS,0.0,BDL,31.7,OK,0.0,BDL
2019-07-05 00:00:00,18.88,OK,0.65,BDL,null,OS,null,OS,0.0,BDL,26.79,OK,0.0,BDL
2019-07-05 01:00:00,17.9,OK,0.56,BDL,null,OS,null,OS,0.0,BDL,20.55,OK,0.0,BDL
2019-07-05 02:00:00,17.38,OK,0.61,BDL,null,OS,null,OS,0.0,BDL,28.96,OK,0.0,BDL
2019-07-05 03:00:00,11.3,OK,0.71,BDL,null,OS,null,OS,0.0,BDL,40.19,OK,0.0,BDL
2019-07-05 04:00:00,10.1,OK,0.71,BDL,null,OS,null,OS,0.0,BDL,34.0,OK,0.0,BDL
2019-07-05 05:00:00,10.12,OK,0.67,BDL,null,OS,null,OS,0.0,BDL,35.22,OK,0.0,BDL
2019-07-05 06:00:00,15.79,OK,0.59,BDL,null,OS,null,OS,0.0,BDL,27.05,OK,0.0,BDL
2019-07-05 07:00:00,23.54,OK,0.64,BDL,null,OS,null,OS,0.0,BDL,33.85,OK,0.0,BDL
2019-07-05 08:00:00,28.09,OK,1.19,OK,null,OS,null,OS,0.0,BDL,31.93,OK,0.0,BDL
2019-07-05 09:00:00,33.66,OK,0.67,BDL,null,OS,null,OS,0.0,BDL,29.81,OK,0.0,BDL
2019-07-05 10:00:00,36.46,OK,0.68,BDL,null,OS,null,OS,0.0,BDL,30.41,OK,0.0,BDL
2019-07-05 11:00:00,36.31,OK,0.7,BDL,null,OS,null,OS,0.0,BDL,29.28,OK,0.0,BDL
2019-07-05 12:00:00,38.07,OK,0.71,BDL,null,OS,null,OS,0.0,BDL,27.91,OK,0.0,BDL
2019-07-05 13:00:00,34.54,OK,0.7,BDL,null,OS,null,OS,0.0,BDL,61.99,OK,0.0,BDL
2019-07-05 14:00:00,25.16,OK,0.71,BDL,null,OS,null,OS,0.0,BDL,265.14,OK,0.0,BDL
2019-07-05 15:00:00,17.24,OK,1.14,OK,null,OS,null,OS,0.0,BDL,23.66,OK,0.0,BDL
2019-07-05 16:00:00,19.91,OK,0.85,BDL,null,OS,null,OS,0.0,BDL,23.72,OK,0.0,BDL
2019-07-05 17:00:00,21.97,OK,0.73,BDL,null,OS,null,OS,0.0,BDL,14.07,OK,0.0,BDL
2019-07-05 18:00:00,19.18,OK,0.86,BDL,null,OS,null,OS,0.0,BDL,24.94,OK,0.0,BDL
2019-07-05 19:00:00,21.43,OK,0.77,BDL,null,OS,null,OS,0.0,BDL,23.13,OK,0.0,BDL
2019-07-05 20:00:00,20.84,OK,0.62,BDL,null,OS,null,OS,0.0,BDL,23.05,OK,0.0,BDL
2019-07-05 21:00:00,22.82,OK,0.51,BDL,null,OS,null,OS,0.0,BDL,18.01,OK,0.0,BDL
2019-07-05 22:00:00,20.6,OK,0.57,BDL,null,OS,null,OS,0.0,BDL,11.07,OK,0.0,BDL
2019-07-05 23:00:00,16.75,OK,0.61,BDL,null,OS,null,OS,0.0,BDL,17.81,OK,0.0,BDL
2019-07-06 00:00:00,17.31,OK,0.57,BDL,null,OS,null,OS,0.0,BDL,15.29,OK,0.0,BDL
2019-07-06 01:00:00,16.94,OK,0.61,BDL,null,OS,null,OS,0.0,BDL,16.09,OK,0.0,BDL
2019-07-06 02:00:00,18.51,OK,0.61,BDL,null,OS,null,OS,0.0,BDL,12.81,OK,0.0,BDL
2019-07-06 03:00:00,18.94,OK,0.59,BDL,null,OS,null,OS,0.0,BDL,9.89,OK,0.0,BDL
2019-07-06 04:00:00,22.07,OK,0.56,BDL,null,OS,null,OS,0.0,BDL,10.98,OK,0.0,BDL
2019-07-06 05:00:00,23.49,OK,0.56,BDL,null,OS,null,OS,0.0,BDL,10.43,OK,0.0,BDL
2019-07-06 06:00:00,23.66,OK,0.57,BDL,null,OS,null,OS,0.0,BDL,10.82,OK,0.0,BDL
2019-07-06 07:00:00,29.47,OK,0.63,BDL,null,OS,null,OS,0.0,BDL,19.71,OK,0.0,BDL
2019-07-06 08:00:00,34.25,OK,0.61,BDL,null,OS,null,OS,0.0,BDL,21.24,OK,0.0,BDL
2019-07-06 09:00:00,43.16,OK,0.71,BDL,null,OS,null,OS,0.0,BDL,27.04,OK,0.0,BDL
2019-07-06 10:00:00,55.2,OK,0.71,BDL,null,OS,null,OS,0.0,BDL,46.74,OK,0.0,BDL
2019-07-06 11:00:00,53.36,OK,0.74,BDL,null,OS,null,OS,0.0,BDL,36.33,OK,0.0,BDL
2019-07-06 12:00:00,51.61,OK,0.68,BDL,null,OS,null,OS,0.0,BDL,33.22,OK,0.0,BDL
2019-07-06 13:00:00,50.56,OK,0.77,BDL,null,OS,null,OS,0.0,BDL,28.94,OK,0.0,BDL
2019-07-06 14:00:00,46.94,OK,0.73,BDL,null,OS,null,OS,0.0,BDL,47.69,OK,0.0,BDL
2019-07-06 15:00:00,39.2,OK,0.71,BDL,null,OS,null,OS,0.0,BDL,76.32,OK,0.0,BDL
2019-07-06 16:00:00,33.24,OK,0.65,BDL,null,OS,null,OS,0.0,BDL,54.11,OK,0.0,BDL
2019-07-06 17:00:00,32.01,OK,0.66,BDL,null,OS,null,OS,0.0,BDL,7.81,OK,0.0,BDL
2019-07-06 18:00:00,29.75,OK,0.62,BDL,null,OS,null,OS,0.0,BDL,-2.83,BDL,0.0,BDL
2019-07-06 19:00:00,22.05,OK,0.73,BDL,null,OS,null,OS,0.0,BDL,12.4,OK,0.0,BDL
2019-07-06 20:00:00,18.46,OK,0.75,BDL,null,OS,null,OS,0.0,BDL,31.08,OK,0.0,BDL
2019-07-06 21:00:00,20.41,OK,0.67,BDL,null,OS,null,OS,0.0,BDL,31.38,OK,0.0,BDL
2019-07-06 22:00:00,18.69,OK,0.61,BDL,null,OS,null,OS,0.0,BDL,22.86,OK,0.0,BDL
2019-07-06 23:00:00,18.76,OK,0.72,BDL,null,OS,null,OS,0.0,BDL,29.07,OK,0.0,BDL
2019-07-07 00:00:00,14.06,OK,0.61,BDL,null,OS,null,OS,0.0,BDL,31.11,OK,0.0,BDL
2019-07-07 01:00:00,12.01,OK,0.55,BDL,null,OS,null,OS,0.0,BDL,19.14,OK,0.0,BDL
2019-07-07 02:00:00,10.49,OK,0.55,BDL,null,OS,null,OS,0.0,BDL,26.6,OK,0.0,BDL
2019-07-07 03:00:00,5.86,OK,0.68,BDL,null,OS,null,OS,0.0,BDL,21.39,OK,0.0,BDL
2019-07-07 04:00:00,2.77,OK,0.75,BDL,null,OS,null,OS,0.0,BDL,33.54,OK,0.0,BDL
2019-07-07 05:00:00,10.27,OK,0.7,BDL,null,OS,null,OS,0.0,BDL,57.82,OK,0.0,BDL
2019-07-07 06:00:00,15.58,OK,0.71,BDL,null,OS,null,OS,0.0,BDL,16.18,OK,0.0,BDL
2019-07-07 07:00:00,25.96,OK,0.58,BDL,null,OS,null,OS,0.0,BDL,14.25,OK,0.0,BDL
2019-07-07 08:00:00,40.72,OK,0.56,BDL,null,OS,null,OS,0.0,BDL,44.39,OK,0.0,BDL
2019-07-07 09:00:00,47.02,OK,0.54,BDL,null,OS,null,OS,0.0,BDL,28.11,OK,0.0,BDL
2019-07-07 10:00:00,42.14,OK,0.55,BDL,null,OS,null,OS,0.0,BDL,36.32,OK,0.0,BDL
2019-07-07 11:00:00,39.01,OK,0.59,BDL,null,OS,null,OS,0.0,BDL,19.32,OK,0.0,BDL
2019-07-07 12:00:00,38.78,OK,0.61,BDL,null,OS,null,OS,0.0,BDL,-1.24,BDL,0.0,BDL
2019-07-07 13:00:00,38.69,OK,0.6,BDL,null,OS,null,OS,0.0,BDL,3.88,BDL,0.0,BDL
2019-07-07 14:00:00,39.18,OK,0.56,BDL,null,OS,null,OS,0.0,BDL,20.37,OK,0.0,BDL
2019-07-07 15:00:00,39.51,OK,0.6,BDL,null,OS,null,OS,0.0,BDL,24.57,OK,0.0,BDL
2019-07-07 16:00:00,38.41,OK,0.61,BDL,null,OS,null,OS,0.0,BDL,22.9,OK,0.0,BDL
2019-07-07 17:00:00,36.41,OK,0.64,BDL,null,OS,null,OS,0.0,BDL,19.43,OK,0.0,BDL
2019-07-07 18:00:00,34.93,OK,0.57,BDL,null,OS,null,OS,0.0,BDL,2.71,BDL,0.0,BDL
2019-07-07 19:00:00,29.46,OK,0.65,BDL,null,OS,null,OS,0.0,BDL,9.84,OK,0.0,BDL
2019-07-07 20:00:00,25.1,OK,0.77,BDL,null,OS,null,OS,0.0,BDL,15.76,OK,0.0,BDL
2019-07-07 21:00:00,26.99,OK,0.77,BDL,null,OS,null,OS,0.0,BDL,24.9,OK,0.0,BDL
2019-07-07 22:00:00,28.28,OK,0.67,BDL,null,OS,null,OS,0.0,BDL,17.15,OK,0.0,BDL
2019-07-07 23:00:00,29.6,OK,0.7,BDL,null,OS,null,OS,0.0,BDL,20.81,OK,0.0,BDL
2019-07-08 00:00:00,34.1,OK,0.66,BDL,null,OS,null,OS,0.0,BDL,10.59,OK,0.0,BDL
2019-07-08 01:00:00,33.05,OK,0.66,BDL,null,OS,null,OS,0.0,BDL,15.75,OK,0.0,BDL
2019-07-08 02:00:00,29.44,OK,0.63,BDL,null,OS,null,OS,0.0,BDL,10.98,OK,0.0,BDL
2019-07-08 03:00:00,25.7,OK,0.68,BDL,null,OS,null,OS,0.0,BDL,9.57,OK,0.0,BDL
2019-07-08 04:00:00,13.08,OK,0.93,BDL,null,OS,null,OS,0.0,BDL,21.17,OK,0.0,BDL
2019-07-08 05:00:00,6.21,OK,1.63,OK,null,OS,null,OS,0.0,BDL,24.14,OK,0.0,BDL
2019-07-08 06:00:00,19.37,OK,0.92,BDL,null,OS,null,OS,0.0,BDL,42.4,OK,0.0,BDL
2019-07-08 07:00:00,28.69,OK,0.82,BDL,null,OS,null,OS,0.0,BDL,28.36,OK,0.0,BDL
2019-07-08 08:00:00,38.15,OK,0.78,BDL,null,OS,null,OS,0.0,BDL,49.8,OK,0.0,BDL
2019-07-08 09:00:00,49.61,OK,0.78,BDL,null,OS,null,OS,0.0,BDL,35.83,OK,0.0,BDL
2019-07-08 10:00:00,44.35,OK,0.78,BDL,null,OS,null,OS,0.0,BDL,49.49,OK,0.0,BDL
2019-07-08 11:00:00,40.26,OK,0.79,BDL,null,OS,null,OS,0.0,BDL,22.79,OK,0.0,BDL
2019-07-08 12:00:00,37.6,OK,0.76,BDL,null,OS,null,OS,0.0,BDL,26.07,OK,0.0,BDL
2019-07-08 13:00:00,37.05,OK,0.66,BDL,null,OS,null,OS,0.0,BDL,15.27,OK,0.0,BDL
2019-07-08 14:00:00,36.07,OK,0.64,BDL,null,OS,null,OS,0.0,BDL,19.86,OK,0.0,BDL
2019-07-08 15:00:00,34.64,OK,0.61,BDL,null,OS,null,OS,0.0,BDL,26.55,OK,0.0,BDL
2019-07-08 16:00:00,31.8,OK,0.64,BDL,null,OS,null,OS,0.0,BDL,24.97,OK,0.0,BDL
2019-07-08 17:00:00,30.77,OK,0.73,BDL,null,OS,null,OS,0.0,BDL,21.09,OK,0.0,BDL
2019-07-08 18:00:00,26.0,OK,0.73,BDL,null,OS,null,OS,0.0,BDL,17.26,OK,0.0,BDL
2019-07-08 19:00:00,21.82,OK,0.73,BDL,null,OS,null,OS,0.0,BDL,20.91,OK,0.0,BDL
2019-07-08 20:00:00,21.36,OK,0.71,BDL,null,OS,null,OS,0.0,BDL,24.42,OK,0.0,BDL
2019-07-08 21:00:00,20.41,OK,0.7,BDL,null,OS,null,OS,0.0,BDL,25.66,OK,0.0,BDL
2019-07-08 22:00:00,20.62,OK,0.78,BDL,null,OS,null,OS,0.0,BDL,25.65,OK,0.0,BDL
2019-07-08 23:00:00,23.66,OK,0.73,BDL,null,OS,null,OS,0.0,BDL,28.67,OK,0.0,BDL
2019-07-09 00:00:00,24.4,OK,0.65,BDL,null,OS,null,OS,0.0,BDL,16.93,OK,0.0,BDL
2019-07-09 01:00:00,24.1,OK,0.66,BDL,null,OS,null,OS,0.0,BDL,15.06,OK,0.0,BDL
2019-07-09 02:00:00,24.08,OK,0.69,BDL,null,OS,null,OS,0.0,BDL,8.76,OK,0.0,BDL
2019-07-09 03:00:00,23.2,OK,0.63,BDL,null,OS,null,OS,0.0,BDL,14.65,OK,0.0,BDL
2019-07-09 04:00:00,16.74,OK,0.73,BDL,null,OS,null,OS,0.0,BDL,10.38,OK,0.0,BDL
2019-07-09 05:00:00,8.19,OK,1.02,OK,null,OS,null,OS,0.0,BDL,36.09,OK,0.0,BDL
2019-07-09 06:00:00,12.23,OK,1.03,OK,null,OS,null,OS,0.0,BDL,43.22,OK,0.0,BDL
2019-07-09 07:00:00,22.58,OK,0.89,BDL,null,OS,null,OS,0.0,BDL,50.28,OK,0.0,BDL
2019-07-09 08:00:00,32.35,OK,0.94,BDL,null,OS,null,OS,0.0,BDL,46.23,OK,0.0,BDL
2019-07-09 09:00:00,42.83,OK,0.85,BDL,null,OS,null,OS,0.0,BDL,39.05,OK,0.0,BDL
2019-07-09 10:00:00,51.27,OK,0.76,BDL,null,OS,null,OS,0.0,BDL,62.33,OK,0.0,BDL
2019-07-09 11:00:00,47.75,OK,0.73,BDL,null,OS,null,OS,0.0,BDL,41.76,OK,0.0,BDL
2019-07-09 12:00:00,38.35,OK,0.78,BDL,null,OS,null,OS,0.0,BDL,26.12,OK,0.0,BDL
2019-07-09 13:00:00,36.5,OK,0.68,BDL,null,OS,null,OS,0.0,BDL,22.45,OK,0.0,BDL
2019-07-09 14:00:00,34.55,OK,0.78,BDL,null,OS,null,OS,0.0,BDL,32.94,OK,0.0,BDL
2019-07-09 15:00:00,32.11,OK,0.77,BDL,null,OS,null,OS,0.0,BDL,37.65,OK,0.0,BDL
2019-07-09 16:00:00,29.27,OK,0.73,BDL,null,OS,null,OS,0.0,BDL,42.87,OK,0.0,BDL
2019-07-09 17:00:00,25.96,OK,0.73,BDL,null,OS,null,OS,0.0,BDL,24.89,OK,0.0,BDL
2019-07-09 18:00:00,23.73,OK,0.74,BDL,null,OS,null,OS,0.0,BDL,9.67,OK,0.0,BDL
2019-07-09 19:00:00,18.56,OK,0.87,BDL,null,OS,null,OS,0.0,BDL,8.77,OK,0.0,BDL
2019-07-09 20:00:00,17.37,OK,0.73,BDL,null,OS,null,OS,0.0,BDL,20.25,OK,0.0,BDL
2019-07-09 21:00:00,14.33,OK,1.19,OK,null,OS,null,OS,0.0,BDL,20.85,OK,0.0,BDL
2019-07-09 22:00:00,14.47,OK,0.78,BDL,null,OS,null,OS,0.0,BDL,24.13,OK,0.0,BDL
2019-07-09 23:00:00,17.35,OK,0.86,BDL,null,OS,null,OS,0.0,BDL,46.54,OK,0.0,BDL
2019-07-10 00:00:00,20.95,OK,0.69,BDL,null,OS,null,OS,0.0,BDL,26.7,OK,0.0,BDL
2019-07-10 01:00:00,19.28,OK,0.74,BDL,null,OS,null,OS,0.0,BDL,16.15,OK,0.0,BDL
2019-07-10 02:00:00,11.03,OK,0.8,BDL,null,OS,null,OS,0.0,BDL,24.37,OK,0.0,BDL
2019-07-10 03:00:00,5.15,OK,0.79,BDL,null,OS,null,OS,0.0,BDL,25.58,OK,0.0,BDL
2019-07-10 04:00:00,8.21,OK,0.8,BDL,null,OS,null,OS,0.0,BDL,22.05,OK,0.0,BDL
2019-07-10 05:00:00,4.73,OK,1.18,OK,null,OS,null,OS,0.0,BDL,23.86,OK,0.0,BDL
2019-07-10 06:00:00,9.29,OK,1.26,OK,null,OS,null,OS,0.0,BDL,56.64,OK,0.0,BDL
2019-07-10 07:00:00,20.67,OK,1.03,OK,null,OS,null,OS,0.0,BDL,47.63,OK,0.0,BDL
2019-07-10 08:00:00,33.65,OK,0.97,BDL,null,OS,null,OS,0.0,BDL,61.72,OK,0.0,BDL
2019-07-10 09:00:00,50.17,OK,0.89,BDL,null,OS,null,OS,0.0,BDL,54.08,OK,0.0,BDL
2019-07-10 10:00:00,71.49,OK,0.98,BDL,null,OS,null,OS,0.0,BDL,56.95,OK,0.0,BDL
2019-07-10 11:00:00,44.71,OK,0.74,BDL,null,OS,null,OS,0.0,BDL,44.44,OK,0.0,BDL
2019-07-10 12:00:00,35.91,OK,0.76,BDL,null,OS,null,OS,0.0,BDL,19.49,OK,0.0,BDL
2019-07-10 13:00:00,34.34,OK,0.8,BDL,null,OS,null,OS,0.0,BDL,23.67,OK,0.0,BDL
2019-07-10 14:00:00,32.31,OK,0.86,BDL,null,OS,null,OS,0.0,BDL,37.17,OK,0.0,BDL
2019-07-10 15:00:00,31.44,OK,0.85,BDL,null,OS,null,OS,0.0,BDL,41.56,OK,0.0,BDL
2019-07-10 16:00:00,30.59,OK,0.76,BDL,null,OS,null,OS,0.0,BDL,43.58,OK,0.0,BDL
2019-07-10 17:00:00,25.84,OK,0.75,BDL,null,OS,null,OS,0.0,BDL,75.37,OK,0.0,BDL
2019-07-10 18:00:00,21.23,OK,0.77,BDL,null,OS,null,OS,0.0,BDL,44.61,OK,0.0,BDL
2019-07-10 19:00:00,20.16,OK,0.79,BDL,null,OS,null,OS,0.0,BDL,29.43,OK,0.0,BDL
2019-07-10 20:00:00,21.72,OK,0.74,BDL,null,OS,null,OS,0.0,BDL,20.4,OK,0.0,BDL
2019-07-10 21:00:00,21.13,OK,0.79,BDL,null,OS,null,OS,0.0,BDL,27.9,OK,0.0,BDL
2019-07-10 22:00:00,23.8,OK,0.77,BDL,null,OS,null,OS,0.0,BDL,23.65,OK,0.0,BDL
2019-07-10 23:00:00,22.15,OK,0.74,BDL,null,OS,null,OS,0.0,BDL,21.42,OK,0.0,BDL
2019-07-11 00:00:00,20.18,OK,0.71,BDL,null,OS,null,OS,0.0,BDL,16.61,OK,0.0,BDL
2019-07-11 01:00:00,17.19,OK,0.75,BDL,null,OS,null,OS,0.0,BDL,20.15,OK,0.0,BDL
2019-07-11 02:00:00,15.61,OK,0.78,BDL,null,OS,null,OS,0.0,BDL,18.99,OK,0.0,BDL
2019-07-11 03:00:00,15.3,OK,0.65,BDL,null,OS,null,OS,0.0,BDL,20.98,OK,0.0,BDL
2019-07-11 04:00:00,7.57,OK,0.97,BDL,null,OS,null,OS,0.0,BDL,18.36,OK,0.0,BDL
2019-07-11 05:00:00,3.11,OK,1.32,OK,null,OS,null,OS,0.0,BDL,35.49,OK,0.0,BDL
2019-07-11 06:00:00,6.42,OK,1.27,OK,null,OS,null,OS,0.0,BDL,57.65,OK,0.0,BDL
2019-07-11 07:00:00,12.0,OK,1.06,OK,null,OS,null,OS,0.0,BDL,41.7,OK,0.0,BDL
2019-07-11 08:00:00,23.21,OK,0.95,BDL,null,OS,null,OS,0.0,BDL,40.23,OK,0.0,BDL
2019-07-11 09:00:00,36.02,OK,0.88,BDL,null,OS,null,OS,0.0,BDL,27.93,OK,0.0,BDL
2019-07-11 10:00:00,40.5,OK,0.75,BDL,null,OS,null,OS,0.0,BDL,32.33,OK,0.0,BDL
2019-07-11 11:00:00,40.22,OK,0.81,BDL,null,OS,null,OS,0.0,BDL,41.84,OK,0.0,BDL
2019-07-11 12:00:00,42.62,OK,0.94,BDL,null,OS,null,OS,0.0,BDL,22.9,OK,0.0,BDL
2019-07-11 13:00:00,47.17,OK,0.86,BDL,null,OS,null,OS,0.0,BDL,34.65,OK,0.0,BDL
2019-07-11 14:00:00,48.75,OK,0.8,BDL,null,OS,null,OS,0.0,BDL,57.02,OK,0.0,BDL
2019-07-11 15:00:00,49.82,OK,0.79,BDL,null,OS,null,OS,0.0,BDL,52.66,OK,0.0,BDL
2019-07-11 16:00:00,49.85,OK,0.78,BDL,null,OS,null,OS,0.0,BDL,36.7,OK,0.0,BDL
2019-07-11 17:00:00,38.48,OK,0.92,BDL,null,OS,null,OS,0.0,BDL,26.47,OK,0.0,BDL
2019-07-11 18:00:00,33.54,OK,0.83,BDL,null,OS,null,OS,0.0,BDL,49.85,OK,0.0,BDL
2019-07-11 19:00:00,43.11,OK,0.74,BDL,null,OS,null,OS,0.0,BDL,50.71,OK,0.0,BDL
2019-07-11 20:00:00,34.14,OK,0.68,BDL,null,OS,null,OS,0.0,BDL,-1.71,BDL,0.0,BDL
2019-07-11 21:00:00,21.98,OK,0.79,BDL,null,OS,null,OS,0.0,BDL,10.7,OK,0.0,BDL
2019-07-11 22:00:00,16.79,OK,0.75,BDL,null,OS,null,OS,0.0,BDL,27.64,OK,0.0,BDL
2019-07-11 23:00:00,26.98,OK,0.84,BDL,null,OS,null,OS,0.0,BDL,38.56,OK,0.0,BDL
2019-07-12 00:00:00,32.2,OK,0.76,BDL,null,OS,null,OS,0.0,BDL,33.09,OK,0.0,BDL
2019-07-12 01:00:00,34.96,OK,0.73,BDL,null,OS,null,OS,0.0,BDL,17.05,OK,0.0,BDL
2019-07-12 02:00:00,33.87,OK,0.66,BDL,null,OS,null,OS,0.0,BDL,8.95,OK,0.0,BDL
2019-07-12 03:00:00,30.51,OK,0.68,BDL,null,OS,null,OS,0.0,BDL,16.49,OK,0.0,BDL
2019-07-12 04:00:00,23.61,OK,0.69,BDL,null,OS,null,OS,0.0,BDL,12.65,OK,0.0,BDL
2019-07-12 05:00:00,22.97,OK,0.82,BDL,null,OS,null,OS,0.0,BDL,17.93,OK,0.0,BDL
2019-07-12 06:00:00,22.96,OK,0.79,BDL,null,OS,null,OS,0.0,BDL,16.7,OK,0.0,BDL
2019-07-12 07:00:00,29.38,OK,0.76,BDL,null,OS,null,OS,0.0,BDL,42.26,OK,0.0,BDL
2019-07-12 08:00:00,41.5,OK,0.72,BDL,null,OS,null,OS,0.0,BDL,28.75,OK,0.0,BDL
2019-07-12 09:00:00,38.43,OK,0.75,BDL,null,OS,null,OS,0.0,BDL,28.56,OK,0.0,BDL
2019-07-12 10:00:00,41.24,OK,0.75,BDL,null,OS,null,OS,0.0,BDL,20.77,OK,0.0,BDL
2019-07-12 11:00:00,43.03,OK,0.7,BDL,null,OS,null,OS,0.0,BDL,28.3,OK,0.0,BDL
2019-07-12 12:00:00,44.97,OK,0.67,BDL,null,OS,null,OS,0.0,BDL,62.96,OK,0.0,BDL
2019-07-12 13:00:00,44.75,OK,0.71,BDL,null,OS,null,OS,0.0,BDL,25.26,OK,0.0,BDL
2019-07-12 14:00:00,39.51,OK,0.74,BDL,null,OS,null,OS,0.0,BDL,51.56,OK,0.0,BDL
2019-07-12 15:00:00,32.71,OK,0.74,BDL,null,OS,null,OS,0.0,BDL,100.48,OK,0.0,BDL
2019-07-12 16:00:00,29.84,OK,0.76,BDL,null,OS,null,OS,0.0,BDL,79.51,OK,0.0,BDL
2019-07-12 17:00:00,26.11,OK,0.84,BDL,null,OS,null,OS,0.0,BDL,49.96,OK,0.0,BDL
2019-07-12 18:00:00,24.29,OK,0.78,BDL,null,OS,null,OS,0.0,BDL,35.52,OK,0.0,BDL
2019-07-12 19:00:00,38.17,OK,0.77,BDL,null,OS,null,OS,0.0,BDL,42.88,OK,0.0,BDL
2019-07-12 20:00:00,35.42,OK,0.72,BDL,null,OS,null,OS,0.0,BDL,25.78,OK,0.0,BDL
2019-07-12 21:00:00,29.82,OK,0.67,BDL,null,OS,null,OS,0.0,BDL,3.63,BDL,0.0,BDL
2019-07-12 22:00:00,33.53,OK,0.67,BDL,null,OS,null,OS,0.0,BDL,3.37,BDL,0.0,BDL
2019-07-12 23:00:00,35.4,OK,0.66,BDL,null,OS,null,OS,0.0,BDL,15.28,OK,0.0,BDL
2019-07-13 00:00:00,38.57,OK,0.57,BDL,null,OS,null,OS,0.0,BDL,13.42,OK,0.0,BDL
2019-07-13 01:00:00,37.73,OK,0.56,BDL,null,OS,null,OS,0.0,BDL,3.43,BDL,0.0,BDL
2019-07-13 02:00:00,33.05,OK,0.57,BDL,null,OS,null,OS,0.0,BDL,12.44,OK,0.0,BDL
2019-07-13 03:00:00,31.68,OK,0.65,BDL,null,OS,null,OS,0.0,BDL,10.56,OK,0.0,BDL
2019-07-13 04:00:00,29.2,OK,0.58,BDL,null,OS,null,OS,0.0,BDL,9.96,OK,0.0,BDL
2019-07-13 05:00:00,30.32,OK,0.59,BDL,null,OS,null,OS,0.0,BDL,7.42,OK,0.0,BDL
2019-07-13 06:00:00,24.64,OK,0.66,BDL,null,OS,null,OS,0.0,BDL,21.63,OK,0.0,BDL
2019-07-13 07:00:00,20.46,OK,0.79,BDL,null,OS,null,OS,0.0,BDL,27.15,OK,0.0,BDL
2019-07-13 08:00:00,25.98,OK,0.74,BDL,null,OS,null,OS,0.0,BDL,24.69,OK,0.0,BDL
2019-07-13 09:00:00,34.77,OK,0.81,BDL,null,OS,null,OS,0.0,BDL,16.44,OK,0.0,BDL
2019-07-13 10:00:00,39.44,OK,0.77,BDL,null,OS,null,OS,0.0,BDL,34.29,OK,0.0,BDL
2019-07-13 11:00:00,41.75,OK,0.81,BDL,null,OS,null,OS,0.0,BDL,27.28,OK,0.0,BDL
2019-07-13 12:00:00,41.73,OK,0.8,BDL,null,OS,null,OS,0.0,BDL,29.59,OK,0.0,BDL
2019-07-13 13:00:00,41.01,OK,0.79,BDL,null,OS,null,OS,0.0,BDL,22.41,OK,0.0,BDL
2019-07-13 14:00:00,38.89,OK,0.77,BDL,null,OS,null,OS,0.0,BDL,32.27,OK,0.0,BDL
2019-07-13 15:00:00,38.39,OK,0.82,BDL,null,OS,null,OS,0.0,BDL,33.23,OK,0.0,BDL
2019-07-13 16:00:00,31.76,OK,0.95,BDL,null,OS,null,OS,0.0,BDL,43.28,OK,0.0,BDL
2019-07-13 17:00:00,27.27,OK,0.76,BDL,null,OS,null,OS,0.0,BDL,51.31,OK,0.0,BDL
2019-07-13 18:00:00,29.92,OK,0.72,BDL,null,OS,null,OS,0.0,BDL,31.84,OK,0.0,BDL
2019-07-13 19:00:00,42.07,OK,0.6,BDL,null,OS,null,OS,0.0,BDL,126.15,OK,0.0,BDL
2019-07-13 20:00:00,31.64,OK,0.73,BDL,null,OS,null,OS,0.0,BDL,11.58,OK,0.0,BDL
2019-07-13 21:00:00,26.59,OK,0.66,BDL,null,OS,null,OS,0.0,BDL,1.57,BDL,0.0,BDL
2019-07-13 22:00:00,27.15,OK,0.63,BDL,null,OS,null,OS,0.0,BDL,12.97,OK,0.0,BDL
2019-07-13 23:00:00,30.49,OK,0.61,BDL,null,OS,null,OS,0.0,BDL,15.59,OK,0.0,BDL
2019-07-14 00:00:00,28.85,OK,0.57,BDL,null,OS,null,OS,0.0,BDL,9.62,OK,0.0,BDL
2019-07-14 01:00:00,25.79,OK,0.58,BDL,null,OS,null,OS,0.0,BDL,8.52,OK,0.0,BDL
2019-07-14 02:00:00,24.24,OK,0.6,BDL,null,OS,null,OS,0.0,BDL,5.54,OK,0.0,BDL
2019-07-14 03:00:00,22.6,OK,0.57,BDL,null,OS,null,OS,0.0,BDL,7.29,OK,0.0,BDL
2019-07-14 04:00:00,18.07,OK,0.59,BDL,null,OS,null,OS,0.0,BDL,20.04,OK,0.0,BDL
2019-07-14 05:00:00,14.92,OK,0.66,BDL,null,OS,null,OS,0.0,BDL,24.82,OK,0.0,BDL
2019-07-14 06:00:00,18.13,OK,0.68,BDL,null,OS,null,OS,0.0,BDL,24.26,OK,0.0,BDL
2019-07-14 07:00:00,21.26,OK,0.65,BDL,null,OS,null,OS,0.0,BDL,22.49,OK,0.0,BDL
2019-07-14 08:00:00,26.23,OK,0.63,BDL,null,OS,null,OS,0.0,BDL,23.86,OK,0.0,BDL
2019-07-14 09:00:00,34.73,OK,0.67,BDL,null,OS,null,OS,0.0,BDL,0.99,BDL,0.0,BDL
2019-07-14 10:00:00,38.12,OK,0.65,BDL,null,OS,null,OS,0.0,BDL,31.09,OK,0.0,BDL
2019-07-14 11:00:00,41.38,OK,0.73,BDL,null,OS,null,OS,0.0,BDL,42.95,OK,0.0,BDL
2019-07-14 12:00:00,37.93,OK,0.69,BDL,null,OS,null,OS,0.0,BDL,29.93,OK,0.0,BDL
2019-07-14 13:00:00,40.82,OK,0.61,BDL,null,OS,null,OS,0.0,BDL,26.42,OK,0.0,BDL
2019-07-14 14:00:00,47.76,OK,0.66,BDL,null,OS,null,OS,0.0,BDL,17.83,OK,0.0,BDL
2019-07-14 15:00:00,44.94,OK,0.72,BDL,null,OS,null,OS,0.0,BDL,32.85,OK,0.0,BDL
2019-07-14 16:00:00,41.29,OK,0.65,BDL,null,OS,null,OS,0.0,BDL,15.8,OK,0.0,BDL
2019-07-14 17:00:00,32.04,OK,0.75,BDL,null,OS,null,OS,0.0,BDL,21.22,OK,0.0,BDL
2019-07-14 18:00:00,20.92,OK,0.7,BDL,null,OS,null,OS,0.0,BDL,26.56,OK,0.0,BDL
2019-07-14 19:00:00,15.47,OK,0.72,BDL,null,OS,null,OS,0.0,BDL,17.26,OK,0.0,BDL
2019-07-14 20:00:00,14.39,OK,0.77,BDL,null,OS,null,OS,0.0,BDL,24.08,OK,0.0,BDL
2019-07-14 21:00:00,14.24,OK,0.7,BDL,null,OS,null,OS,0.0,BDL,23.92,OK,0.0,BDL
2019-07-14 22:00:00,12.81,OK,0.7,BDL,null,OS,null,OS,0.0,BDL,22.08,OK,0.0,BDL
2019-07-14 23:00:00,12.26,OK,0.65,BDL,null,OS,null,OS,0.0,BDL,22.29,OK,0.0,BDL
2019-07-15 00:00:00,12.41,OK,0.68,BDL,null,OS,null,OS,0.0,BDL,24.35,OK,0.0,BDL
2019-07-15 01:00:00,13.18,OK,0.59,BDL,null,OS,null,OS,0.0,BDL,21.29,OK,0.0,BDL
2019-07-15 02:00:00,13.17,OK,0.62,BDL,null,OS,null,OS,0.0,BDL,16.32,OK,0.0,BDL
2019-07-15 03:00:00,10.53,OK,0.67,BDL,null,OS,null,OS,0.0,BDL,18.35,OK,0.0,BDL
2019-07-15 04:00:00,5.55,OK,1.24,OK,null,OS,null,OS,0.0,BDL,27.87,OK,0.0,BDL
2019-07-15 05:00:00,5.85,OK,2.27,OK,null,OS,null,OS,0.0,BDL,20.34,OK,0.0,BDL
2019-07-15 06:00:00,10.36,OK,0.81,BDL,null,OS,null,OS,0.0,BDL,27.66,OK,0.0,BDL
2019-07-15 07:00:00,15.36,OK,0.74,BDL,null,OS,null,OS,0.0,BDL,39.78,OK,0.0,BDL
2019-07-15 08:00:00,22.88,OK,0.74,BDL,null,OS,null,OS,0.0,BDL,36.68,OK,0.0,BDL
2019-07-15 09:00:00,28.05,OK,0.81,BDL,null,OS,null,OS,0.0,BDL,29.04,OK,0.0,BDL
2019-07-15 10:00:00,29.92,OK,0.73,BDL,null,OS,null,OS,0.0,BDL,37.21,OK,0.0,BDL
2019-07-15 11:00:00,33.63,OK,0.78,BDL,null,OS,null,OS,0.0,BDL,32.91,OK,0.0,BDL
2019-07-15 12:00:00,35.17,OK,0.75,BDL,null,OS,null,OS,0.0,BDL,36.19,OK,0.0,BDL
2019-07-15 13:00:00,33.23,OK,0.73,BDL,null,OS,null,OS,0.0,BDL,36.72,OK,0.0,BDL
2019-07-15 14:00:00,36.8,OK,0.72,BDL,null,OS,null,OS,0.0,BDL,29.11,OK,0.0,BDL
2019-07-15 15:00:00,34.13,OK,0.7,BDL,null,OS,null,OS,0.0,BDL,21.61,OK,0.0,BDL
2019-07-15 16:00:00,28.75,OK,0.73,BDL,null,OS,null,OS,0.0,BDL,33.48,OK,0.0,BDL
2019-07-15 17:00:00,25.67,OK,0.79,BDL,null,OS,null,OS,0.0,BDL,32.59,OK,0.0,BDL
2019-07-15 18:00:00,23.32,OK,0.79,BDL,null,OS,null,OS,0.0,BDL,24.76,OK,0.0,BDL
2019-07-15 19:00:00,21.71,OK,0.76,BDL,null,OS,null,OS,0.0,BDL,19.82,OK,0.0,BDL
2019-07-15 20:00:00,17.84,OK,0.64,BDL,null,OS,null,OS,0.0,BDL,14.11,OK,0.0,BDL
2019-07-15 21:00:00,15.34,OK,0.68,BDL,null,OS,null,OS,0.0,BDL,15.93,OK,0.0,BDL
2019-07-15 22:00:00,14.1,OK,0.58,BDL,null,OS,null,OS,0.0,BDL,17.75,OK,0.0,BDL
2019-07-15 23:00:00,15.27,OK,0.6,BDL,null,OS,null,OS,0.0,BDL,16.64,OK,0.0,BDL
2019-07-16 00:00:00,18.59,OK,0.63,BDL,null,OS,null,OS,0.0,BDL,12.24,OK,0.0,BDL
2019-07-16 01:00:00,20.97,OK,0.66,BDL,null,OS,null,OS,0.0,BDL,11.68,OK,0.0,BDL
2019-07-16 02:00:00,16.6,OK,0.57,BDL,null,OS,null,OS,0.0,BDL,19.53,OK,0.0,BDL
2019-07-16 03:00:00,13.41,OK,0.62,BDL,null,OS,null,OS,0.0,BDL,19.86,OK,0.0,BDL
2019-07-16 04:00:00,14.94,OK,0.62,BDL,null,OS,null,OS,0.0,BDL,17.17,OK,0.0,BDL
2019-07-16 05:00:00,16.83,OK,0.66,BDL,null,OS,null,OS,0.0,BDL,18.14,OK,0.0,BDL
2019-07-16 06:00:00,13.66,OK,1.05,OK,null,OS,null,OS,0.0,BDL,16.44,OK,0.0,BDL
2019-07-16 07:00:00,19.6,OK,0.88,BDL,null,OS,null,OS,0.0,BDL,28.95,OK,0.0,BDL
2019-07-16 08:00:00,24.48,OK,0.78,BDL,null,OS,null,OS,0.0,BDL,12.86,OK,0.0,BDL
2019-07-16 09:00:00,29.39,OK,0.86,BDL,null,OS,null,OS,0.0,BDL,25.07,OK,0.0,BDL
2019-07-16 10:00:00,33.89,OK,0.87,BDL,null,OS,null,OS,0.0,BDL,31.3,OK,0.0,BDL
2019-07-16 11:00:00,37.23,OK,0.68,BDL,null,OS,null,OS,0.0,BDL,11.26,OK,0.0,BDL
2019-07-16 12:00:00,40.82,OK,0.64,BDL,null,OS,null,OS,0.0,BDL,31.82,OK,0.0,BDL
2019-07-16 13:00:00,41.22,OK,0.67,BDL,null,OS,null,OS,0.0,BDL,23.26,OK,0.0,BDL
2019-07-16 14:00:00,36.83,OK,0.75,BDL,null,OS,null,OS,0.0,BDL,32.02,OK,0.0,BDL
2019-07-16 15:00:00,33.35,OK,0.81,BDL,null,OS,null,OS,0.0,BDL,42.01,OK,0.0,BDL
2019-07-16 16:00:00,29.74,OK,0.79,BDL,null,OS,null,OS,0.0,BDL,36.83,OK,0.0,BDL
2019-07-16 17:00:00,24.84,OK,0.81,BDL,null,OS,null,OS,0.0,BDL,32.79,OK,0.0,BDL
2019-07-16 18:00:00,22.11,OK,0.78,BDL,null,OS,null,OS,0.0,BDL,33.7,OK,0.0,BDL
2019-07-16 19:00:00,18.99,OK,0.77,BDL,null,OS,null,OS,0.0,BDL,19.77,OK,0.0,BDL
2019-07-16 20:00:00,14.58,OK,0.73,BDL,null,OS,null,OS,0.0,BDL,14.9,OK,0.0,BDL
2019-07-16 21:00:00,14.55,OK,0.67,BDL,null,OS,null,OS,0.0,BDL,22.55,OK,0.0,BDL
2019-07-16 22:00:00,13.51,OK,0.69,BDL,null,OS,null,OS,0.0,BDL,22.8,OK,0.0,BDL
2019-07-16 23:00:00,13.91,OK,0.57,BDL,null,OS,null,OS,0.0,BDL,19.14,OK,0.0,BDL
2019-07-17 00:00:00,20.71,OK,0.6,BDL,null,OS,null,OS,0.0,BDL,32.05,OK,0.0,BDL
2019-07-17 01:00:00,29.52,OK,0.56,BDL,null,OS,null,OS,0.0,BDL,-9.02,OR,0.0,BDL
2019-07-17 02:00:00,39.05,OK,0.53,BDL,null,OS,null,OS,0.0,BDL,-8.13,OR,0.0,BDL
2019-07-17 03:00:00,33.47,OK,0.52,BDL,null,OS,null,OS,0.0,BDL,10.28,OK,0.0,BDL
2019-07-17 04:00:00,28.55,OK,0.3,BDL,null,OS,null,OS,0.0,BDL,2.08,BDL,0.0,BDL
2019-07-17 05:00:00,28.77,OK,0.34,BDL,null,OS,null,OS,0.0,BDL,10.69,OK,0.0,BDL
2019-07-17 06:00:00,27.39,OK,0.42,BDL,null,OS,null,OS,0.0,BDL,6.3,OK,0.0,BDL
2019-07-17 07:00:00,30.65,OK,0.41,BDL,null,OS,null,OS,0.0,BDL,10.9,OK,0.0,BDL
2019-07-17 08:00:00,32.95,OK,0.47,BDL,null,OS,null,OS,0.0,BDL,13.69,OK,0.0,BDL
2019-07-17 09:00:00,30.52,OK,0.56,BDL,null,OS,null,OS,0.0,BDL,14.13,OK,0.0,BDL
2019-07-17 10:00:00,33.89,OK,0.41,BDL,null,OS,null,OS,0.0,BDL,45.83,OK,0.0,BDL
2019-07-17 11:00:00,37.9,OK,0.43,BDL,null,OS,null,OS,0.0,BDL,-14.99,OR,0.0,BDL
2019-07-17 12:00:00,42.85,OK,0.45,BDL,null,OS,null,OS,0.0,BDL,29.97,OK,0.0,BDL
2019-07-17 13:00:00,46.56,OK,0.41,BDL,null,OS,null,OS,0.0,BDL,31.85,OK,0.0,BDL
2019-07-17 14:00:00,50.84,OK,0.41,BDL,null,OS,null,OS,0.0,BDL,28.64,OK,0.0,BDL
2019-07-17 15:00:00,50.42,OK,0.41,BDL,null,OS,null,OS,0.0,BDL,11.45,OK,0.0,BDL
2019-07-17 16:00:00,41.97,OK,0.57,BDL,null,OS,null,OS,0.0,BDL,25.27,OK,0.0,BDL
2019-07-17 17:00:00,36.44,OK,0.44,BDL,null,OS,null,OS,0.0,BDL,24.18,OK,0.0,BDL
2019-07-17 18:00:00,30.3,OK,0.44,BDL,null,OS,null,OS,0.0,BDL,15.77,OK,0.0,BDL
2019-07-17 19:00:00,25.3,OK,0.46,BDL,null,OS,null,OS,0.0,BDL,5.31,OK,0.0,BDL
2019-07-17 20:00:00,18.05,OK,0.46,BDL,null,OS,null,OS,0.0,BDL,26.05,OK,0.0,BDL
2019-07-17 21:00:00,20.39,OK,0.4,BDL,null,OS,null,OS,0.0,BDL,13.11,OK,0.0,BDL
2019-07-17 22:00:00,19.31,OK,0.39,BDL,null,OS,null,OS,0.0,BDL,17.63,OK,0.0,BDL
2019-07-17 23:00:00,20.36,OK,0.34,BDL,null,OS,null,OS,0.0,BDL,22.59,OK,0.0,BDL
2019-07-18 00:00:00,21.07,OK,0.29,BDL,null,OS,null,OS,0.0,BDL,13.64,OK,0.0,BDL
2019-07-18 01:00:00,20.19,OK,0.31,BDL,null,OS,null,OS,0.0,BDL,8.15,OK,0.0,BDL
2019-07-18 02:00:00,23.16,OK,0.27,BDL,null,OS,null,OS,0.0,BDL,12.75,OK,0.0,BDL
2019-07-18 03:00:00,24.14,OK,0.27,BDL,null,OS,null,OS,0.0,BDL,4.53,OK,0.0,BDL
2019-07-18 04:00:00,20.32,OK,0.3,BDL,null,OS,null,OS,0.0,BDL,14.89,OK,0.0,BDL
2019-07-18 05:00:00,21.02,OK,0.46,BDL,null,OS,null,OS,0.0,BDL,11.93,OK,0.0,BDL
2019-07-18 06:00:00,14.49,OK,0.52,BDL,null,OS,null,OS,0.0,BDL,25.14,OK,0.0,BDL
2019-07-18 07:00:00,23.2,OK,0.46,BDL,null,OS,null,OS,0.0,BDL,34.87,OK,0.0,BDL
2019-07-18 08:00:00,34.42,OK,0.36,BDL,null,OS,null,OS,0.0,BDL,12.9,OK,0.0,BDL
2019-07-18 09:00:00,40.49,OK,0.38,BDL,null,OS,null,OS,0.0,BDL,44.14,OK,0.0,BDL
2019-07-18 10:00:00,36.76,OK,0.69,BDL,null,OS,null,OS,0.0,BDL,22.97,OK,0.0,BDL
2019-07-18 11:00:00,40.39,OK,0.83,BDL,null,OS,null,OS,0.0,BDL,18.8,OK,0.0,BDL
2019-07-18 12:00:00,39.99,OK,0.63,BDL,null,OS,null,OS,0.0,BDL,23.86,OK,0.0,BDL
2019-07-18 13:00:00,39.82,OK,0.51,BDL,null,OS,null,OS,0.0,BDL,33.47,OK,0.0,BDL
2019-07-18 14:00:00,41.03,OK,0.61,BDL,null,OS,null,OS,0.0,BDL,12.4,OK,0.0,BDL
2019-07-18 15:00:00,39.34,OK,0.67,BDL,null,OS,null,OS,0.0,BDL,14.21,OK,0.0,BDL
2019-07-18 16:00:00,30.47,OK,1.24,OK,null,OS,null,OS,0.0,BDL,30.45,OK,0.0,BDL
2019-07-18 17:00:00,17.31,OK,4.01,OK,null,OS,null,OS,0.0,BDL,27.81,OK,0.0,BDL
2019-07-18 18:00:00,13.54,OK,2.56,OK,null,OS,null,OS,0.0,BDL,13.51,OK,0.0,BDL
2019-07-18 19:00:00,12.83,OK,0.8,BDL,null,OS,null,OS,0.0,BDL,13.7,OK,0.0,BDL
2019-07-18 20:00:00,11.62,OK,0.66,BDL,null,OS,null,OS,0.0,BDL,15.41,OK,0.0,BDL
2019-07-18 21:00:00,12.81,OK,0.43,BDL,null,OS,null,OS,0.0,BDL,23.16,OK,0.0,BDL
2019-07-18 22:00:00,12.15,OK,0.31,BDL,null,OS,null,OS,0.0,BDL,15.34,OK,0.0,BDL
2019-07-18 23:00:00,10.37,OK,0.33,BDL,null,OS,null,OS,0.0,BDL,18.63,OK,0.0,BDL
2019-07-19 00:00:00,11.03,OK,0.32,BDL,null,OS,null,OS,0.0,BDL,17.91,OK,0.0,BDL
2019-07-19 01:00:00,17.96,OK,0.35,BDL,null,OS,null,OS,0.0,BDL,17.55,OK,0.0,BDL
2019-07-19 02:00:00,17.27,OK,0.29,BDL,null,OS,null,OS,0.0,BDL,8.6,OK,0.0,BDL
2019-07-19 03:00:00,15.06,OK,0.3,BDL,null,OS,null,OS,0.0,BDL,8.26,OK,0.0,BDL
2019-07-19 04:00:00,12.5,OK,0.31,BDL,null,OS,null,OS,0.0,BDL,12.21,OK,0.0,BDL
2019-07-19 05:00:00,9.31,OK,0.39,BDL,null,OS,null,OS,0.0,BDL,11.83,OK,0.0,BDL
2019-07-19 06:00:00,12.68,OK,0.56,BDL,null,OS,null,OS,0.0,BDL,21.6,OK,0.0,BDL
2019-07-19 07:00:00,18.29,OK,0.53,BDL,null,OS,null,OS,0.0,BDL,29.55,OK,0.0,BDL
2019-07-19 08:00:00,22.08,OK,0.43,BDL,null,OS,null,OS,0.0,BDL,24.6,OK,0.0,BDL
2019-07-19 09:00:00,26.42,OK,0.42,BDL,null,OS,null,OS,0.0,BDL,46.86,OK,0.0,BDL
2019-07-19 10:00:00,32.54,OK,0.5,BDL,null,OS,null,OS,0.0,BDL,35.16,OK,0.0,BDL
2019-07-19 11:00:00,37.65,OK,0.51,BDL,null,OS,null,OS,0.0,BDL,37.89,OK,0.0,BDL
2019-07-19 12:00:00,26.88,OK,0.47,BDL,null,OS,null,OS,0.0,BDL,32.22,OK,0.0,BDL
2019-07-19 13:00:00,27.51,OK,0.43,BDL,null,OS,null,OS,0.0,BDL,28.28,OK,0.0,BDL
2019-07-19 14:00:00,28.41,OK,0.46,BDL,null,OS,null,OS,0.0,BDL,27.09,OK,0.0,BDL
2019-07-19 15:00:00,31.7,OK,0.44,BDL,null,OS,null,OS,0.0,BDL,28.38,OK,0.0,BDL
2019-07-19 16:00:00,30.8,OK,0.42,BDL,null,OS,null,OS,0.0,BDL,22.46,OK,0.0,BDL
2019-07-19 17:00:00,19.06,OK,0.46,BDL,null,OS,null,OS,0.0,BDL,29.01,OK,0.0,BDL
2019-07-19 18:00:00,20.13,OK,0.41,BDL,null,OS,null,OS,0.0,BDL,18.74,OK,0.0,BDL
2019-07-19 19:00:00,19.78,OK,0.49,BDL,null,OS,null,OS,0.0,BDL,18.63,OK,0.0,BDL
2019-07-19 20:00:00,17.62,OK,0.51,BDL,null,OS,null,OS,0.0,BDL,16.46,OK,0.0,BDL
2019-07-19 21:00:00,19.98,OK,0.51,BDL,null,OS,null,OS,0.0,BDL,16.24,OK,0.0,BDL
2019-07-19 22:00:00,20.82,OK,0.47,BDL,null,OS,null,OS,0.0,BDL,13.58,OK,0.0,BDL
2019-07-19 23:00:00,20.15,OK,0.36,BDL,null,OS,null,OS,0.0,BDL,17.64,OK,0.0,BDL
2019-07-20 00:00:00,22.27,OK,0.43,BDL,null,OS,null,OS,0.0,BDL,19.35,OK,0.0,BDL
2019-07-20 01:00:00,25.57,OK,0.35,BDL,null,OS,null,OS,0.0,BDL,8.09,OK,0.0,BDL
2019-07-20 02:00:00,22.41,OK,0.38,BDL,null,OS,null,OS,0.0,BDL,16.02,OK,0.0,BDL
2019-07-20 03:00:00,23.25,OK,0.36,BDL,null,OS,null,OS,0.0,BDL,12.49,OK,0.0,BDL
2019-07-20 04:00:00,24.53,OK,0.37,BDL,null,OS,null,OS,0.0,BDL,14.65,OK,0.0,BDL
2019-07-20 05:00:00,22.56,OK,0.42,BDL,null,OS,null,OS,0.0,BDL,7.6,OK,0.0,BDL
2019-07-20 06:00:00,21.87,OK,0.43,BDL,null,OS,null,OS,0.0,BDL,8.72,OK,0.0,BDL
2019-07-20 07:00:00,24.05,OK,0.44,BDL,null,OS,null,OS,0.0,BDL,14.8,OK,0.0,BDL
2019-07-20 08:00:00,31.14,OK,0.42,BDL,null,OS,null,OS,0.0,BDL,30.15,OK,0.0,BDL
2019-07-20 09:00:00,33.02,OK,0.41,BDL,null,OS,null,OS,0.0,BDL,16.91,OK,0.0,BDL
2019-07-20 10:00:00,32.3,OK,0.43,BDL,null,OS,null,OS,0.0,BDL,21.59,OK,0.0,BDL
2019-07-20 11:00:00,30.95,OK,0.51,BDL,null,OS,null,OS,0.0,BDL,14.45,OK,0.0,BDL
2019-07-20 12:00:00,28.97,OK,0.5,BDL,null,OS,null,OS,0.0,BDL,19.51,OK,0.0,BDL
2019-07-20 13:00:00,30.08,OK,0.45,BDL,null,OS,null,OS,0.0,BDL,25.48,OK,0.0,BDL
2019-07-20 14:00:00,30.28,OK,0.49,BDL,null,OS,null,OS,0.0,BDL,25.37,OK,0.0,BDL
2019-07-20 15:00:00,26.02,OK,0.49,BDL,null,OS,null,OS,0.0,BDL,35.39,OK,0.0,BDL
2019-07-20 16:00:00,22.25,OK,0.58,BDL,null,OS,null,OS,0.0,BDL,34.73,OK,0.0,BDL
2019-07-20 17:00:00,18.99,OK,0.48,BDL,null,OS,null,OS,0.0,BDL,48.47,OK,0.0,BDL
2019-07-20 18:00:00,16.38,OK,0.59,BDL,null,OS,null,OS,0.0,BDL,43.87,OK,0.0,BDL
2019-07-20 19:00:00,13.85,OK,0.55,BDL,null,OS,null,OS,0.0,BDL,26.07,OK,0.0,BDL
2019-07-20 20:00:00,15.6,OK,0.46,BDL,null,OS,null,OS,0.0,BDL,16.39,OK,0.0,BDL
2019-07-20 21:00:00,12.18,OK,0.48,BDL,null,OS,null,OS,0.0,BDL,26.6,OK,0.0,BDL
2019-07-20 22:00:00,12.61,OK,0.51,BDL,null,OS,null,OS,0.0,BDL,29.95,OK,0.0,BDL
2019-07-20 23:00:00,14.99,OK,0.38,BDL,null,OS,null,OS,0.0,BDL,25.16,OK,0.0,BDL
2019-07-21 00:00:00,16.74,OK,0.42,BDL,null,OS,null,OS,0.0,BDL,18.7,OK,0.0,BDL
2019-07-21 01:00:00,12.41,OK,0.35,BDL,null,OS,null,OS,0.0,BDL,9.58,OK,0.0,BDL
2019-07-21 02:00:00,15.4,OK,0.35,BDL,null,OS,null,OS,0.0,BDL,12.27,OK,0.0,BDL
2019-07-21 03:00:00,13.38,OK,0.32,BDL,null,OS,null,OS,0.0,BDL,13.76,OK,0.0,BDL
2019-07-21 04:00:00,18.8,OK,0.41,BDL,null,OS,null,OS,0.0,BDL,11.81,OK,0.0,BDL
2019-07-21 05:00:00,12.51,OK,0.43,BDL,null,OS,null,OS,0.0,BDL,18.29,OK,0.0,BDL
2019-07-21 06:00:00,18.71,OK,0.37,BDL,null,OS,null,OS,0.0,BDL,15.74,OK,0.0,BDL
2019-07-21 07:00:00,20.31,OK,0.39,BDL,null,OS,null,OS,0.0,BDL,15.55,OK,0.0,BDL
2019-07-21 08:00:00,19.87,OK,0.34,BDL,null,OS,null,OS,0.0,BDL,17.25,OK,0.0,BDL
2019-07-21 09:00:00,21.4,OK,0.39,BDL,null,OS,null,OS,0.0,BDL,17.44,OK,0.0,BDL
2019-07-21 10:00:00,23.65,OK,0.37,BDL,null,OS,null,OS,0.0,BDL,25.87,OK,0.0,BDL
2019-07-21 11:00:00,23.18,OK,0.41,BDL,null,OS,null,OS,0.0,BDL,13.09,OK,0.0,BDL
2019-07-21 12:00:00,23.5,OK,0.38,BDL,null,OS,null,OS,0.0,BDL,-10.28,OR,0.0,BDL
2019-07-21 13:00:00,23.65,OK,0.48,BDL,null,OS,null,OS,0.0,BDL,18.44,OK,0.0,BDL
2019-07-21 14:00:00,24.97,OK,0.46,BDL,null,OS,null,OS,0.0,BDL,23.49,OK,0.0,BDL
2019-07-21 15:00:00,24.82,OK,0.43,BDL,null,OS,null,OS,0.0,BDL,18.09,OK,0.0,BDL
2019-07-21 16:00:00,14.46,OK,0.56,BDL,null,OS,null,OS,0.0,BDL,85.82,OK,0.0,BDL
2019-07-21 17:00:00,12.95,OK,0.41,BDL,null,OS,null,OS,0.0,BDL,48.52,OK,0.0,BDL
2019-07-21 18:00:00,11.33,OK,0.49,BDL,null,OS,null,OS,0.0,BDL,15.01,OK,0.0,BDL
2019-07-21 19:00:00,11.87,OK,0.7,BDL,null,OS,null,OS,0.0,BDL,14.43,OK,0.0,BDL
2019-07-21 20:00:00,24.12,OK,0.39,BDL,null,OS,null,OS,0.0,BDL,15.19,OK,0.0,BDL
2019-07-21 21:00:00,34.22,OK,0.37,BDL,null,OS,null,OS,0.0,BDL,9.93,OK,0.0,BDL
2019-07-21 22:00:00,36.88,OK,0.37,BDL,null,OS,null,OS,0.0,BDL,15.66,OK,0.0,BDL
2019-07-21 23:00:00,33.44,OK,0.37,BDL,null,OS,null,OS,0.0,BDL,-9.26,OR,0.0,BDL
2019-07-22 00:00:00,33.82,OK,0.33,BDL,null,OS,null,OS,0.0,BDL,-0.75,BDL,0.0,BDL
2019-07-22 01:00:00,32.68,OK,0.28,BDL,null,OS,null,OS,0.0,BDL,-1.53,BDL,0.0,BDL
2019-07-22 02:00:00,29.68,OK,0.35,BDL,null,OS,null,OS,0.0,BDL,10.74,OK,0.0,BDL
2019-07-22 03:00:00,28.29,OK,0.33,BDL,null,OS,null,OS,0.0,BDL,6.19,OK,0.0,BDL
2019-07-22 04:00:00,25.94,OK,0.35,BDL,null,OS,null,OS,0.0,BDL,9.36,OK,0.0,BDL
2019-07-22 05:00:00,27.01,OK,0.36,BDL,null,OS,null,OS,0.0,BDL,11.85,OK,0.0,BDL
2019-07-22 06:00:00,25.79,OK,0.44,BDL,null,OS,null,OS,0.0,BDL,8.61,OK,0.0,BDL
2019-07-22 07:00:00,23.39,OK,0.39,BDL,null,OS,null,OS,0.0,BDL,6.64,OK,0.0,BDL
2019-07-22 08:00:00,23.84,OK,0.84,BDL,null,OS,null,OS,0.0,BDL,21.23,OK,0.0,BDL
2019-07-22 09:00:00,25.56,OK,0.42,BDL,null,OS,null,OS,0.0,BDL,28.8,OK,0.0,BDL
2019-07-22 10:00:00,33.33,OK,0.45,BDL,null,OS,null,OS,0.0,BDL,20.51,OK,0.0,BDL
2019-07-22 11:00:00,40.4,OK,0.46,BDL,null,OS,null,OS,0.0,BDL,17.47,OK,0.0,BDL
2019-07-22 12:00:00,41.75,OK,0.48,BDL,null,OS,null,OS,0.0,BDL,23.4,OK,0.0,BDL
2019-07-22 13:00:00,43.75,OK,0.55,BDL,null,OS,null,OS,0.0,BDL,29.37,OK,0.0,BDL
2019-07-22 14:00:00,38.61,OK,0.5,BDL,null,OS,null,OS,0.0,BDL,25.72,OK,0.0,BDL
2019-07-22 15:00:00,38.77,OK,0.44,BDL,null,OS,null,OS,0.0,BDL,31.32,OK,0.0,BDL
2019-07-22 16:00:00,37.9,OK,0.39,BDL,null,OS,null,OS,0.0,BDL,27.8,OK,0.0,BDL
2019-07-22 17:00:00,38.08,OK,0.41,BDL,null,OS,null,OS,0.0,BDL,19.19,OK,0.0,BDL
2019-07-22 18:00:00,30.04,OK,0.47,BDL,null,OS,null,OS,0.0,BDL,15.2,OK,0.0,BDL
2019-07-22 19:00:00,23.03,OK,0.4,BDL,null,OS,null,OS,0.0,BDL,6.64,OK,0.0,BDL
2019-07-22 20:00:00,20.2,OK,0.37,BDL,null,OS,null,OS,0.0,BDL,13.21,OK,0.0,BDL
2019-07-22 21:00:00,20.03,OK,0.35,BDL,null,OS,null,OS,0.0,BDL,5.94,OK,0.0,BDL
2019-07-22 22:00:00,19.69,OK,0.42,BDL,null,OS,null,OS,0.0,BDL,10.36,OK,0.0,BDL
2019-07-22 23:00:00,20.01,OK,0.41,BDL,null,OS,null,OS,0.0,BDL,11.04,OK,0.0,BDL
2019-07-23 00:00:00,17.12,OK,0.41,BDL,null,OS,null,OS,0.0,BDL,4.62,OK,0.0,BDL
2019-07-23 01:00:00,12.45,OK,0.31,BDL,null,OS,null,OS,0.0,BDL,13.61,OK,0.0,BDL
2019-07-23 02:00:00,10.94,OK,0.35,BDL,null,OS,null,OS,0.0,BDL,1.92,BDL,0.0,BDL
2019-07-23 03:00:00,10.58,OK,0.38,BDL,null,OS,null,OS,0.0,BDL,9.02,OK,0.0,BDL
2019-07-23 04:00:00,11.43,OK,0.4,BDL,null,OS,null,OS,0.0,BDL,13.48,OK,0.0,BDL
2019-07-23 05:00:00,10.96,OK,0.41,BDL,null,OS,null,OS,0.0,BDL,4.8,OK,0.0,BDL
2019-07-23 06:00:00,11.18,OK,0.45,BDL,null,OS,null,OS,0.0,BDL,9.21,OK,0.0,BDL
2019-07-23 07:00:00,13.82,OK,0.48,BDL,null,OS,null,OS,0.0,BDL,31.31,OK,0.0,BDL
2019-07-23 08:00:00,19.21,OK,0.5,BDL,null,OS,null,OS,0.0,BDL,11.62,OK,0.0,BDL
2019-07-23 09:00:00,27.73,OK,0.48,BDL,null,OS,null,OS,0.0,BDL,12.39,OK,0.0,BDL
2019-07-23 10:00:00,31.58,OK,0.47,BDL,null,OS,null,OS,0.0,BDL,12.55,OK,0.0,BDL
2019-07-23 11:00:00,32.64,OK,0.44,BDL,null,OS,null,OS,0.0,BDL,29.86,OK,0.0,BDL
2019-07-23 12:00:00,31.38,OK,0.41,BDL,null,OS,null,OS,0.0,BDL,22.47,OK,0.0,BDL
2019-07-23 13:00:00,33.2,OK,0.49,BDL,null,OS,null,OS,0.0,BDL,28.35,OK,0.0,BDL
2019-07-23 14:00:00,33.16,OK,0.43,BDL,null,OS,null,OS,0.0,BDL,36.53,OK,0.0,BDL
2019-07-23 15:00:00,29.26,OK,0.47,BDL,null,OS,null,OS,0.0,BDL,39.74,OK,0.0,BDL
2019-07-23 16:00:00,31.3,OK,0.49,BDL,null,OS,null,OS,0.0,BDL,36.19,OK,0.0,BDL
2019-07-23 17:00:00,28.49,OK,0.44,BDL,null,OS,null,OS,0.0,BDL,15.07,OK,0.0,BDL
2019-07-23 18:00:00,26.01,OK,0.51,BDL,null,OS,null,OS,0.0,BDL,7.37,OK,0.0,BDL
2019-07-23 19:00:00,26.52,OK,0.51,BDL,null,OS,null,OS,0.0,BDL,13.99,OK,0.0,BDL
2019-07-23 20:00:00,33.25,OK,0.4,BDL,null,OS,null,OS,0.0,BDL,952.99,OR,0.0,BDL
2019-07-23 21:00:00,26.88,OK,0.49,BDL,null,OS,null,OS,0.0,BDL,-7.85,OR,0.0,BDL
2019-07-23 22:00:00,21.86,OK,0.46,BDL,null,OS,null,OS,0.0,BDL,4.84,OK,0.0,BDL
2019-07-23 23:00:00,29.82,OK,0.41,BDL,null,OS,null,OS,0.0,BDL,11.63,OK,0.0,BDL
2019-07-24 00:00:00,30.28,OK,0.34,BDL,null,OS,null,OS,0.0,BDL,-3.81,BDL,0.0,BDL
2019-07-24 01:00:00,29.29,OK,0.31,BDL,null,OS,null,OS,0.0,BDL,-0.12,BDL,0.0,BDL
2019-07-24 02:00:00,27.46,OK,0.38,BDL,null,OS,null,OS,0.0,BDL,1.52,BDL,0.0,BDL
2019-07-24 03:00:00,23.85,OK,0.37,BDL,null,OS,null,OS,0.0,BDL,15.65,OK,0.0,BDL
2019-07-24 04:00:00,24.03,OK,0.36,BDL,null,OS,null,OS,0.0,BDL,3.55,BDL,0.0,BDL
2019-07-24 05:00:00,23.11,OK,0.37,BDL,null,OS,null,OS,0.0,BDL,9.07,OK,0.0,BDL
2019-07-24 06:00:00,23.76,OK,0.46,BDL,null,OS,null,OS,0.0,BDL,7.29,OK,0.0,BDL
2019-07-24 07:00:00,28.48,OK,0.45,BDL,null,OS,null,OS,0.0,BDL,-0.71,BDL,0.0,BDL
2019-07-24 08:00:00,31.5,OK,0.41,BDL,null,OS,null,OS,0.0,BDL,16.47,OK,0.0,BDL
2019-07-24 09:00:00,35.12,OK,0.46,BDL,null,OS,null,OS,0.0,BDL,25.18,OK,0.0,BDL
2019-07-24 10:00:00,36.73,OK,0.52,BDL,null,OS,null,OS,0.0,BDL,39.97,OK,0.0,BDL
2019-07-24 11:00:00,40.35,OK,0.6,BDL,null,OS,null,OS,0.0,BDL,25.3,OK,0.0,BDL
2019-07-24 12:00:00,42.8,OK,0.54,BDL,null,OS,null,OS,0.0,BDL,24.69,OK,0.0,BDL
2019-07-24 13:00:00,41.77,OK,0.57,BDL,null,OS,null,OS,0.0,BDL,15.9,OK,0.0,BDL
2019-07-24 14:00:00,44.52,OK,0.47,BDL,null,OS,null,OS,0.0,BDL,14.22,OK,0.0,BDL
2019-07-24 15:00:00,44.26,OK,0.48,BDL,null,OS,null,OS,0.0,BDL,19.33,OK,0.0,BDL
2019-07-24 16:00:00,48.41,OK,0.49,BDL,null,OS,null,OS,0.0,BDL,27.33,OK,0.0,BDL
2019-07-24 17:00:00,41.19,OK,0.43,BDL,null,OS,null,OS,0.0,BDL,20.5,OK,0.0,BDL
2019-07-24 18:00:00,32.27,OK,0.53,BDL,null,OS,null,OS,0.0,BDL,18.29,OK,0.0,BDL
2019-07-24 19:00:00,24.42,OK,0.47,BDL,null,OS,null,OS,0.0,BDL,12.97,OK,0.0,BDL
2019-07-24 20:00:00,22.11,OK,0.46,BDL,null,OS,null,OS,0.0,BDL,3.86,BDL,0.0,BDL
2019-07-24 21:00:00,19.56,OK,0.37,BDL,null,OS,null,OS,0.0,BDL,12.49,OK,0.0,BDL
2019-07-24 22:00:00,17.36,OK,0.38,BDL,null,OS,null,OS,0.0,BDL,10.73,OK,0.0,BDL
2019-07-24 23:00:00,19.07,OK,0.34,BDL,null,OS,null,OS,0.0,BDL,5.96,OK,0.0,BDL
2019-07-25 00:00:00,18.73,OK,0.34,BDL,null,OS,null,OS,0.0,BDL,3.52,BDL,0.0,BDL
2019-07-25 01:00:00,22.37,OK,0.31,BDL,null,OS,null,OS,0.0,BDL,11.7,OK,0.0,BDL
2019-07-25 02:00:00,19.79,OK,0.35,BDL,null,OS,null,OS,0.0,BDL,8.77,OK,0.0,BDL
2019-07-25 03:00:00,22.51,OK,0.35,BDL,null,OS,null,OS,0.0,BDL,15.57,OK,0.0,BDL
2019-07-25 04:00:00,20.16,OK,0.34,BDL,null,OS,null,OS,0.0,BDL,4.0,OK,0.0,BDL
2019-07-25 05:00:00,19.08,OK,0.39,BDL,null,OS,null,OS,0.0,BDL,5.15,OK,0.0,BDL
2019-07-25 06:00:00,22.85,OK,0.45,BDL,null,OS,null,OS,0.0,BDL,5.97,OK,0.0,BDL
2019-07-25 07:00:00,29.31,OK,0.46,BDL,null,OS,null,OS,0.0,BDL,-0.22,BDL,0.0,BDL
2019-07-25 08:00:00,31.43,OK,0.45,BDL,null,OS,null,OS,0.0,BDL,18.93,OK,0.0,BDL
2019-07-25 09:00:00,34.36,OK,0.51,BDL,null,OS,null,OS,0.0,BDL,24.35,OK,0.0,BDL
2019-07-25 10:00:00,32.14,OK,0.46,BDL,null,OS,null,OS,0.0,BDL,24.2,OK,0.0,BDL
2019-07-25 11:00:00,34.22,OK,0.48,BDL,null,OS,null,OS,0.0,BDL,21.56,OK,0.0,BDL
2019-07-25 12:00:00,34.84,OK,0.55,BDL,null,OS,null,OS,0.0,BDL,14.33,OK,0.0,BDL
2019-07-25 13:00:00,35.6,OK,0.54,BDL,null,OS,null,OS,0.0,BDL,17.64,OK,0.0,BDL
2019-07-25 14:00:00,37.54,OK,0.57,BDL,null,OS,null,OS,0.0,BDL,29.02,OK,0.0,BDL
2019-07-25 15:00:00,41.41,OK,0.5,BDL,null,OS,null,OS,0.0,BDL,26.77,OK,0.0,BDL
2019-07-25 16:00:00,40.01,OK,0.46,BDL,null,OS,null,OS,0.0,BDL,3.19,BDL,0.0,BDL
2019-07-25 17:00:00,38.37,OK,0.54,BDL,null,OS,null,OS,0.0,BDL,27.39,OK,0.0,BDL
2019-07-25 18:00:00,30.24,OK,0.48,BDL,null,OS,null,OS,0.0,BDL,20.01,OK,0.0,BDL
2019-07-25 19:00:00,24.63,OK,0.43,BDL,null,OS,null,OS,0.0,BDL,13.7,OK,0.0,BDL
2019-07-25 20:00:00,19.68,OK,0.45,BDL,null,OS,null,OS,0.0,BDL,9.35,OK,0.0,BDL
2019-07-25 21:00:00,16.61,OK,0.44,BDL,null,OS,null,OS,0.0,BDL,18.77,OK,0.0,BDL
2019-07-25 22:00:00,15.38,OK,0.41,BDL,null,OS,null,OS,0.0,BDL,20.06,OK,0.0,BDL
2019-07-25 23:00:00,14.63,OK,0.38,BDL,null,OS,null,OS,0.0,BDL,9.33,OK,0.0,BDL
2019-07-26 00:00:00,14.51,OK,0.38,BDL,null,OS,null,OS,0.0,BDL,16.57,OK,0.0,BDL
2019-07-26 01:00:00,10.24,OK,0.44,BDL,null,OS,null,OS,0.0,BDL,16.8,OK,0.0,BDL
2019-07-26 02:00:00,11.96,OK,0.34,BDL,null,OS,null,OS,0.0,BDL,11.35,OK,0.0,BDL
2019-07-26 03:00:00,13.04,OK,0.41,BDL,null,OS,null,OS,0.0,BDL,8.27,OK,0.0,BDL
2019-07-26 04:00:00,11.71,OK,0.39,BDL,null,OS,null,OS,0.0,BDL,9.27,OK,0.0,BDL
2019-07-26 05:00:00,12.41,OK,0.47,BDL,null,OS,null,OS,0.0,BDL,17.33,OK,0.0,BDL
2019-07-26 06:00:00,18.48,OK,0.48,BDL,null,OS,null,OS,0.0,BDL,8.74,OK,0.0,BDL
2019-07-26 07:00:00,22.99,OK,0.49,BDL,null,OS,null,OS,0.0,BDL,35.26,OK,0.0,BDL
2019-07-26 08:00:00,28.16,OK,0.54,BDL,null,OS,null,OS,0.0,BDL,29.93,OK,0.0,BDL
2019-07-26 09:00:00,32.83,OK,0.54,BDL,null,OS,null,OS,0.0,BDL,42.51,OK,0.0,BDL
2019-07-26 10:00:00,29.22,OK,0.47,BDL,null,OS,null,OS,0.0,BDL,19.11,OK,0.0,BDL
2019-07-26 11:00:00,29.03,OK,0.47,BDL,null,OS,null,OS,0.0,BDL,32.46,OK,0.0,BDL
2019-07-26 12:00:00,26.4,OK,0.49,BDL,null,OS,null,OS,0.0,BDL,28.02,OK,0.0,BDL
2019-07-26 13:00:00,26.62,OK,0.56,BDL,null,OS,null,OS,0.0,BDL,25.5,OK,0.0,BDL
2019-07-26 14:00:00,33.09,OK,0.58,BDL,null,OS,null,OS,0.0,BDL,32.68,OK,0.0,BDL
2019-07-26 15:00:00,25.33,OK,0.55,BDL,null,OS,null,OS,0.0,BDL,33.43,OK,0.0,BDL
2019-07-26 16:00:00,23.65,OK,0.48,BDL,null,OS,null,OS,0.0,BDL,35.44,OK,0.0,BDL
2019-07-26 17:00:00,21.96,OK,0.54,BDL,null,OS,null,OS,0.0,BDL,15.13,OK,0.0,BDL
2019-07-26 18:00:00,18.46,OK,0.52,BDL,null,OS,null,OS,0.0,BDL,19.78,OK,0.0,BDL
2019-07-26 19:00:00,15.41,OK,0.49,BDL,null,OS,null,OS,0.0,BDL,9.68,OK,0.0,BDL
2019-07-26 20:00:00,13.56,OK,0.49,BDL,null,OS,null,OS,0.0,BDL,12.91,OK,0.0,BDL
2019-07-26 21:00:00,12.17,OK,0.49,BDL,null,OS,null,OS,0.0,BDL,22.3,OK,0.0,BDL
2019-07-26 22:00:00,12.98,OK,0.45,BDL,null,OS,null,OS,0.0,BDL,15.88,OK,0.0,BDL
2019-07-26 23:00:00,12.54,OK,0.49,BDL,null,OS,null,OS,0.0,BDL,14.98,OK,0.0,BDL
2019-07-27 00:00:00,13.51,OK,0.43,BDL,null,OS,null,OS,0.0,BDL,12.08,OK,0.0,BDL
2019-07-27 01:00:00,13.69,OK,0.43,BDL,null,OS,null,OS,0.0,BDL,19.64,OK,0.0,BDL
2019-07-27 02:00:00,14.8,OK,0.37,BDL,null,OS,null,OS,0.0,BDL,14.5,OK,0.0,BDL
2019-07-27 03:00:00,15.15,OK,0.37,BDL,null,OS,null,OS,0.0,BDL,15.06,OK,0.0,BDL
2019-07-27 04:00:00,13.57,OK,0.45,BDL,null,OS,null,OS,0.0,BDL,7.26,OK,0.0,BDL
2019-07-27 05:00:00,10.52,OK,0.52,BDL,null,OS,null,OS,0.0,BDL,18.73,OK,0.0,BDL
2019-07-27 06:00:00,11.5,OK,0.5,BDL,null,OS,null,OS,0.0,BDL,27.38,OK,0.0,BDL
2019-07-27 07:00:00,16.91,OK,0.45,BDL,null,OS,null,OS,0.0,BDL,19.55,OK,0.0,BDL
2019-07-27 08:00:00,20.66,OK,0.64,BDL,null,OS,null,OS,0.0,BDL,27.45,OK,0.0,BDL
2019-07-27 09:00:00,22.99,OK,0.5,BDL,null,OS,null,OS,0.0,BDL,37.03,OK,0.0,BDL
2019-07-27 10:00:00,21.56,OK,0.46,BDL,null,OS,null,OS,0.0,BDL,31.71,OK,0.0,BDL
2019-07-27 11:00:00,21.06,OK,0.46,BDL,null,OS,null,OS,0.0,BDL,18.46,OK,0.0,BDL
2019-07-27 12:00:00,24.23,OK,0.47,BDL,null,OS,null,OS,0.0,BDL,18.84,OK,0.0,BDL
2019-07-27 13:00:00,28.81,OK,0.48,BDL,null,OS,null,OS,0.0,BDL,23.05,OK,0.0,BDL
2019-07-27 14:00:00,25.29,OK,0.51,BDL,null,OS,null,OS,0.0,BDL,29.17,OK,0.0,BDL
2019-07-27 15:00:00,27.65,OK,0.44,BDL,null,OS,null,OS,0.0,BDL,43.65,OK,0.0,BDL
2019-07-27 16:00:00,24.95,OK,0.49,BDL,null,OS,null,OS,0.0,BDL,75.14,OK,0.0,BDL
2019-07-27 17:00:00,22.79,OK,0.47,BDL,null,OS,null,OS,0.0,BDL,118.98,OK,0.0,BDL
2019-07-27 18:00:00,25.81,OK,0.56,BDL,null,OS,null,OS,0.0,BDL,98.39,OK,0.0,BDL
2019-07-27 19:00:00,31.0,OK,0.43,BDL,null,OS,null,OS,0.0,BDL,88.35,OK,0.0,BDL
2019-07-27 20:00:00,33.57,OK,0.42,BDL,null,OS,null,OS,0.0,BDL,10.25,OK,0.0,BDL
2019-07-27 21:00:00,35.18,OK,0.45,BDL,null,OS,null,OS,0.0,BDL,15.06,OK,0.0,BDL
2019-07-27 22:00:00,35.13,OK,0.46,BDL,null,OS,null,OS,0.0,BDL,5.88,OK,0.0,BDL
2019-07-27 23:00:00,39.57,OK,0.48,BDL,null,OS,null,OS,0.0,BDL,7.16,OK,0.0,BDL
2019-07-28 00:00:00,39.34,OK,0.45,BDL,null,OS,null,OS,0.0,BDL,2.22,BDL,0.0,BDL
2019-07-28 01:00:00,35.5,OK,0.44,BDL,null,OS,null,OS,0.0,BDL,10.02,OK,0.0,BDL
2019-07-28 02:00:00,34.56,OK,0.38,BDL,null,OS,null,OS,0.0,BDL,11.92,OK,0.0,BDL
2019-07-28 03:00:00,33.45,OK,0.38,BDL,null,OS,null,OS,0.0,BDL,8.37,OK,0.0,BDL
2019-07-28 04:00:00,32.81,OK,0.39,BDL,null,OS,null,OS,0.0,BDL,8.26,OK,0.0,BDL
2019-07-28 05:00:00,26.58,OK,0.43,BDL,null,OS,null,OS,0.0,BDL,8.09,OK,0.0,BDL
2019-07-28 06:00:00,32.43,OK,0.42,BDL,null,OS,null,OS,0.0,BDL,4.01,OK,0.0,BDL
2019-07-28 07:00:00,36.27,OK,0.5,BDL,null,OS,null,OS,0.0,BDL,13.07,OK,0.0,BDL
2019-07-28 08:00:00,39.45,OK,0.46,BDL,null,OS,null,OS,0.0,BDL,16.95,OK,0.0,BDL
2019-07-28 09:00:00,41.5,OK,0.48,BDL,null,OS,null,OS,0.0,BDL,22.15,OK,0.0,BDL
2019-07-28 10:00:00,41.84,OK,0.45,BDL,null,OS,null,OS,0.0,BDL,18.22,OK,0.0,BDL
2019-07-28 11:00:00,41.83,OK,0.46,BDL,null,OS,null,OS,0.0,BDL,19.98,OK,0.0,BDL
2019-07-28 12:00:00,43.63,OK,0.44,BDL,null,OS,null,OS,0.0,BDL,5.83,OK,0.0,BDL
2019-07-28 13:00:00,39.16,OK,0.41,BDL,null,OS,null,OS,0.0,BDL,22.15,OK,0.0,BDL
2019-07-28 14:00:00,38.3,OK,0.49,BDL,null,OS,null,OS,0.0,BDL,13.32,OK,0.0,BDL
2019-07-28 15:00:00,35.89,OK,0.49,BDL,null,OS,null,OS,0.0,BDL,12.3,OK,0.0,BDL
2019-07-28 16:00:00,34.57,OK,0.5,BDL,null,OS,null,OS,0.0,BDL,33.4,OK,0.0,BDL
2019-07-28 17:00:00,33.15,OK,0.5,BDL,null,OS,null,OS,0.0,BDL,11.81,OK,0.0,BDL
2019-07-28 18:00:00,29.82,OK,0.55,BDL,null,OS,null,OS,0.0,BDL,12.42,OK,0.0,BDL
2019-07-28 19:00:00,27.46,OK,0.67,BDL,null,OS,null,OS,0.0,BDL,3.59,BDL,0.0,BDL
2019-07-28 20:00:00,26.59,OK,0.68,BDL,null,OS,null,OS,0.0,BDL,9.06,OK,0.0,BDL
2019-07-28 21:00:00,25.55,OK,0.53,BDL,null,OS,null,OS,0.0,BDL,11.82,OK,0.0,BDL
2019-07-28 22:00:00,26.17,OK,0.49,BDL,null,OS,null,OS,0.0,BDL,7.77,OK,0.0,BDL
2019-07-28 23:00:00,22.27,OK,0.52,BDL,null,OS,null,OS,0.0,BDL,19.69,OK,0.0,BDL
2019-07-29 00:00:00,20.56,OK,0.54,BDL,null,OS,null,OS,0.0,BDL,23.42,OK,0.0,BDL
2019-07-29 01:00:00,21.73,OK,0.42,BDL,null,OS,null,OS,0.0,BDL,21.34,OK,0.0,BDL
2019-07-29 02:00:00,33.28,OK,0.46,BDL,null,OS,null,OS,0.0,BDL,16.93,OK,0.0,BDL
2019-07-29 03:00:00,37.55,OK,0.38,BDL,null,OS,null,OS,0.0,BDL,6.73,OK,0.0,BDL
2019-07-29 04:00:00,34.21,OK,0.51,BDL,null,OS,null,OS,0.0,BDL,2.86,BDL,0.0,BDL
2019-07-29 05:00:00,29.07,OK,0.44,BDL,null,OS,null,OS,0.0,BDL,12.02,OK,0.0,BDL
2019-07-29 06:00:00,30.73,OK,0.43,BDL,null,OS,null,OS,0.0,BDL,18.06,OK,0.0,BDL
2019-07-29 07:00:00,30.38,OK,0.48,BDL,null,OS,null,OS,0.0,BDL,11.71,OK,0.0,BDL
2019-07-29 08:00:00,31.13,OK,0.51,BDL,null,OS,null,OS,0.0,BDL,12.74,OK,0.0,BDL
2019-07-29 09:00:00,30.73,OK,0.51,BDL,null,OS,null,OS,0.0,BDL,12.25,OK,0.0,BDL
2019-07-29 10:00:00,33.88,OK,0.49,BDL,null,OS,null,OS,0.0,BDL,16.7,OK,0.0,BDL
2019-07-29 11:00:00,37.94,OK,0.53,BDL,null,OS,null,OS,0.0,BDL,7.49,OK,0.0,BDL
2019-07-29 12:00:00,35.06,OK,0.48,BDL,null,OS,null,OS,0.0,BDL,17.2,OK,0.0,BDL
2019-07-29 13:00:00,36.38,OK,0.52,BDL,null,OS,null,OS,0.0,BDL,14.67,OK,0.0,BDL
2019-07-29 14:00:00,37.65,OK,0.48,BDL,null,OS,null,OS,0.0,BDL,17.08,OK,0.0,BDL
2019-07-29 15:00:00,35.67,OK,0.48,BDL,null,OS,null,OS,0.0,BDL,25.25,OK,0.0,BDL
2019-07-29 16:00:00,36.02,OK,0.51,BDL,null,OS,null,OS,0.0,BDL,17.35,OK,0.0,BDL
2019-07-29 17:00:00,33.23,OK,0.5,BDL,null,OS,null,OS,0.0,BDL,36.18,OK,0.0,BDL
2019-07-29 18:00:00,32.09,OK,0.52,BDL,null,OS,null,OS,0.0,BDL,34.99,OK,0.0,BDL
2019-07-29 19:00:00,29.12,OK,0.43,BDL,null,OS,null,OS,0.0,BDL,25.44,OK,0.0,BDL
2019-07-29 20:00:00,26.03,OK,0.57,BDL,null,OS,null,OS,0.0,BDL,31.01,OK,0.0,BDL
2019-07-29 21:00:00,26.88,OK,0.51,BDL,null,OS,null,OS,0.0,BDL,24.92,OK,0.0,BDL
2019-07-29 22:00:00,22.09,OK,0.48,BDL,null,OS,null,OS,0.0,BDL,29.85,OK,0.0,BDL
2019-07-29 23:00:00,23.02,OK,0.5,BDL,null,OS,null,OS,0.0,BDL,30.94,OK,0.0,BDL
2019-07-30 00:00:00,41.38,OK,0.48,BDL,null,OS,null,OS,0.0,BDL,18.51,OK,0.0,BDL
2019-07-30 01:00:00,42.68,OK,0.45,BDL,null,OS,null,OS,0.0,BDL,1.06,BDL,0.0,BDL
2019-07-30 02:00:00,43.47,OK,0.41,BDL,null,OS,null,OS,0.0,BDL,4.3,OK,0.0,BDL
2019-07-30 03:00:00,39.33,OK,0.43,BDL,null,OS,null,OS,0.0,BDL,1.48,BDL,0.0,BDL
2019-07-30 04:00:00,37.94,OK,0.5,BDL,null,OS,null,OS,0.0,BDL,13.97,OK,0.0,BDL
2019-07-30 05:00:00,28.71,OK,0.48,BDL,null,OS,null,OS,0.0,BDL,7.33,OK,0.0,BDL
2019-07-30 06:00:00,26.45,OK,0.53,BDL,null,OS,null,OS,0.0,BDL,12.46,OK,0.0,BDL
2019-07-30 07:00:00,29.18,OK,0.49,BDL,null,OS,null,OS,0.0,BDL,22.61,OK,0.0,BDL
2019-07-30 08:00:00,27.06,OK,0.54,BDL,null,OS,null,OS,0.0,BDL,29.47,OK,0.0,BDL
2019-07-30 09:00:00,23.38,OK,0.63,BDL,null,OS,null,OS,0.0,BDL,26.3,OK,0.0,BDL
2019-07-30 10:00:00,31.46,OK,0.53,BDL,null,OS,null,OS,0.0,BDL,25.52,OK,0.0,BDL
2019-07-30 11:00:00,27.71,OK,0.5,BDL,null,OS,null,OS,0.0,BDL,18.08,OK,0.0,BDL
2019-07-30 12:00:00,26.58,OK,0.56,BDL,null,OS,null,OS,0.0,BDL,13.55,OK,0.0,BDL
2019-07-30 13:00:00,28.04,OK,0.51,BDL,null,OS,null,OS,0.0,BDL,4.83,OK,0.0,BDL
2019-07-30 14:00:00,27.81,OK,0.52,BDL,null,OS,null,OS,0.0,BDL,25.9,OK,0.0,BDL
2019-07-30 15:00:00,35.63,OK,0.5,BDL,null,OS,null,OS,0.0,BDL,46.77,OK,0.0,BDL
2019-07-30 16:00:00,28.42,OK,1.33,OK,null,OS,null,OS,0.0,BDL,-3.96,BDL,0.0,BDL
2019-07-30 17:00:00,15.97,OK,0.94,BDL,null,OS,null,OS,0.0,BDL,-7.06,OR,0.0,BDL
2019-07-30 18:00:00,4.04,OK,1.12,OK,null,OS,null,OS,0.0,BDL,21.01,OK,0.0,BDL
2019-07-30 19:00:00,1.3,OK,1.15,OK,null,OS,null,OS,0.0,BDL,31.81,OK,0.0,BDL
2019-07-30 20:00:00,9.13,OK,0.7,BDL,null,OS,null,OS,0.0,BDL,40.09,OK,0.0,BDL
2019-07-30 21:00:00,9.07,OK,0.65,BDL,null,OS,null,OS,0.0,BDL,36.32,OK,0.0,BDL
2019-07-30 22:00:00,9.69,OK,0.62,BDL,null,OS,null,OS,0.0,BDL,39.67,OK,0.0,BDL
2019-07-30 23:00:00,12.13,OK,0.65,BDL,null,OS,null,OS,0.0,BDL,42.63,OK,0.0,BDL
2019-07-31 00:00:00,16.74,OK,0.51,BDL,null,OS,null,OS,0.0,BDL,27.11,OK,0.0,BDL
2019-07-31 01:00:00,12.38,OK,0.55,BDL,null,OS,null,OS,0.0,BDL,18.72,OK,0.0,BDL
2019-07-31 02:00:00,13.5,OK,0.47,BDL,null,OS,null,OS,0.0,BDL,26.67,OK,0.0,BDL
2019-07-31 03:00:00,10.51,OK,0.45,BDL,null,OS,null,OS,0.0,BDL,25.14,OK,0.0,BDL
2019-07-31 04:00:00,12.14,OK,0.51,BDL,null,OS,null,OS,0.0,BDL,22.51,OK,0.0,BDL
2019-07-31 05:00:00,12.51,OK,0.75,BDL,null,OS,null,OS,0.0,BDL,16.18,OK,0.0,BDL
2019-07-31 06:00:00,16.43,OK,0.81,BDL,null,OS,null,OS,0.0,BDL,27.49,OK,0.0,BDL
2019-07-31 07:00:00,19.67,OK,0.66,BDL,null,OS,null,OS,0.0,BDL,22.82,OK,0.0,BDL
2019-07-31 08:00:00,19.52,OK,0.58,BDL,null,OS,null,OS,0.0,BDL,36.13,OK,0.0,BDL
2019-07-31 09:00:00,16.39,OK,0.56,BDL,null,OS,null,OS,0.0,BDL,38.18,OK,0.0,BDL
2019-07-31 10:00:00,16.55,OK,0.48,BDL,null,OS,null,OS,0.0,BDL,22.66,OK,0.0,BDL
2019-07-31 11:00:00,16.46,OK,0.51,BDL,null,OS,null,OS,0.0,BDL,23.91,OK,0.0,BDL
2019-07-31 12:00:00,15.82,OK,0.5,BDL,null,OS,null,OS,0.0,BDL,18.81,OK,0.0,BDL
2019-07-31 13:00:00,15.4,OK,0.48,BDL,null,OS,null,OS,0.0,BDL,31.86,OK,0.0,BDL
2019-07-31 14:00:00,19.64,OK,0.57,BDL,null,OS,null,OS,0.0,BDL,26.21,OK,0.0,BDL
2019-07-31 15:00:00,19.99,OK,0.59,BDL,null,OS,null,OS,0.0,BDL,38.42,OK,0.0,BDL
2019-07-31 16:00:00,18.33,OK,0.61,BDL,null,OS,null,OS,0.0,BDL,23.76,OK,0.0,BDL
2019-07-31 17:00:00,14.11,OK,0.56,BDL,null,OS,null,OS,0.0,BDL,35.9,OK,0.0,BDL
2019-07-31 18:00:00,11.01,OK,0.72,BDL,null,OS,null,OS,0.0,BDL,27.66,OK,0.0,BDL
2019-07-31 19:00:00,10.03,OK,0.55,BDL,null,OS,null,OS,0.0,BDL,39.59,OK,0.0,BDL
2019-07-31 20:00:00,8.0,OK,0.64,BDL,null,OS,null,OS,0.0,BDL,29.67,OK,0.0,BDL
2019-07-31 21:00:00,9.61,OK,0.58,BDL,null,OS,null,OS,0.0,BDL,35.8,OK,0.0,BDL
2019-07-31 22:00:00,9.43,OK,0.51,BDL,null,OS,null,OS,0.0,BDL,32.29,OK,0.0,BDL
2019-07-31 23:00:00,7.46,OK,0.55,BDL,null,OS,null,OS,0.0,BDL,25.37,OK,0.0,BDL
