Red Universitaria de Observatorios Atmosfericos (RUOA)
Atmospheric Observatory Hermosillo (erno), Sonora
Lat 29.0814 N, Lon 110.9706 W, Alt 154 masl
Time UTC-7h
Air Quality data
Flags: OK = Reliable data, BDL = Below Detection Limit, OR = Out of Range, OS = Out of Service 
 
Time,O3,O3_flag,SO2,SO2_flag,NO2,NO2_flag,PM10,PM10_flag,PM2.5,PM2.5_flag
yyyy-mm-dd HH:MM:SS,ppb,flag,ppb,flag,ppb,flag,ug/m^3,flag,ug/m^3,flag
2019-11-01 00:00:00,15.95,OK,-0.07,BDL,null,OS,56.68,OK,null,OS
2019-11-01 01:00:00,15.14,OK,-0.11,BDL,null,OS,47.14,OK,null,OS
2019-11-01 02:00:00,15.82,OK,-0.15,BDL,null,OS,27.78,OK,null,OS
2019-11-01 03:00:00,13.48,OK,-0.13,BDL,null,OS,25.19,OK,null,OS
2019-11-01 04:00:00,8.65,OK,-0.11,BDL,null,OS,37.77,OK,null,OS
2019-11-01 05:00:00,1.81,OK,0.0,BDL,null,OS,45.9,OK,null,OS
2019-11-01 06:00:00,6.48,OK,0.06,BDL,null,OS,31.0,OK,null,OS
2019-11-01 07:00:00,9.15,OK,0.12,BDL,null,OS,70.3,OK,null,OS
2019-11-01 08:00:00,13.1,OK,0.24,BDL,null,OS,70.39,OK,null,OS
2019-11-01 09:00:00,12.79,OK,0.12,BDL,null,OS,107.28,OK,null,OS
2019-11-01 10:00:00,20.7,OK,0.13,BDL,null,OS,108.64,OK,null,OS
2019-11-01 11:00:00,33.3,OK,0.02,BDL,null,OS,130.28,OK,null,OS
2019-11-01 12:00:00,44.92,OK,0.05,BDL,null,OS,94.78,OK,null,OS
2019-11-01 13:00:00,37.06,OK,0.13,BDL,null,OS,40.58,OK,null,OS
2019-11-01 14:00:00,34.73,OK,0.08,BDL,null,OS,38.26,OK,null,OS
2019-11-01 15:00:00,31.3,OK,0.03,BDL,null,OS,56.07,OK,null,OS
2019-11-01 16:00:00,11.19,OK,0.12,BDL,null,OS,66.62,OK,null,OS
2019-11-01 17:00:00,1.54,OK,0.37,BDL,null,OS,139.52,OK,null,OS
2019-11-01 18:00:00,1.34,OK,0.38,BDL,null,OS,188.82,OK,null,OS
2019-11-01 19:00:00,2.72,OK,0.17,BDL,null,OS,155.36,OK,null,OS
2019-11-01 20:00:00,4.98,OK,0.08,BDL,null,OS,124.71,OK,null,OS
2019-11-01 21:00:00,1.01,OK,0.23,BDL,null,OS,119.75,OK,null,OS
2019-11-01 22:00:00,4.95,OK,0.0,BDL,null,OS,82.61,OK,null,OS
2019-11-01 23:00:00,10.85,OK,-0.06,BDL,null,OS,57.07,OK,null,OS
2019-11-02 00:00:00,11.25,OK,-0.09,BDL,null,OS,38.68,OK,null,OS
2019-11-02 01:00:00,12.82,OK,-0.09,BDL,null,OS,29.1,OK,null,OS
2019-11-02 02:00:00,15.82,OK,-0.08,BDL,null,OS,28.33,OK,null,OS
2019-11-02 03:00:00,13.86,OK,-0.08,BDL,null,OS,35.95,OK,null,OS
2019-11-02 04:00:00,15.03,OK,-0.15,BDL,null,OS,29.47,OK,null,OS
2019-11-02 05:00:00,10.73,OK,-0.11,BDL,null,OS,37.64,OK,null,OS
2019-11-02 06:00:00,8.84,OK,-0.07,BDL,null,OS,25.95,OK,null,OS
2019-11-02 07:00:00,11.35,OK,0.11,BDL,null,OS,42.86,OK,null,OS
2019-11-02 08:00:00,14.58,OK,0.03,BDL,null,OS,51.29,OK,null,OS
2019-11-02 09:00:00,19.1,OK,0.02,BDL,null,OS,92.84,OK,null,OS
2019-11-02 10:00:00,35.73,OK,-0.03,BDL,null,OS,92.39,OK,null,OS
2019-11-02 11:00:00,43.46,OK,0.0,BDL,null,OS,91.87,OK,null,OS
2019-11-02 12:00:00,50.98,OK,-0.06,BDL,null,OS,60.94,OK,null,OS
2019-11-02 13:00:00,40.4,OK,-0.05,BDL,null,OS,41.99,OK,null,OS
2019-11-02 14:00:00,36.15,OK,-0.14,BDL,null,OS,30.83,OK,null,OS
2019-11-02 15:00:00,31.26,OK,-0.13,BDL,null,OS,22.26,OK,null,OS
2019-11-02 16:00:00,28.54,OK,-0.12,BDL,null,OS,35.17,OK,null,OS
2019-11-02 17:00:00,17.37,OK,-0.04,BDL,null,OS,36.36,OK,null,OS
2019-11-02 18:00:00,14.96,OK,-0.04,BDL,null,OS,55.42,OK,null,OS
2019-11-02 19:00:00,15.59,OK,-0.05,BDL,null,OS,60.13,OK,null,OS
2019-11-02 20:00:00,7.91,OK,-0.07,BDL,null,OS,65.2,OK,null,OS
2019-11-02 21:00:00,0.81,BDL,0.12,BDL,null,OS,109.27,OK,null,OS
2019-11-02 22:00:00,1.68,OK,0.17,BDL,null,OS,141.66,OK,null,OS
2019-11-02 23:00:00,1.73,OK,0.04,BDL,null,OS,106.14,OK,null,OS
2019-11-03 00:00:00,1.3,OK,-0.03,BDL,null,OS,95.83,OK,null,OS
2019-11-03 01:00:00,4.63,OK,-0.05,BDL,null,OS,74.81,OK,null,OS
2019-11-03 02:00:00,11.45,OK,-0.15,BDL,null,OS,49.84,OK,null,OS
2019-11-03 03:00:00,10.53,OK,-0.15,BDL,null,OS,26.82,OK,null,OS
2019-11-03 04:00:00,11.67,OK,-0.15,BDL,null,OS,42.94,OK,null,OS
2019-11-03 05:00:00,13.12,OK,-0.15,BDL,null,OS,39.48,OK,null,OS
2019-11-03 06:00:00,10.2,OK,-0.12,BDL,null,OS,24.17,OK,null,OS
2019-11-03 07:00:00,13.5,OK,-0.1,BDL,null,OS,20.88,OK,null,OS
2019-11-03 08:00:00,22.04,OK,-0.07,BDL,null,OS,31.44,OK,null,OS
2019-11-03 09:00:00,33.51,OK,-0.11,BDL,null,OS,33.02,OK,null,OS
2019-11-03 10:00:00,44.65,OK,-0.17,BDL,null,OS,27.93,OK,null,OS
2019-11-03 11:00:00,50.65,OK,-0.17,BDL,null,OS,36.95,OK,null,OS
2019-11-03 12:00:00,42.26,OK,-0.18,BDL,null,OS,27.41,OK,null,OS
2019-11-03 13:00:00,38.39,OK,-0.2,BDL,null,OS,24.47,OK,null,OS
2019-11-03 14:00:00,35.85,OK,-0.21,BDL,null,OS,14.85,OK,null,OS
2019-11-03 15:00:00,32.76,OK,-0.19,BDL,null,OS,18.56,OK,null,OS
2019-11-03 16:00:00,24.56,OK,-0.19,BDL,null,OS,30.15,OK,null,OS
2019-11-03 17:00:00,20.46,OK,-0.15,BDL,null,OS,26.57,OK,null,OS
2019-11-03 18:00:00,15.33,OK,-0.13,BDL,null,OS,35.04,OK,null,OS
2019-11-03 19:00:00,13.63,OK,-0.16,BDL,null,OS,46.85,OK,null,OS
2019-11-03 20:00:00,2.58,OK,-0.03,BDL,null,OS,57.18,OK,null,OS
2019-11-03 21:00:00,0.69,BDL,0.19,BDL,null,OS,107.43,OK,null,OS
2019-11-03 22:00:00,8.08,OK,-0.07,BDL,null,OS,113.82,OK,null,OS
2019-11-03 23:00:00,1.35,OK,-0.05,BDL,null,OS,78.86,OK,null,OS
2019-11-04 00:00:00,16.4,OK,-0.16,BDL,null,OS,57.72,OK,null,OS
2019-11-04 01:00:00,6.29,OK,-0.12,BDL,null,OS,48.48,OK,null,OS
2019-11-04 02:00:00,5.52,OK,-0.12,BDL,null,OS,43.67,OK,null,OS
2019-11-04 03:00:00,7.1,OK,-0.24,BDL,null,OS,21.18,OK,null,OS
2019-11-04 04:00:00,6.48,OK,-0.19,BDL,null,OS,24.73,OK,null,OS
2019-11-04 05:00:00,6.03,OK,-0.12,BDL,null,OS,40.84,OK,null,OS
2019-11-04 06:00:00,3.1,OK,-0.11,BDL,null,OS,49.55,OK,null,OS
2019-11-04 07:00:00,5.81,OK,-0.03,BDL,null,OS,70.64,OK,null,OS
2019-11-04 08:00:00,16.68,OK,-0.17,BDL,null,OS,51.73,OK,null,OS
2019-11-04 09:00:00,24.15,OK,-0.17,BDL,null,OS,42.0,OK,null,OS
2019-11-04 10:00:00,26.56,OK,-0.21,BDL,null,OS,28.27,OK,null,OS
2019-11-04 11:00:00,31.88,OK,-0.23,BDL,null,OS,16.1,OK,null,OS
2019-11-04 12:00:00,40.36,OK,-0.26,BDL,null,OS,32.72,OK,null,OS
2019-11-04 13:00:00,33.96,OK,-0.2,BDL,null,OS,38.6,OK,null,OS
2019-11-04 14:00:00,30.06,OK,-0.22,BDL,null,OS,19.38,OK,null,OS
2019-11-04 15:00:00,23.78,OK,-0.2,BDL,null,OS,34.48,OK,null,OS
2019-11-04 16:00:00,18.61,OK,-0.15,BDL,null,OS,43.49,OK,null,OS
2019-11-04 17:00:00,12.82,OK,-0.16,BDL,null,OS,51.63,OK,null,OS
2019-11-04 18:00:00,12.71,OK,-0.19,BDL,null,OS,44.53,OK,null,OS
2019-11-04 19:00:00,7.27,OK,-0.22,BDL,null,OS,49.36,OK,null,OS
2019-11-04 20:00:00,6.25,OK,-0.21,BDL,null,OS,74.89,OK,null,OS
2019-11-04 21:00:00,3.03,OK,-0.21,BDL,null,OS,56.4,OK,null,OS
2019-11-04 22:00:00,0.98,BDL,-0.16,BDL,null,OS,74.85,OK,null,OS
2019-11-04 23:00:00,0.75,BDL,-0.0,BDL,null,OS,56.09,OK,null,OS
2019-11-05 00:00:00,0.64,BDL,0.01,BDL,null,OS,59.73,OK,null,OS
2019-11-05 01:00:00,3.78,OK,-0.26,BDL,null,OS,59.71,OK,null,OS
2019-11-05 02:00:00,8.39,OK,-0.34,BDL,null,OS,17.99,OK,null,OS
2019-11-05 03:00:00,7.64,OK,-0.32,BDL,null,OS,17.5,OK,null,OS
2019-11-05 04:00:00,12.1,OK,-0.29,BDL,null,OS,21.72,OK,null,OS
2019-11-05 05:00:00,6.14,OK,-0.33,BDL,null,OS,33.45,OK,null,OS
2019-11-05 06:00:00,2.6,OK,-0.19,BDL,null,OS,39.21,OK,null,OS
2019-11-05 07:00:00,5.02,OK,-0.14,BDL,null,OS,60.02,OK,null,OS
2019-11-05 08:00:00,15.18,OK,-0.21,BDL,null,OS,50.97,OK,null,OS
2019-11-05 09:00:00,26.0,OK,-0.24,BDL,null,OS,53.93,OK,null,OS
2019-11-05 10:00:00,36.48,OK,-0.31,BDL,null,OS,57.42,OK,null,OS
2019-11-05 11:00:00,43.38,OK,-0.33,BDL,null,OS,45.43,OK,null,OS
2019-11-05 12:00:00,38.29,OK,-0.31,BDL,null,OS,38.46,OK,null,OS
2019-11-05 13:00:00,36.5,OK,-0.31,BDL,null,OS,44.47,OK,null,OS
2019-11-05 14:00:00,28.76,OK,-0.34,BDL,null,OS,38.03,OK,null,OS
2019-11-05 15:00:00,21.83,OK,-0.36,BDL,null,OS,40.51,OK,null,OS
2019-11-05 16:00:00,14.52,OK,-0.3,BDL,null,OS,39.01,OK,null,OS
2019-11-05 17:00:00,15.57,OK,-0.3,BDL,null,OS,44.6,OK,null,OS
2019-11-05 18:00:00,7.26,OK,-0.29,BDL,null,OS,61.25,OK,null,OS
2019-11-05 19:00:00,4.14,OK,-0.27,BDL,null,OS,84.25,OK,null,OS
2019-11-05 20:00:00,3.38,OK,-0.25,BDL,null,OS,106.79,OK,null,OS
2019-11-05 21:00:00,13.25,OK,-0.33,BDL,null,OS,76.56,OK,null,OS
2019-11-05 22:00:00,12.63,OK,-0.31,BDL,null,OS,59.95,OK,null,OS
2019-11-05 23:00:00,12.65,OK,-0.35,BDL,null,OS,51.87,OK,null,OS
2019-11-06 00:00:00,7.17,OK,-0.37,BDL,null,OS,44.33,OK,null,OS
2019-11-06 01:00:00,3.77,OK,-0.33,BDL,null,OS,53.46,OK,null,OS
2019-11-06 02:00:00,4.32,OK,-0.32,BDL,null,OS,41.92,OK,null,OS
2019-11-06 03:00:00,3.28,OK,-0.21,BDL,null,OS,37.33,OK,null,OS
2019-11-06 04:00:00,0.52,BDL,-0.29,BDL,null,OS,43.56,OK,null,OS
2019-11-06 05:00:00,0.27,BDL,-0.25,BDL,null,OS,33.61,OK,null,OS
2019-11-06 06:00:00,0.95,BDL,-0.02,BDL,null,OS,75.4,OK,null,OS
2019-11-06 07:00:00,2.4,OK,-0.08,BDL,null,OS,55.71,OK,null,OS
2019-11-06 08:00:00,7.93,OK,-0.21,BDL,null,OS,66.97,OK,null,OS
2019-11-06 09:00:00,21.3,OK,-0.29,BDL,null,OS,34.29,OK,null,OS
2019-11-06 10:00:00,25.7,OK,-0.36,BDL,null,OS,20.4,OK,null,OS
2019-11-06 11:00:00,23.16,OK,-0.32,BDL,null,OS,52.76,OK,null,OS
2019-11-06 12:00:00,22.63,OK,-0.35,BDL,null,OS,26.24,OK,null,OS
2019-11-06 13:00:00,23.28,OK,-0.35,BDL,null,OS,31.51,OK,null,OS
2019-11-06 14:00:00,22.99,OK,-0.34,BDL,null,OS,43.25,OK,null,OS
2019-11-06 15:00:00,19.24,OK,-0.4,BDL,null,OS,31.62,OK,null,OS
2019-11-06 16:00:00,10.47,OK,-0.3,BDL,null,OS,37.34,OK,null,OS
2019-11-06 17:00:00,9.28,OK,-0.33,BDL,null,OS,56.75,OK,null,OS
2019-11-06 18:00:00,6.35,OK,-0.32,BDL,null,OS,48.35,OK,null,OS
2019-11-06 19:00:00,8.53,OK,-0.31,BDL,null,OS,72.54,OK,null,OS
2019-11-06 20:00:00,12.74,OK,-0.38,BDL,null,OS,42.84,OK,null,OS
2019-11-06 21:00:00,4.23,OK,-0.36,BDL,null,OS,62.69,OK,null,OS
2019-11-06 22:00:00,0.89,BDL,-0.38,BDL,null,OS,60.93,OK,null,OS
2019-11-06 23:00:00,0.9,BDL,-0.32,BDL,null,OS,53.29,OK,null,OS
2019-11-07 00:00:00,0.85,BDL,-0.34,BDL,null,OS,52.26,OK,null,OS
2019-11-07 01:00:00,2.07,OK,-0.4,BDL,null,OS,34.62,OK,null,OS
2019-11-07 02:00:00,2.55,OK,-0.25,BDL,null,OS,33.31,OK,null,OS
2019-11-07 03:00:00,3.28,OK,-0.4,BDL,null,OS,13.92,OK,null,OS
2019-11-07 04:00:00,4.75,OK,-0.38,BDL,null,OS,17.69,OK,null,OS
2019-11-07 05:00:00,2.44,OK,-0.33,BDL,null,OS,40.58,OK,null,OS
2019-11-07 06:00:00,0.77,BDL,-0.16,BDL,null,OS,43.23,OK,null,OS
2019-11-07 07:00:00,1.68,OK,-0.08,BDL,null,OS,54.81,OK,null,OS
2019-11-07 08:00:00,6.32,OK,-0.25,BDL,null,OS,55.6,OK,null,OS
2019-11-07 09:00:00,8.89,OK,-0.21,BDL,null,OS,57.66,OK,null,OS
2019-11-07 10:00:00,14.68,OK,-0.19,BDL,null,OS,122.4,OK,null,OS
2019-11-07 11:00:00,23.87,OK,-0.32,BDL,null,OS,106.69,OK,null,OS
2019-11-07 12:00:00,22.4,OK,-0.3,BDL,null,OS,59.03,OK,null,OS
2019-11-07 13:00:00,22.62,OK,-0.31,BDL,null,OS,48.18,OK,null,OS
2019-11-07 14:00:00,19.26,OK,-0.33,BDL,null,OS,40.28,OK,null,OS
2019-11-07 15:00:00,18.12,OK,-0.36,BDL,null,OS,57.52,OK,null,OS
2019-11-07 16:00:00,6.22,OK,-0.28,BDL,null,OS,76.78,OK,null,OS
2019-11-07 17:00:00,4.5,OK,-0.24,BDL,null,OS,139.71,OK,null,OS
2019-11-07 18:00:00,1.81,OK,-0.2,BDL,null,OS,130.08,OK,null,OS
2019-11-07 19:00:00,0.95,BDL,-0.17,BDL,null,OS,81.55,OK,null,OS
2019-11-07 20:00:00,1.61,OK,-0.01,BDL,null,OS,116.95,OK,null,OS
2019-11-07 21:00:00,3.55,OK,-0.27,BDL,null,OS,56.0,OK,null,OS
2019-11-07 22:00:00,1.34,OK,-0.29,BDL,null,OS,69.14,OK,null,OS
2019-11-07 23:00:00,0.32,BDL,-0.09,BDL,null,OS,71.83,OK,null,OS
2019-11-08 00:00:00,0.52,BDL,-0.25,BDL,null,OS,71.37,OK,null,OS
2019-11-08 01:00:00,3.67,OK,-0.2,BDL,null,OS,50.75,OK,null,OS
2019-11-08 02:00:00,7.53,OK,-0.38,BDL,null,OS,35.18,OK,null,OS
2019-11-08 03:00:00,6.82,OK,-0.37,BDL,null,OS,15.01,OK,null,OS
2019-11-08 04:00:00,4.27,OK,-0.36,BDL,null,OS,19.21,OK,null,OS
2019-11-08 05:00:00,0.81,BDL,-0.31,BDL,null,OS,31.31,OK,null,OS
2019-11-08 06:00:00,0.66,BDL,-0.13,BDL,null,OS,37.86,OK,null,OS
2019-11-08 07:00:00,1.72,OK,0.07,BDL,null,OS,70.17,OK,null,OS
2019-11-08 08:00:00,9.39,OK,-0.15,BDL,null,OS,64.89,OK,null,OS
2019-11-08 09:00:00,13.7,OK,-0.26,BDL,null,OS,65.84,OK,null,OS
2019-11-08 10:00:00,22.04,OK,-0.27,BDL,null,OS,73.66,OK,null,OS
2019-11-08 11:00:00,29.53,OK,-0.35,BDL,null,OS,29.29,OK,null,OS
2019-11-08 12:00:00,31.13,OK,-0.34,BDL,null,OS,21.7,OK,null,OS
2019-11-08 13:00:00,39.24,OK,-0.38,BDL,null,OS,30.69,OK,null,OS
2019-11-08 14:00:00,48.52,OK,-0.37,BDL,null,OS,39.92,OK,null,OS
2019-11-08 15:00:00,49.6,OK,-0.36,BDL,null,OS,55.08,OK,null,OS
2019-11-08 16:00:00,19.96,OK,-0.35,BDL,null,OS,64.49,OK,null,OS
2019-11-08 17:00:00,5.16,OK,-0.1,BDL,null,OS,73.29,OK,null,OS
2019-11-08 18:00:00,5.04,OK,-0.21,BDL,null,OS,60.91,OK,null,OS
2019-11-08 19:00:00,2.09,OK,-0.23,BDL,null,OS,70.64,OK,null,OS
2019-11-08 20:00:00,1.98,OK,-0.21,BDL,null,OS,121.67,OK,null,OS
2019-11-08 21:00:00,0.73,BDL,-0.11,BDL,null,OS,114.57,OK,null,OS
2019-11-08 22:00:00,0.55,BDL,-0.11,BDL,null,OS,111.59,OK,null,OS
2019-11-08 23:00:00,4.88,OK,-0.32,BDL,null,OS,69.58,OK,null,OS
2019-11-09 00:00:00,6.54,OK,-0.27,BDL,null,OS,40.21,OK,null,OS
2019-11-09 01:00:00,4.42,OK,-0.34,BDL,null,OS,40.14,OK,null,OS
2019-11-09 02:00:00,2.98,OK,-0.37,BDL,null,OS,37.97,OK,null,OS
2019-11-09 03:00:00,6.52,OK,-0.37,BDL,null,OS,24.63,OK,null,OS
2019-11-09 04:00:00,8.14,OK,-0.37,BDL,null,OS,27.32,OK,null,OS
2019-11-09 05:00:00,4.35,OK,-0.36,BDL,null,OS,13.54,OK,null,OS
2019-11-09 06:00:00,5.72,OK,-0.37,BDL,null,OS,36.57,OK,null,OS
2019-11-09 07:00:00,11.3,OK,-0.33,BDL,null,OS,57.94,OK,null,OS
2019-11-09 08:00:00,22.35,OK,-0.35,BDL,null,OS,31.04,OK,null,OS
2019-11-09 09:00:00,28.43,OK,-0.39,BDL,null,OS,26.82,OK,null,OS
2019-11-09 10:00:00,33.01,OK,-0.34,BDL,null,OS,26.73,OK,null,OS
2019-11-09 11:00:00,37.79,OK,-0.38,BDL,null,OS,27.31,OK,null,OS
2019-11-09 12:00:00,41.02,OK,-0.39,BDL,null,OS,31.93,OK,null,OS
2019-11-09 13:00:00,43.59,OK,-0.37,BDL,null,OS,57.17,OK,null,OS
2019-11-09 14:00:00,31.17,OK,-0.32,BDL,null,OS,39.22,OK,null,OS
2019-11-09 15:00:00,27.24,OK,-0.38,BDL,null,OS,31.41,OK,null,OS
2019-11-09 16:00:00,21.97,OK,-0.34,BDL,null,OS,26.06,OK,null,OS
2019-11-09 17:00:00,18.79,OK,-0.31,BDL,null,OS,45.7,OK,null,OS
2019-11-09 18:00:00,18.65,OK,-0.35,BDL,null,OS,35.37,OK,null,OS
2019-11-09 19:00:00,12.96,OK,-0.35,BDL,null,OS,47.84,OK,null,OS
2019-11-09 20:00:00,7.38,OK,-0.31,BDL,null,OS,55.86,OK,null,OS
2019-11-09 21:00:00,3.52,OK,-0.28,BDL,null,OS,73.2,OK,null,OS
2019-11-09 22:00:00,3.2,OK,-0.3,BDL,null,OS,78.4,OK,null,OS
2019-11-09 23:00:00,7.92,OK,-0.26,BDL,null,OS,62.85,OK,null,OS
2019-11-10 00:00:00,11.12,OK,-0.37,BDL,null,OS,52.05,OK,null,OS
2019-11-10 01:00:00,11.93,OK,-0.42,BDL,null,OS,40.12,OK,null,OS
2019-11-10 02:00:00,13.49,OK,-0.43,BDL,null,OS,26.19,OK,null,OS
2019-11-10 03:00:00,10.84,OK,-0.36,BDL,null,OS,39.13,OK,null,OS
2019-11-10 04:00:00,15.34,OK,-0.44,BDL,null,OS,38.83,OK,null,OS
2019-11-10 05:00:00,6.83,OK,-0.33,BDL,null,OS,38.91,OK,null,OS
2019-11-10 06:00:00,6.61,OK,-0.36,BDL,null,OS,54.36,OK,null,OS
2019-11-10 07:00:00,11.25,OK,-0.34,BDL,null,OS,28.48,OK,null,OS
2019-11-10 08:00:00,17.12,OK,-0.35,BDL,null,OS,42.44,OK,null,OS
2019-11-10 09:00:00,28.95,OK,-0.33,BDL,null,OS,18.28,OK,null,OS
2019-11-10 10:00:00,40.41,OK,-0.4,BDL,null,OS,35.42,OK,null,OS
2019-11-10 11:00:00,47.77,OK,-0.36,BDL,null,OS,38.81,OK,null,OS
2019-11-10 12:00:00,43.54,OK,-0.4,BDL,null,OS,32.69,OK,null,OS
2019-11-10 13:00:00,38.67,OK,-0.39,BDL,null,OS,30.75,OK,null,OS
2019-11-10 14:00:00,36.58,OK,-0.39,BDL,null,OS,43.19,OK,null,OS
2019-11-10 15:00:00,35.2,OK,-0.37,BDL,null,OS,12.93,OK,null,OS
2019-11-10 16:00:00,32.46,OK,-0.34,BDL,null,OS,21.04,OK,null,OS
2019-11-10 17:00:00,26.1,OK,-0.39,BDL,null,OS,38.57,OK,null,OS
2019-11-10 18:00:00,25.69,OK,-0.39,BDL,null,OS,30.27,OK,null,OS
2019-11-10 19:00:00,15.99,OK,-0.32,BDL,null,OS,46.98,OK,null,OS
2019-11-10 20:00:00,2.16,OK,-0.27,BDL,null,OS,72.98,OK,null,OS
2019-11-10 21:00:00,0.46,BDL,-0.07,BDL,null,OS,105.39,OK,null,OS
2019-11-10 22:00:00,7.44,OK,0.08,BDL,null,OS,100.18,OK,null,OS
2019-11-10 23:00:00,28.61,OK,-0.38,BDL,null,OS,41.41,OK,null,OS
2019-11-11 00:00:00,23.99,OK,-0.36,BDL,null,OS,27.33,OK,null,OS
2019-11-11 01:00:00,19.41,OK,-0.4,BDL,null,OS,27.35,OK,null,OS
2019-11-11 02:00:00,15.63,OK,-0.4,BDL,null,OS,44.87,OK,null,OS
2019-11-11 03:00:00,16.0,OK,-0.38,BDL,null,OS,46.7,OK,null,OS
2019-11-11 04:00:00,3.74,OK,-0.36,BDL,null,OS,56.13,OK,null,OS
2019-11-11 05:00:00,0.91,BDL,-0.29,BDL,null,OS,59.92,OK,null,OS
2019-11-11 06:00:00,1.39,OK,-0.08,BDL,null,OS,53.44,OK,null,OS
2019-11-11 07:00:00,5.55,OK,-0.17,BDL,null,OS,58.13,OK,null,OS
2019-11-11 08:00:00,10.43,OK,-0.03,BDL,null,OS,87.77,OK,null,OS
2019-11-11 09:00:00,28.64,OK,-0.28,BDL,null,OS,45.68,OK,null,OS
2019-11-11 10:00:00,36.67,OK,-0.27,BDL,null,OS,25.44,OK,null,OS
2019-11-11 11:00:00,45.01,OK,-0.37,BDL,null,OS,34.26,OK,null,OS
2019-11-11 12:00:00,43.49,OK,-0.38,BDL,null,OS,32.37,OK,null,OS
2019-11-11 13:00:00,35.61,OK,-0.38,BDL,null,OS,16.92,OK,null,OS
2019-11-11 14:00:00,34.9,OK,-0.34,BDL,null,OS,23.53,OK,null,OS
2019-11-11 15:00:00,33.92,OK,-0.34,BDL,null,OS,23.92,OK,null,OS
2019-11-11 16:00:00,23.27,OK,-0.33,BDL,null,OS,22.34,OK,null,OS
2019-11-11 17:00:00,20.37,OK,-0.35,BDL,null,OS,46.96,OK,null,OS
2019-11-11 18:00:00,15.83,OK,-0.3,BDL,null,OS,48.16,OK,null,OS
2019-11-11 19:00:00,16.21,OK,-0.29,BDL,null,OS,60.26,OK,null,OS
2019-11-11 20:00:00,17.94,OK,-0.3,BDL,null,OS,51.38,OK,null,OS
2019-11-11 21:00:00,16.32,OK,-0.34,BDL,null,OS,40.31,OK,null,OS
2019-11-11 22:00:00,8.61,OK,-0.29,BDL,null,OS,47.32,OK,null,OS
2019-11-11 23:00:00,11.92,OK,-0.35,BDL,null,OS,36.4,OK,null,OS
2019-11-12 00:00:00,13.03,OK,-0.37,BDL,null,OS,28.85,OK,null,OS
2019-11-12 01:00:00,8.94,OK,-0.39,BDL,null,OS,20.35,OK,null,OS
2019-11-12 02:00:00,8.08,OK,-0.38,BDL,null,OS,38.45,OK,null,OS
2019-11-12 03:00:00,10.01,OK,-0.36,BDL,null,OS,18.15,OK,null,OS
2019-11-12 04:00:00,7.06,OK,-0.33,BDL,null,OS,15.36,OK,null,OS
2019-11-12 05:00:00,2.37,OK,-0.29,BDL,null,OS,33.03,OK,null,OS
2019-11-12 06:00:00,4.1,OK,-0.26,BDL,null,OS,38.77,OK,null,OS
2019-11-12 07:00:00,10.32,OK,-0.25,BDL,null,OS,8.46,OK,null,OS
2019-11-12 08:00:00,26.68,OK,-0.37,BDL,null,OS,14.76,OK,null,OS
2019-11-12 09:00:00,29.21,OK,-0.35,BDL,null,OS,21.6,OK,null,OS
2019-11-12 10:00:00,31.58,OK,-0.41,BDL,null,OS,29.16,OK,null,OS
2019-11-12 11:00:00,31.97,OK,-0.38,BDL,null,OS,25.08,OK,null,OS
2019-11-12 12:00:00,30.26,OK,-0.4,BDL,null,OS,28.1,OK,null,OS
2019-11-12 13:00:00,28.58,OK,-0.38,BDL,null,OS,30.13,OK,null,OS
2019-11-12 14:00:00,28.63,OK,-0.36,BDL,null,OS,11.43,OK,null,OS
2019-11-12 15:00:00,28.85,OK,-0.41,BDL,null,OS,16.8,OK,null,OS
2019-11-12 16:00:00,19.04,OK,-0.42,BDL,null,OS,35.84,OK,null,OS
2019-11-12 17:00:00,5.99,OK,-0.26,BDL,null,OS,44.26,OK,null,OS
2019-11-12 18:00:00,4.55,OK,-0.3,BDL,null,OS,51.41,OK,null,OS
2019-11-12 19:00:00,3.52,OK,-0.19,BDL,null,OS,108.94,OK,null,OS
2019-11-12 20:00:00,7.29,OK,-0.13,BDL,null,OS,39.84,OK,null,OS
2019-11-12 21:00:00,18.54,OK,-0.34,BDL,null,OS,35.33,OK,null,OS
2019-11-12 22:00:00,20.25,OK,-0.32,BDL,null,OS,10.88,OK,null,OS
2019-11-12 23:00:00,22.24,OK,-0.34,BDL,null,OS,13.22,OK,null,OS
2019-11-13 00:00:00,21.3,OK,-0.36,BDL,null,OS,11.81,OK,null,OS
2019-11-13 01:00:00,20.6,OK,-0.35,BDL,null,OS,10.29,OK,null,OS
2019-11-13 02:00:00,20.8,OK,-0.35,BDL,null,OS,13.79,OK,null,OS
2019-11-13 03:00:00,19.75,OK,-0.31,BDL,null,OS,12.0,OK,null,OS
2019-11-13 04:00:00,18.83,OK,-0.36,BDL,null,OS,19.51,OK,null,OS
2019-11-13 05:00:00,15.73,OK,-0.26,BDL,null,OS,12.95,OK,null,OS
2019-11-13 06:00:00,12.47,OK,-0.24,BDL,null,OS,15.58,OK,null,OS
2019-11-13 07:00:00,15.57,OK,-0.25,BDL,null,OS,18.64,OK,null,OS
2019-11-13 08:00:00,21.45,OK,-0.21,BDL,null,OS,26.65,OK,null,OS
2019-11-13 09:00:00,25.61,OK,-0.24,BDL,null,OS,16.12,OK,null,OS
2019-11-13 10:00:00,29.5,OK,-0.3,BDL,null,OS,16.49,OK,null,OS
2019-11-13 11:00:00,38.24,OK,-0.3,BDL,null,OS,20.98,OK,null,OS
2019-11-13 12:00:00,40.8,OK,-0.3,BDL,null,OS,38.82,OK,null,OS
2019-11-13 13:00:00,39.63,OK,-0.3,BDL,null,OS,48.16,OK,null,OS
2019-11-13 14:00:00,42.27,OK,-0.32,BDL,null,OS,37.35,OK,null,OS
2019-11-13 15:00:00,36.15,OK,-0.33,BDL,null,OS,26.37,OK,null,OS
2019-11-13 16:00:00,31.22,OK,-0.38,BDL,null,OS,52.68,OK,null,OS
2019-11-13 17:00:00,25.4,OK,-0.35,BDL,null,OS,40.14,OK,null,OS
2019-11-13 18:00:00,22.61,OK,-0.27,BDL,null,OS,52.14,OK,null,OS
2019-11-13 19:00:00,23.05,OK,-0.22,BDL,null,OS,55.03,OK,null,OS
2019-11-13 20:00:00,17.97,OK,-0.36,BDL,null,OS,56.15,OK,null,OS
2019-11-13 21:00:00,23.42,OK,-0.36,BDL,null,OS,47.87,OK,null,OS
2019-11-13 22:00:00,24.18,OK,-0.38,BDL,null,OS,31.71,OK,null,OS
2019-11-13 23:00:00,20.01,OK,-0.38,BDL,null,OS,28.87,OK,null,OS
2019-11-14 00:00:00,8.44,OK,-0.37,BDL,null,OS,58.42,OK,null,OS
2019-11-14 01:00:00,14.76,OK,-0.36,BDL,null,OS,38.86,OK,null,OS
2019-11-14 02:00:00,11.9,OK,-0.32,BDL,null,OS,43.86,OK,null,OS
2019-11-14 03:00:00,15.88,OK,-0.41,BDL,null,OS,28.68,OK,null,OS
2019-11-14 04:00:00,14.4,OK,-0.37,BDL,null,OS,36.98,OK,null,OS
2019-11-14 05:00:00,9.72,OK,-0.35,BDL,null,OS,45.57,OK,null,OS
2019-11-14 06:00:00,10.66,OK,-0.34,BDL,null,OS,23.55,OK,null,OS
2019-11-14 07:00:00,18.58,OK,-0.32,BDL,null,OS,29.55,OK,null,OS
2019-11-14 08:00:00,27.01,OK,-0.4,BDL,null,OS,35.39,OK,null,OS
2019-11-14 09:00:00,32.88,OK,-0.37,BDL,null,OS,37.11,OK,null,OS
2019-11-14 10:00:00,35.63,OK,-0.4,BDL,null,OS,40.2,OK,null,OS
2019-11-14 11:00:00,39.53,OK,-0.42,BDL,null,OS,21.73,OK,null,OS
2019-11-14 12:00:00,46.97,OK,-0.38,BDL,null,OS,44.18,OK,null,OS
2019-11-14 13:00:00,48.91,OK,-0.41,BDL,null,OS,28.09,OK,null,OS
2019-11-14 14:00:00,48.07,OK,-0.39,BDL,null,OS,27.61,OK,null,OS
2019-11-14 15:00:00,45.33,OK,-0.32,BDL,null,OS,57.91,OK,null,OS
2019-11-14 16:00:00,34.95,OK,-0.32,BDL,null,OS,49.74,OK,null,OS
2019-11-14 17:00:00,23.56,OK,-0.34,BDL,null,OS,68.09,OK,null,OS
2019-11-14 18:00:00,20.81,OK,-0.2,BDL,null,OS,48.0,OK,null,OS
2019-11-14 19:00:00,16.69,OK,-0.37,BDL,null,OS,60.51,OK,null,OS
2019-11-14 20:00:00,16.93,OK,-0.34,BDL,null,OS,68.69,OK,null,OS
2019-11-14 21:00:00,17.5,OK,-0.4,BDL,null,OS,57.29,OK,null,OS
2019-11-14 22:00:00,10.06,OK,-0.35,BDL,null,OS,68.16,OK,null,OS
2019-11-14 23:00:00,5.12,OK,-0.35,BDL,null,OS,45.41,OK,null,OS
2019-11-15 00:00:00,17.25,OK,-0.38,BDL,null,OS,53.35,OK,null,OS
2019-11-15 01:00:00,14.07,OK,-0.38,BDL,null,OS,23.66,OK,null,OS
2019-11-15 02:00:00,15.92,OK,-0.37,BDL,null,OS,26.54,OK,null,OS
2019-11-15 03:00:00,13.16,OK,-0.4,BDL,null,OS,27.32,OK,null,OS
2019-11-15 04:00:00,20.8,OK,-0.42,BDL,null,OS,29.06,OK,null,OS
2019-11-15 05:00:00,8.36,OK,-0.35,BDL,null,OS,43.49,OK,null,OS
2019-11-15 06:00:00,11.79,OK,-0.31,BDL,null,OS,38.91,OK,null,OS
2019-11-15 07:00:00,14.45,OK,-0.31,BDL,null,OS,40.58,OK,null,OS
2019-11-15 08:00:00,24.85,OK,-0.31,BDL,null,OS,29.86,OK,null,OS
2019-11-15 09:00:00,32.14,OK,-0.31,BDL,null,OS,34.5,OK,null,OS
2019-11-15 10:00:00,36.68,OK,-0.26,BDL,null,OS,35.88,OK,null,OS
2019-11-15 11:00:00,36.71,OK,-0.34,BDL,null,OS,26.37,OK,null,OS
2019-11-15 12:00:00,37.83,OK,-0.32,BDL,null,OS,23.1,OK,null,OS
2019-11-15 13:00:00,40.59,OK,-0.33,BDL,null,OS,28.54,OK,null,OS
2019-11-15 14:00:00,40.1,OK,-0.27,BDL,null,OS,40.38,OK,null,OS
2019-11-15 15:00:00,30.12,OK,-0.3,BDL,null,OS,46.21,OK,null,OS
2019-11-15 16:00:00,15.58,OK,-0.15,BDL,null,OS,58.7,OK,null,OS
2019-11-15 17:00:00,13.76,OK,0.05,BDL,null,OS,75.8,OK,null,OS
2019-11-15 18:00:00,13.69,OK,-0.2,BDL,null,OS,68.32,OK,null,OS
2019-11-15 19:00:00,9.77,OK,-0.24,BDL,null,OS,66.7,OK,null,OS
2019-11-15 20:00:00,4.71,OK,-0.24,BDL,null,OS,106.94,OK,null,OS
2019-11-15 21:00:00,1.35,OK,-0.16,BDL,null,OS,93.21,OK,null,OS
2019-11-15 22:00:00,0.33,BDL,-0.06,BDL,null,OS,94.01,OK,null,OS
2019-11-15 23:00:00,4.81,OK,-0.3,BDL,null,OS,92.7,OK,null,OS
2019-11-16 00:00:00,13.34,OK,-0.28,BDL,null,OS,64.26,OK,null,OS
2019-11-16 01:00:00,15.05,OK,-0.32,BDL,null,OS,44.9,OK,null,OS
2019-11-16 02:00:00,22.13,OK,-0.29,BDL,null,OS,32.76,OK,null,OS
2019-11-16 03:00:00,23.36,OK,-0.34,BDL,null,OS,30.27,OK,null,OS
2019-11-16 04:00:00,20.67,OK,-0.37,BDL,null,OS,19.14,OK,null,OS
2019-11-16 05:00:00,13.12,OK,-0.31,BDL,null,OS,24.72,OK,null,OS
2019-11-16 06:00:00,14.21,OK,-0.33,BDL,null,OS,40.77,OK,null,OS
2019-11-16 07:00:00,11.91,OK,-0.26,BDL,null,OS,38.79,OK,null,OS
2019-11-16 08:00:00,27.04,OK,-0.34,BDL,null,OS,28.94,OK,null,OS
2019-11-16 09:00:00,32.46,OK,-0.27,BDL,null,OS,41.56,OK,null,OS
2019-11-16 10:00:00,37.24,OK,-0.3,BDL,null,OS,34.45,OK,null,OS
2019-11-16 11:00:00,42.88,OK,-0.31,BDL,null,OS,33.88,OK,null,OS
2019-11-16 12:00:00,35.21,OK,-0.35,BDL,null,OS,54.47,OK,null,OS
2019-11-16 13:00:00,34.85,OK,-0.32,BDL,null,OS,24.12,OK,null,OS
2019-11-16 14:00:00,35.11,OK,-0.33,BDL,null,OS,14.34,OK,null,OS
2019-11-16 15:00:00,35.09,OK,-0.37,BDL,null,OS,24.72,OK,null,OS
2019-11-16 16:00:00,34.51,OK,-0.28,BDL,null,OS,54.09,OK,null,OS
2019-11-16 17:00:00,23.82,OK,-0.33,BDL,null,OS,40.77,OK,null,OS
2019-11-16 18:00:00,20.33,OK,-0.34,BDL,null,OS,48.17,OK,null,OS
2019-11-16 19:00:00,25.66,OK,-0.36,BDL,null,OS,52.79,OK,null,OS
2019-11-16 20:00:00,23.06,OK,-0.32,BDL,null,OS,43.6,OK,null,OS
2019-11-16 21:00:00,12.73,OK,-0.3,BDL,null,OS,44.28,OK,null,OS
2019-11-16 22:00:00,2.84,OK,-0.26,BDL,null,OS,56.37,OK,null,OS
2019-11-16 23:00:00,3.67,OK,-0.28,BDL,null,OS,69.29,OK,null,OS
2019-11-17 00:00:00,9.61,OK,-0.35,BDL,null,OS,69.16,OK,null,OS
2019-11-17 01:00:00,16.87,OK,-0.39,BDL,null,OS,37.21,OK,null,OS
2019-11-17 02:00:00,13.54,OK,-0.39,BDL,null,OS,41.65,OK,null,OS
2019-11-17 03:00:00,21.67,OK,-0.36,BDL,null,OS,26.72,OK,null,OS
2019-11-17 04:00:00,21.84,OK,-0.39,BDL,null,OS,35.41,OK,null,OS
2019-11-17 05:00:00,17.95,OK,-0.4,BDL,null,OS,21.27,OK,null,OS
2019-11-17 06:00:00,16.82,OK,-0.32,BDL,null,OS,29.99,OK,null,OS
2019-11-17 07:00:00,11.57,OK,-0.34,BDL,null,OS,26.89,OK,null,OS
2019-11-17 08:00:00,11.24,OK,-0.35,BDL,null,OS,49.09,OK,null,OS
2019-11-17 09:00:00,14.42,OK,-0.34,BDL,null,OS,44.51,OK,null,OS
2019-11-17 10:00:00,18.87,OK,-0.33,BDL,null,OS,50.4,OK,null,OS
2019-11-17 11:00:00,30.15,OK,-0.4,BDL,null,OS,21.56,OK,null,OS
2019-11-17 12:00:00,31.92,OK,-0.38,BDL,null,OS,31.07,OK,null,OS
2019-11-17 13:00:00,31.39,OK,-0.37,BDL,null,OS,26.53,OK,null,OS
2019-11-17 14:00:00,28.32,OK,-0.38,BDL,null,OS,22.71,OK,null,OS
2019-11-17 15:00:00,22.46,OK,-0.27,BDL,null,OS,31.72,OK,null,OS
2019-11-17 16:00:00,7.69,OK,-0.26,BDL,null,OS,53.08,OK,null,OS
2019-11-17 17:00:00,0.84,BDL,0.11,BDL,null,OS,79.47,OK,null,OS
2019-11-17 18:00:00,1.55,OK,0.56,BDL,null,OS,168.15,OK,null,OS
2019-11-17 19:00:00,1.18,OK,0.6,BDL,null,OS,174.98,OK,null,OS
2019-11-17 20:00:00,0.93,BDL,0.6,BDL,null,OS,157.52,OK,null,OS
2019-11-17 21:00:00,0.58,BDL,0.35,BDL,null,OS,136.88,OK,null,OS
2019-11-17 22:00:00,1.67,OK,-0.18,BDL,null,OS,87.11,OK,null,OS
2019-11-17 23:00:00,3.51,OK,-0.28,BDL,null,OS,44.74,OK,null,OS
2019-11-18 00:00:00,5.99,OK,-0.34,BDL,null,OS,48.04,OK,null,OS
2019-11-18 01:00:00,7.63,OK,-0.33,BDL,null,OS,30.6,OK,null,OS
2019-11-18 02:00:00,13.11,OK,-0.37,BDL,null,OS,22.57,OK,null,OS
2019-11-18 03:00:00,15.87,OK,-0.38,BDL,null,OS,15.23,OK,null,OS
2019-11-18 04:00:00,14.66,OK,-0.37,BDL,null,OS,5.92,OK,null,OS
2019-11-18 05:00:00,13.34,OK,-0.35,BDL,null,OS,17.76,OK,null,OS
2019-11-18 06:00:00,12.66,OK,-0.38,BDL,null,OS,25.47,OK,null,OS
2019-11-18 07:00:00,18.96,OK,-0.39,BDL,null,OS,5.1,OK,null,OS
2019-11-18 08:00:00,22.52,OK,-0.37,BDL,null,OS,14.98,OK,null,OS
2019-11-18 09:00:00,26.84,OK,-0.4,BDL,null,OS,13.64,OK,null,OS
2019-11-18 10:00:00,29.98,OK,-0.4,BDL,null,OS,21.53,OK,null,OS
2019-11-18 11:00:00,31.18,OK,-0.35,BDL,null,OS,31.19,OK,null,OS
2019-11-18 12:00:00,28.16,OK,-0.39,BDL,null,OS,27.02,OK,null,OS
2019-11-18 13:00:00,29.11,OK,-0.38,BDL,null,OS,0.05,BDL,null,OS
2019-11-18 14:00:00,29.24,OK,-0.31,BDL,null,OS,13.44,OK,null,OS
2019-11-18 15:00:00,28.69,OK,-0.25,BDL,null,OS,33.14,OK,null,OS
2019-11-18 16:00:00,16.96,OK,-0.31,BDL,null,OS,32.97,OK,null,OS
2019-11-18 17:00:00,13.18,OK,-0.33,BDL,null,OS,22.35,OK,null,OS
2019-11-18 18:00:00,20.55,OK,-0.37,BDL,null,OS,28.29,OK,null,OS
2019-11-18 19:00:00,14.82,OK,-0.38,BDL,null,OS,21.89,OK,null,OS
2019-11-18 20:00:00,17.45,OK,-0.35,BDL,null,OS,27.99,OK,null,OS
2019-11-18 21:00:00,18.73,OK,-0.41,BDL,null,OS,24.2,OK,null,OS
2019-11-18 22:00:00,9.48,OK,-0.37,BDL,null,OS,24.73,OK,null,OS
2019-11-18 23:00:00,6.81,OK,-0.38,BDL,null,OS,43.6,OK,null,OS
2019-11-19 00:00:00,15.4,OK,-0.41,BDL,null,OS,35.33,OK,null,OS
2019-11-19 01:00:00,21.04,OK,-0.4,BDL,null,OS,10.64,OK,null,OS
2019-11-19 02:00:00,22.6,OK,-0.45,BDL,null,OS,12.07,OK,null,OS
2019-11-19 03:00:00,23.98,OK,-0.47,BDL,null,OS,14.83,OK,null,OS
2019-11-19 04:00:00,22.72,OK,-0.43,BDL,null,OS,16.99,OK,null,OS
2019-11-19 05:00:00,17.6,OK,-0.4,BDL,null,OS,17.75,OK,null,OS
2019-11-19 06:00:00,12.44,OK,-0.48,BDL,null,OS,22.44,OK,null,OS
2019-11-19 07:00:00,7.34,OK,-0.37,BDL,null,OS,20.84,OK,null,OS
2019-11-19 08:00:00,11.85,OK,-0.38,BDL,null,OS,30.63,OK,null,OS
2019-11-19 09:00:00,8.0,OK,-0.4,BDL,null,OS,35.0,OK,null,OS
2019-11-19 10:00:00,7.08,OK,-0.31,BDL,null,OS,-2.83,BDL,null,OS
2019-11-19 11:00:00,12.24,OK,-0.37,BDL,null,OS,0.84,BDL,null,OS
2019-11-19 12:00:00,11.93,OK,-0.34,BDL,null,OS,25.53,OK,null,OS
2019-11-19 13:00:00,17.16,OK,-0.38,BDL,null,OS,11.45,OK,null,OS
2019-11-19 14:00:00,18.42,OK,-0.41,BDL,null,OS,19.91,OK,null,OS
2019-11-19 15:00:00,20.57,OK,-0.41,BDL,null,OS,12.86,OK,null,OS
2019-11-19 16:00:00,17.33,OK,-0.43,BDL,null,OS,18.52,OK,null,OS
2019-11-19 17:00:00,11.98,OK,-0.38,BDL,null,OS,24.0,OK,null,OS
2019-11-19 18:00:00,9.48,OK,-0.34,BDL,null,OS,29.01,OK,null,OS
2019-11-19 19:00:00,8.34,OK,-0.42,BDL,null,OS,30.6,OK,null,OS
2019-11-19 20:00:00,12.97,OK,-0.41,BDL,null,OS,24.94,OK,null,OS
2019-11-19 21:00:00,26.82,OK,-0.5,BDL,null,OS,22.62,OK,null,OS
2019-11-19 22:00:00,22.06,OK,-0.41,BDL,null,OS,-2.24,BDL,null,OS
2019-11-19 23:00:00,24.56,OK,-0.44,BDL,null,OS,22.62,OK,null,OS
2019-11-20 00:00:00,25.52,OK,-0.46,BDL,null,OS,7.82,OK,null,OS
2019-11-20 01:00:00,23.25,OK,-0.42,BDL,null,OS,3.46,BDL,null,OS
2019-11-20 02:00:00,22.12,OK,-0.44,BDL,null,OS,17.93,OK,null,OS
2019-11-20 03:00:00,26.53,OK,-0.45,BDL,null,OS,6.44,OK,null,OS
2019-11-20 04:00:00,28.48,OK,-0.51,BDL,null,OS,6.93,OK,null,OS
2019-11-20 05:00:00,21.05,OK,-0.47,BDL,null,OS,5.9,OK,null,OS
2019-11-20 06:00:00,12.98,OK,-0.38,BDL,null,OS,22.2,OK,null,OS
2019-11-20 07:00:00,18.41,OK,-0.37,BDL,null,OS,25.64,OK,null,OS
2019-11-20 08:00:00,25.36,OK,-0.41,BDL,null,OS,11.71,OK,null,OS
2019-11-20 09:00:00,30.18,OK,-0.39,BDL,null,OS,13.19,OK,null,OS
2019-11-20 10:00:00,33.59,OK,-0.46,BDL,null,OS,15.1,OK,null,OS
2019-11-20 11:00:00,34.58,OK,-0.4,BDL,null,OS,23.13,OK,null,OS
2019-11-20 12:00:00,33.18,OK,-0.36,BDL,null,OS,21.35,OK,null,OS
2019-11-20 13:00:00,30.3,OK,-0.43,BDL,null,OS,25.67,OK,null,OS
2019-11-20 14:00:00,22.41,OK,-0.42,BDL,null,OS,2.53,BDL,null,OS
2019-11-20 15:00:00,18.52,OK,-0.39,BDL,null,OS,23.89,OK,null,OS
2019-11-20 16:00:00,22.57,OK,-0.46,BDL,null,OS,22.99,OK,null,OS
2019-11-20 17:00:00,16.69,OK,-0.37,BDL,null,OS,16.69,OK,null,OS
2019-11-20 18:00:00,25.34,OK,-0.43,BDL,null,OS,16.67,OK,null,OS
2019-11-20 19:00:00,27.74,OK,-0.41,BDL,null,OS,20.99,OK,null,OS
2019-11-20 20:00:00,29.35,OK,-0.42,BDL,null,OS,6.24,OK,null,OS
2019-11-20 21:00:00,30.04,OK,-0.45,BDL,null,OS,11.7,OK,null,OS
2019-11-20 22:00:00,31.93,OK,-0.41,BDL,null,OS,6.56,OK,null,OS
2019-11-20 23:00:00,33.71,OK,-0.49,BDL,null,OS,15.14,OK,null,OS
2019-11-21 00:00:00,31.25,OK,-0.47,BDL,null,OS,20.64,OK,null,OS
2019-11-21 01:00:00,31.01,OK,-0.42,BDL,null,OS,-2.79,BDL,null,OS
2019-11-21 02:00:00,33.75,OK,-0.44,BDL,null,OS,20.27,OK,null,OS
2019-11-21 03:00:00,31.14,OK,-0.46,BDL,null,OS,26.45,OK,null,OS
2019-11-21 04:00:00,24.78,OK,-0.45,BDL,null,OS,28.34,OK,null,OS
2019-11-21 05:00:00,8.72,OK,-0.34,BDL,null,OS,21.69,OK,null,OS
2019-11-21 06:00:00,9.69,OK,-0.32,BDL,null,OS,18.53,OK,null,OS
2019-11-21 07:00:00,23.08,OK,-0.39,BDL,null,OS,-4.88,OR,null,OS
2019-11-21 08:00:00,25.63,OK,-0.36,BDL,null,OS,3.0,BDL,null,OS
2019-11-21 09:00:00,34.03,OK,-0.4,BDL,null,OS,9.88,OK,null,OS
2019-11-21 10:00:00,35.8,OK,-0.37,BDL,null,OS,16.5,OK,null,OS
2019-11-21 11:00:00,37.16,OK,-0.37,BDL,null,OS,-0.37,BDL,null,OS
2019-11-21 12:00:00,35.33,OK,-0.41,BDL,null,OS,19.12,OK,null,OS
2019-11-21 13:00:00,37.28,OK,-0.4,BDL,null,OS,20.2,OK,null,OS
2019-11-21 14:00:00,36.7,OK,-0.4,BDL,null,OS,20.33,OK,null,OS
2019-11-21 15:00:00,34.33,OK,-0.36,BDL,null,OS,27.1,OK,null,OS
2019-11-21 16:00:00,29.11,OK,-0.36,BDL,null,OS,22.89,OK,null,OS
2019-11-21 17:00:00,15.29,OK,-0.3,BDL,null,OS,39.38,OK,null,OS
2019-11-21 18:00:00,2.66,OK,-0.11,BDL,null,OS,89.77,OK,null,OS
2019-11-21 19:00:00,0.6,BDL,-0.01,BDL,null,OS,116.12,OK,null,OS
2019-11-21 20:00:00,0.67,BDL,0.27,BDL,null,OS,115.06,OK,null,OS
2019-11-21 21:00:00,0.39,BDL,0.18,BDL,null,OS,114.55,OK,null,OS
2019-11-21 22:00:00,0.5,BDL,-0.15,BDL,null,OS,73.85,OK,null,OS
2019-11-21 23:00:00,5.56,OK,-0.26,BDL,null,OS,39.91,OK,null,OS
2019-11-22 00:00:00,15.23,OK,-0.35,BDL,null,OS,14.84,OK,null,OS
2019-11-22 01:00:00,9.9,OK,-0.34,BDL,null,OS,11.16,OK,null,OS
2019-11-22 02:00:00,9.83,OK,-0.39,BDL,null,OS,9.7,OK,null,OS
2019-11-22 03:00:00,10.92,OK,-0.38,BDL,null,OS,0.44,BDL,null,OS
2019-11-22 04:00:00,7.81,OK,-0.37,BDL,null,OS,0.95,BDL,null,OS
2019-11-22 05:00:00,2.08,OK,-0.37,BDL,null,OS,5.72,OK,null,OS
2019-11-22 06:00:00,2.22,OK,-0.21,BDL,null,OS,14.62,OK,null,OS
2019-11-22 07:00:00,6.81,OK,-0.12,BDL,null,OS,37.15,OK,null,OS
2019-11-22 08:00:00,21.6,OK,-0.3,BDL,null,OS,58.03,OK,null,OS
2019-11-22 09:00:00,33.3,OK,-0.36,BDL,null,OS,23.42,OK,null,OS
2019-11-22 10:00:00,41.98,OK,-0.32,BDL,null,OS,8.38,OK,null,OS
2019-11-22 11:00:00,42.64,OK,-0.36,BDL,null,OS,10.16,OK,null,OS
2019-11-22 12:00:00,48.0,OK,-0.4,BDL,null,OS,36.25,OK,null,OS
2019-11-22 13:00:00,50.05,OK,-0.34,BDL,null,OS,33.49,OK,null,OS
2019-11-22 14:00:00,48.94,OK,-0.32,BDL,null,OS,40.08,OK,null,OS
2019-11-22 15:00:00,43.41,OK,-0.35,BDL,null,OS,56.07,OK,null,OS
2019-11-22 16:00:00,28.91,OK,-0.26,BDL,null,OS,46.82,OK,null,OS
2019-11-22 17:00:00,11.16,OK,-0.1,BDL,null,OS,70.55,OK,null,OS
2019-11-22 18:00:00,18.7,OK,-0.21,BDL,null,OS,58.99,OK,null,OS
2019-11-22 19:00:00,8.17,OK,-0.24,BDL,null,OS,66.78,OK,null,OS
2019-11-22 20:00:00,7.96,OK,-0.22,BDL,null,OS,71.65,OK,null,OS
2019-11-22 21:00:00,10.26,OK,-0.28,BDL,null,OS,76.09,OK,null,OS
2019-11-22 22:00:00,9.0,OK,-0.31,BDL,null,OS,56.4,OK,null,OS
2019-11-22 23:00:00,3.22,OK,-0.22,BDL,null,OS,43.76,OK,null,OS
2019-11-23 00:00:00,5.47,OK,-0.33,BDL,null,OS,23.16,OK,null,OS
2019-11-23 01:00:00,8.28,OK,-0.36,BDL,null,OS,-2.67,BDL,null,OS
2019-11-23 02:00:00,10.41,OK,-0.3,BDL,null,OS,12.09,OK,null,OS
2019-11-23 03:00:00,12.94,OK,-0.36,BDL,null,OS,-2.38,BDL,null,OS
2019-11-23 04:00:00,12.88,OK,-0.37,BDL,null,OS,-4.2,OR,null,OS
2019-11-23 05:00:00,4.11,OK,-0.35,BDL,null,OS,10.19,OK,null,OS
2019-11-23 06:00:00,4.22,OK,-0.31,BDL,null,OS,4.66,OK,null,OS
2019-11-23 07:00:00,7.51,OK,-0.23,BDL,null,OS,35.58,OK,null,OS
2019-11-23 08:00:00,13.62,OK,-0.2,BDL,null,OS,63.78,OK,null,OS
2019-11-23 09:00:00,25.89,OK,-0.25,BDL,null,OS,40.82,OK,null,OS
2019-11-23 10:00:00,32.88,OK,-0.28,BDL,null,OS,19.09,OK,null,OS
2019-11-23 11:00:00,37.49,OK,-0.27,BDL,null,OS,22.72,OK,null,OS
2019-11-23 12:00:00,42.01,OK,-0.33,BDL,null,OS,33.66,OK,null,OS
2019-11-23 13:00:00,44.08,OK,-0.31,BDL,null,OS,32.24,OK,null,OS
2019-11-23 14:00:00,43.75,OK,-0.29,BDL,null,OS,46.41,OK,null,OS
2019-11-23 15:00:00,34.27,OK,-0.27,BDL,null,OS,31.96,OK,null,OS
2019-11-23 16:00:00,23.23,OK,-0.32,BDL,null,OS,28.66,OK,null,OS
2019-11-23 17:00:00,14.71,OK,-0.25,BDL,null,OS,39.21,OK,null,OS
2019-11-23 18:00:00,16.35,OK,-0.25,BDL,null,OS,43.51,OK,null,OS
2019-11-23 19:00:00,6.76,OK,-0.21,BDL,null,OS,53.0,OK,null,OS
2019-11-23 20:00:00,0.93,BDL,-0.14,BDL,null,OS,100.34,OK,null,OS
2019-11-23 21:00:00,3.99,OK,-0.17,BDL,null,OS,101.88,OK,null,OS
2019-11-23 22:00:00,1.18,OK,-0.24,BDL,null,OS,52.4,OK,null,OS
2019-11-23 23:00:00,2.95,OK,-0.2,BDL,null,OS,51.64,OK,null,OS
2019-11-24 00:00:00,6.85,OK,-0.23,BDL,null,OS,57.87,OK,null,OS
2019-11-24 01:00:00,6.25,OK,-0.3,BDL,null,OS,43.63,OK,null,OS
2019-11-24 02:00:00,4.98,OK,-0.35,BDL,null,OS,24.03,OK,null,OS
2019-11-24 03:00:00,0.23,BDL,-0.25,BDL,null,OS,29.16,OK,null,OS
2019-11-24 04:00:00,1.61,OK,-0.26,BDL,null,OS,35.82,OK,null,OS
2019-11-24 05:00:00,4.94,OK,-0.31,BDL,null,OS,18.01,OK,null,OS
2019-11-24 06:00:00,2.17,OK,-0.29,BDL,null,OS,16.87,OK,null,OS
2019-11-24 07:00:00,3.33,OK,-0.09,BDL,null,OS,34.03,OK,null,OS
2019-11-24 08:00:00,14.58,OK,-0.2,BDL,null,OS,26.59,OK,null,OS
2019-11-24 09:00:00,19.45,OK,-0.28,BDL,null,OS,-2.31,BDL,null,OS
2019-11-24 10:00:00,27.3,OK,-0.29,BDL,null,OS,16.64,OK,null,OS
2019-11-24 11:00:00,30.54,OK,-0.33,BDL,null,OS,27.51,OK,null,OS
2019-11-24 12:00:00,35.02,OK,-0.29,BDL,null,OS,38.03,OK,null,OS
2019-11-24 13:00:00,43.11,OK,-0.34,BDL,null,OS,26.96,OK,null,OS
2019-11-24 14:00:00,41.71,OK,-0.35,BDL,null,OS,33.2,OK,null,OS
2019-11-24 15:00:00,31.94,OK,-0.33,BDL,null,OS,53.94,OK,null,OS
2019-11-24 16:00:00,21.29,OK,-0.28,BDL,null,OS,45.85,OK,null,OS
2019-11-24 17:00:00,16.95,OK,-0.29,BDL,null,OS,43.5,OK,null,OS
2019-11-24 18:00:00,20.93,OK,-0.28,BDL,null,OS,33.99,OK,null,OS
2019-11-24 19:00:00,21.4,OK,-0.33,BDL,null,OS,25.84,OK,null,OS
2019-11-24 20:00:00,22.4,OK,-0.34,BDL,null,OS,25.89,OK,null,OS
2019-11-24 21:00:00,22.49,OK,-0.34,BDL,null,OS,17.99,OK,null,OS
2019-11-24 22:00:00,21.21,OK,-0.36,BDL,null,OS,30.4,OK,null,OS
2019-11-24 23:00:00,21.35,OK,-0.35,BDL,null,OS,20.18,OK,null,OS
2019-11-25 00:00:00,21.13,OK,-0.33,BDL,null,OS,27.08,OK,null,OS
2019-11-25 01:00:00,7.52,OK,-0.34,BDL,null,OS,39.54,OK,null,OS
2019-11-25 02:00:00,7.68,OK,-0.36,BDL,null,OS,15.73,OK,null,OS
2019-11-25 03:00:00,18.78,OK,-0.29,BDL,null,OS,37.74,OK,null,OS
2019-11-25 04:00:00,20.78,OK,-0.33,BDL,null,OS,25.55,OK,null,OS
2019-11-25 05:00:00,5.69,OK,-0.29,BDL,null,OS,16.97,OK,null,OS
2019-11-25 06:00:00,2.75,OK,-0.18,BDL,null,OS,28.41,OK,null,OS
2019-11-25 07:00:00,2.41,OK,0.0,BDL,null,OS,67.05,OK,null,OS
2019-11-25 08:00:00,0.92,BDL,0.03,BDL,null,OS,117.27,OK,null,OS
2019-11-25 09:00:00,1.5,OK,-0.0,BDL,null,OS,132.13,OK,null,OS
2019-11-25 10:00:00,3.58,OK,-0.15,BDL,null,OS,49.29,OK,null,OS
2019-11-25 11:00:00,6.64,OK,-0.16,BDL,null,OS,81.71,OK,null,OS
2019-11-25 12:00:00,17.27,OK,-0.27,BDL,null,OS,39.43,OK,null,OS
2019-11-25 13:00:00,12.86,OK,-0.24,BDL,null,OS,42.23,OK,null,OS
2019-11-25 14:00:00,21.69,OK,-0.28,BDL,null,OS,29.84,OK,null,OS
2019-11-25 15:00:00,19.31,OK,-0.27,BDL,null,OS,44.28,OK,null,OS
2019-11-25 16:00:00,10.94,OK,-0.28,BDL,null,OS,30.54,OK,null,OS
2019-11-25 17:00:00,3.69,OK,-0.23,BDL,null,OS,60.84,OK,null,OS
2019-11-25 18:00:00,12.15,OK,-0.28,BDL,null,OS,40.62,OK,null,OS
2019-11-25 19:00:00,21.8,OK,-0.32,BDL,null,OS,30.89,OK,null,OS
2019-11-25 20:00:00,22.94,OK,-0.33,BDL,null,OS,25.72,OK,null,OS
2019-11-25 21:00:00,26.6,OK,-0.31,BDL,null,OS,25.06,OK,null,OS
2019-11-25 22:00:00,25.26,OK,-0.34,BDL,null,OS,16.22,OK,null,OS
2019-11-25 23:00:00,23.11,OK,-0.34,BDL,null,OS,3.31,BDL,null,OS
2019-11-26 00:00:00,18.1,OK,-0.35,BDL,null,OS,-6.43,OR,null,OS
2019-11-26 01:00:00,19.98,OK,-0.36,BDL,null,OS,17.7,OK,null,OS
2019-11-26 02:00:00,20.53,OK,-0.38,BDL,null,OS,5.66,OK,null,OS
2019-11-26 03:00:00,20.2,OK,-0.3,BDL,null,OS,-14.09,OR,null,OS
2019-11-26 04:00:00,17.9,OK,-0.3,BDL,null,OS,10.21,OK,null,OS
2019-11-26 05:00:00,6.23,OK,-0.33,BDL,null,OS,4.36,OK,null,OS
2019-11-26 06:00:00,1.38,OK,0.05,BDL,null,OS,41.83,OK,null,OS
2019-11-26 07:00:00,8.71,OK,-0.18,BDL,null,OS,58.03,OK,null,OS
2019-11-26 08:00:00,27.36,OK,-0.31,BDL,null,OS,27.51,OK,null,OS
2019-11-26 09:00:00,32.03,OK,-0.4,BDL,null,OS,9.89,OK,null,OS
2019-11-26 10:00:00,35.57,OK,-0.33,BDL,null,OS,8.0,OK,null,OS
2019-11-26 11:00:00,36.88,OK,-0.36,BDL,null,OS,17.32,OK,null,OS
2019-11-26 12:00:00,37.47,OK,-0.34,BDL,null,OS,23.29,OK,null,OS
2019-11-26 13:00:00,39.03,OK,-0.35,BDL,null,OS,24.79,OK,null,OS
2019-11-26 14:00:00,37.28,OK,-0.32,BDL,null,OS,23.0,OK,null,OS
2019-11-26 15:00:00,35.01,OK,-0.31,BDL,null,OS,27.28,OK,null,OS
2019-11-26 16:00:00,18.13,OK,-0.27,BDL,null,OS,27.58,OK,null,OS
2019-11-26 17:00:00,0.93,BDL,0.03,BDL,null,OS,108.76,OK,null,OS
2019-11-26 18:00:00,0.77,BDL,0.43,BDL,null,OS,164.81,OK,null,OS
2019-11-26 19:00:00,0.97,BDL,0.63,BDL,null,OS,185.34,OK,null,OS
2019-11-26 20:00:00,0.3,BDL,0.3,BDL,null,OS,133.24,OK,null,OS
2019-11-26 21:00:00,1.15,OK,0.01,BDL,null,OS,89.74,OK,null,OS
2019-11-26 22:00:00,10.3,OK,-0.23,BDL,null,OS,54.85,OK,null,OS
2019-11-26 23:00:00,10.08,OK,-0.28,BDL,null,OS,31.89,OK,null,OS
2019-11-27 00:00:00,15.95,OK,-0.29,BDL,null,OS,22.83,OK,null,OS
2019-11-27 01:00:00,13.56,OK,-0.34,BDL,null,OS,4.26,OK,null,OS
2019-11-27 02:00:00,13.31,OK,-0.36,BDL,null,OS,9.06,OK,null,OS
2019-11-27 03:00:00,12.83,OK,-0.37,BDL,null,OS,20.01,OK,null,OS
2019-11-27 04:00:00,13.56,OK,-0.33,BDL,null,OS,-3.46,BDL,null,OS
2019-11-27 05:00:00,8.43,OK,-0.23,BDL,null,OS,7.95,OK,null,OS
2019-11-27 06:00:00,3.51,OK,-0.31,BDL,null,OS,20.39,OK,null,OS
2019-11-27 07:00:00,3.27,OK,-0.26,BDL,null,OS,-16.22,OR,null,OS
2019-11-27 08:00:00,6.08,OK,-0.23,BDL,null,OS,4.47,OK,null,OS
2019-11-27 09:00:00,12.57,OK,-0.31,BDL,null,OS,15.25,OK,null,OS
2019-11-27 10:00:00,14.62,OK,-0.35,BDL,null,OS,-10.4,OR,null,OS
2019-11-27 11:00:00,14.3,OK,-0.34,BDL,null,OS,7.87,OK,null,OS
2019-11-27 12:00:00,16.52,OK,-0.36,BDL,null,OS,3.18,BDL,null,OS
2019-11-27 13:00:00,18.52,OK,-0.37,BDL,null,OS,8.47,OK,null,OS
2019-11-27 14:00:00,13.71,OK,-0.35,BDL,null,OS,7.25,OK,null,OS
2019-11-27 15:00:00,12.11,OK,-0.39,BDL,null,OS,-6.74,OR,null,OS
2019-11-27 16:00:00,10.88,OK,-0.35,BDL,null,OS,6.9,OK,null,OS
2019-11-27 17:00:00,15.25,OK,-0.37,BDL,null,OS,-0.03,BDL,null,OS
2019-11-27 18:00:00,18.1,OK,-0.42,BDL,null,OS,10.76,OK,null,OS
2019-11-27 19:00:00,17.83,OK,-0.48,BDL,null,OS,-0.6,BDL,null,OS
2019-11-27 20:00:00,26.04,OK,-0.41,BDL,null,OS,-7.83,OR,null,OS
2019-11-27 21:00:00,27.32,OK,-0.4,BDL,null,OS,16.13,OK,null,OS
2019-11-27 22:00:00,25.42,OK,-0.4,BDL,null,OS,10.25,OK,null,OS
2019-11-27 23:00:00,32.12,OK,-0.42,BDL,null,OS,26.09,OK,null,OS
2019-11-28 00:00:00,32.62,OK,-0.39,BDL,null,OS,-2.29,BDL,null,OS
2019-11-28 01:00:00,29.25,OK,-0.42,BDL,null,OS,2.93,BDL,null,OS
2019-11-28 02:00:00,26.31,OK,-0.4,BDL,null,OS,-1.28,BDL,null,OS
2019-11-28 03:00:00,23.27,OK,-0.45,BDL,null,OS,1.86,BDL,null,OS
2019-11-28 04:00:00,19.09,OK,-0.41,BDL,null,OS,5.22,OK,null,OS
2019-11-28 05:00:00,10.61,OK,-0.37,BDL,null,OS,10.44,OK,null,OS
2019-11-28 06:00:00,17.92,OK,-0.4,BDL,null,OS,5.42,OK,null,OS
2019-11-28 07:00:00,17.05,OK,-0.37,BDL,null,OS,-14.62,OR,null,OS
2019-11-28 08:00:00,22.84,OK,-0.36,BDL,null,OS,0.36,BDL,null,OS
2019-11-28 09:00:00,27.76,OK,-0.42,BDL,null,OS,-3.1,BDL,null,OS
2019-11-28 10:00:00,27.46,OK,-0.35,BDL,null,OS,9.0,OK,null,OS
2019-11-28 11:00:00,28.02,OK,-0.37,BDL,null,OS,17.98,OK,null,OS
2019-11-28 12:00:00,32.35,OK,-0.37,BDL,null,OS,21.99,OK,null,OS
2019-11-28 13:00:00,31.99,OK,-0.41,BDL,null,OS,23.79,OK,null,OS
2019-11-28 14:00:00,29.75,OK,-0.33,BDL,null,OS,28.51,OK,null,OS
2019-11-28 15:00:00,27.52,OK,-0.32,BDL,null,OS,29.83,OK,null,OS
2019-11-28 16:00:00,25.37,OK,-0.35,BDL,null,OS,54.25,OK,null,OS
2019-11-28 17:00:00,16.4,OK,-0.34,BDL,null,OS,40.34,OK,null,OS
2019-11-28 18:00:00,13.81,OK,-0.27,BDL,null,OS,70.08,OK,null,OS
2019-11-28 19:00:00,4.26,OK,-0.26,BDL,null,OS,94.52,OK,null,OS
2019-11-28 20:00:00,5.52,OK,-0.25,BDL,null,OS,52.31,OK,null,OS
2019-11-28 21:00:00,19.06,OK,-0.3,BDL,null,OS,36.47,OK,null,OS
2019-11-28 22:00:00,18.56,OK,-0.35,BDL,null,OS,43.39,OK,null,OS
2019-11-28 23:00:00,26.58,OK,-0.37,BDL,null,OS,38.72,OK,null,OS
2019-11-29 00:00:00,35.85,OK,-0.35,BDL,null,OS,15.54,OK,null,OS
2019-11-29 01:00:00,35.77,OK,-0.4,BDL,null,OS,23.04,OK,null,OS
2019-11-29 02:00:00,37.22,OK,-0.41,BDL,null,OS,31.47,OK,null,OS
2019-11-29 03:00:00,39.1,OK,-0.38,BDL,null,OS,0.42,BDL,null,OS
2019-11-29 04:00:00,37.04,OK,-0.37,BDL,null,OS,15.74,OK,null,OS
2019-11-29 05:00:00,34.23,OK,-0.4,BDL,null,OS,24.65,OK,null,OS
2019-11-29 06:00:00,27.96,OK,-0.39,BDL,null,OS,12.25,OK,null,OS
2019-11-29 07:00:00,27.12,OK,-0.32,BDL,null,OS,34.13,OK,null,OS
2019-11-29 08:00:00,26.71,OK,-0.34,BDL,null,OS,21.2,OK,null,OS
2019-11-29 09:00:00,30.95,OK,-0.35,BDL,null,OS,16.83,OK,null,OS
2019-11-29 10:00:00,31.79,OK,-0.31,BDL,null,OS,0.12,BDL,null,OS
2019-11-29 11:00:00,32.64,OK,-0.36,BDL,null,OS,17.31,OK,null,OS
2019-11-29 12:00:00,29.16,OK,-0.34,BDL,null,OS,-0.33,BDL,null,OS
2019-11-29 13:00:00,29.95,OK,-0.33,BDL,null,OS,1.14,BDL,null,OS
2019-11-29 14:00:00,23.96,OK,-0.31,BDL,null,OS,11.81,OK,null,OS
2019-11-29 15:00:00,23.0,OK,-0.35,BDL,null,OS,14.23,OK,null,OS
2019-11-29 16:00:00,13.83,OK,-0.29,BDL,null,OS,11.54,OK,null,OS
2019-11-29 17:00:00,5.62,OK,-0.26,BDL,null,OS,23.17,OK,null,OS
2019-11-29 18:00:00,0.35,BDL,-0.16,BDL,null,OS,31.02,OK,null,OS
2019-11-29 19:00:00,0.43,BDL,0.12,BDL,null,OS,24.89,OK,null,OS
2019-11-29 20:00:00,0.53,BDL,0.09,BDL,null,OS,22.18,OK,null,OS
2019-11-29 21:00:00,0.58,BDL,-0.1,BDL,null,OS,0.11,BDL,null,OS
2019-11-29 22:00:00,0.73,BDL,-0.19,BDL,null,OS,15.42,OK,null,OS
2019-11-29 23:00:00,1.36,OK,-0.27,BDL,null,OS,3.03,BDL,null,OS
2019-11-30 00:00:00,1.54,OK,-0.32,BDL,null,OS,3.39,BDL,null,OS
2019-11-30 01:00:00,7.69,OK,-0.37,BDL,null,OS,2.55,BDL,null,OS
2019-11-30 02:00:00,8.82,OK,-0.29,BDL,null,OS,-9.17,OR,null,OS
2019-11-30 03:00:00,13.64,OK,-0.35,BDL,null,OS,3.56,BDL,null,OS
2019-11-30 04:00:00,10.77,OK,-0.4,BDL,null,OS,-4.85,OR,null,OS
2019-11-30 05:00:00,8.88,OK,-0.33,BDL,null,OS,-1.88,BDL,null,OS
2019-11-30 06:00:00,4.99,OK,-0.3,BDL,null,OS,-7.12,OR,null,OS
2019-11-30 07:00:00,8.88,OK,-0.21,BDL,null,OS,-4.68,OR,null,OS
2019-11-30 08:00:00,19.7,OK,-0.18,BDL,null,OS,52.3,OK,null,OS
2019-11-30 09:00:00,39.9,OK,-0.33,BDL,null,OS,46.92,OK,null,OS
2019-11-30 10:00:00,43.44,OK,-0.33,BDL,null,OS,10.66,OK,null,OS
2019-11-30 11:00:00,45.4,OK,-0.29,BDL,null,OS,18.17,OK,null,OS
2019-11-30 12:00:00,46.9,OK,-0.31,BDL,null,OS,17.19,OK,null,OS
2019-11-30 13:00:00,43.69,OK,-0.22,BDL,null,OS,31.23,OK,null,OS
2019-11-30 14:00:00,43.45,OK,-0.22,BDL,null,OS,34.15,OK,null,OS
2019-11-30 15:00:00,39.49,OK,-0.25,BDL,null,OS,32.31,OK,null,OS
2019-11-30 16:00:00,17.07,OK,-0.16,BDL,null,OS,66.22,OK,null,OS
2019-11-30 17:00:00,14.71,OK,-0.17,BDL,null,OS,73.97,OK,null,OS
2019-11-30 18:00:00,12.07,OK,-0.19,BDL,null,OS,39.69,OK,null,OS
2019-11-30 19:00:00,3.82,OK,-0.15,BDL,null,OS,74.26,OK,null,OS
2019-11-30 20:00:00,1.42,OK,-0.1,BDL,null,OS,81.72,OK,null,OS
2019-11-30 21:00:00,1.49,OK,-0.09,BDL,null,OS,83.25,OK,null,OS
2019-11-30 22:00:00,0.93,BDL,-0.09,BDL,null,OS,61.36,OK,null,OS
2019-11-30 23:00:00,3.04,OK,-0.13,BDL,null,OS,67.97,OK,null,OS
