Red Universitaria de Observatorios Atmosfericos (RUOA)
Atmospheric Observatory Hermosillo (erno), Sonora
Lat 29.0814 N, Lon 110.9706 W, Alt 154 masl
Time UTC-7h
Air Quality data
Flags: OK = Reliable data, BDL = Below Detection Limit, OR = Out of Range, OS = Out of Service 
 
Time,O3,O3_flag,SO2,SO2_flag,NO2,NO2_flag,NO,NO_flag,CO,CO_flag,PM10,PM10_flag,PM2.5,PM2.5_flag
yyyy-mm-dd HH:MM:SS,ppb,flag,ppb,flag,ppb,flag,ppb,flag,ppm,flag,ug/m^3,flag,ug/m^3,flag
2020-12-01 00:00:00,8.63,OK,0.57,BDL,null,OS,null,OS,0,BDL,62.09,OK,null,OS
2020-12-01 01:00:00,14.41,OK,0.57,BDL,null,OS,null,OS,0,BDL,39.69,OK,null,OS
2020-12-01 02:00:00,18.61,OK,0.46,BDL,null,OS,null,OS,0,BDL,29.13,OK,null,OS
2020-12-01 03:00:00,19.13,OK,0.43,BDL,null,OS,null,OS,0,BDL,20.23,OK,null,OS
2020-12-01 04:00:00,15.41,OK,0.45,BDL,null,OS,null,OS,0,BDL,11.21,OK,null,OS
2020-12-01 05:00:00,10.58,OK,0.42,BDL,null,OS,null,OS,0,BDL,19.9,OK,null,OS
2020-12-01 06:00:00,7.07,OK,0.5,BDL,null,OS,null,OS,0,BDL,20.86,OK,null,OS
2020-12-01 07:00:00,10.58,OK,0.6,BDL,null,OS,null,OS,0,BDL,53.1,OK,null,OS
2020-12-01 08:00:00,14.34,OK,0.6,BDL,null,OS,null,OS,0,BDL,89.55,OK,null,OS
2020-12-01 09:00:00,18.47,OK,0.64,BDL,null,OS,null,OS,0,BDL,77.58,OK,null,OS
2020-12-01 10:00:00,24.79,OK,0.68,BDL,null,OS,null,OS,0,BDL,82.5,OK,null,OS
2020-12-01 11:00:00,34.49,OK,0.59,BDL,null,OS,null,OS,0,BDL,126.96,OK,null,OS
2020-12-01 12:00:00,39.24,OK,0.6,BDL,null,OS,null,OS,0,BDL,137.82,OK,null,OS
2020-12-01 13:00:00,37.53,OK,0.57,BDL,null,OS,null,OS,0,BDL,32.12,OK,null,OS
2020-12-01 14:00:00,35.93,OK,0.43,BDL,null,OS,null,OS,0,BDL,38.04,OK,null,OS
2020-12-01 15:00:00,31.21,OK,0.55,BDL,null,OS,null,OS,0,BDL,32.68,OK,null,OS
2020-12-01 16:00:00,7.51,OK,0.71,BDL,null,OS,null,OS,0,BDL,95.81,OK,null,OS
2020-12-01 17:00:00,5.12,OK,0.86,BDL,null,OS,null,OS,0,BDL,235.29,OK,null,OS
2020-12-01 18:00:00,12.6,OK,0.58,BDL,null,OS,null,OS,0,BDL,79.34,OK,null,OS
2020-12-01 19:00:00,2.84,OK,0.63,BDL,null,OS,null,OS,0,BDL,107.89,OK,null,OS
2020-12-01 20:00:00,3.36,OK,0.69,BDL,null,OS,null,OS,0,BDL,146.89,OK,null,OS
2020-12-01 21:00:00,3.91,OK,0.64,BDL,null,OS,null,OS,0,BDL,115.48,OK,null,OS
2020-12-01 22:00:00,0.63,BDL,0.79,BDL,null,OS,null,OS,0,BDL,121.91,OK,null,OS
2020-12-01 23:00:00,3.26,OK,0.64,BDL,null,OS,null,OS,0,BDL,103.85,OK,null,OS
2020-12-02 00:00:00,8.88,OK,0.5,BDL,null,OS,null,OS,0,BDL,58.12,OK,null,OS
2020-12-02 01:00:00,7.65,OK,0.52,BDL,null,OS,null,OS,0,BDL,44.36,OK,null,OS
2020-12-02 02:00:00,5.75,OK,0.54,BDL,null,OS,null,OS,0,BDL,52.08,OK,null,OS
2020-12-02 03:00:00,5.08,OK,0.47,BDL,null,OS,null,OS,0,BDL,32.54,OK,null,OS
2020-12-02 04:00:00,10.72,OK,0.43,BDL,null,OS,null,OS,0,BDL,32.85,OK,null,OS
2020-12-02 05:00:00,9.01,OK,0.4,BDL,null,OS,null,OS,0,BDL,24.08,OK,null,OS
2020-12-02 06:00:00,9.57,OK,0.45,BDL,null,OS,null,OS,0,BDL,5.62,OK,null,OS
2020-12-02 07:00:00,9.73,OK,0.59,BDL,null,OS,null,OS,0,BDL,55.98,OK,null,OS
2020-12-02 08:00:00,17.34,OK,0.57,BDL,null,OS,null,OS,0,BDL,112.81,OK,null,OS
2020-12-02 09:00:00,21.51,OK,0.55,BDL,null,OS,null,OS,0,BDL,112.08,OK,null,OS
2020-12-02 10:00:00,29.06,OK,0.56,BDL,null,OS,null,OS,0,BDL,67.78,OK,null,OS
2020-12-02 11:00:00,33.41,OK,0.55,BDL,null,OS,null,OS,0,BDL,77.43,OK,null,OS
2020-12-02 12:00:00,36.23,OK,0.56,BDL,null,OS,null,OS,0,BDL,83.03,OK,null,OS
2020-12-02 13:00:00,38.27,OK,0.51,BDL,null,OS,null,OS,0,BDL,64.56,OK,null,OS
2020-12-02 14:00:00,39.87,OK,0.48,BDL,null,OS,null,OS,0,BDL,50.57,OK,null,OS
2020-12-02 15:00:00,32.97,OK,0.48,BDL,null,OS,null,OS,0,BDL,35.09,OK,null,OS
2020-12-02 16:00:00,11.78,OK,0.72,BDL,null,OS,null,OS,0,BDL,67.16,OK,null,OS
2020-12-02 17:00:00,0.96,BDL,1.09,OK,null,OS,null,OS,0,BDL,162.64,OK,null,OS
2020-12-02 18:00:00,11.13,OK,0.64,BDL,null,OS,null,OS,0,BDL,150.73,OK,null,OS
2020-12-02 19:00:00,10.01,OK,0.57,BDL,null,OS,null,OS,0,BDL,53.47,OK,null,OS
2020-12-02 20:00:00,6.13,OK,0.66,BDL,null,OS,null,OS,0,BDL,120.47,OK,null,OS
2020-12-02 21:00:00,16.6,OK,0.5,BDL,null,OS,null,OS,0,BDL,102.86,OK,null,OS
2020-12-02 22:00:00,16.01,OK,0.49,BDL,null,OS,null,OS,0,BDL,70.75,OK,null,OS
2020-12-02 23:00:00,5.95,OK,0.49,BDL,null,OS,null,OS,0,BDL,51.83,OK,null,OS
2020-12-03 00:00:00,2.4,OK,0.55,BDL,null,OS,null,OS,0,BDL,77.33,OK,null,OS
2020-12-03 01:00:00,10.22,OK,0.58,BDL,null,OS,null,OS,0,BDL,48.76,OK,null,OS
2020-12-03 02:00:00,16.65,OK,0.42,BDL,null,OS,null,OS,0,BDL,31.07,OK,null,OS
2020-12-03 03:00:00,10.98,OK,0.45,BDL,null,OS,null,OS,0,BDL,4.44,OK,null,OS
2020-12-03 04:00:00,2.11,OK,0.42,BDL,null,OS,null,OS,0,BDL,19.68,OK,null,OS
2020-12-03 05:00:00,0.5,BDL,0.65,BDL,null,OS,null,OS,0,BDL,51.76,OK,null,OS
2020-12-03 06:00:00,2.77,OK,0.64,BDL,null,OS,null,OS,0,BDL,59.2,OK,null,OS
2020-12-03 07:00:00,5.3,OK,0.88,BDL,null,OS,null,OS,0,BDL,50.6,OK,null,OS
2020-12-03 08:00:00,9.47,OK,0.95,BDL,null,OS,null,OS,0,BDL,107.48,OK,null,OS
2020-12-03 09:00:00,18.33,OK,0.65,BDL,null,OS,null,OS,0,BDL,92.31,OK,null,OS
2020-12-03 10:00:00,24.82,OK,0.63,BDL,null,OS,null,OS,0,BDL,72.5,OK,null,OS
2020-12-03 11:00:00,32.05,OK,0.57,BDL,null,OS,null,OS,0,BDL,69.54,OK,null,OS
2020-12-03 12:00:00,36.74,OK,0.47,BDL,null,OS,null,OS,0,BDL,67.95,OK,null,OS
2020-12-03 13:00:00,39.29,OK,0.46,BDL,null,OS,null,OS,0,BDL,46.28,OK,null,OS
2020-12-03 14:00:00,40.91,OK,0.39,BDL,null,OS,null,OS,0,BDL,44.57,OK,null,OS
2020-12-03 15:00:00,37.26,OK,0.42,BDL,null,OS,null,OS,0,BDL,49.02,OK,null,OS
2020-12-03 16:00:00,22.94,OK,0.54,BDL,null,OS,null,OS,0,BDL,42.35,OK,null,OS
2020-12-03 17:00:00,22.25,OK,0.83,BDL,null,OS,null,OS,0,BDL,56.98,OK,null,OS
2020-12-03 18:00:00,33.54,OK,0.6,BDL,null,OS,null,OS,0,BDL,105.0,OK,null,OS
2020-12-03 19:00:00,34.26,OK,0.43,BDL,null,OS,null,OS,0,BDL,59.66,OK,null,OS
2020-12-03 20:00:00,34.74,OK,0.44,BDL,null,OS,null,OS,0,BDL,54.91,OK,null,OS
2020-12-03 21:00:00,35.21,OK,0.39,BDL,null,OS,null,OS,0,BDL,51.34,OK,null,OS
2020-12-03 22:00:00,36.49,OK,0.44,BDL,null,OS,null,OS,0,BDL,43.01,OK,null,OS
2020-12-03 23:00:00,37.38,OK,0.44,BDL,null,OS,null,OS,0,BDL,34.32,OK,null,OS
2020-12-04 00:00:00,37.6,OK,0.49,BDL,null,OS,null,OS,0,BDL,23.43,OK,null,OS
2020-12-04 01:00:00,37.51,OK,0.43,BDL,null,OS,null,OS,0,BDL,20.96,OK,null,OS
2020-12-04 02:00:00,38.13,OK,0.42,BDL,null,OS,null,OS,0,BDL,23.56,OK,null,OS
2020-12-04 03:00:00,38.23,OK,0.46,BDL,null,OS,null,OS,0,BDL,12.79,OK,null,OS
2020-12-04 04:00:00,37.22,OK,0.52,BDL,null,OS,null,OS,0,BDL,6.62,OK,null,OS
2020-12-04 05:00:00,33.99,OK,0.44,BDL,null,OS,null,OS,0,BDL,14.09,OK,null,OS
2020-12-04 06:00:00,20.08,OK,0.51,BDL,null,OS,null,OS,0,BDL,24.72,OK,null,OS
2020-12-04 07:00:00,8.11,OK,0.82,BDL,null,OS,null,OS,0,BDL,180.66,OK,null,OS
2020-12-04 08:00:00,20.76,OK,0.69,BDL,null,OS,null,OS,0,BDL,167.78,OK,null,OS
2020-12-04 09:00:00,37.81,OK,0.49,BDL,null,OS,null,OS,0,BDL,-19.15,OR,null,OS
2020-12-04 10:00:00,39.51,OK,0.49,BDL,null,OS,null,OS,0,BDL,35.13,OK,null,OS
2020-12-04 11:00:00,39.88,OK,0.5,BDL,null,OS,null,OS,0,BDL,41.42,OK,null,OS
2020-12-04 12:00:00,40.06,OK,0.54,BDL,null,OS,null,OS,0,BDL,19.59,OK,null,OS
2020-12-04 13:00:00,39.91,OK,0.48,BDL,null,OS,null,OS,0,BDL,27.14,OK,null,OS
2020-12-04 14:00:00,40.5,OK,0.58,BDL,null,OS,null,OS,0,BDL,15.98,OK,null,OS
2020-12-04 15:00:00,37.2,OK,0.7,BDL,null,OS,null,OS,0,BDL,27.28,OK,null,OS
2020-12-04 16:00:00,34.14,OK,0.67,BDL,null,OS,null,OS,0,BDL,30.59,OK,null,OS
2020-12-04 17:00:00,31.36,OK,0.72,BDL,null,OS,null,OS,0,BDL,17.59,OK,null,OS
2020-12-04 18:00:00,30.35,OK,0.65,BDL,null,OS,null,OS,0,BDL,21.75,OK,null,OS
2020-12-04 19:00:00,28.08,OK,1.05,OK,null,OS,null,OS,0,BDL,36.75,OK,null,OS
2020-12-04 20:00:00,32.67,OK,1.41,OK,null,OS,null,OS,0,BDL,16.18,OK,null,OS
2020-12-04 21:00:00,32.24,OK,1.22,OK,null,OS,null,OS,0,BDL,24.84,OK,null,OS
2020-12-04 22:00:00,18.59,OK,1.24,OK,null,OS,null,OS,0,BDL,44.71,OK,null,OS
2020-12-04 23:00:00,17.91,OK,1.24,OK,null,OS,null,OS,0,BDL,43.1,OK,null,OS
2020-12-05 00:00:00,21.82,OK,1.23,OK,null,OS,null,OS,0,BDL,21.52,OK,null,OS
2020-12-05 01:00:00,21.83,OK,0.91,BDL,null,OS,null,OS,0,BDL,19.3,OK,null,OS
2020-12-05 02:00:00,18.94,OK,0.58,BDL,null,OS,null,OS,0,BDL,37.6,OK,null,OS
2020-12-05 03:00:00,20.88,OK,0.61,BDL,null,OS,null,OS,0,BDL,9.3,OK,null,OS
2020-12-05 04:00:00,24.22,OK,0.61,BDL,null,OS,null,OS,0,BDL,1.88,BDL,null,OS
2020-12-05 05:00:00,16.11,OK,0.51,BDL,null,OS,null,OS,0,BDL,10.6,OK,null,OS
2020-12-05 06:00:00,14.12,OK,0.67,BDL,null,OS,null,OS,0,BDL,22.08,OK,null,OS
2020-12-05 07:00:00,25.08,OK,0.67,BDL,null,OS,null,OS,0,BDL,34.12,OK,null,OS
2020-12-05 08:00:00,34.49,OK,0.68,BDL,null,OS,null,OS,0,BDL,68.77,OK,null,OS
2020-12-05 09:00:00,36.93,OK,0.77,BDL,null,OS,null,OS,0,BDL,45.55,OK,null,OS
2020-12-05 10:00:00,39.34,OK,0.73,BDL,null,OS,null,OS,0,BDL,39.03,OK,null,OS
2020-12-05 11:00:00,39.63,OK,0.78,BDL,null,OS,null,OS,0,BDL,32.61,OK,null,OS
2020-12-05 12:00:00,40.26,OK,0.77,BDL,null,OS,null,OS,0,BDL,13.65,OK,null,OS
2020-12-05 13:00:00,41.26,OK,0.57,BDL,null,OS,null,OS,0,BDL,22.24,OK,null,OS
2020-12-05 14:00:00,41.75,OK,0.54,BDL,null,OS,null,OS,0,BDL,23.26,OK,null,OS
2020-12-05 15:00:00,41.22,OK,0.64,BDL,null,OS,null,OS,0,BDL,7.0,OK,null,OS
2020-12-05 16:00:00,20.4,OK,0.72,BDL,null,OS,null,OS,0,BDL,24.16,OK,null,OS
2020-12-05 17:00:00,0.93,BDL,1.22,OK,null,OS,null,OS,0,BDL,80.73,OK,null,OS
2020-12-05 18:00:00,0.6,BDL,0.98,BDL,null,OS,null,OS,0,BDL,83.29,OK,null,OS
2020-12-05 19:00:00,11.53,OK,0.93,BDL,null,OS,null,OS,0,BDL,59.11,OK,null,OS
2020-12-05 20:00:00,26.86,OK,0.75,BDL,null,OS,null,OS,0,BDL,19.58,OK,null,OS
2020-12-05 21:00:00,37.64,OK,0.58,BDL,null,OS,null,OS,0,BDL,22.0,OK,null,OS
2020-12-05 22:00:00,43.27,OK,0.64,BDL,null,OS,null,OS,0,BDL,9.3,OK,null,OS
2020-12-05 23:00:00,42.77,OK,0.72,BDL,null,OS,null,OS,0,BDL,5.47,OK,null,OS
2020-12-06 00:00:00,42.99,OK,0.63,BDL,null,OS,null,OS,0,BDL,9.54,OK,null,OS
2020-12-06 01:00:00,41.98,OK,0.61,BDL,null,OS,null,OS,0,BDL,7.3,OK,null,OS
2020-12-06 02:00:00,35.73,OK,0.59,BDL,null,OS,null,OS,0,BDL,12.53,OK,null,OS
2020-12-06 03:00:00,32.25,OK,0.67,BDL,null,OS,null,OS,0,BDL,27.38,OK,null,OS
2020-12-06 04:00:00,30.15,OK,0.75,BDL,null,OS,null,OS,0,BDL,19.56,OK,null,OS
2020-12-06 05:00:00,18.24,OK,0.66,BDL,null,OS,null,OS,0,BDL,28.42,OK,null,OS
2020-12-06 06:00:00,18.65,OK,0.65,BDL,null,OS,null,OS,0,BDL,18.51,OK,null,OS
2020-12-06 07:00:00,15.92,OK,0.67,BDL,null,OS,null,OS,0,BDL,31.36,OK,null,OS
2020-12-06 08:00:00,30.57,OK,0.59,BDL,null,OS,null,OS,0,BDL,28.67,OK,null,OS
2020-12-06 09:00:00,38.93,OK,0.61,BDL,null,OS,null,OS,0,BDL,29.75,OK,null,OS
2020-12-06 10:00:00,40.39,OK,0.64,BDL,null,OS,null,OS,0,BDL,15.46,OK,null,OS
2020-12-06 11:00:00,42.6,OK,0.6,BDL,null,OS,null,OS,0,BDL,15.95,OK,null,OS
2020-12-06 12:00:00,43.4,OK,0.64,BDL,null,OS,null,OS,0,BDL,10.65,OK,null,OS
2020-12-06 13:00:00,42.95,OK,0.57,BDL,null,OS,null,OS,0,BDL,15.6,OK,null,OS
2020-12-06 14:00:00,42.97,OK,0.48,BDL,null,OS,null,OS,0,BDL,12.22,OK,null,OS
2020-12-06 15:00:00,38.21,OK,0.46,BDL,null,OS,null,OS,0,BDL,15.05,OK,null,OS
2020-12-06 16:00:00,18.18,OK,0.56,BDL,null,OS,null,OS,0,BDL,10.86,OK,null,OS
2020-12-06 17:00:00,1.52,OK,1.26,OK,null,OS,null,OS,0,BDL,67.65,OK,null,OS
2020-12-06 18:00:00,2.1,OK,2.15,OK,null,OS,null,OS,0,BDL,126.9,OK,null,OS
2020-12-06 19:00:00,2.52,OK,2.82,OK,null,OS,null,OS,0,BDL,207.96,OK,null,OS
2020-12-06 20:00:00,1.42,OK,1.98,OK,null,OS,null,OS,0,BDL,198.49,OK,null,OS
2020-12-06 21:00:00,3.4,OK,1.43,OK,null,OS,null,OS,0,BDL,77.15,OK,null,OS
2020-12-06 22:00:00,9.07,OK,0.84,BDL,null,OS,null,OS,0,BDL,66.37,OK,null,OS
2020-12-06 23:00:00,13.26,OK,0.77,BDL,null,OS,null,OS,0,BDL,65.14,OK,null,OS
2020-12-07 00:00:00,14.13,OK,0.61,BDL,null,OS,null,OS,0,BDL,38.46,OK,null,OS
2020-12-07 01:00:00,15.3,OK,0.63,BDL,null,OS,null,OS,0,BDL,29.99,OK,null,OS
2020-12-07 02:00:00,21.99,OK,0.56,BDL,null,OS,null,OS,0,BDL,9.92,OK,null,OS
2020-12-07 03:00:00,25.98,OK,0.56,BDL,null,OS,null,OS,0,BDL,13.19,OK,null,OS
2020-12-07 04:00:00,25.26,OK,0.52,BDL,null,OS,null,OS,0,BDL,8.2,OK,null,OS
2020-12-07 05:00:00,19.14,OK,0.6,BDL,null,OS,null,OS,0,BDL,18.57,OK,null,OS
2020-12-07 06:00:00,14.57,OK,0.7,BDL,null,OS,null,OS,0,BDL,31.54,OK,null,OS
2020-12-07 07:00:00,16.78,OK,0.68,BDL,null,OS,null,OS,0,BDL,51.66,OK,null,OS
2020-12-07 08:00:00,31.03,OK,0.63,BDL,null,OS,null,OS,0,BDL,57.76,OK,null,OS
2020-12-07 09:00:00,35.71,OK,0.55,BDL,null,OS,null,OS,0,BDL,33.8,OK,null,OS
2020-12-07 10:00:00,37.08,OK,0.56,BDL,null,OS,null,OS,0,BDL,35.13,OK,null,OS
2020-12-07 11:00:00,40.34,OK,0.48,BDL,null,OS,null,OS,0,BDL,37.18,OK,null,OS
2020-12-07 12:00:00,42.54,OK,0.4,BDL,null,OS,null,OS,0,BDL,9.15,OK,null,OS
2020-12-07 13:00:00,42.35,OK,0.45,BDL,null,OS,null,OS,0,BDL,20.47,OK,null,OS
2020-12-07 14:00:00,42.95,OK,0.46,BDL,null,OS,null,OS,0,BDL,21.05,OK,null,OS
2020-12-07 15:00:00,39.72,OK,0.38,BDL,null,OS,null,OS,0,BDL,18.96,OK,null,OS
2020-12-07 16:00:00,15.36,OK,0.62,BDL,null,OS,null,OS,0,BDL,69.33,OK,null,OS
2020-12-07 17:00:00,2.59,OK,0.96,BDL,null,OS,null,OS,0,BDL,146.55,OK,null,OS
2020-12-07 18:00:00,1.4,OK,1.33,OK,null,OS,null,OS,0,BDL,190.77,OK,null,OS
2020-12-07 19:00:00,1.13,OK,1.33,OK,null,OS,null,OS,0,BDL,157.2,OK,null,OS
2020-12-07 20:00:00,2.0,OK,1.88,OK,null,OS,null,OS,0,BDL,175.76,OK,null,OS
2020-12-07 21:00:00,0.46,BDL,1.07,OK,null,OS,null,OS,0,BDL,110.27,OK,null,OS
2020-12-07 22:00:00,6.27,OK,0.64,BDL,null,OS,null,OS,0,BDL,109.5,OK,null,OS
2020-12-07 23:00:00,13.91,OK,0.55,BDL,null,OS,null,OS,0,BDL,70.11,OK,null,OS
2020-12-08 00:00:00,15.27,OK,0.58,BDL,null,OS,null,OS,0,BDL,49.46,OK,null,OS
2020-12-08 01:00:00,16.73,OK,0.55,BDL,null,OS,null,OS,0,BDL,32.63,OK,null,OS
2020-12-08 02:00:00,17.52,OK,0.44,BDL,null,OS,null,OS,0,BDL,8.24,OK,null,OS
2020-12-08 03:00:00,18.23,OK,0.46,BDL,null,OS,null,OS,0,BDL,12.64,OK,null,OS
2020-12-08 04:00:00,16.35,OK,0.46,BDL,null,OS,null,OS,0,BDL,8.48,OK,null,OS
2020-12-08 05:00:00,17.28,OK,0.52,BDL,null,OS,null,OS,0,BDL,7.75,OK,null,OS
2020-12-08 06:00:00,9.48,OK,0.61,BDL,null,OS,null,OS,0,BDL,31.31,OK,null,OS
2020-12-08 07:00:00,12.88,OK,0.79,BDL,null,OS,null,OS,0,BDL,53.84,OK,null,OS
2020-12-08 08:00:00,22.87,OK,0.75,BDL,null,OS,null,OS,0,BDL,60.52,OK,null,OS
2020-12-08 09:00:00,29.54,OK,0.77,BDL,null,OS,null,OS,0,BDL,43.96,OK,null,OS
2020-12-08 10:00:00,32.56,OK,0.78,BDL,null,OS,null,OS,0,BDL,34.52,OK,null,OS
2020-12-08 11:00:00,33.19,OK,0.72,BDL,null,OS,null,OS,0,BDL,22.89,OK,null,OS
2020-12-08 12:00:00,33.04,OK,0.66,BDL,null,OS,null,OS,0,BDL,60.93,OK,null,OS
2020-12-08 13:00:00,35.57,OK,0.59,BDL,null,OS,null,OS,0,BDL,49.43,OK,null,OS
2020-12-08 14:00:00,38.76,OK,0.56,BDL,null,OS,null,OS,0,BDL,46.94,OK,null,OS
2020-12-08 15:00:00,39.9,OK,0.51,BDL,null,OS,null,OS,0,BDL,41.77,OK,null,OS
2020-12-08 16:00:00,17.76,OK,0.7,BDL,null,OS,null,OS,0,BDL,80.58,OK,null,OS
2020-12-08 17:00:00,1.43,OK,1.05,OK,null,OS,null,OS,0,BDL,152.35,OK,null,OS
2020-12-08 18:00:00,1.59,OK,1.3,OK,null,OS,null,OS,0,BDL,226.84,OK,null,OS
2020-12-08 19:00:00,5.55,OK,1.16,OK,null,OS,null,OS,0,BDL,227.31,OK,null,OS
2020-12-08 20:00:00,2.03,OK,0.87,BDL,null,OS,null,OS,0,BDL,160.22,OK,null,OS
2020-12-08 21:00:00,0.76,BDL,0.88,BDL,null,OS,null,OS,0,BDL,124.31,OK,null,OS
2020-12-08 22:00:00,0.85,BDL,0.94,BDL,null,OS,null,OS,0,BDL,106.25,OK,null,OS
2020-12-08 23:00:00,2.64,OK,0.69,BDL,null,OS,null,OS,0,BDL,122.74,OK,null,OS
2020-12-09 00:00:00,7.2,OK,0.58,BDL,null,OS,null,OS,0,BDL,88.13,OK,null,OS
2020-12-09 01:00:00,8.37,OK,0.53,BDL,null,OS,null,OS,0,BDL,64.0,OK,null,OS
2020-12-09 02:00:00,12.22,OK,0.46,BDL,null,OS,null,OS,0,BDL,35.69,OK,null,OS
2020-12-09 03:00:00,17.59,OK,0.41,BDL,null,OS,null,OS,0,BDL,20.32,OK,null,OS
2020-12-09 04:00:00,14.89,OK,0.46,BDL,null,OS,null,OS,0,BDL,26.11,OK,null,OS
2020-12-09 05:00:00,6.88,OK,0.47,BDL,null,OS,null,OS,0,BDL,36.28,OK,null,OS
2020-12-09 06:00:00,4.97,OK,0.57,BDL,null,OS,null,OS,0,BDL,21.63,OK,null,OS
2020-12-09 07:00:00,6.61,OK,0.68,BDL,null,OS,null,OS,0,BDL,48.5,OK,null,OS
2020-12-09 08:00:00,12.77,OK,0.64,BDL,null,OS,null,OS,0,BDL,73.58,OK,null,OS
2020-12-09 09:00:00,22.67,OK,0.56,BDL,null,OS,null,OS,0,BDL,73.46,OK,null,OS
2020-12-09 10:00:00,33.73,OK,0.52,BDL,null,OS,null,OS,0,BDL,55.58,OK,null,OS
2020-12-09 11:00:00,36.97,OK,0.55,BDL,null,OS,null,OS,0,BDL,15.49,OK,null,OS
2020-12-09 12:00:00,37.09,OK,0.52,BDL,null,OS,null,OS,0,BDL,38.57,OK,null,OS
2020-12-09 13:00:00,38.66,OK,0.48,BDL,null,OS,null,OS,0,BDL,41.51,OK,null,OS
2020-12-09 14:00:00,37.35,OK,0.42,BDL,null,OS,null,OS,0,BDL,44.41,OK,null,OS
2020-12-09 15:00:00,32.66,OK,0.43,BDL,null,OS,null,OS,0,BDL,42.11,OK,null,OS
2020-12-09 16:00:00,15.42,OK,0.64,BDL,null,OS,null,OS,0,BDL,45.25,OK,null,OS
2020-12-09 17:00:00,18.37,OK,0.85,BDL,null,OS,null,OS,0,BDL,172.77,OK,null,OS
2020-12-09 18:00:00,29.45,OK,0.5,BDL,null,OS,null,OS,0,BDL,105.88,OK,null,OS
2020-12-09 19:00:00,21.35,OK,0.53,BDL,null,OS,null,OS,0,BDL,73.48,OK,null,OS
2020-12-09 20:00:00,20.01,OK,0.51,BDL,null,OS,null,OS,0,BDL,90.58,OK,null,OS
2020-12-09 21:00:00,22.68,OK,0.42,BDL,null,OS,null,OS,0,BDL,88.85,OK,null,OS
2020-12-09 22:00:00,27.31,OK,0.37,BDL,null,OS,null,OS,0,BDL,58.76,OK,null,OS
2020-12-09 23:00:00,24.61,OK,0.39,BDL,null,OS,null,OS,0,BDL,24.67,OK,null,OS
2020-12-10 00:00:00,21.74,OK,0.37,BDL,null,OS,null,OS,0,BDL,45.97,OK,null,OS
2020-12-10 01:00:00,23.35,OK,0.35,BDL,null,OS,null,OS,0,BDL,23.98,OK,null,OS
2020-12-10 02:00:00,24.05,OK,0.37,BDL,null,OS,null,OS,0,BDL,0.91,BDL,null,OS
2020-12-10 03:00:00,22.79,OK,0.31,BDL,null,OS,null,OS,0,BDL,-0.65,BDL,null,OS
2020-12-10 04:00:00,18.77,OK,0.35,BDL,null,OS,null,OS,0,BDL,9.74,OK,null,OS
2020-12-10 05:00:00,16.31,OK,0.34,BDL,null,OS,null,OS,0,BDL,-8.94,OR,null,OS
2020-12-10 06:00:00,14.0,OK,0.31,BDL,null,OS,null,OS,0,BDL,0.32,BDL,null,OS
2020-12-10 07:00:00,10.28,OK,0.33,BDL,null,OS,null,OS,0,BDL,13.95,OK,null,OS
2020-12-10 08:00:00,16.05,OK,0.31,BDL,null,OS,null,OS,0,BDL,1.39,BDL,null,OS
2020-12-10 09:00:00,18.65,OK,0.25,BDL,null,OS,null,OS,0,BDL,-2.32,BDL,null,OS
2020-12-10 10:00:00,21.29,OK,0.28,BDL,null,OS,null,OS,0,BDL,4.23,OK,null,OS
2020-12-10 11:00:00,21.68,OK,0.22,BDL,null,OS,null,OS,0,BDL,8.98,OK,null,OS
2020-12-10 12:00:00,28.68,OK,0.23,BDL,null,OS,null,OS,0,BDL,12.32,OK,null,OS
2020-12-10 13:00:00,31.44,OK,0.23,BDL,null,OS,null,OS,0,BDL,18.38,OK,null,OS
2020-12-10 14:00:00,30.47,OK,0.18,BDL,null,OS,null,OS,0,BDL,22.88,OK,null,OS
2020-12-10 15:00:00,29.22,OK,0.16,BDL,null,OS,null,OS,0,BDL,25.7,OK,null,OS
2020-12-10 16:00:00,24.16,OK,0.17,BDL,null,OS,null,OS,0,BDL,28.74,OK,null,OS
2020-12-10 17:00:00,8.46,OK,0.35,BDL,null,OS,null,OS,0,BDL,29.06,OK,null,OS
2020-12-10 18:00:00,2.41,OK,0.31,BDL,null,OS,null,OS,0,BDL,54.19,OK,null,OS
2020-12-10 19:00:00,3.66,OK,0.3,BDL,null,OS,null,OS,0,BDL,68.99,OK,null,OS
2020-12-10 20:00:00,1.9,OK,0.27,BDL,null,OS,null,OS,0,BDL,69.93,OK,null,OS
2020-12-10 21:00:00,0.8,BDL,0.33,BDL,null,OS,null,OS,0,BDL,38.54,OK,null,OS
2020-12-10 22:00:00,0.62,BDL,0.34,BDL,null,OS,null,OS,0,BDL,63.77,OK,null,OS
2020-12-10 23:00:00,0.69,BDL,0.36,BDL,null,OS,null,OS,0,BDL,66.5,OK,null,OS
2020-12-11 00:00:00,0.34,BDL,0.31,BDL,null,OS,null,OS,0,BDL,52.12,OK,null,OS
2020-12-11 01:00:00,-0.04,BDL,0.22,BDL,null,OS,null,OS,0,BDL,36.28,OK,null,OS
2020-12-11 02:00:00,4.52,OK,0.15,BDL,null,OS,null,OS,0,BDL,13.29,OK,null,OS
2020-12-11 03:00:00,4.43,OK,0.15,BDL,null,OS,null,OS,0,BDL,11.86,OK,null,OS
2020-12-11 04:00:00,0.84,BDL,0.2,BDL,null,OS,null,OS,0,BDL,-1.55,BDL,null,OS
2020-12-11 05:00:00,0.03,BDL,0.18,BDL,null,OS,null,OS,0,BDL,-0.6,BDL,null,OS
2020-12-11 06:00:00,0.67,BDL,0.41,BDL,null,OS,null,OS,0,BDL,14.0,OK,null,OS
2020-12-11 07:00:00,3.68,OK,0.34,BDL,null,OS,null,OS,0,BDL,33.43,OK,null,OS
2020-12-11 08:00:00,9.63,OK,0.2,BDL,null,OS,null,OS,0,BDL,38.02,OK,null,OS
2020-12-11 09:00:00,22.82,OK,0.15,BDL,null,OS,null,OS,0,BDL,20.4,OK,null,OS
2020-12-11 10:00:00,27.42,OK,0.12,BDL,null,OS,null,OS,0,BDL,2.76,BDL,null,OS
2020-12-11 11:00:00,32.81,OK,0.16,BDL,null,OS,null,OS,0,BDL,37.6,OK,null,OS
2020-12-11 12:00:00,41.13,OK,0.19,BDL,null,OS,null,OS,0,BDL,40.04,OK,null,OS
2020-12-11 13:00:00,44.68,OK,0.14,BDL,null,OS,null,OS,0,BDL,30.55,OK,null,OS
2020-12-11 14:00:00,47.66,OK,0.11,BDL,null,OS,null,OS,0,BDL,34.87,OK,null,OS
2020-12-11 15:00:00,40.03,OK,0.21,BDL,null,OS,null,OS,0,BDL,42.35,OK,null,OS
2020-12-11 16:00:00,23.93,OK,0.27,BDL,null,OS,null,OS,0,BDL,47.64,OK,null,OS
2020-12-11 17:00:00,16.19,OK,0.25,BDL,null,OS,null,OS,0,BDL,59.83,OK,null,OS
2020-12-11 18:00:00,6.69,OK,0.25,BDL,null,OS,null,OS,0,BDL,47.05,OK,null,OS
2020-12-11 19:00:00,1.86,OK,0.6,BDL,null,OS,null,OS,0,BDL,123.4,OK,null,OS
2020-12-11 20:00:00,2.23,OK,0.27,BDL,null,OS,null,OS,0,BDL,60.94,OK,null,OS
2020-12-11 21:00:00,0.91,BDL,0.47,BDL,null,OS,null,OS,0,BDL,86.89,OK,null,OS
2020-12-11 22:00:00,1.12,OK,0.74,BDL,null,OS,null,OS,0,BDL,89.93,OK,null,OS
2020-12-11 23:00:00,1.05,OK,0.44,BDL,null,OS,null,OS,0,BDL,89.51,OK,null,OS
2020-12-12 00:00:00,8.73,OK,0.18,BDL,null,OS,null,OS,0,BDL,20.36,OK,null,OS
2020-12-12 01:00:00,9.13,OK,0.13,BDL,null,OS,null,OS,0,BDL,8.04,OK,null,OS
2020-12-12 02:00:00,15.39,OK,0.1,BDL,null,OS,null,OS,0,BDL,-3.0,BDL,null,OS
2020-12-12 03:00:00,10.59,OK,0.11,BDL,null,OS,null,OS,0,BDL,0.48,BDL,null,OS
2020-12-12 04:00:00,5.84,OK,0.11,BDL,null,OS,null,OS,0,BDL,-1.34,BDL,null,OS
2020-12-12 05:00:00,3.32,OK,0.17,BDL,null,OS,null,OS,0,BDL,4.67,OK,null,OS
2020-12-12 06:00:00,4.22,OK,0.15,BDL,null,OS,null,OS,0,BDL,0.36,BDL,null,OS
2020-12-12 07:00:00,9.2,OK,0.21,BDL,null,OS,null,OS,0,BDL,-7.17,OR,null,OS
2020-12-12 08:00:00,14.31,OK,0.19,BDL,null,OS,null,OS,0,BDL,46.08,OK,null,OS
2020-12-12 09:00:00,22.84,OK,0.18,BDL,null,OS,null,OS,0,BDL,38.69,OK,null,OS
2020-12-12 10:00:00,25.11,OK,0.21,BDL,null,OS,null,OS,0,BDL,20.79,OK,null,OS
2020-12-12 11:00:00,33.76,OK,0.17,BDL,null,OS,null,OS,0,BDL,7.38,OK,null,OS
2020-12-12 12:00:00,35.29,OK,0.15,BDL,null,OS,null,OS,0,BDL,16.57,OK,null,OS
2020-12-12 13:00:00,38.1,OK,0.19,BDL,null,OS,null,OS,0,BDL,20.06,OK,null,OS
2020-12-12 14:00:00,41.38,OK,0.1,BDL,null,OS,null,OS,0,BDL,24.61,OK,null,OS
2020-12-12 15:00:00,41.21,OK,0.23,BDL,null,OS,null,OS,0,BDL,32.87,OK,null,OS
2020-12-12 16:00:00,32.87,OK,0.18,BDL,null,OS,null,OS,0,BDL,37.2,OK,null,OS
2020-12-12 17:00:00,23.19,OK,0.19,BDL,null,OS,null,OS,0,BDL,29.17,OK,null,OS
2020-12-12 18:00:00,14.58,OK,0.2,BDL,null,OS,null,OS,0,BDL,47.22,OK,null,OS
2020-12-12 19:00:00,5.69,OK,0.26,BDL,null,OS,null,OS,0,BDL,48.22,OK,null,OS
2020-12-12 20:00:00,3.78,OK,0.3,BDL,null,OS,null,OS,0,BDL,87.0,OK,null,OS
2020-12-12 21:00:00,0.83,BDL,0.44,BDL,null,OS,null,OS,0,BDL,86.74,OK,null,OS
2020-12-12 22:00:00,10.0,OK,0.35,BDL,null,OS,null,OS,0,BDL,55.63,OK,null,OS
2020-12-12 23:00:00,6.94,OK,0.2,BDL,null,OS,null,OS,0,BDL,29.49,OK,null,OS
2020-12-13 00:00:00,3.95,OK,0.21,BDL,null,OS,null,OS,0,BDL,49.85,OK,null,OS
2020-12-13 01:00:00,11.09,OK,0.19,BDL,null,OS,null,OS,0,BDL,10.16,OK,null,OS
2020-12-13 02:00:00,11.8,OK,0.13,BDL,null,OS,null,OS,0,BDL,0.83,BDL,null,OS
2020-12-13 03:00:00,9.01,OK,0.15,BDL,null,OS,null,OS,0,BDL,1.2,BDL,null,OS
2020-12-13 04:00:00,8.65,OK,0.16,BDL,null,OS,null,OS,0,BDL,1.7,BDL,null,OS
2020-12-13 05:00:00,1.56,OK,0.19,BDL,null,OS,null,OS,0,BDL,5.68,OK,null,OS
2020-12-13 06:00:00,19.2,OK,0.15,BDL,null,OS,null,OS,0,BDL,9.92,OK,null,OS
2020-12-13 07:00:00,8.69,OK,0.24,BDL,null,OS,null,OS,0,BDL,22.88,OK,null,OS
2020-12-13 08:00:00,17.91,OK,0.21,BDL,null,OS,null,OS,0,BDL,51.21,OK,null,OS
2020-12-13 09:00:00,26.3,OK,0.18,BDL,null,OS,null,OS,0,BDL,39.6,OK,null,OS
2020-12-13 10:00:00,35.3,OK,0.18,BDL,null,OS,null,OS,0,BDL,33.16,OK,null,OS
2020-12-13 11:00:00,40.81,OK,0.17,BDL,null,OS,null,OS,0,BDL,17.7,OK,null,OS
2020-12-13 12:00:00,44.81,OK,0.16,BDL,null,OS,null,OS,0,BDL,23.54,OK,null,OS
2020-12-13 13:00:00,49.63,OK,0.17,BDL,null,OS,null,OS,0,BDL,34.68,OK,null,OS
2020-12-13 14:00:00,49.05,OK,0.24,BDL,null,OS,null,OS,0,BDL,39.48,OK,null,OS
2020-12-13 15:00:00,47.07,OK,0.14,BDL,null,OS,null,OS,0,BDL,8.1,OK,null,OS
2020-12-13 16:00:00,37.65,OK,0.17,BDL,null,OS,null,OS,0,BDL,35.65,OK,null,OS
2020-12-13 17:00:00,30.98,OK,0.16,BDL,null,OS,null,OS,0,BDL,27.13,OK,null,OS
2020-12-13 18:00:00,18.27,OK,0.24,BDL,null,OS,null,OS,0,BDL,39.2,OK,null,OS
2020-12-13 19:00:00,15.51,OK,0.23,BDL,null,OS,null,OS,0,BDL,55.81,OK,null,OS
2020-12-13 20:00:00,8.31,OK,0.3,BDL,null,OS,null,OS,0,BDL,59.9,OK,null,OS
2020-12-13 21:00:00,14.69,OK,0.24,BDL,null,OS,null,OS,0,BDL,60.33,OK,null,OS
2020-12-13 22:00:00,13.93,OK,0.17,BDL,null,OS,null,OS,0,BDL,31.96,OK,null,OS
2020-12-13 23:00:00,15.11,OK,0.22,BDL,null,OS,null,OS,0,BDL,23.79,OK,null,OS
2020-12-14 00:00:00,11.34,OK,0.2,BDL,null,OS,null,OS,0,BDL,13.47,OK,null,OS
2020-12-14 01:00:00,10.44,OK,0.22,BDL,null,OS,null,OS,0,BDL,26.59,OK,null,OS
2020-12-14 02:00:00,20.28,OK,0.13,BDL,null,OS,null,OS,0,BDL,1.74,BDL,null,OS
2020-12-14 03:00:00,15.69,OK,0.17,BDL,null,OS,null,OS,0,BDL,2.89,BDL,null,OS
2020-12-14 04:00:00,18.05,OK,0.18,BDL,null,OS,null,OS,0,BDL,2.71,BDL,null,OS
2020-12-14 05:00:00,6.39,OK,0.19,BDL,null,OS,null,OS,0,BDL,3.71,BDL,null,OS
2020-12-14 06:00:00,1.88,OK,0.48,BDL,null,OS,null,OS,0,BDL,32.6,OK,null,OS
2020-12-14 07:00:00,8.05,OK,0.33,BDL,null,OS,null,OS,0,BDL,15.54,OK,null,OS
2020-12-14 08:00:00,13.54,OK,0.35,BDL,null,OS,null,OS,0,BDL,87.24,OK,null,OS
2020-12-14 09:00:00,23.51,OK,0.28,BDL,null,OS,null,OS,0,BDL,68.01,OK,null,OS
2020-12-14 10:00:00,28.11,OK,0.29,BDL,null,OS,null,OS,0,BDL,39.27,OK,null,OS
2020-12-14 11:00:00,36.71,OK,0.24,BDL,null,OS,null,OS,0,BDL,17.15,OK,null,OS
2020-12-14 12:00:00,41.93,OK,0.3,BDL,null,OS,null,OS,0,BDL,49.92,OK,null,OS
2020-12-14 13:00:00,43.71,OK,0.37,BDL,null,OS,null,OS,0,BDL,41.63,OK,null,OS
2020-12-14 14:00:00,44.09,OK,0.28,BDL,null,OS,null,OS,0,BDL,13.68,OK,null,OS
2020-12-14 15:00:00,40.72,OK,0.28,BDL,null,OS,null,OS,0,BDL,25.83,OK,null,OS
2020-12-14 16:00:00,28.5,OK,0.38,BDL,null,OS,null,OS,0,BDL,46.25,OK,null,OS
2020-12-14 17:00:00,17.14,OK,0.48,BDL,null,OS,null,OS,0,BDL,69.17,OK,null,OS
2020-12-14 18:00:00,6.98,OK,0.47,BDL,null,OS,null,OS,0,BDL,66.12,OK,null,OS
2020-12-14 19:00:00,0.69,BDL,0.98,BDL,null,OS,null,OS,0,BDL,115.95,OK,null,OS
2020-12-14 20:00:00,1.4,OK,1.28,OK,null,OS,null,OS,0,BDL,140.86,OK,null,OS
2020-12-14 21:00:00,1.71,OK,1.34,OK,null,OS,null,OS,0,BDL,158.21,OK,null,OS
2020-12-14 22:00:00,1.15,OK,0.87,BDL,null,OS,null,OS,0,BDL,116.98,OK,null,OS
2020-12-14 23:00:00,1.27,OK,0.57,BDL,null,OS,null,OS,0,BDL,71.31,OK,null,OS
2020-12-15 00:00:00,17.76,OK,0.38,BDL,null,OS,null,OS,0,BDL,19.35,OK,null,OS
2020-12-15 01:00:00,4.01,OK,0.34,BDL,null,OS,null,OS,0,BDL,21.01,OK,null,OS
2020-12-15 02:00:00,1.13,OK,0.45,BDL,null,OS,null,OS,0,BDL,50.71,OK,null,OS
2020-12-15 03:00:00,10.59,OK,0.29,BDL,null,OS,null,OS,0,BDL,13.6,OK,null,OS
2020-12-15 04:00:00,10.6,OK,0.21,BDL,null,OS,null,OS,0,BDL,8.13,OK,null,OS
2020-12-15 05:00:00,10.12,OK,0.26,BDL,null,OS,null,OS,0,BDL,5.66,OK,null,OS
2020-12-15 06:00:00,5.98,OK,0.26,BDL,null,OS,null,OS,0,BDL,-6.37,OR,null,OS
2020-12-15 07:00:00,5.03,OK,0.45,BDL,null,OS,null,OS,0,BDL,11.12,OK,null,OS
2020-12-15 08:00:00,13.36,OK,0.38,BDL,null,OS,null,OS,0,BDL,76.46,OK,null,OS
2020-12-15 09:00:00,16.53,OK,0.41,BDL,null,OS,null,OS,0,BDL,64.49,OK,null,OS
2020-12-15 10:00:00,23.01,OK,0.43,BDL,null,OS,null,OS,0,BDL,71.95,OK,null,OS
2020-12-15 11:00:00,31.19,OK,0.43,BDL,null,OS,null,OS,0,BDL,58.58,OK,null,OS
2020-12-15 12:00:00,38.33,OK,0.47,BDL,null,OS,null,OS,0,BDL,40.37,OK,null,OS
2020-12-15 13:00:00,39.82,OK,0.35,BDL,null,OS,null,OS,0,BDL,34.67,OK,null,OS
2020-12-15 14:00:00,35.43,OK,0.41,BDL,null,OS,null,OS,0,BDL,35.84,OK,null,OS
2020-12-15 15:00:00,31.68,OK,0.42,BDL,null,OS,null,OS,0,BDL,31.0,OK,null,OS
2020-12-15 16:00:00,14.32,OK,0.47,BDL,null,OS,null,OS,0,BDL,77.45,OK,null,OS
2020-12-15 17:00:00,2.32,OK,0.67,BDL,null,OS,null,OS,0,BDL,106.99,OK,null,OS
2020-12-15 18:00:00,1.59,OK,0.57,BDL,null,OS,null,OS,0,BDL,110.89,OK,null,OS
2020-12-15 19:00:00,3.0,OK,0.54,BDL,null,OS,null,OS,0,BDL,62.63,OK,null,OS
2020-12-15 20:00:00,0.76,BDL,0.63,BDL,null,OS,null,OS,0,BDL,84.93,OK,null,OS
2020-12-15 21:00:00,0.69,BDL,0.76,BDL,null,OS,null,OS,0,BDL,110.7,OK,null,OS
2020-12-15 22:00:00,0.73,BDL,0.7,BDL,null,OS,null,OS,0,BDL,110.4,OK,null,OS
2020-12-15 23:00:00,0.4,BDL,0.6,BDL,null,OS,null,OS,0,BDL,60.14,OK,null,OS
2020-12-16 00:00:00,12.41,OK,0.34,BDL,null,OS,null,OS,0,BDL,21.68,OK,null,OS
2020-12-16 01:00:00,18.31,OK,0.33,BDL,null,OS,null,OS,0,BDL,-9.65,OR,null,OS
2020-12-16 02:00:00,12.31,OK,0.31,BDL,null,OS,null,OS,0,BDL,-5.28,OR,null,OS
2020-12-16 03:00:00,5.73,OK,0.32,BDL,null,OS,null,OS,0,BDL,13.36,OK,null,OS
2020-12-16 04:00:00,17.03,OK,0.25,BDL,null,OS,null,OS,0,BDL,1.08,BDL,null,OS
2020-12-16 05:00:00,14.51,OK,0.29,BDL,null,OS,null,OS,0,BDL,1.71,BDL,null,OS
2020-12-16 06:00:00,9.66,OK,0.33,BDL,null,OS,null,OS,0,BDL,17.66,OK,null,OS
2020-12-16 07:00:00,7.55,OK,0.49,BDL,null,OS,null,OS,0,BDL,21.8,OK,null,OS
2020-12-16 08:00:00,25.67,OK,0.36,BDL,null,OS,null,OS,0,BDL,79.91,OK,null,OS
2020-12-16 09:00:00,32.21,OK,0.38,BDL,null,OS,null,OS,0,BDL,41.05,OK,null,OS
2020-12-16 10:00:00,36.65,OK,0.38,BDL,null,OS,null,OS,0,BDL,30.94,OK,null,OS
2020-12-16 11:00:00,38.36,OK,0.46,BDL,null,OS,null,OS,0,BDL,12.25,OK,null,OS
2020-12-16 12:00:00,37.87,OK,0.37,BDL,null,OS,null,OS,0,BDL,14.04,OK,null,OS
2020-12-16 13:00:00,38.67,OK,0.45,BDL,null,OS,null,OS,0,BDL,60.3,OK,null,OS
2020-12-16 14:00:00,34.6,OK,0.45,BDL,null,OS,null,OS,0,BDL,23.86,OK,null,OS
2020-12-16 15:00:00,32.8,OK,0.49,BDL,null,OS,null,OS,0,BDL,23.89,OK,null,OS
2020-12-16 16:00:00,18.35,OK,0.54,BDL,null,OS,null,OS,0,BDL,47.47,OK,null,OS
2020-12-16 17:00:00,1.8,OK,1.02,OK,null,OS,null,OS,0,BDL,82.62,OK,null,OS
2020-12-16 18:00:00,7.57,OK,0.58,BDL,null,OS,null,OS,0,BDL,81.18,OK,null,OS
2020-12-16 19:00:00,3.46,OK,0.62,BDL,null,OS,null,OS,0,BDL,67.31,OK,null,OS
2020-12-16 20:00:00,0.63,BDL,0.82,BDL,null,OS,null,OS,0,BDL,93.75,OK,null,OS
2020-12-16 21:00:00,0.78,BDL,0.76,BDL,null,OS,null,OS,0,BDL,83.71,OK,null,OS
2020-12-16 22:00:00,6.09,OK,0.52,BDL,null,OS,null,OS,0,BDL,50.08,OK,null,OS
2020-12-16 23:00:00,15.77,OK,0.42,BDL,null,OS,null,OS,0,BDL,16.63,OK,null,OS
2020-12-17 00:00:00,16.05,OK,0.35,BDL,null,OS,null,OS,0,BDL,8.01,OK,null,OS
2020-12-17 01:00:00,11.28,OK,0.38,BDL,null,OS,null,OS,0,BDL,12.51,OK,null,OS
2020-12-17 02:00:00,11.09,OK,0.34,BDL,null,OS,null,OS,0,BDL,10.69,OK,null,OS
2020-12-17 03:00:00,12.93,OK,0.34,BDL,null,OS,null,OS,0,BDL,-4.55,OR,null,OS
2020-12-17 04:00:00,12.48,OK,0.3,BDL,null,OS,null,OS,0,BDL,-1.78,BDL,null,OS
2020-12-17 05:00:00,1.64,OK,0.54,BDL,null,OS,null,OS,0,BDL,21.53,OK,null,OS
2020-12-17 06:00:00,1.25,OK,0.7,BDL,null,OS,null,OS,0,BDL,43.11,OK,null,OS
2020-12-17 07:00:00,7.54,OK,0.61,BDL,null,OS,null,OS,0,BDL,48.59,OK,null,OS
2020-12-17 08:00:00,15.1,OK,0.55,BDL,null,OS,null,OS,0,BDL,77.85,OK,null,OS
2020-12-17 09:00:00,24.81,OK,0.43,BDL,null,OS,null,OS,0,BDL,55.52,OK,null,OS
2020-12-17 10:00:00,31.25,OK,0.74,BDL,null,OS,null,OS,0,BDL,32.21,OK,null,OS
2020-12-17 11:00:00,28.6,OK,0.66,BDL,null,OS,null,OS,0,BDL,43.83,OK,null,OS
2020-12-17 12:00:00,37.46,OK,0.66,BDL,null,OS,null,OS,0,BDL,65.57,OK,null,OS
2020-12-17 13:00:00,36.46,OK,0.71,BDL,null,OS,null,OS,0,BDL,75.79,OK,null,OS
2020-12-17 14:00:00,39.6,OK,0.56,BDL,null,OS,null,OS,0,BDL,35.97,OK,null,OS
2020-12-17 15:00:00,36.73,OK,0.52,BDL,null,OS,null,OS,0,BDL,50.02,OK,null,OS
2020-12-17 16:00:00,7.37,OK,0.83,BDL,null,OS,null,OS,0,BDL,68.92,OK,null,OS
2020-12-17 17:00:00,1.53,OK,1.25,OK,null,OS,null,OS,0,BDL,150.29,OK,null,OS
2020-12-17 18:00:00,1.28,OK,1.31,OK,null,OS,null,OS,0,BDL,183.7,OK,null,OS
2020-12-17 19:00:00,1.13,OK,1.79,OK,null,OS,null,OS,0,BDL,162.07,OK,null,OS
2020-12-17 20:00:00,1.29,OK,2.1,OK,null,OS,null,OS,0,BDL,205.69,OK,null,OS
2020-12-17 21:00:00,3.06,OK,0.87,BDL,null,OS,null,OS,0,BDL,97.91,OK,null,OS
2020-12-17 22:00:00,14.01,OK,0.64,BDL,null,OS,null,OS,0,BDL,63.55,OK,null,OS
2020-12-17 23:00:00,19.38,OK,0.59,BDL,null,OS,null,OS,0,BDL,32.4,OK,null,OS
2020-12-18 00:00:00,19.83,OK,0.51,BDL,null,OS,null,OS,0,BDL,29.28,OK,null,OS
2020-12-18 01:00:00,5.47,OK,0.49,BDL,null,OS,null,OS,0,BDL,34.49,OK,null,OS
2020-12-18 02:00:00,0.45,BDL,0.51,BDL,null,OS,null,OS,0,BDL,44.89,OK,null,OS
2020-12-18 03:00:00,0.99,BDL,0.45,BDL,null,OS,null,OS,0,BDL,27.09,OK,null,OS
2020-12-18 04:00:00,4.37,OK,0.46,BDL,null,OS,null,OS,0,BDL,7.12,OK,null,OS
2020-12-18 05:00:00,2.96,OK,0.4,BDL,null,OS,null,OS,0,BDL,1.32,BDL,null,OS
2020-12-18 06:00:00,1.67,OK,0.52,BDL,null,OS,null,OS,0,BDL,19.65,OK,null,OS
2020-12-18 07:00:00,4.96,OK,0.57,BDL,null,OS,null,OS,0,BDL,32.62,OK,null,OS
2020-12-18 08:00:00,8.58,OK,0.6,BDL,null,OS,null,OS,0,BDL,47.56,OK,null,OS
2020-12-18 09:00:00,19.68,OK,0.61,BDL,null,OS,null,OS,0,BDL,50.75,OK,null,OS
2020-12-18 10:00:00,31.31,OK,0.51,BDL,null,OS,null,OS,0,BDL,31.94,OK,null,OS
2020-12-18 11:00:00,35.78,OK,0.42,BDL,null,OS,null,OS,0,BDL,53.97,OK,null,OS
2020-12-18 12:00:00,36.58,OK,0.54,BDL,null,OS,null,OS,0,BDL,29.2,OK,null,OS
2020-12-18 13:00:00,37.01,OK,0.45,BDL,null,OS,null,OS,0,BDL,8.97,OK,null,OS
2020-12-18 14:00:00,35.89,OK,0.44,BDL,null,OS,null,OS,0,BDL,44.94,OK,null,OS
2020-12-18 15:00:00,28.84,OK,0.49,BDL,null,OS,null,OS,0,BDL,18.35,OK,null,OS
2020-12-18 16:00:00,16.69,OK,0.52,BDL,null,OS,null,OS,0,BDL,68.2,OK,null,OS
2020-12-18 17:00:00,1.49,OK,0.84,BDL,null,OS,null,OS,0,BDL,113.5,OK,null,OS
2020-12-18 18:00:00,0.59,BDL,1.18,OK,null,OS,null,OS,0,BDL,146.9,OK,null,OS
2020-12-18 19:00:00,1.4,OK,1.73,OK,null,OS,null,OS,0,BDL,239.93,OK,null,OS
2020-12-18 20:00:00,1.14,OK,1.27,OK,null,OS,null,OS,0,BDL,245.11,OK,null,OS
2020-12-18 21:00:00,1.11,OK,1.29,OK,null,OS,null,OS,0,BDL,209.3,OK,null,OS
2020-12-18 22:00:00,0.71,BDL,0.75,BDL,null,OS,null,OS,0,BDL,84.12,OK,null,OS
2020-12-18 23:00:00,3.27,OK,0.49,BDL,null,OS,null,OS,0,BDL,33.69,OK,null,OS
2020-12-19 00:00:00,6.02,OK,0.37,BDL,null,OS,null,OS,0,BDL,13.62,OK,null,OS
2020-12-19 01:00:00,11.08,OK,0.33,BDL,null,OS,null,OS,0,BDL,0.47,BDL,null,OS
2020-12-19 02:00:00,17.35,OK,0.31,BDL,null,OS,null,OS,0,BDL,-6.14,OR,null,OS
2020-12-19 03:00:00,18.72,OK,0.29,BDL,null,OS,null,OS,0,BDL,6.07,OK,null,OS
2020-12-19 04:00:00,18.58,OK,0.27,BDL,null,OS,null,OS,0,BDL,2.46,BDL,null,OS
2020-12-19 05:00:00,13.61,OK,0.27,BDL,null,OS,null,OS,0,BDL,6.65,OK,null,OS
2020-12-19 06:00:00,9.74,OK,0.34,BDL,null,OS,null,OS,0,BDL,14.3,OK,null,OS
2020-12-19 07:00:00,9.72,OK,0.44,BDL,null,OS,null,OS,0,BDL,2.42,BDL,null,OS
2020-12-19 08:00:00,13.12,OK,0.62,BDL,null,OS,null,OS,0,BDL,61.24,OK,null,OS
2020-12-19 09:00:00,23.06,OK,0.41,BDL,null,OS,null,OS,0,BDL,76.23,OK,null,OS
2020-12-19 10:00:00,34.8,OK,0.51,BDL,null,OS,null,OS,0,BDL,20.37,OK,null,OS
2020-12-19 11:00:00,40.72,OK,0.5,BDL,null,OS,null,OS,0,BDL,26.19,OK,null,OS
2020-12-19 12:00:00,42.96,OK,0.49,BDL,null,OS,null,OS,0,BDL,11.64,OK,null,OS
2020-12-19 13:00:00,45.31,OK,0.43,BDL,null,OS,null,OS,0,BDL,12.18,OK,null,OS
2020-12-19 14:00:00,45.59,OK,0.39,BDL,null,OS,null,OS,0,BDL,20.66,OK,null,OS
2020-12-19 15:00:00,43.28,OK,0.4,BDL,null,OS,null,OS,0,BDL,30.82,OK,null,OS
2020-12-19 16:00:00,11.08,OK,0.64,BDL,null,OS,null,OS,0,BDL,49.88,OK,null,OS
2020-12-19 17:00:00,1.64,OK,1.08,OK,null,OS,null,OS,0,BDL,123.19,OK,null,OS
2020-12-19 18:00:00,7.17,OK,0.65,BDL,null,OS,null,OS,0,BDL,296.63,OK,null,OS
2020-12-19 19:00:00,1.39,OK,0.8,BDL,null,OS,null,OS,0,BDL,98.09,OK,null,OS
2020-12-19 20:00:00,1.19,OK,1.11,OK,null,OS,null,OS,0,BDL,142.61,OK,null,OS
2020-12-19 21:00:00,0.76,BDL,0.98,BDL,null,OS,null,OS,0,BDL,130.66,OK,null,OS
2020-12-19 22:00:00,0.56,BDL,0.83,BDL,null,OS,null,OS,0,BDL,90.2,OK,null,OS
2020-12-19 23:00:00,2.22,OK,0.71,BDL,null,OS,null,OS,0,BDL,83.53,OK,null,OS
2020-12-20 00:00:00,14.09,OK,0.41,BDL,null,OS,null,OS,0,BDL,17.78,OK,null,OS
2020-12-20 01:00:00,16.8,OK,0.38,BDL,null,OS,null,OS,0,BDL,10.55,OK,null,OS
2020-12-20 02:00:00,13.92,OK,0.35,BDL,null,OS,null,OS,0,BDL,11.41,OK,null,OS
2020-12-20 03:00:00,22.18,OK,0.29,BDL,null,OS,null,OS,0,BDL,13.43,OK,null,OS
2020-12-20 04:00:00,25.26,OK,0.34,BDL,null,OS,null,OS,0,BDL,13.62,OK,null,OS
2020-12-20 05:00:00,21.34,OK,0.25,BDL,null,OS,null,OS,0,BDL,15.43,OK,null,OS
2020-12-20 06:00:00,16.93,OK,0.35,BDL,null,OS,null,OS,0,BDL,13.34,OK,null,OS
2020-12-20 07:00:00,21.71,OK,0.4,BDL,null,OS,null,OS,0,BDL,8.39,OK,null,OS
2020-12-20 08:00:00,25.44,OK,0.37,BDL,null,OS,null,OS,0,BDL,47.95,OK,null,OS
2020-12-20 09:00:00,29.19,OK,0.37,BDL,null,OS,null,OS,0,BDL,31.68,OK,null,OS
2020-12-20 10:00:00,37.8,OK,0.36,BDL,null,OS,null,OS,0,BDL,10.34,OK,null,OS
2020-12-20 11:00:00,42.86,OK,0.45,BDL,null,OS,null,OS,0,BDL,45.87,OK,null,OS
2020-12-20 12:00:00,44.68,OK,0.62,BDL,null,OS,null,OS,0,BDL,76.23,OK,null,OS
2020-12-20 13:00:00,40.76,OK,0.41,BDL,null,OS,null,OS,0,BDL,47.99,OK,null,OS
2020-12-20 14:00:00,34.72,OK,0.41,BDL,null,OS,null,OS,0,BDL,37.85,OK,null,OS
2020-12-20 15:00:00,29.38,OK,0.42,BDL,null,OS,null,OS,0,BDL,29.3,OK,null,OS
2020-12-20 16:00:00,10.3,OK,0.54,BDL,null,OS,null,OS,0,BDL,58.65,OK,null,OS
2020-12-20 17:00:00,0.77,BDL,0.88,BDL,null,OS,null,OS,0,BDL,120.16,OK,null,OS
2020-12-20 18:00:00,1.08,OK,0.82,BDL,null,OS,null,OS,0,BDL,190.55,OK,null,OS
2020-12-20 19:00:00,1.06,OK,1.1,OK,null,OS,null,OS,0,BDL,155.94,OK,null,OS
2020-12-20 20:00:00,1.83,OK,0.86,BDL,null,OS,null,OS,0,BDL,108.3,OK,null,OS
2020-12-20 21:00:00,6.76,OK,0.51,BDL,null,OS,null,OS,0,BDL,76.68,OK,null,OS
2020-12-20 22:00:00,2.89,OK,0.54,BDL,null,OS,null,OS,0,BDL,70.84,OK,null,OS
2020-12-20 23:00:00,12.76,OK,0.43,BDL,null,OS,null,OS,0,BDL,48.75,OK,null,OS
2020-12-21 00:00:00,15.02,OK,0.4,BDL,null,OS,null,OS,0,BDL,21.9,OK,null,OS
2020-12-21 01:00:00,14.77,OK,0.36,BDL,null,OS,null,OS,0,BDL,10.02,OK,null,OS
2020-12-21 02:00:00,13.41,OK,0.32,BDL,null,OS,null,OS,0,BDL,0.71,BDL,null,OS
2020-12-21 03:00:00,14.1,OK,0.29,BDL,null,OS,null,OS,0,BDL,6.73,OK,null,OS
2020-12-21 04:00:00,14.63,OK,0.32,BDL,null,OS,null,OS,0,BDL,-3.42,BDL,null,OS
2020-12-21 05:00:00,10.25,OK,0.36,BDL,null,OS,null,OS,0,BDL,-1.26,BDL,null,OS
2020-12-21 06:00:00,2.44,OK,0.82,BDL,null,OS,null,OS,0,BDL,32.53,OK,null,OS
2020-12-21 07:00:00,5.81,OK,0.53,BDL,null,OS,null,OS,0,BDL,37.86,OK,null,OS
2020-12-21 08:00:00,12.03,OK,0.59,BDL,null,OS,null,OS,0,BDL,48.9,OK,null,OS
2020-12-21 09:00:00,25.88,OK,0.47,BDL,null,OS,null,OS,0,BDL,68.67,OK,null,OS
2020-12-21 10:00:00,31.63,OK,0.47,BDL,null,OS,null,OS,0,BDL,28.28,OK,null,OS
2020-12-21 11:00:00,34.84,OK,0.54,BDL,null,OS,null,OS,0,BDL,17.6,OK,null,OS
2020-12-21 12:00:00,34.88,OK,0.62,BDL,null,OS,null,OS,0,BDL,24.08,OK,null,OS
2020-12-21 13:00:00,34.33,OK,0.72,BDL,null,OS,null,OS,0,BDL,47.66,OK,null,OS
2020-12-21 14:00:00,31.71,OK,0.65,BDL,null,OS,null,OS,0,BDL,59.71,OK,null,OS
2020-12-21 15:00:00,29.65,OK,0.66,BDL,null,OS,null,OS,0,BDL,48.53,OK,null,OS
2020-12-21 16:00:00,9.78,OK,0.72,BDL,null,OS,null,OS,0,BDL,123.14,OK,null,OS
2020-12-21 17:00:00,1.63,OK,1.13,OK,null,OS,null,OS,0,BDL,176.31,OK,null,OS
2020-12-21 18:00:00,1.06,OK,1.17,OK,null,OS,null,OS,0,BDL,166.17,OK,null,OS
2020-12-21 19:00:00,1.65,OK,1.18,OK,null,OS,null,OS,0,BDL,155.5,OK,null,OS
2020-12-21 20:00:00,7.73,OK,0.61,BDL,null,OS,null,OS,0,BDL,88.19,OK,null,OS
2020-12-21 21:00:00,0.59,BDL,0.73,BDL,null,OS,null,OS,0,BDL,88.81,OK,null,OS
2020-12-21 22:00:00,2.5,OK,0.61,BDL,null,OS,null,OS,0,BDL,89.75,OK,null,OS
2020-12-21 23:00:00,3.91,OK,0.6,BDL,null,OS,null,OS,0,BDL,79.29,OK,null,OS
2020-12-22 00:00:00,4.81,OK,0.52,BDL,null,OS,null,OS,0,BDL,65.28,OK,null,OS
2020-12-22 01:00:00,6.69,OK,0.44,BDL,null,OS,null,OS,0,BDL,47.18,OK,null,OS
2020-12-22 02:00:00,9.31,OK,0.42,BDL,null,OS,null,OS,0,BDL,13.09,OK,null,OS
2020-12-22 03:00:00,9.46,OK,0.37,BDL,null,OS,null,OS,0,BDL,2.67,BDL,null,OS
2020-12-22 04:00:00,7.96,OK,0.37,BDL,null,OS,null,OS,0,BDL,7.22,OK,null,OS
2020-12-22 05:00:00,7.48,OK,0.43,BDL,null,OS,null,OS,0,BDL,11.31,OK,null,OS
2020-12-22 06:00:00,7.68,OK,0.45,BDL,null,OS,null,OS,0,BDL,20.03,OK,null,OS
2020-12-22 07:00:00,5.91,OK,0.64,BDL,null,OS,null,OS,0,BDL,50.68,OK,null,OS
2020-12-22 08:00:00,9.86,OK,0.67,BDL,null,OS,null,OS,0,BDL,71.72,OK,null,OS
2020-12-22 09:00:00,25.17,OK,0.55,BDL,null,OS,null,OS,0,BDL,59.68,OK,null,OS
2020-12-22 10:00:00,31.63,OK,0.52,BDL,null,OS,null,OS,0,BDL,42.84,OK,null,OS
2020-12-22 11:00:00,36.02,OK,0.52,BDL,null,OS,null,OS,0,BDL,24.14,OK,null,OS
2020-12-22 12:00:00,42.64,OK,0.51,BDL,null,OS,null,OS,0,BDL,57.69,OK,null,OS
2020-12-22 13:00:00,44.09,OK,0.48,BDL,null,OS,null,OS,0,BDL,41.23,OK,null,OS
2020-12-22 14:00:00,44.1,OK,0.57,BDL,null,OS,null,OS,0,BDL,32.98,OK,null,OS
2020-12-22 15:00:00,38.06,OK,0.53,BDL,null,OS,null,OS,0,BDL,41.32,OK,null,OS
2020-12-22 16:00:00,24.52,OK,0.57,BDL,null,OS,null,OS,0,BDL,47.83,OK,null,OS
2020-12-22 17:00:00,8.52,OK,0.64,BDL,null,OS,null,OS,0,BDL,101.28,OK,null,OS
2020-12-22 18:00:00,0.8,BDL,0.75,BDL,null,OS,null,OS,0,BDL,117.18,OK,null,OS
2020-12-22 19:00:00,0.83,BDL,1.04,OK,null,OS,null,OS,0,BDL,157.52,OK,null,OS
2020-12-22 20:00:00,1.28,OK,1.31,OK,null,OS,null,OS,0,BDL,189.62,OK,null,OS
2020-12-22 21:00:00,1.17,OK,1.27,OK,null,OS,null,OS,0,BDL,146.17,OK,null,OS
2020-12-22 22:00:00,1.89,OK,0.92,BDL,null,OS,null,OS,0,BDL,136.01,OK,null,OS
2020-12-22 23:00:00,10.16,OK,0.55,BDL,null,OS,null,OS,0,BDL,64.33,OK,null,OS
2020-12-23 00:00:00,2.62,OK,0.49,BDL,null,OS,null,OS,0,BDL,65.2,OK,null,OS
2020-12-23 01:00:00,1.92,OK,0.46,BDL,null,OS,null,OS,0,BDL,44.92,OK,null,OS
2020-12-23 02:00:00,9.54,OK,0.42,BDL,null,OS,null,OS,0,BDL,27.49,OK,null,OS
2020-12-23 03:00:00,15.27,OK,0.37,BDL,null,OS,null,OS,0,BDL,2.02,BDL,null,OS
2020-12-23 04:00:00,18.82,OK,0.42,BDL,null,OS,null,OS,0,BDL,14.76,OK,null,OS
2020-12-23 05:00:00,11.43,OK,0.38,BDL,null,OS,null,OS,0,BDL,20.09,OK,null,OS
2020-12-23 06:00:00,8.77,OK,0.4,BDL,null,OS,null,OS,0,BDL,33.94,OK,null,OS
2020-12-23 07:00:00,6.25,OK,0.59,BDL,null,OS,null,OS,0,BDL,57.08,OK,null,OS
2020-12-23 08:00:00,12.62,OK,0.69,BDL,null,OS,null,OS,0,BDL,74.15,OK,null,OS
2020-12-23 09:00:00,19.35,OK,0.51,BDL,null,OS,null,OS,0,BDL,69.27,OK,null,OS
2020-12-23 10:00:00,23.09,OK,0.55,BDL,null,OS,null,OS,0,BDL,44.03,OK,null,OS
2020-12-23 11:00:00,33.63,OK,0.5,BDL,null,OS,null,OS,0,BDL,39.13,OK,null,OS
2020-12-23 12:00:00,40.34,OK,0.52,BDL,null,OS,null,OS,0,BDL,68.65,OK,null,OS
2020-12-23 13:00:00,38.72,OK,0.49,BDL,null,OS,null,OS,0,BDL,57.86,OK,null,OS
2020-12-23 14:00:00,36.5,OK,0.52,BDL,null,OS,null,OS,0,BDL,42.08,OK,null,OS
2020-12-23 15:00:00,36.8,OK,0.58,BDL,null,OS,null,OS,0,BDL,43.33,OK,null,OS
2020-12-23 16:00:00,13.67,OK,0.7,BDL,null,OS,null,OS,0,BDL,71.63,OK,null,OS
2020-12-23 17:00:00,3.7,OK,1.22,OK,null,OS,null,OS,0,BDL,102.56,OK,null,OS
2020-12-23 18:00:00,1.39,OK,1.23,OK,null,OS,null,OS,0,BDL,123.11,OK,null,OS
2020-12-23 19:00:00,0.68,BDL,1.0,OK,null,OS,null,OS,0,BDL,136.52,OK,null,OS
2020-12-23 20:00:00,1.04,OK,1.19,OK,null,OS,null,OS,0,BDL,153.21,OK,null,OS
2020-12-23 21:00:00,4.34,OK,0.72,BDL,null,OS,null,OS,0,BDL,92.76,OK,null,OS
2020-12-23 22:00:00,15.0,OK,0.53,BDL,null,OS,null,OS,0,BDL,58.5,OK,null,OS
2020-12-23 23:00:00,13.86,OK,0.5,BDL,null,OS,null,OS,0,BDL,35.11,OK,null,OS
2020-12-24 00:00:00,5.01,OK,0.7,BDL,null,OS,null,OS,0,BDL,76.65,OK,null,OS
2020-12-24 01:00:00,19.06,OK,0.53,BDL,null,OS,null,OS,0,BDL,24.93,OK,null,OS
2020-12-24 02:00:00,19.25,OK,0.45,BDL,null,OS,null,OS,0,BDL,7.57,OK,null,OS
2020-12-24 03:00:00,14.13,OK,0.5,BDL,null,OS,null,OS,0,BDL,12.26,OK,null,OS
2020-12-24 04:00:00,12.72,OK,0.42,BDL,null,OS,null,OS,0,BDL,19.73,OK,null,OS
2020-12-24 05:00:00,16.85,OK,0.41,BDL,null,OS,null,OS,0,BDL,12.46,OK,null,OS
2020-12-24 06:00:00,23.07,OK,0.44,BDL,null,OS,null,OS,0,BDL,-1.14,BDL,null,OS
2020-12-24 07:00:00,28.44,OK,0.48,BDL,null,OS,null,OS,0,BDL,25.75,OK,null,OS
2020-12-24 08:00:00,30.31,OK,0.51,BDL,null,OS,null,OS,0,BDL,63.26,OK,null,OS
2020-12-24 09:00:00,35.82,OK,0.46,BDL,null,OS,null,OS,0,BDL,102.32,OK,null,OS
2020-12-24 10:00:00,37.59,OK,0.53,BDL,null,OS,null,OS,0,BDL,147.94,OK,null,OS
2020-12-24 11:00:00,37.47,OK,0.52,BDL,null,OS,null,OS,0,BDL,37.9,OK,null,OS
2020-12-24 12:00:00,29.46,OK,0.57,BDL,null,OS,null,OS,0,BDL,27.51,OK,null,OS
2020-12-24 13:00:00,26.23,OK,0.62,BDL,null,OS,null,OS,0,BDL,45.05,OK,null,OS
2020-12-24 14:00:00,23.5,OK,0.61,BDL,null,OS,null,OS,0,BDL,78.87,OK,null,OS
2020-12-24 15:00:00,30.6,OK,0.45,BDL,null,OS,null,OS,0,BDL,64.92,OK,null,OS
2020-12-24 16:00:00,15.36,OK,0.71,BDL,null,OS,null,OS,0,BDL,52.88,OK,null,OS
2020-12-24 17:00:00,2.51,OK,1.4,OK,null,OS,null,OS,0,BDL,110.34,OK,null,OS
2020-12-24 18:00:00,5.42,OK,2.43,OK,null,OS,null,OS,0,BDL,181.39,OK,null,OS
2020-12-24 19:00:00,9.24,OK,3.94,OK,null,OS,null,OS,0,BDL,250.77,OK,null,OS
2020-12-24 20:00:00,3.03,OK,2.56,OK,null,OS,null,OS,0,BDL,200.62,OK,null,OS
2020-12-24 21:00:00,4.96,OK,2.92,OK,null,OS,null,OS,0,BDL,157.76,OK,null,OS
2020-12-24 22:00:00,5.25,OK,2.86,OK,null,OS,null,OS,0,BDL,229.47,OK,null,OS
2020-12-24 23:00:00,3.99,OK,2.56,OK,null,OS,null,OS,0,BDL,251.55,OK,null,OS
2020-12-25 00:00:00,3.62,OK,2.01,OK,null,OS,null,OS,0,BDL,202.19,OK,null,OS
2020-12-25 01:00:00,3.79,OK,2.05,OK,null,OS,null,OS,0,BDL,208.8,OK,null,OS
2020-12-25 02:00:00,1.21,OK,1.6,OK,null,OS,null,OS,0,BDL,91.6,OK,null,OS
2020-12-25 03:00:00,0.15,BDL,0.73,BDL,null,OS,null,OS,0,BDL,27.76,OK,null,OS
2020-12-25 04:00:00,1.09,OK,0.85,BDL,null,OS,null,OS,0,BDL,65.23,OK,null,OS
2020-12-25 05:00:00,3.89,OK,0.68,BDL,null,OS,null,OS,0,BDL,58.79,OK,null,OS
2020-12-25 06:00:00,10.33,OK,0.49,BDL,null,OS,null,OS,0,BDL,3.92,BDL,null,OS
2020-12-25 07:00:00,5.69,OK,1.19,OK,null,OS,null,OS,0,BDL,178.19,OK,null,OS
2020-12-25 08:00:00,24.37,OK,1.0,OK,null,OS,null,OS,0,BDL,175.37,OK,null,OS
2020-12-25 09:00:00,36.48,OK,0.83,BDL,null,OS,null,OS,0,BDL,119.97,OK,null,OS
2020-12-25 10:00:00,35.07,OK,0.92,BDL,null,OS,null,OS,0,BDL,60.35,OK,null,OS
2020-12-25 11:00:00,34.07,OK,0.47,BDL,null,OS,null,OS,0,BDL,16.41,OK,null,OS
2020-12-25 12:00:00,36.93,OK,0.45,BDL,null,OS,null,OS,0,BDL,14.14,OK,null,OS
2020-12-25 13:00:00,37.8,OK,0.39,BDL,null,OS,null,OS,0,BDL,20.05,OK,null,OS
2020-12-25 14:00:00,37.84,OK,0.42,BDL,null,OS,null,OS,0,BDL,17.59,OK,null,OS
2020-12-25 15:00:00,35.75,OK,0.48,BDL,null,OS,null,OS,0,BDL,0.71,BDL,null,OS
2020-12-25 16:00:00,18.81,OK,0.52,BDL,null,OS,null,OS,0,BDL,35.71,OK,null,OS
2020-12-25 17:00:00,10.13,OK,0.62,BDL,null,OS,null,OS,0,BDL,60.88,OK,null,OS
2020-12-25 18:00:00,11.17,OK,0.59,BDL,null,OS,null,OS,0,BDL,37.94,OK,null,OS
2020-12-25 19:00:00,3.67,OK,0.73,BDL,null,OS,null,OS,0,BDL,62.73,OK,null,OS
2020-12-25 20:00:00,2.66,OK,0.93,BDL,null,OS,null,OS,0,BDL,110.05,OK,null,OS
2020-12-25 21:00:00,1.58,OK,1.04,OK,null,OS,null,OS,0,BDL,104.18,OK,null,OS
2020-12-25 22:00:00,2.29,OK,0.92,BDL,null,OS,null,OS,0,BDL,84.03,OK,null,OS
2020-12-25 23:00:00,3.3,OK,0.74,BDL,null,OS,null,OS,0,BDL,62.77,OK,null,OS
2020-12-26 00:00:00,1.15,OK,0.81,BDL,null,OS,null,OS,0,BDL,105.32,OK,null,OS
2020-12-26 01:00:00,2.14,OK,1.05,OK,null,OS,null,OS,0,BDL,99.55,OK,null,OS
2020-12-26 02:00:00,1.36,OK,0.61,BDL,null,OS,null,OS,0,BDL,65.76,OK,null,OS
2020-12-26 03:00:00,8.94,OK,0.49,BDL,null,OS,null,OS,0,BDL,22.23,OK,null,OS
2020-12-26 04:00:00,8.48,OK,0.44,BDL,null,OS,null,OS,0,BDL,5.59,OK,null,OS
2020-12-26 05:00:00,10.75,OK,0.39,BDL,null,OS,null,OS,0,BDL,1.01,BDL,null,OS
2020-12-26 06:00:00,10.52,OK,0.36,BDL,null,OS,null,OS,0,BDL,4.01,OK,null,OS
2020-12-26 07:00:00,13.7,OK,0.43,BDL,null,OS,null,OS,0,BDL,1.81,BDL,null,OS
2020-12-26 08:00:00,24.29,OK,0.44,BDL,null,OS,null,OS,0,BDL,33.65,OK,null,OS
2020-12-26 09:00:00,25.73,OK,0.4,BDL,null,OS,null,OS,0,BDL,36.08,OK,null,OS
2020-12-26 10:00:00,28.93,OK,0.47,BDL,null,OS,null,OS,0,BDL,27.72,OK,null,OS
2020-12-26 11:00:00,32.01,OK,0.49,BDL,null,OS,null,OS,0,BDL,12.97,OK,null,OS
2020-12-26 12:00:00,34.96,OK,0.52,BDL,null,OS,null,OS,0,BDL,50.78,OK,null,OS
2020-12-26 13:00:00,38.86,OK,0.46,BDL,null,OS,null,OS,0,BDL,34.36,OK,null,OS
2020-12-26 14:00:00,32.79,OK,0.44,BDL,null,OS,null,OS,0,BDL,23.21,OK,null,OS
2020-12-26 15:00:00,28.66,OK,0.75,BDL,null,OS,null,OS,0,BDL,43.78,OK,null,OS
2020-12-26 16:00:00,14.02,OK,0.66,BDL,null,OS,null,OS,0,BDL,56.18,OK,null,OS
2020-12-26 17:00:00,1.03,OK,0.8,BDL,null,OS,null,OS,0,BDL,97.15,OK,null,OS
2020-12-26 18:00:00,0.7,BDL,1.02,OK,null,OS,null,OS,0,BDL,129.22,OK,null,OS
2020-12-26 19:00:00,0.47,BDL,0.81,BDL,null,OS,null,OS,0,BDL,139.79,OK,null,OS
2020-12-26 20:00:00,1.08,OK,0.94,BDL,null,OS,null,OS,0,BDL,136.15,OK,null,OS
2020-12-26 21:00:00,0.4,BDL,0.86,BDL,null,OS,null,OS,0,BDL,92.41,OK,null,OS
2020-12-26 22:00:00,3.31,OK,0.59,BDL,null,OS,null,OS,0,BDL,67.67,OK,null,OS
2020-12-26 23:00:00,9.93,OK,0.51,BDL,null,OS,null,OS,0,BDL,38.87,OK,null,OS
2020-12-27 00:00:00,11.08,OK,0.51,BDL,null,OS,null,OS,0,BDL,42.8,OK,null,OS
2020-12-27 01:00:00,12.45,OK,0.38,BDL,null,OS,null,OS,0,BDL,27.92,OK,null,OS
2020-12-27 02:00:00,15.27,OK,0.38,BDL,null,OS,null,OS,0,BDL,26.51,OK,null,OS
2020-12-27 03:00:00,15.07,OK,0.44,BDL,null,OS,null,OS,0,BDL,16.4,OK,null,OS
2020-12-27 04:00:00,16.12,OK,0.36,BDL,null,OS,null,OS,0,BDL,17.93,OK,null,OS
2020-12-27 05:00:00,12.12,OK,0.39,BDL,null,OS,null,OS,0,BDL,24.64,OK,null,OS
2020-12-27 06:00:00,11.54,OK,0.43,BDL,null,OS,null,OS,0,BDL,13.95,OK,null,OS
2020-12-27 07:00:00,14.35,OK,0.44,BDL,null,OS,null,OS,0,BDL,9.22,OK,null,OS
2020-12-27 08:00:00,18.85,OK,0.43,BDL,null,OS,null,OS,0,BDL,38.6,OK,null,OS
2020-12-27 09:00:00,26.61,OK,0.42,BDL,null,OS,null,OS,0,BDL,31.38,OK,null,OS
2020-12-27 10:00:00,30.68,OK,0.39,BDL,null,OS,null,OS,0,BDL,26.69,OK,null,OS
2020-12-27 11:00:00,35.58,OK,0.42,BDL,null,OS,null,OS,0,BDL,19.73,OK,null,OS
2020-12-27 12:00:00,37.1,OK,0.42,BDL,null,OS,null,OS,0,BDL,13.23,OK,null,OS
2020-12-27 13:00:00,40.94,OK,0.4,BDL,null,OS,null,OS,0,BDL,37.9,OK,null,OS
2020-12-27 14:00:00,36.0,OK,0.34,BDL,null,OS,null,OS,0,BDL,27.85,OK,null,OS
2020-12-27 15:00:00,36.69,OK,0.37,BDL,null,OS,null,OS,0,BDL,16.51,OK,null,OS
2020-12-27 16:00:00,31.13,OK,0.36,BDL,null,OS,null,OS,0,BDL,35.86,OK,null,OS
2020-12-27 17:00:00,23.19,OK,0.42,BDL,null,OS,null,OS,0,BDL,49.37,OK,null,OS
2020-12-27 18:00:00,16.98,OK,0.42,BDL,null,OS,null,OS,0,BDL,43.0,OK,null,OS
2020-12-27 19:00:00,8.22,OK,0.42,BDL,null,OS,null,OS,0,BDL,42.22,OK,null,OS
2020-12-27 20:00:00,0.69,BDL,0.92,BDL,null,OS,null,OS,0,BDL,72.46,OK,null,OS
2020-12-27 21:00:00,6.08,OK,0.48,BDL,null,OS,null,OS,0,BDL,63.84,OK,null,OS
2020-12-27 22:00:00,10.02,OK,0.42,BDL,null,OS,null,OS,0,BDL,43.94,OK,null,OS
2020-12-27 23:00:00,11.44,OK,0.48,BDL,null,OS,null,OS,0,BDL,44.37,OK,null,OS
2020-12-28 00:00:00,13.27,OK,0.44,BDL,null,OS,null,OS,0,BDL,31.84,OK,null,OS
2020-12-28 01:00:00,8.25,OK,0.4,BDL,null,OS,null,OS,0,BDL,51.13,OK,null,OS
2020-12-28 02:00:00,6.93,OK,0.44,BDL,null,OS,null,OS,0,BDL,40.85,OK,null,OS
2020-12-28 03:00:00,14.53,OK,0.35,BDL,null,OS,null,OS,0,BDL,20.81,OK,null,OS
2020-12-28 04:00:00,17.8,OK,0.36,BDL,null,OS,null,OS,0,BDL,15.89,OK,null,OS
2020-12-28 05:00:00,5.06,OK,0.37,BDL,null,OS,null,OS,0,BDL,24.22,OK,null,OS
2020-12-28 06:00:00,3.76,OK,0.32,BDL,null,OS,null,OS,0,BDL,22.39,OK,null,OS
2020-12-28 07:00:00,6.77,OK,0.43,BDL,null,OS,null,OS,0,BDL,11.11,OK,null,OS
2020-12-28 08:00:00,10.93,OK,0.51,BDL,null,OS,null,OS,0,BDL,39.37,OK,null,OS
2020-12-28 09:00:00,20.57,OK,0.46,BDL,null,OS,null,OS,0,BDL,31.86,OK,null,OS
2020-12-28 10:00:00,30.93,OK,0.48,BDL,null,OS,null,OS,0,BDL,38.14,OK,null,OS
2020-12-28 11:00:00,37.04,OK,0.43,BDL,null,OS,null,OS,0,BDL,52.51,OK,null,OS
2020-12-28 12:00:00,39.39,OK,0.39,BDL,null,OS,null,OS,0,BDL,14.81,OK,null,OS
2020-12-28 13:00:00,36.56,OK,0.36,BDL,null,OS,null,OS,0,BDL,28.23,OK,null,OS
2020-12-28 14:00:00,36.36,OK,0.34,BDL,null,OS,null,OS,0,BDL,30.17,OK,null,OS
2020-12-28 15:00:00,33.53,OK,0.3,BDL,null,OS,null,OS,0,BDL,37.91,OK,null,OS
2020-12-28 16:00:00,25.16,OK,0.36,BDL,null,OS,null,OS,0,BDL,51.33,OK,null,OS
2020-12-28 17:00:00,17.7,OK,0.41,BDL,null,OS,null,OS,0,BDL,50.72,OK,null,OS
2020-12-28 18:00:00,20.05,OK,0.33,BDL,null,OS,null,OS,0,BDL,43.25,OK,null,OS
2020-12-28 19:00:00,9.62,OK,0.4,BDL,null,OS,null,OS,0,BDL,47.42,OK,null,OS
2020-12-28 20:00:00,3.24,OK,0.36,BDL,null,OS,null,OS,0,BDL,62.94,OK,null,OS
2020-12-28 21:00:00,13.54,OK,0.39,BDL,null,OS,null,OS,0,BDL,50.92,OK,null,OS
2020-12-28 22:00:00,21.16,OK,0.33,BDL,null,OS,null,OS,0,BDL,31.34,OK,null,OS
2020-12-28 23:00:00,16.82,OK,0.34,BDL,null,OS,null,OS,0,BDL,28.52,OK,null,OS
2020-12-29 00:00:00,19.63,OK,0.26,BDL,null,OS,null,OS,0,BDL,23.18,OK,null,OS
2020-12-29 01:00:00,17.16,OK,0.23,BDL,null,OS,null,OS,0,BDL,8.94,OK,null,OS
2020-12-29 02:00:00,14.88,OK,0.2,BDL,null,OS,null,OS,0,BDL,7.22,OK,null,OS
2020-12-29 03:00:00,12.58,OK,0.24,BDL,null,OS,null,OS,0,BDL,12.23,OK,null,OS
2020-12-29 04:00:00,12.44,OK,0.17,BDL,null,OS,null,OS,0,BDL,16.59,OK,null,OS
2020-12-29 05:00:00,6.68,OK,0.22,BDL,null,OS,null,OS,0,BDL,25.75,OK,null,OS
2020-12-29 06:00:00,5.58,OK,0.24,BDL,null,OS,null,OS,0,BDL,21.26,OK,null,OS
2020-12-29 07:00:00,6.85,OK,0.42,BDL,null,OS,null,OS,0,BDL,28.66,OK,null,OS
2020-12-29 08:00:00,13.26,OK,0.42,BDL,null,OS,null,OS,0,BDL,69.78,OK,null,OS
2020-12-29 09:00:00,31.93,OK,0.27,BDL,null,OS,null,OS,0,BDL,51.58,OK,null,OS
2020-12-29 10:00:00,35.36,OK,0.26,BDL,null,OS,null,OS,0,BDL,18.7,OK,null,OS
2020-12-29 11:00:00,36.11,OK,0.21,BDL,null,OS,null,OS,0,BDL,33.88,OK,null,OS
2020-12-29 12:00:00,37.31,OK,0.23,BDL,null,OS,null,OS,0,BDL,33.61,OK,null,OS
2020-12-29 13:00:00,38.12,OK,0.27,BDL,null,OS,null,OS,0,BDL,58.36,OK,null,OS
2020-12-29 14:00:00,37.76,OK,0.27,BDL,null,OS,null,OS,0,BDL,41.55,OK,null,OS
2020-12-29 15:00:00,36.47,OK,0.25,BDL,null,OS,null,OS,0,BDL,38.22,OK,null,OS
2020-12-29 16:00:00,34.6,OK,0.26,BDL,null,OS,null,OS,0,BDL,32.19,OK,null,OS
2020-12-29 17:00:00,28.77,OK,0.24,BDL,null,OS,null,OS,0,BDL,31.71,OK,null,OS
2020-12-29 18:00:00,27.28,OK,0.26,BDL,null,OS,null,OS,0,BDL,13.18,OK,null,OS
2020-12-29 19:00:00,25.32,OK,0.24,BDL,null,OS,null,OS,0,BDL,21.49,OK,null,OS
2020-12-29 20:00:00,24.2,OK,0.27,BDL,null,OS,null,OS,0,BDL,40.09,OK,null,OS
2020-12-29 21:00:00,22.77,OK,0.25,BDL,null,OS,null,OS,0,BDL,22.96,OK,null,OS
2020-12-29 22:00:00,17.18,OK,0.18,BDL,null,OS,null,OS,0,BDL,27.02,OK,null,OS
2020-12-29 23:00:00,19.04,OK,0.19,BDL,null,OS,null,OS,0,BDL,17.66,OK,null,OS
2020-12-30 00:00:00,25.45,OK,0.23,BDL,null,OS,null,OS,0,BDL,10.95,OK,null,OS
2020-12-30 01:00:00,22.94,OK,0.15,BDL,null,OS,null,OS,0,BDL,10.13,OK,null,OS
2020-12-30 02:00:00,19.6,OK,0.18,BDL,null,OS,null,OS,0,BDL,12.43,OK,null,OS
2020-12-30 03:00:00,20.33,OK,0.14,BDL,null,OS,null,OS,0,BDL,8.86,OK,null,OS
2020-12-30 04:00:00,16.96,OK,0.16,BDL,null,OS,null,OS,0,BDL,-3.06,BDL,null,OS
2020-12-30 05:00:00,6.02,OK,0.19,BDL,null,OS,null,OS,0,BDL,6.16,OK,null,OS
2020-12-30 06:00:00,0.98,BDL,0.35,BDL,null,OS,null,OS,0,BDL,9.2,OK,null,OS
2020-12-30 07:00:00,6.81,OK,0.37,BDL,null,OS,null,OS,0,BDL,6.45,OK,null,OS
2020-12-30 08:00:00,14.32,OK,0.36,BDL,null,OS,null,OS,0,BDL,39.53,OK,null,OS
2020-12-30 09:00:00,21.53,OK,0.4,BDL,null,OS,null,OS,0,BDL,78.36,OK,null,OS
2020-12-30 10:00:00,27.98,OK,0.36,BDL,null,OS,null,OS,0,BDL,64.35,OK,null,OS
2020-12-30 11:00:00,35.22,OK,0.28,BDL,null,OS,null,OS,0,BDL,37.23,OK,null,OS
2020-12-30 12:00:00,42.34,OK,0.28,BDL,null,OS,null,OS,0,BDL,31.79,OK,null,OS
2020-12-30 13:00:00,43.31,OK,0.24,BDL,null,OS,null,OS,0,BDL,12.89,OK,null,OS
2020-12-30 14:00:00,42.78,OK,0.26,BDL,null,OS,null,OS,0,BDL,18.32,OK,null,OS
2020-12-30 15:00:00,40.73,OK,0.22,BDL,null,OS,null,OS,0,BDL,25.87,OK,null,OS
2020-12-30 16:00:00,32.57,OK,0.3,BDL,null,OS,null,OS,0,BDL,35.51,OK,null,OS
2020-12-30 17:00:00,18.37,OK,0.29,BDL,null,OS,null,OS,0,BDL,55.3,OK,null,OS
2020-12-30 18:00:00,5.9,OK,0.56,BDL,null,OS,null,OS,0,BDL,69.75,OK,null,OS
2020-12-30 19:00:00,1.53,OK,0.7,BDL,null,OS,null,OS,0,BDL,111.69,OK,null,OS
2020-12-30 20:00:00,1.22,OK,1.15,OK,null,OS,null,OS,0,BDL,126.55,OK,null,OS
2020-12-30 21:00:00,1.3,OK,0.74,BDL,null,OS,null,OS,0,BDL,89.99,OK,null,OS
2020-12-30 22:00:00,5.91,OK,0.45,BDL,null,OS,null,OS,0,BDL,85.64,OK,null,OS
2020-12-30 23:00:00,8.0,OK,0.4,BDL,null,OS,null,OS,0,BDL,32.19,OK,null,OS
2020-12-31 00:00:00,15.02,OK,0.32,BDL,null,OS,null,OS,0,BDL,3.64,BDL,null,OS
2020-12-31 01:00:00,11.49,OK,0.29,BDL,null,OS,null,OS,0,BDL,-11.49,OR,null,OS
2020-12-31 02:00:00,15.64,OK,0.23,BDL,null,OS,null,OS,0,BDL,12.37,OK,null,OS
2020-12-31 03:00:00,15.9,OK,0.28,BDL,null,OS,null,OS,0,BDL,-3.45,BDL,null,OS
2020-12-31 04:00:00,13.53,OK,0.29,BDL,null,OS,null,OS,0,BDL,0.71,BDL,null,OS
2020-12-31 05:00:00,16.3,OK,0.24,BDL,null,OS,null,OS,0,BDL,-8.83,OR,null,OS
2020-12-31 06:00:00,9.08,OK,0.26,BDL,null,OS,null,OS,0,BDL,3.33,BDL,null,OS
2020-12-31 07:00:00,9.86,OK,0.47,BDL,null,OS,null,OS,0,BDL,7.89,OK,null,OS
2020-12-31 08:00:00,16.8,OK,0.49,BDL,null,OS,null,OS,0,BDL,49.67,OK,null,OS
2020-12-31 09:00:00,25.63,OK,0.51,BDL,null,OS,null,OS,0,BDL,70.89,OK,null,OS
2020-12-31 10:00:00,31.26,OK,0.53,BDL,null,OS,null,OS,0,BDL,59.67,OK,null,OS
2020-12-31 11:00:00,36.86,OK,0.44,BDL,null,OS,null,OS,0,BDL,31.74,OK,null,OS
2020-12-31 12:00:00,34.07,OK,0.55,BDL,null,OS,null,OS,0,BDL,38.27,OK,null,OS
2020-12-31 13:00:00,37.41,OK,0.42,BDL,null,OS,null,OS,0,BDL,18.64,OK,null,OS
2020-12-31 14:00:00,39.79,OK,0.4,BDL,null,OS,null,OS,0,BDL,19.98,OK,null,OS
2020-12-31 15:00:00,39.02,OK,0.37,BDL,null,OS,null,OS,0,BDL,20.21,OK,null,OS
2020-12-31 16:00:00,31.68,OK,0.44,BDL,null,OS,null,OS,0,BDL,37.54,OK,null,OS
2020-12-31 17:00:00,17.84,OK,0.77,BDL,null,OS,null,OS,0,BDL,54.27,OK,null,OS
2020-12-31 18:00:00,4.2,OK,1.27,OK,null,OS,null,OS,0,BDL,130.16,OK,null,OS
2020-12-31 19:00:00,8.74,OK,0.91,BDL,null,OS,null,OS,0,BDL,65.06,OK,null,OS
2020-12-31 20:00:00,21.07,OK,0.74,BDL,null,OS,null,OS,0,BDL,45.44,OK,null,OS
2020-12-31 21:00:00,24.54,OK,0.57,BDL,null,OS,null,OS,0,BDL,29.77,OK,null,OS
2020-12-31 22:00:00,19.02,OK,0.72,BDL,null,OS,null,OS,0,BDL,36.1,OK,null,OS
2020-12-31 23:00:00,14.85,OK,0.82,BDL,null,OS,null,OS,0,BDL,45.51,OK,null,OS
