Red Universitaria de Observatorios Atmosfericos (RUOA)
Atmospheric Observatory Hermosillo (erno), Sonora
Lat 29.0814 N, Lon 110.9706 W, Alt 154 masl
Time UTC-7h
Air Quality data
Flags: OK = Reliable data, BDL = Below Detection Limit, OR = Out of Range, OS = Out of Service 
 
Time,O3,O3_flag,SO2,SO2_flag,NO2,NO2_flag,NO,NO_flag,CO,CO_flag,PM10,PM10_flag,PM2.5,PM2.5_flag
yyyy-mm-dd HH:MM:SS,ppb,flag,ppb,flag,ppb,flag,ppb,flag,ppm,flag,ug/m^3,flag,ug/m^3,flag
2020-05-01 00:00:00,22.24,OK,0.07,BDL,null,OS,null,OS,null,OS,39.1,OK,null,OS
2020-05-01 01:00:00,20.72,OK,0.02,BDL,null,OS,null,OS,null,OS,32.45,OK,null,OS
2020-05-01 02:00:00,16.63,OK,-0.06,BDL,null,OS,null,OS,null,OS,31.35,OK,null,OS
2020-05-01 03:00:00,21.08,OK,-0.07,BDL,null,OS,null,OS,null,OS,30.84,OK,null,OS
2020-05-01 04:00:00,17.83,OK,0.0,BDL,null,OS,null,OS,null,OS,27.3,OK,null,OS
2020-05-01 05:00:00,10.79,OK,0.06,BDL,null,OS,null,OS,null,OS,29.83,OK,null,OS
2020-05-01 06:00:00,18.01,OK,0.13,BDL,null,OS,null,OS,null,OS,27.11,OK,null,OS
2020-05-01 07:00:00,26.69,OK,0.03,BDL,null,OS,null,OS,null,OS,11.51,OK,null,OS
2020-05-01 08:00:00,30.88,OK,0.01,BDL,null,OS,null,OS,null,OS,13.53,OK,null,OS
2020-05-01 09:00:00,34.83,OK,-0.14,BDL,null,OS,null,OS,null,OS,23.23,OK,null,OS
2020-05-01 10:00:00,35.68,OK,-0.18,BDL,null,OS,null,OS,null,OS,25.84,OK,null,OS
2020-05-01 11:00:00,36.88,OK,-0.16,BDL,null,OS,null,OS,null,OS,15.48,OK,null,OS
2020-05-01 12:00:00,37.26,OK,-0.17,BDL,null,OS,null,OS,null,OS,6.9,OK,null,OS
2020-05-01 13:00:00,37.13,OK,-0.12,BDL,null,OS,null,OS,null,OS,18.92,OK,null,OS
2020-05-01 14:00:00,38.75,OK,-0.07,BDL,null,OS,null,OS,null,OS,38.99,OK,null,OS
2020-05-01 15:00:00,37.88,OK,-0.04,BDL,null,OS,null,OS,null,OS,43.84,OK,null,OS
2020-05-01 16:00:00,37.47,OK,-0.08,BDL,null,OS,null,OS,null,OS,38.82,OK,null,OS
2020-05-01 17:00:00,36.19,OK,-0.04,BDL,null,OS,null,OS,null,OS,35.26,OK,null,OS
2020-05-01 18:00:00,33.07,OK,-0.09,BDL,null,OS,null,OS,null,OS,37.1,OK,null,OS
2020-05-01 19:00:00,29.96,OK,-0.08,BDL,null,OS,null,OS,null,OS,25.3,OK,null,OS
2020-05-01 20:00:00,24.8,OK,-0.11,BDL,null,OS,null,OS,null,OS,19.06,OK,null,OS
2020-05-01 21:00:00,25.18,OK,-0.14,BDL,null,OS,null,OS,null,OS,26.35,OK,null,OS
2020-05-01 22:00:00,27.06,OK,-0.16,BDL,null,OS,null,OS,null,OS,30.68,OK,null,OS
2020-05-01 23:00:00,21.64,OK,-0.19,BDL,null,OS,null,OS,null,OS,28.13,OK,null,OS
2020-05-02 00:00:00,18.93,OK,-0.2,BDL,null,OS,null,OS,null,OS,45.1,OK,null,OS
2020-05-02 01:00:00,21.15,OK,-0.21,BDL,null,OS,null,OS,null,OS,43.08,OK,null,OS
2020-05-02 02:00:00,19.33,OK,-0.18,BDL,null,OS,null,OS,null,OS,38.34,OK,null,OS
2020-05-02 03:00:00,22.31,OK,-0.15,BDL,null,OS,null,OS,null,OS,24.95,OK,null,OS
2020-05-02 04:00:00,24.5,OK,-0.14,BDL,null,OS,null,OS,null,OS,30.67,OK,null,OS
2020-05-02 05:00:00,21.62,OK,-0.14,BDL,null,OS,null,OS,null,OS,19.39,OK,null,OS
2020-05-02 06:00:00,27.2,OK,-0.15,BDL,null,OS,null,OS,null,OS,33.75,OK,null,OS
2020-05-02 07:00:00,31.48,OK,-0.14,BDL,null,OS,null,OS,null,OS,23.07,OK,null,OS
2020-05-02 08:00:00,35.82,OK,-0.14,BDL,null,OS,null,OS,null,OS,24.28,OK,null,OS
2020-05-02 09:00:00,36.82,OK,-0.17,BDL,null,OS,null,OS,null,OS,50.35,OK,null,OS
2020-05-02 10:00:00,38.16,OK,-0.23,BDL,null,OS,null,OS,null,OS,29.21,OK,null,OS
2020-05-02 11:00:00,38.67,OK,-0.25,BDL,null,OS,null,OS,null,OS,22.64,OK,null,OS
2020-05-02 12:00:00,39.47,OK,-0.18,BDL,null,OS,null,OS,null,OS,21.9,OK,null,OS
2020-05-02 13:00:00,41.95,OK,-0.18,BDL,null,OS,null,OS,null,OS,26.01,OK,null,OS
2020-05-02 14:00:00,42.39,OK,-0.16,BDL,null,OS,null,OS,null,OS,39.22,OK,null,OS
2020-05-02 15:00:00,39.27,OK,-0.2,BDL,null,OS,null,OS,null,OS,76.78,OK,null,OS
2020-05-02 16:00:00,40.95,OK,-0.27,BDL,null,OS,null,OS,null,OS,61.79,OK,null,OS
2020-05-02 17:00:00,42.83,OK,-0.31,BDL,null,OS,null,OS,null,OS,30.94,OK,null,OS
2020-05-02 18:00:00,42.18,OK,-0.2,BDL,null,OS,null,OS,null,OS,25.72,OK,null,OS
2020-05-02 19:00:00,38.5,OK,-0.25,BDL,null,OS,null,OS,null,OS,16.15,OK,null,OS
2020-05-02 20:00:00,34.61,OK,-0.21,BDL,null,OS,null,OS,null,OS,51.62,OK,null,OS
2020-05-02 21:00:00,29.56,OK,-0.2,BDL,null,OS,null,OS,null,OS,37.71,OK,null,OS
2020-05-02 22:00:00,27.4,OK,-0.14,BDL,null,OS,null,OS,null,OS,49.64,OK,null,OS
2020-05-02 23:00:00,23.8,OK,-0.17,BDL,null,OS,null,OS,null,OS,43.72,OK,null,OS
2020-05-03 00:00:00,27.6,OK,-0.19,BDL,null,OS,null,OS,null,OS,40.93,OK,null,OS
2020-05-03 01:00:00,31.52,OK,-0.21,BDL,null,OS,null,OS,null,OS,26.37,OK,null,OS
2020-05-03 02:00:00,22.28,OK,-0.12,BDL,null,OS,null,OS,null,OS,22.05,OK,null,OS
2020-05-03 03:00:00,19.0,OK,-0.13,BDL,null,OS,null,OS,null,OS,53.28,OK,null,OS
2020-05-03 04:00:00,22.98,OK,-0.04,BDL,null,OS,null,OS,null,OS,33.26,OK,null,OS
2020-05-03 05:00:00,26.42,OK,-0.07,BDL,null,OS,null,OS,null,OS,25.78,OK,null,OS
2020-05-03 06:00:00,31.77,OK,-0.09,BDL,null,OS,null,OS,null,OS,3.09,BDL,null,OS
2020-05-03 07:00:00,40.22,OK,-0.1,BDL,null,OS,null,OS,null,OS,12.05,OK,null,OS
2020-05-03 08:00:00,43.43,OK,-0.1,BDL,null,OS,null,OS,null,OS,23.45,OK,null,OS
2020-05-03 09:00:00,45.4,OK,-0.13,BDL,null,OS,null,OS,null,OS,25.4,OK,null,OS
2020-05-03 10:00:00,50.94,OK,-0.13,BDL,null,OS,null,OS,null,OS,29.66,OK,null,OS
2020-05-03 11:00:00,45.77,OK,-0.19,BDL,null,OS,null,OS,null,OS,17.63,OK,null,OS
2020-05-03 12:00:00,43.19,OK,-0.2,BDL,null,OS,null,OS,null,OS,18.32,OK,null,OS
2020-05-03 13:00:00,42.48,OK,-0.17,BDL,null,OS,null,OS,null,OS,18.41,OK,null,OS
2020-05-03 14:00:00,43.47,OK,-0.15,BDL,null,OS,null,OS,null,OS,18.31,OK,null,OS
2020-05-03 15:00:00,42.81,OK,-0.16,BDL,null,OS,null,OS,null,OS,23.49,OK,null,OS
2020-05-03 16:00:00,41.14,OK,-0.2,BDL,null,OS,null,OS,null,OS,24.07,OK,null,OS
2020-05-03 17:00:00,40.61,OK,-0.15,BDL,null,OS,null,OS,null,OS,18.79,OK,null,OS
2020-05-03 18:00:00,34.9,OK,-0.12,BDL,null,OS,null,OS,null,OS,21.19,OK,null,OS
2020-05-03 19:00:00,31.48,OK,-0.16,BDL,null,OS,null,OS,null,OS,19.85,OK,null,OS
2020-05-03 20:00:00,28.92,OK,-0.12,BDL,null,OS,null,OS,null,OS,37.89,OK,null,OS
2020-05-03 21:00:00,29.45,OK,-0.11,BDL,null,OS,null,OS,null,OS,37.72,OK,null,OS
2020-05-03 22:00:00,28.92,OK,0.02,BDL,null,OS,null,OS,null,OS,36.83,OK,null,OS
2020-05-03 23:00:00,25.68,OK,-0.02,BDL,null,OS,null,OS,null,OS,33.25,OK,null,OS
2020-05-04 00:00:00,20.69,OK,0.01,BDL,null,OS,null,OS,null,OS,34.28,OK,null,OS
2020-05-04 01:00:00,17.14,OK,-0.07,BDL,null,OS,null,OS,null,OS,42.38,OK,null,OS
2020-05-04 02:00:00,13.59,OK,-0.13,BDL,null,OS,null,OS,null,OS,46.89,OK,null,OS
2020-05-04 03:00:00,14.53,OK,-0.06,BDL,null,OS,null,OS,null,OS,30.6,OK,null,OS
2020-05-04 04:00:00,14.92,OK,-0.09,BDL,null,OS,null,OS,null,OS,17.85,OK,null,OS
2020-05-04 05:00:00,10.95,OK,-0.02,BDL,null,OS,null,OS,null,OS,16.94,OK,null,OS
2020-05-04 06:00:00,16.25,OK,-0.04,BDL,null,OS,null,OS,null,OS,26.05,OK,null,OS
2020-05-04 07:00:00,26.75,OK,0.07,BDL,null,OS,null,OS,null,OS,10.42,OK,null,OS
2020-05-04 08:00:00,36.51,OK,-0.06,BDL,null,OS,null,OS,null,OS,40.6,OK,null,OS
2020-05-04 09:00:00,45.65,OK,-0.1,BDL,null,OS,null,OS,null,OS,30.92,OK,null,OS
2020-05-04 10:00:00,57.25,OK,-0.14,BDL,null,OS,null,OS,null,OS,39.06,OK,null,OS
2020-05-04 11:00:00,52.77,OK,-0.08,BDL,null,OS,null,OS,null,OS,39.5,OK,null,OS
2020-05-04 12:00:00,44.65,OK,-0.17,BDL,null,OS,null,OS,null,OS,25.85,OK,null,OS
2020-05-04 13:00:00,42.24,OK,-0.1,BDL,null,OS,null,OS,null,OS,17.6,OK,null,OS
2020-05-04 14:00:00,39.87,OK,-0.12,BDL,null,OS,null,OS,null,OS,22.66,OK,null,OS
2020-05-04 15:00:00,38.72,OK,-0.14,BDL,null,OS,null,OS,null,OS,19.84,OK,null,OS
2020-05-04 16:00:00,38.01,OK,-0.18,BDL,null,OS,null,OS,null,OS,32.48,OK,null,OS
2020-05-04 17:00:00,35.97,OK,-0.16,BDL,null,OS,null,OS,null,OS,40.17,OK,null,OS
2020-05-04 18:00:00,33.22,OK,-0.09,BDL,null,OS,null,OS,null,OS,21.54,OK,null,OS
2020-05-04 19:00:00,33.25,OK,-0.09,BDL,null,OS,null,OS,null,OS,22.49,OK,null,OS
2020-05-04 20:00:00,31.06,OK,-0.12,BDL,null,OS,null,OS,null,OS,19.84,OK,null,OS
2020-05-04 21:00:00,31.05,OK,-0.11,BDL,null,OS,null,OS,null,OS,23.32,OK,null,OS
2020-05-04 22:00:00,26.95,OK,-0.12,BDL,null,OS,null,OS,null,OS,26.24,OK,null,OS
2020-05-04 23:00:00,22.66,OK,0.09,BDL,null,OS,null,OS,null,OS,44.73,OK,null,OS
2020-05-05 00:00:00,19.9,OK,0.22,BDL,null,OS,null,OS,null,OS,53.22,OK,null,OS
2020-05-05 01:00:00,14.23,OK,0.04,BDL,null,OS,null,OS,null,OS,45.04,OK,null,OS
2020-05-05 02:00:00,17.51,OK,-0.02,BDL,null,OS,null,OS,null,OS,38.04,OK,null,OS
2020-05-05 03:00:00,26.82,OK,-0.09,BDL,null,OS,null,OS,null,OS,21.34,OK,null,OS
2020-05-05 04:00:00,29.26,OK,-0.1,BDL,null,OS,null,OS,null,OS,22.42,OK,null,OS
2020-05-05 05:00:00,26.04,OK,-0.04,BDL,null,OS,null,OS,null,OS,18.79,OK,null,OS
2020-05-05 06:00:00,28.85,OK,0.1,BDL,null,OS,null,OS,null,OS,22.8,OK,null,OS
2020-05-05 07:00:00,37.09,OK,-0.07,BDL,null,OS,null,OS,null,OS,29.85,OK,null,OS
2020-05-05 08:00:00,40.51,OK,-0.1,BDL,null,OS,null,OS,null,OS,33.37,OK,null,OS
2020-05-05 09:00:00,44.23,OK,-0.1,BDL,null,OS,null,OS,null,OS,36.92,OK,null,OS
2020-05-05 10:00:00,50.16,OK,-0.04,BDL,null,OS,null,OS,null,OS,34.45,OK,null,OS
2020-05-05 11:00:00,60.59,OK,-0.05,BDL,null,OS,null,OS,null,OS,45.43,OK,null,OS
2020-05-05 12:00:00,57.76,OK,-0.06,BDL,null,OS,null,OS,null,OS,34.49,OK,null,OS
2020-05-05 13:00:00,52.88,OK,-0.05,BDL,null,OS,null,OS,null,OS,42.72,OK,null,OS
2020-05-05 14:00:00,53.86,OK,-0.11,BDL,null,OS,null,OS,null,OS,33.09,OK,null,OS
2020-05-05 15:00:00,50.9,OK,-0.11,BDL,null,OS,null,OS,null,OS,19.4,OK,null,OS
2020-05-05 16:00:00,43.76,OK,-0.11,BDL,null,OS,null,OS,null,OS,55.84,OK,null,OS
2020-05-05 17:00:00,40.68,OK,-0.11,BDL,null,OS,null,OS,null,OS,42.63,OK,null,OS
2020-05-05 18:00:00,38.44,OK,-0.16,BDL,null,OS,null,OS,null,OS,43.67,OK,null,OS
2020-05-05 19:00:00,36.04,OK,-0.15,BDL,null,OS,null,OS,null,OS,42.29,OK,null,OS
2020-05-05 20:00:00,36.01,OK,-0.14,BDL,null,OS,null,OS,null,OS,35.5,OK,null,OS
2020-05-05 21:00:00,35.0,OK,-0.11,BDL,null,OS,null,OS,null,OS,32.33,OK,null,OS
2020-05-05 22:00:00,33.42,OK,-0.13,BDL,null,OS,null,OS,null,OS,46.31,OK,null,OS
2020-05-05 23:00:00,24.94,OK,-0.03,BDL,null,OS,null,OS,null,OS,44.45,OK,null,OS
2020-05-06 00:00:00,19.25,OK,-0.03,BDL,null,OS,null,OS,null,OS,57.61,OK,null,OS
2020-05-06 01:00:00,16.81,OK,-0.07,BDL,null,OS,null,OS,null,OS,42.3,OK,null,OS
2020-05-06 02:00:00,17.58,OK,-0.12,BDL,null,OS,null,OS,null,OS,44.95,OK,null,OS
2020-05-06 03:00:00,27.22,OK,-0.13,BDL,null,OS,null,OS,null,OS,33.55,OK,null,OS
2020-05-06 04:00:00,27.99,OK,-0.16,BDL,null,OS,null,OS,null,OS,23.07,OK,null,OS
2020-05-06 05:00:00,25.51,OK,0.14,BDL,null,OS,null,OS,null,OS,23.2,OK,null,OS
2020-05-06 06:00:00,25.19,OK,0.14,BDL,null,OS,null,OS,null,OS,23.85,OK,null,OS
2020-05-06 07:00:00,36.61,OK,0.03,BDL,null,OS,null,OS,null,OS,27.99,OK,null,OS
2020-05-06 08:00:00,41.9,OK,-0.03,BDL,null,OS,null,OS,null,OS,43.96,OK,null,OS
2020-05-06 09:00:00,46.24,OK,-0.06,BDL,null,OS,null,OS,null,OS,16.61,OK,null,OS
2020-05-06 10:00:00,62.1,OK,0.1,BDL,null,OS,null,OS,null,OS,52.75,OK,null,OS
2020-05-06 11:00:00,57.75,OK,0.01,BDL,null,OS,null,OS,null,OS,57.99,OK,null,OS
2020-05-06 12:00:00,55.58,OK,-0.1,BDL,null,OS,null,OS,null,OS,35.6,OK,null,OS
2020-05-06 13:00:00,55.09,OK,-0.05,BDL,null,OS,null,OS,null,OS,54.67,OK,null,OS
2020-05-06 14:00:00,47.7,OK,-0.13,BDL,null,OS,null,OS,null,OS,64.68,OK,null,OS
2020-05-06 15:00:00,42.14,OK,-0.14,BDL,null,OS,null,OS,null,OS,70.82,OK,null,OS
2020-05-06 16:00:00,42.39,OK,-0.16,BDL,null,OS,null,OS,null,OS,52.64,OK,null,OS
2020-05-06 17:00:00,42.02,OK,-0.11,BDL,null,OS,null,OS,null,OS,18.72,OK,null,OS
2020-05-06 18:00:00,36.18,OK,-0.15,BDL,null,OS,null,OS,null,OS,37.23,OK,null,OS
2020-05-06 19:00:00,29.14,OK,-0.1,BDL,null,OS,null,OS,null,OS,33.69,OK,null,OS
2020-05-06 20:00:00,28.6,OK,-0.11,BDL,null,OS,null,OS,null,OS,53.47,OK,null,OS
2020-05-06 21:00:00,31.17,OK,-0.13,BDL,null,OS,null,OS,null,OS,30.32,OK,null,OS
2020-05-06 22:00:00,32.84,OK,-0.09,BDL,null,OS,null,OS,null,OS,37.22,OK,null,OS
2020-05-06 23:00:00,28.67,OK,-0.04,BDL,null,OS,null,OS,null,OS,45.34,OK,null,OS
2020-05-07 00:00:00,29.94,OK,-0.02,BDL,null,OS,null,OS,null,OS,43.18,OK,null,OS
2020-05-07 01:00:00,38.84,OK,-0.11,BDL,null,OS,null,OS,null,OS,26.32,OK,null,OS
2020-05-07 02:00:00,28.87,OK,-0.12,BDL,null,OS,null,OS,null,OS,23.88,OK,null,OS
2020-05-07 03:00:00,17.81,OK,-0.14,BDL,null,OS,null,OS,null,OS,41.75,OK,null,OS
2020-05-07 04:00:00,16.68,OK,-0.06,BDL,null,OS,null,OS,null,OS,27.72,OK,null,OS
2020-05-07 05:00:00,12.14,OK,-0.07,BDL,null,OS,null,OS,null,OS,40.48,OK,null,OS
2020-05-07 06:00:00,17.05,OK,-0.0,BDL,null,OS,null,OS,null,OS,40.5,OK,null,OS
2020-05-07 07:00:00,32.45,OK,0.0,BDL,null,OS,null,OS,null,OS,52.46,OK,null,OS
2020-05-07 08:00:00,39.44,OK,0.02,BDL,null,OS,null,OS,null,OS,50.7,OK,null,OS
2020-05-07 09:00:00,47.87,OK,-0.05,BDL,null,OS,null,OS,null,OS,52.15,OK,null,OS
2020-05-07 10:00:00,45.85,OK,-0.11,BDL,null,OS,null,OS,null,OS,54.2,OK,null,OS
2020-05-07 11:00:00,43.82,OK,-0.13,BDL,null,OS,null,OS,null,OS,30.08,OK,null,OS
2020-05-07 12:00:00,44.16,OK,-0.14,BDL,null,OS,null,OS,null,OS,26.0,OK,null,OS
2020-05-07 13:00:00,43.76,OK,-0.12,BDL,null,OS,null,OS,null,OS,48.23,OK,null,OS
2020-05-07 14:00:00,41.45,OK,-0.19,BDL,null,OS,null,OS,null,OS,45.83,OK,null,OS
2020-05-07 15:00:00,44.15,OK,-0.19,BDL,null,OS,null,OS,null,OS,24.64,OK,null,OS
2020-05-07 16:00:00,39.13,OK,-0.2,BDL,null,OS,null,OS,null,OS,17.09,OK,null,OS
2020-05-07 17:00:00,38.13,OK,-0.19,BDL,null,OS,null,OS,null,OS,37.69,OK,null,OS
2020-05-07 18:00:00,34.83,OK,-0.11,BDL,null,OS,null,OS,null,OS,32.29,OK,null,OS
2020-05-07 19:00:00,34.59,OK,-0.05,BDL,null,OS,null,OS,null,OS,25.86,OK,null,OS
2020-05-07 20:00:00,33.27,OK,-0.02,BDL,null,OS,null,OS,null,OS,25.43,OK,null,OS
2020-05-07 21:00:00,30.14,OK,-0.06,BDL,null,OS,null,OS,null,OS,29.3,OK,null,OS
2020-05-07 22:00:00,28.97,OK,-0.18,BDL,null,OS,null,OS,null,OS,26.63,OK,null,OS
2020-05-07 23:00:00,26.03,OK,-0.13,BDL,null,OS,null,OS,null,OS,39.82,OK,null,OS
2020-05-08 00:00:00,21.19,OK,-0.13,BDL,null,OS,null,OS,null,OS,39.07,OK,null,OS
2020-05-08 01:00:00,22.01,OK,-0.12,BDL,null,OS,null,OS,null,OS,35.58,OK,null,OS
2020-05-08 02:00:00,26.44,OK,-0.15,BDL,null,OS,null,OS,null,OS,30.81,OK,null,OS
2020-05-08 03:00:00,28.19,OK,-0.12,BDL,null,OS,null,OS,null,OS,23.25,OK,null,OS
2020-05-08 04:00:00,25.06,OK,0.03,BDL,null,OS,null,OS,null,OS,26.78,OK,null,OS
2020-05-08 05:00:00,16.22,OK,-0.02,BDL,null,OS,null,OS,null,OS,35.22,OK,null,OS
2020-05-08 06:00:00,22.65,OK,-0.08,BDL,null,OS,null,OS,null,OS,48.54,OK,null,OS
2020-05-08 07:00:00,33.6,OK,-0.03,BDL,null,OS,null,OS,null,OS,31.69,OK,null,OS
2020-05-08 08:00:00,40.61,OK,-0.09,BDL,null,OS,null,OS,null,OS,37.78,OK,null,OS
2020-05-08 09:00:00,45.61,OK,-0.15,BDL,null,OS,null,OS,null,OS,58.39,OK,null,OS
2020-05-08 10:00:00,43.8,OK,-0.18,BDL,null,OS,null,OS,null,OS,41.36,OK,null,OS
2020-05-08 11:00:00,44.79,OK,-0.12,BDL,null,OS,null,OS,null,OS,26.61,OK,null,OS
2020-05-08 12:00:00,44.09,OK,-0.13,BDL,null,OS,null,OS,null,OS,13.46,OK,null,OS
2020-05-08 13:00:00,41.23,OK,-0.15,BDL,null,OS,null,OS,null,OS,146.69,OK,null,OS
2020-05-08 14:00:00,38.73,OK,-0.18,BDL,null,OS,null,OS,null,OS,96.64,OK,null,OS
2020-05-08 15:00:00,35.08,OK,-0.21,BDL,null,OS,null,OS,null,OS,95.24,OK,null,OS
2020-05-08 16:00:00,32.71,OK,-0.23,BDL,null,OS,null,OS,null,OS,54.1,OK,null,OS
2020-05-08 17:00:00,30.21,OK,-0.2,BDL,null,OS,null,OS,null,OS,62.76,OK,null,OS
2020-05-08 18:00:00,24.95,OK,-0.28,BDL,null,OS,null,OS,null,OS,33.1,OK,null,OS
2020-05-08 19:00:00,34.81,OK,-0.27,BDL,null,OS,null,OS,null,OS,41.02,OK,null,OS
2020-05-08 20:00:00,46.19,OK,-0.24,BDL,null,OS,null,OS,null,OS,21.67,OK,null,OS
2020-05-08 21:00:00,49.62,OK,-0.28,BDL,null,OS,null,OS,null,OS,9.08,OK,null,OS
2020-05-08 22:00:00,46.75,OK,-0.32,BDL,null,OS,null,OS,null,OS,11.62,OK,null,OS
2020-05-08 23:00:00,44.83,OK,-0.34,BDL,null,OS,null,OS,null,OS,5.14,OK,null,OS
2020-05-09 00:00:00,40.02,OK,-0.29,BDL,null,OS,null,OS,null,OS,8.76,OK,null,OS
2020-05-09 01:00:00,41.8,OK,-0.35,BDL,null,OS,null,OS,null,OS,17.13,OK,null,OS
2020-05-09 02:00:00,40.63,OK,-0.32,BDL,null,OS,null,OS,null,OS,15.17,OK,null,OS
2020-05-09 03:00:00,40.72,OK,-0.36,BDL,null,OS,null,OS,null,OS,13.64,OK,null,OS
2020-05-09 04:00:00,24.29,OK,-0.31,BDL,null,OS,null,OS,null,OS,23.67,OK,null,OS
2020-05-09 05:00:00,18.67,OK,-0.34,BDL,null,OS,null,OS,null,OS,20.79,OK,null,OS
2020-05-09 06:00:00,29.2,OK,-0.26,BDL,null,OS,null,OS,null,OS,17.68,OK,null,OS
2020-05-09 07:00:00,42.5,OK,-0.26,BDL,null,OS,null,OS,null,OS,29.74,OK,null,OS
2020-05-09 08:00:00,52.38,OK,-0.2,BDL,null,OS,null,OS,null,OS,15.57,OK,null,OS
2020-05-09 09:00:00,57.35,OK,-0.26,BDL,null,OS,null,OS,null,OS,28.94,OK,null,OS
2020-05-09 10:00:00,55.09,OK,-0.21,BDL,null,OS,null,OS,null,OS,43.99,OK,null,OS
2020-05-09 11:00:00,47.8,OK,-0.27,BDL,null,OS,null,OS,null,OS,35.51,OK,null,OS
2020-05-09 12:00:00,46.79,OK,-0.27,BDL,null,OS,null,OS,null,OS,34.15,OK,null,OS
2020-05-09 13:00:00,47.72,OK,-0.23,BDL,null,OS,null,OS,null,OS,26.31,OK,null,OS
2020-05-09 14:00:00,49.25,OK,-0.24,BDL,null,OS,null,OS,null,OS,31.16,OK,null,OS
2020-05-09 15:00:00,44.07,OK,-0.25,BDL,null,OS,null,OS,null,OS,38.71,OK,null,OS
2020-05-09 16:00:00,38.2,OK,-0.29,BDL,null,OS,null,OS,null,OS,81.05,OK,null,OS
2020-05-09 17:00:00,36.07,OK,-0.29,BDL,null,OS,null,OS,null,OS,30.76,OK,null,OS
2020-05-09 18:00:00,30.38,OK,-0.23,BDL,null,OS,null,OS,null,OS,27.35,OK,null,OS
2020-05-09 19:00:00,26.74,OK,-0.27,BDL,null,OS,null,OS,null,OS,25.3,OK,null,OS
2020-05-09 20:00:00,23.14,OK,-0.29,BDL,null,OS,null,OS,null,OS,37.46,OK,null,OS
2020-05-09 21:00:00,23.24,OK,-0.28,BDL,null,OS,null,OS,null,OS,38.84,OK,null,OS
2020-05-09 22:00:00,17.89,OK,-0.28,BDL,null,OS,null,OS,null,OS,37.17,OK,null,OS
2020-05-09 23:00:00,13.65,OK,-0.26,BDL,null,OS,null,OS,null,OS,47.71,OK,null,OS
2020-05-10 00:00:00,8.32,OK,-0.24,BDL,null,OS,null,OS,null,OS,62.58,OK,null,OS
2020-05-10 01:00:00,16.13,OK,-0.19,BDL,null,OS,null,OS,null,OS,61.74,OK,null,OS
2020-05-10 02:00:00,10.23,OK,-0.29,BDL,null,OS,null,OS,null,OS,62.79,OK,null,OS
2020-05-10 03:00:00,14.02,OK,-0.24,BDL,null,OS,null,OS,null,OS,39.21,OK,null,OS
2020-05-10 04:00:00,14.7,OK,-0.21,BDL,null,OS,null,OS,null,OS,29.61,OK,null,OS
2020-05-10 05:00:00,14.03,OK,-0.21,BDL,null,OS,null,OS,null,OS,35.87,OK,null,OS
2020-05-10 06:00:00,19.11,OK,-0.12,BDL,null,OS,null,OS,null,OS,19.12,OK,null,OS
2020-05-10 07:00:00,28.73,OK,-0.06,BDL,null,OS,null,OS,null,OS,14.62,OK,null,OS
2020-05-10 08:00:00,37.05,OK,-0.09,BDL,null,OS,null,OS,null,OS,18.72,OK,null,OS
2020-05-10 09:00:00,47.88,OK,-0.15,BDL,null,OS,null,OS,null,OS,41.24,OK,null,OS
2020-05-10 10:00:00,47.73,OK,-0.26,BDL,null,OS,null,OS,null,OS,35.66,OK,null,OS
2020-05-10 11:00:00,47.34,OK,-0.24,BDL,null,OS,null,OS,null,OS,23.07,OK,null,OS
2020-05-10 12:00:00,45.86,OK,-0.26,BDL,null,OS,null,OS,null,OS,18.31,OK,null,OS
2020-05-10 13:00:00,46.51,OK,-0.27,BDL,null,OS,null,OS,null,OS,26.46,OK,null,OS
2020-05-10 14:00:00,43.53,OK,-0.33,BDL,null,OS,null,OS,null,OS,37.22,OK,null,OS
2020-05-10 15:00:00,43.17,OK,-0.21,BDL,null,OS,null,OS,null,OS,34.88,OK,null,OS
2020-05-10 16:00:00,41.7,OK,-0.28,BDL,null,OS,null,OS,null,OS,26.93,OK,null,OS
2020-05-10 17:00:00,39.33,OK,-0.27,BDL,null,OS,null,OS,null,OS,16.36,OK,null,OS
2020-05-10 18:00:00,38.41,OK,-0.23,BDL,null,OS,null,OS,null,OS,19.64,OK,null,OS
2020-05-10 19:00:00,33.71,OK,-0.18,BDL,null,OS,null,OS,null,OS,17.95,OK,null,OS
2020-05-10 20:00:00,31.27,OK,-0.17,BDL,null,OS,null,OS,null,OS,27.74,OK,null,OS
2020-05-10 21:00:00,31.7,OK,-0.14,BDL,null,OS,null,OS,null,OS,32.07,OK,null,OS
2020-05-10 22:00:00,30.94,OK,-0.19,BDL,null,OS,null,OS,null,OS,25.98,OK,null,OS
2020-05-10 23:00:00,30.68,OK,-0.2,BDL,null,OS,null,OS,null,OS,23.61,OK,null,OS
2020-05-11 00:00:00,28.59,OK,-0.18,BDL,null,OS,null,OS,null,OS,51.44,OK,null,OS
2020-05-11 01:00:00,30.37,OK,-0.22,BDL,null,OS,null,OS,null,OS,23.77,OK,null,OS
2020-05-11 02:00:00,21.45,OK,-0.22,BDL,null,OS,null,OS,null,OS,33.88,OK,null,OS
2020-05-11 03:00:00,20.9,OK,-0.19,BDL,null,OS,null,OS,null,OS,27.76,OK,null,OS
2020-05-11 04:00:00,20.83,OK,-0.19,BDL,null,OS,null,OS,null,OS,37.82,OK,null,OS
2020-05-11 05:00:00,17.96,OK,-0.06,BDL,null,OS,null,OS,null,OS,15.01,OK,null,OS
2020-05-11 06:00:00,23.19,OK,-0.03,BDL,null,OS,null,OS,null,OS,30.85,OK,null,OS
2020-05-11 07:00:00,30.82,OK,-0.04,BDL,null,OS,null,OS,null,OS,19.3,OK,null,OS
2020-05-11 08:00:00,36.23,OK,-0.16,BDL,null,OS,null,OS,null,OS,33.18,OK,null,OS
2020-05-11 09:00:00,39.93,OK,-0.19,BDL,null,OS,null,OS,null,OS,21.59,OK,null,OS
2020-05-11 10:00:00,43.34,OK,-0.2,BDL,null,OS,null,OS,null,OS,27.06,OK,null,OS
2020-05-11 11:00:00,41.87,OK,-0.23,BDL,null,OS,null,OS,null,OS,16.55,OK,null,OS
2020-05-11 12:00:00,41.78,OK,-0.22,BDL,null,OS,null,OS,null,OS,17.19,OK,null,OS
2020-05-11 13:00:00,41.77,OK,-0.25,BDL,null,OS,null,OS,null,OS,5.65,OK,null,OS
2020-05-11 14:00:00,36.52,OK,-0.23,BDL,null,OS,null,OS,null,OS,50.16,OK,null,OS
2020-05-11 15:00:00,37.71,OK,-0.22,BDL,null,OS,null,OS,null,OS,45.24,OK,null,OS
2020-05-11 16:00:00,41.21,OK,-0.17,BDL,null,OS,null,OS,null,OS,30.2,OK,null,OS
2020-05-11 17:00:00,39.77,OK,-0.26,BDL,null,OS,null,OS,null,OS,22.04,OK,null,OS
2020-05-11 18:00:00,34.51,OK,-0.2,BDL,null,OS,null,OS,null,OS,28.52,OK,null,OS
2020-05-11 19:00:00,30.28,OK,-0.23,BDL,null,OS,null,OS,null,OS,24.94,OK,null,OS
2020-05-11 20:00:00,34.85,OK,-0.26,BDL,null,OS,null,OS,null,OS,41.13,OK,null,OS
2020-05-11 21:00:00,33.94,OK,-0.22,BDL,null,OS,null,OS,null,OS,23.96,OK,null,OS
2020-05-11 22:00:00,29.84,OK,-0.23,BDL,null,OS,null,OS,null,OS,27.39,OK,null,OS
2020-05-11 23:00:00,28.12,OK,-0.22,BDL,null,OS,null,OS,null,OS,21.58,OK,null,OS
2020-05-12 00:00:00,21.87,OK,-0.17,BDL,null,OS,null,OS,null,OS,34.37,OK,null,OS
2020-05-12 01:00:00,17.3,OK,-0.24,BDL,null,OS,null,OS,null,OS,37.62,OK,null,OS
2020-05-12 02:00:00,15.9,OK,-0.19,BDL,null,OS,null,OS,null,OS,32.96,OK,null,OS
2020-05-12 03:00:00,13.42,OK,-0.16,BDL,null,OS,null,OS,null,OS,36.52,OK,null,OS
2020-05-12 04:00:00,15.82,OK,-0.1,BDL,null,OS,null,OS,null,OS,36.52,OK,null,OS
2020-05-12 05:00:00,15.6,OK,-0.12,BDL,null,OS,null,OS,null,OS,17.57,OK,null,OS
2020-05-12 06:00:00,25.17,OK,-0.13,BDL,null,OS,null,OS,null,OS,2.98,BDL,null,OS
2020-05-12 07:00:00,32.29,OK,-0.17,BDL,null,OS,null,OS,null,OS,14.16,OK,null,OS
2020-05-12 08:00:00,35.08,OK,-0.18,BDL,null,OS,null,OS,null,OS,12.36,OK,null,OS
2020-05-12 09:00:00,39.42,OK,-0.18,BDL,null,OS,null,OS,null,OS,28.56,OK,null,OS
2020-05-12 10:00:00,41.41,OK,-0.17,BDL,null,OS,null,OS,null,OS,35.34,OK,null,OS
2020-05-12 11:00:00,39.32,OK,-0.2,BDL,null,OS,null,OS,null,OS,20.66,OK,null,OS
2020-05-12 12:00:00,40.12,OK,-0.18,BDL,null,OS,null,OS,null,OS,18.54,OK,null,OS
2020-05-12 13:00:00,39.33,OK,-0.22,BDL,null,OS,null,OS,null,OS,24.01,OK,null,OS
2020-05-12 14:00:00,35.5,OK,-0.19,BDL,null,OS,null,OS,null,OS,5.23,OK,null,OS
2020-05-12 15:00:00,33.58,OK,-0.17,BDL,null,OS,null,OS,null,OS,39.45,OK,null,OS
2020-05-12 16:00:00,36.92,OK,-0.22,BDL,null,OS,null,OS,null,OS,39.47,OK,null,OS
2020-05-12 17:00:00,41.33,OK,-0.26,BDL,null,OS,null,OS,null,OS,32.5,OK,null,OS
2020-05-12 18:00:00,37.55,OK,-0.22,BDL,null,OS,null,OS,null,OS,23.95,OK,null,OS
2020-05-12 19:00:00,36.09,OK,-0.25,BDL,null,OS,null,OS,null,OS,13.98,OK,null,OS
2020-05-12 20:00:00,35.95,OK,-0.21,BDL,null,OS,null,OS,null,OS,25.17,OK,null,OS
2020-05-12 21:00:00,34.65,OK,-0.26,BDL,null,OS,null,OS,null,OS,23.75,OK,null,OS
2020-05-12 22:00:00,33.24,OK,-0.23,BDL,null,OS,null,OS,null,OS,21.51,OK,null,OS
2020-05-12 23:00:00,30.92,OK,-0.34,BDL,null,OS,null,OS,null,OS,18.87,OK,null,OS
2020-05-13 00:00:00,29.34,OK,-0.28,BDL,null,OS,null,OS,null,OS,17.32,OK,null,OS
2020-05-13 01:00:00,30.82,OK,-0.27,BDL,null,OS,null,OS,null,OS,20.39,OK,null,OS
2020-05-13 02:00:00,26.71,OK,-0.28,BDL,null,OS,null,OS,null,OS,17.93,OK,null,OS
2020-05-13 03:00:00,20.59,OK,-0.29,BDL,null,OS,null,OS,null,OS,33.93,OK,null,OS
2020-05-13 04:00:00,20.19,OK,-0.32,BDL,null,OS,null,OS,null,OS,26.35,OK,null,OS
2020-05-13 05:00:00,17.54,OK,-0.32,BDL,null,OS,null,OS,null,OS,18.83,OK,null,OS
2020-05-13 06:00:00,18.32,OK,-0.17,BDL,null,OS,null,OS,null,OS,38.96,OK,null,OS
2020-05-13 07:00:00,30.89,OK,-0.21,BDL,null,OS,null,OS,null,OS,13.27,OK,null,OS
2020-05-13 08:00:00,38.92,OK,-0.16,BDL,null,OS,null,OS,null,OS,38.57,OK,null,OS
2020-05-13 09:00:00,45.31,OK,-0.17,BDL,null,OS,null,OS,null,OS,31.43,OK,null,OS
2020-05-13 10:00:00,43.04,OK,-0.19,BDL,null,OS,null,OS,null,OS,19.75,OK,null,OS
2020-05-13 11:00:00,43.31,OK,-0.24,BDL,null,OS,null,OS,null,OS,29.45,OK,null,OS
2020-05-13 12:00:00,42.82,OK,-0.24,BDL,null,OS,null,OS,null,OS,28.61,OK,null,OS
2020-05-13 13:00:00,43.01,OK,-0.27,BDL,null,OS,null,OS,null,OS,14.55,OK,null,OS
2020-05-13 14:00:00,44.4,OK,-0.26,BDL,null,OS,null,OS,null,OS,24.01,OK,null,OS
2020-05-13 15:00:00,41.47,OK,-0.27,BDL,null,OS,null,OS,null,OS,25.2,OK,null,OS
2020-05-13 16:00:00,42.51,OK,-0.25,BDL,null,OS,null,OS,null,OS,34.35,OK,null,OS
2020-05-13 17:00:00,41.51,OK,-0.26,BDL,null,OS,null,OS,null,OS,-6.34,OR,null,OS
2020-05-13 18:00:00,35.69,OK,-0.29,BDL,null,OS,null,OS,null,OS,25.28,OK,null,OS
2020-05-13 19:00:00,29.82,OK,-0.26,BDL,null,OS,null,OS,null,OS,29.28,OK,null,OS
2020-05-13 20:00:00,28.55,OK,-0.25,BDL,null,OS,null,OS,null,OS,28.01,OK,null,OS
2020-05-13 21:00:00,27.42,OK,-0.2,BDL,null,OS,null,OS,null,OS,25.1,OK,null,OS
2020-05-13 22:00:00,29.31,OK,-0.2,BDL,null,OS,null,OS,null,OS,23.68,OK,null,OS
2020-05-13 23:00:00,28.84,OK,-0.23,BDL,null,OS,null,OS,null,OS,20.57,OK,null,OS
2020-05-14 00:00:00,19.86,OK,-0.25,BDL,null,OS,null,OS,null,OS,23.92,OK,null,OS
2020-05-14 01:00:00,13.67,OK,-0.16,BDL,null,OS,null,OS,null,OS,35.76,OK,null,OS
2020-05-14 02:00:00,15.67,OK,-0.22,BDL,null,OS,null,OS,null,OS,24.42,OK,null,OS
2020-05-14 03:00:00,11.22,OK,-0.19,BDL,null,OS,null,OS,null,OS,29.06,OK,null,OS
2020-05-14 04:00:00,7.33,OK,-0.23,BDL,null,OS,null,OS,null,OS,26.74,OK,null,OS
2020-05-14 05:00:00,8.04,OK,-0.11,BDL,null,OS,null,OS,null,OS,19.98,OK,null,OS
2020-05-14 06:00:00,14.36,OK,-0.06,BDL,null,OS,null,OS,null,OS,52.09,OK,null,OS
2020-05-14 07:00:00,30.1,OK,-0.2,BDL,null,OS,null,OS,null,OS,-22.3,OR,null,OS
2020-05-14 08:00:00,35.36,OK,-0.17,BDL,null,OS,null,OS,null,OS,14.13,OK,null,OS
2020-05-14 09:00:00,41.08,OK,-0.16,BDL,null,OS,null,OS,null,OS,26.93,OK,null,OS
2020-05-14 10:00:00,35.66,OK,-0.2,BDL,null,OS,null,OS,null,OS,40.55,OK,null,OS
2020-05-14 11:00:00,34.02,OK,-0.17,BDL,null,OS,null,OS,null,OS,16.13,OK,null,OS
2020-05-14 12:00:00,33.77,OK,-0.15,BDL,null,OS,null,OS,null,OS,16.98,OK,null,OS
2020-05-14 13:00:00,34.66,OK,-0.21,BDL,null,OS,null,OS,null,OS,23.1,OK,null,OS
2020-05-14 14:00:00,36.2,OK,-0.24,BDL,null,OS,null,OS,null,OS,25.37,OK,null,OS
2020-05-14 15:00:00,36.84,OK,-0.2,BDL,null,OS,null,OS,null,OS,21.81,OK,null,OS
2020-05-14 16:00:00,35.76,OK,-0.21,BDL,null,OS,null,OS,null,OS,21.78,OK,null,OS
2020-05-14 17:00:00,33.13,OK,-0.22,BDL,null,OS,null,OS,null,OS,38.35,OK,null,OS
2020-05-14 18:00:00,31.07,OK,-0.19,BDL,null,OS,null,OS,null,OS,40.16,OK,null,OS
2020-05-14 19:00:00,26.67,OK,-0.12,BDL,null,OS,null,OS,null,OS,35.42,OK,null,OS
2020-05-14 20:00:00,26.74,OK,-0.09,BDL,null,OS,null,OS,null,OS,53.42,OK,null,OS
2020-05-14 21:00:00,30.27,OK,-0.1,BDL,null,OS,null,OS,null,OS,29.62,OK,null,OS
2020-05-14 22:00:00,32.2,OK,-0.12,BDL,null,OS,null,OS,null,OS,27.58,OK,null,OS
2020-05-14 23:00:00,34.26,OK,-0.15,BDL,null,OS,null,OS,null,OS,15.84,OK,null,OS
2020-05-15 00:00:00,35.63,OK,-0.16,BDL,null,OS,null,OS,null,OS,22.92,OK,null,OS
2020-05-15 01:00:00,33.74,OK,-0.23,BDL,null,OS,null,OS,null,OS,11.06,OK,null,OS
2020-05-15 02:00:00,33.59,OK,-0.23,BDL,null,OS,null,OS,null,OS,20.89,OK,null,OS
2020-05-15 03:00:00,20.78,OK,-0.2,BDL,null,OS,null,OS,null,OS,20.02,OK,null,OS
2020-05-15 04:00:00,10.67,OK,-0.22,BDL,null,OS,null,OS,null,OS,31.28,OK,null,OS
2020-05-15 05:00:00,10.64,OK,-0.13,BDL,null,OS,null,OS,null,OS,21.93,OK,null,OS
2020-05-15 06:00:00,11.64,OK,-0.05,BDL,null,OS,null,OS,null,OS,25.75,OK,null,OS
2020-05-15 07:00:00,22.9,OK,-0.03,BDL,null,OS,null,OS,null,OS,51.56,OK,null,OS
2020-05-15 08:00:00,29.23,OK,-0.08,BDL,null,OS,null,OS,null,OS,-11.33,OR,null,OS
2020-05-15 09:00:00,37.09,OK,-0.08,BDL,null,OS,null,OS,null,OS,42.85,OK,null,OS
2020-05-15 10:00:00,50.1,OK,-0.17,BDL,null,OS,null,OS,null,OS,33.62,OK,null,OS
2020-05-15 11:00:00,51.53,OK,-0.22,BDL,null,OS,null,OS,null,OS,13.31,OK,null,OS
2020-05-15 12:00:00,49.14,OK,-0.2,BDL,null,OS,null,OS,null,OS,13.69,OK,null,OS
2020-05-15 13:00:00,46.77,OK,-0.16,BDL,null,OS,null,OS,null,OS,19.93,OK,null,OS
2020-05-15 14:00:00,46.76,OK,-0.26,BDL,null,OS,null,OS,null,OS,31.08,OK,null,OS
2020-05-15 15:00:00,44.47,OK,-0.14,BDL,null,OS,null,OS,null,OS,25.62,OK,null,OS
2020-05-15 16:00:00,44.6,OK,-0.22,BDL,null,OS,null,OS,null,OS,30.83,OK,null,OS
2020-05-15 17:00:00,40.02,OK,-0.2,BDL,null,OS,null,OS,null,OS,28.5,OK,null,OS
2020-05-15 18:00:00,36.97,OK,-0.22,BDL,null,OS,null,OS,null,OS,26.72,OK,null,OS
2020-05-15 19:00:00,28.58,OK,-0.15,BDL,null,OS,null,OS,null,OS,33.49,OK,null,OS
2020-05-15 20:00:00,23.85,OK,-0.09,BDL,null,OS,null,OS,null,OS,52.79,OK,null,OS
2020-05-15 21:00:00,24.13,OK,-0.1,BDL,null,OS,null,OS,null,OS,49.19,OK,null,OS
2020-05-15 22:00:00,22.53,OK,-0.03,BDL,null,OS,null,OS,null,OS,44.31,OK,null,OS
2020-05-15 23:00:00,20.82,OK,-0.19,BDL,null,OS,null,OS,null,OS,33.84,OK,null,OS
2020-05-16 00:00:00,17.1,OK,-0.19,BDL,null,OS,null,OS,null,OS,37.55,OK,null,OS
2020-05-16 01:00:00,11.33,OK,0.35,BDL,null,OS,null,OS,null,OS,89.29,OK,null,OS
2020-05-16 02:00:00,16.96,OK,0.05,BDL,null,OS,null,OS,null,OS,46.0,OK,null,OS
2020-05-16 03:00:00,15.42,OK,-0.07,BDL,null,OS,null,OS,null,OS,31.03,OK,null,OS
2020-05-16 04:00:00,11.24,OK,-0.05,BDL,null,OS,null,OS,null,OS,38.27,OK,null,OS
2020-05-16 05:00:00,11.83,OK,-0.07,BDL,null,OS,null,OS,null,OS,22.87,OK,null,OS
2020-05-16 06:00:00,15.65,OK,0.06,BDL,null,OS,null,OS,null,OS,41.99,OK,null,OS
2020-05-16 07:00:00,26.41,OK,0.07,BDL,null,OS,null,OS,null,OS,43.06,OK,null,OS
2020-05-16 08:00:00,39.55,OK,-0.05,BDL,null,OS,null,OS,null,OS,26.2,OK,null,OS
2020-05-16 09:00:00,45.22,OK,-0.02,BDL,null,OS,null,OS,null,OS,20.74,OK,null,OS
2020-05-16 10:00:00,49.18,OK,-0.13,BDL,null,OS,null,OS,null,OS,41.16,OK,null,OS
2020-05-16 11:00:00,47.54,OK,-0.2,BDL,null,OS,null,OS,null,OS,23.26,OK,null,OS
2020-05-16 12:00:00,46.9,OK,-0.19,BDL,null,OS,null,OS,null,OS,-3.92,BDL,null,OS
2020-05-16 13:00:00,47.15,OK,-0.2,BDL,null,OS,null,OS,null,OS,18.35,OK,null,OS
2020-05-16 14:00:00,46.34,OK,-0.19,BDL,null,OS,null,OS,null,OS,27.67,OK,null,OS
2020-05-16 15:00:00,42.16,OK,-0.19,BDL,null,OS,null,OS,null,OS,43.53,OK,null,OS
2020-05-16 16:00:00,39.79,OK,-0.17,BDL,null,OS,null,OS,null,OS,47.1,OK,null,OS
2020-05-16 17:00:00,42.5,OK,-0.18,BDL,null,OS,null,OS,null,OS,21.16,OK,null,OS
2020-05-16 18:00:00,40.05,OK,-0.15,BDL,null,OS,null,OS,null,OS,24.37,OK,null,OS
2020-05-16 19:00:00,31.58,OK,-0.16,BDL,null,OS,null,OS,null,OS,24.48,OK,null,OS
2020-05-16 20:00:00,23.82,OK,-0.16,BDL,null,OS,null,OS,null,OS,36.25,OK,null,OS
2020-05-16 21:00:00,17.28,OK,-0.09,BDL,null,OS,null,OS,null,OS,55.32,OK,null,OS
2020-05-16 22:00:00,11.18,OK,-0.08,BDL,null,OS,null,OS,null,OS,68.31,OK,null,OS
2020-05-16 23:00:00,22.28,OK,-0.1,BDL,null,OS,null,OS,null,OS,46.53,OK,null,OS
2020-05-17 00:00:00,24.27,OK,-0.14,BDL,null,OS,null,OS,null,OS,27.65,OK,null,OS
2020-05-17 01:00:00,21.8,OK,-0.12,BDL,null,OS,null,OS,null,OS,24.61,OK,null,OS
2020-05-17 02:00:00,20.04,OK,-0.11,BDL,null,OS,null,OS,null,OS,41.77,OK,null,OS
2020-05-17 03:00:00,19.61,OK,-0.09,BDL,null,OS,null,OS,null,OS,28.55,OK,null,OS
2020-05-17 04:00:00,13.55,OK,-0.14,BDL,null,OS,null,OS,null,OS,34.2,OK,null,OS
2020-05-17 05:00:00,17.5,OK,-0.11,BDL,null,OS,null,OS,null,OS,17.53,OK,null,OS
2020-05-17 06:00:00,25.39,OK,-0.08,BDL,null,OS,null,OS,null,OS,18.14,OK,null,OS
2020-05-17 07:00:00,32.09,OK,-0.11,BDL,null,OS,null,OS,null,OS,13.72,OK,null,OS
2020-05-17 08:00:00,39.8,OK,-0.14,BDL,null,OS,null,OS,null,OS,17.4,OK,null,OS
2020-05-17 09:00:00,42.72,OK,-0.15,BDL,null,OS,null,OS,null,OS,14.91,OK,null,OS
2020-05-17 10:00:00,46.09,OK,-0.18,BDL,null,OS,null,OS,null,OS,28.68,OK,null,OS
2020-05-17 11:00:00,48.86,OK,-0.17,BDL,null,OS,null,OS,null,OS,2.34,BDL,null,OS
2020-05-17 12:00:00,50.46,OK,-0.18,BDL,null,OS,null,OS,null,OS,24.11,OK,null,OS
2020-05-17 13:00:00,49.45,OK,-0.19,BDL,null,OS,null,OS,null,OS,9.89,OK,null,OS
2020-05-17 14:00:00,49.76,OK,-0.17,BDL,null,OS,null,OS,null,OS,16.8,OK,null,OS
2020-05-17 15:00:00,47.36,OK,-0.18,BDL,null,OS,null,OS,null,OS,34.81,OK,null,OS
2020-05-17 16:00:00,43.91,OK,-0.19,BDL,null,OS,null,OS,null,OS,32.22,OK,null,OS
2020-05-17 17:00:00,43.1,OK,-0.16,BDL,null,OS,null,OS,null,OS,33.45,OK,null,OS
2020-05-17 18:00:00,40.14,OK,-0.18,BDL,null,OS,null,OS,null,OS,23.33,OK,null,OS
2020-05-17 19:00:00,34.03,OK,-0.13,BDL,null,OS,null,OS,null,OS,20.02,OK,null,OS
2020-05-17 20:00:00,30.96,OK,-0.18,BDL,null,OS,null,OS,null,OS,27.25,OK,null,OS
2020-05-17 21:00:00,26.79,OK,-0.15,BDL,null,OS,null,OS,null,OS,33.6,OK,null,OS
2020-05-17 22:00:00,27.35,OK,-0.23,BDL,null,OS,null,OS,null,OS,35.62,OK,null,OS
2020-05-17 23:00:00,25.33,OK,-0.17,BDL,null,OS,null,OS,null,OS,27.01,OK,null,OS
2020-05-18 00:00:00,24.0,OK,-0.23,BDL,null,OS,null,OS,null,OS,26.78,OK,null,OS
2020-05-18 01:00:00,24.4,OK,-0.26,BDL,null,OS,null,OS,null,OS,21.28,OK,null,OS
2020-05-18 02:00:00,17.74,OK,-0.24,BDL,null,OS,null,OS,null,OS,42.0,OK,null,OS
2020-05-18 03:00:00,19.34,OK,-0.22,BDL,null,OS,null,OS,null,OS,33.85,OK,null,OS
2020-05-18 04:00:00,17.15,OK,-0.22,BDL,null,OS,null,OS,null,OS,33.5,OK,null,OS
2020-05-18 05:00:00,15.42,OK,-0.2,BDL,null,OS,null,OS,null,OS,27.3,OK,null,OS
2020-05-18 06:00:00,23.92,OK,-0.16,BDL,null,OS,null,OS,null,OS,43.31,OK,null,OS
2020-05-18 07:00:00,35.14,OK,-0.07,BDL,null,OS,null,OS,null,OS,5.81,OK,null,OS
2020-05-18 08:00:00,40.22,OK,-0.07,BDL,null,OS,null,OS,null,OS,61.25,OK,null,OS
2020-05-18 09:00:00,46.24,OK,-0.16,BDL,null,OS,null,OS,null,OS,24.1,OK,null,OS
2020-05-18 10:00:00,48.13,OK,-0.2,BDL,null,OS,null,OS,null,OS,27.52,OK,null,OS
2020-05-18 11:00:00,50.48,OK,-0.16,BDL,null,OS,null,OS,null,OS,20.32,OK,null,OS
2020-05-18 12:00:00,51.68,OK,-0.18,BDL,null,OS,null,OS,null,OS,9.79,OK,null,OS
2020-05-18 13:00:00,52.14,OK,-0.21,BDL,null,OS,null,OS,null,OS,20.34,OK,null,OS
2020-05-18 14:00:00,50.3,OK,-0.2,BDL,null,OS,null,OS,null,OS,11.38,OK,null,OS
2020-05-18 15:00:00,49.5,OK,-0.15,BDL,null,OS,null,OS,null,OS,12.44,OK,null,OS
2020-05-18 16:00:00,42.65,OK,-0.15,BDL,null,OS,null,OS,null,OS,36.68,OK,null,OS
2020-05-18 17:00:00,41.55,OK,-0.14,BDL,null,OS,null,OS,null,OS,24.92,OK,null,OS
2020-05-18 18:00:00,37.08,OK,-0.2,BDL,null,OS,null,OS,null,OS,29.12,OK,null,OS
2020-05-18 19:00:00,35.94,OK,-0.16,BDL,null,OS,null,OS,null,OS,35.29,OK,null,OS
2020-05-18 20:00:00,34.43,OK,-0.12,BDL,null,OS,null,OS,null,OS,20.89,OK,null,OS
2020-05-18 21:00:00,33.86,OK,-0.19,BDL,null,OS,null,OS,null,OS,24.07,OK,null,OS
2020-05-18 22:00:00,32.56,OK,-0.21,BDL,null,OS,null,OS,null,OS,28.25,OK,null,OS
2020-05-18 23:00:00,29.94,OK,-0.22,BDL,null,OS,null,OS,null,OS,19.43,OK,null,OS
2020-05-19 00:00:00,26.54,OK,-0.17,BDL,null,OS,null,OS,null,OS,26.06,OK,null,OS
2020-05-19 01:00:00,21.66,OK,-0.19,BDL,null,OS,null,OS,null,OS,22.1,OK,null,OS
2020-05-19 02:00:00,18.35,OK,-0.21,BDL,null,OS,null,OS,null,OS,33.58,OK,null,OS
2020-05-19 03:00:00,20.77,OK,-0.17,BDL,null,OS,null,OS,null,OS,33.19,OK,null,OS
2020-05-19 04:00:00,13.19,OK,-0.18,BDL,null,OS,null,OS,null,OS,33.11,OK,null,OS
2020-05-19 05:00:00,12.7,OK,-0.17,BDL,null,OS,null,OS,null,OS,31.53,OK,null,OS
2020-05-19 06:00:00,28.61,OK,-0.11,BDL,null,OS,null,OS,null,OS,26.95,OK,null,OS
2020-05-19 07:00:00,32.52,OK,-0.11,BDL,null,OS,null,OS,null,OS,25.38,OK,null,OS
2020-05-19 08:00:00,39.02,OK,-0.03,BDL,null,OS,null,OS,null,OS,-7.93,OR,null,OS
2020-05-19 09:00:00,45.87,OK,-0.08,BDL,null,OS,null,OS,null,OS,28.44,OK,null,OS
2020-05-19 10:00:00,41.65,OK,-0.16,BDL,null,OS,null,OS,null,OS,48.79,OK,null,OS
2020-05-19 11:00:00,39.9,OK,-0.16,BDL,null,OS,null,OS,null,OS,27.48,OK,null,OS
2020-05-19 12:00:00,37.89,OK,-0.16,BDL,null,OS,null,OS,null,OS,24.25,OK,null,OS
2020-05-19 13:00:00,38.4,OK,-0.19,BDL,null,OS,null,OS,null,OS,29.52,OK,null,OS
2020-05-19 14:00:00,40.07,OK,-0.19,BDL,null,OS,null,OS,null,OS,26.66,OK,null,OS
2020-05-19 15:00:00,38.78,OK,-0.21,BDL,null,OS,null,OS,null,OS,38.95,OK,null,OS
2020-05-19 16:00:00,38.0,OK,-0.22,BDL,null,OS,null,OS,null,OS,31.61,OK,null,OS
2020-05-19 17:00:00,36.74,OK,-0.22,BDL,null,OS,null,OS,null,OS,29.81,OK,null,OS
2020-05-19 18:00:00,34.7,OK,-0.14,BDL,null,OS,null,OS,null,OS,24.03,OK,null,OS
2020-05-19 19:00:00,31.92,OK,-0.06,BDL,null,OS,null,OS,null,OS,19.79,OK,null,OS
2020-05-19 20:00:00,30.37,OK,-0.02,BDL,null,OS,null,OS,null,OS,21.06,OK,null,OS
2020-05-19 21:00:00,30.65,OK,-0.07,BDL,null,OS,null,OS,null,OS,43.04,OK,null,OS
2020-05-19 22:00:00,32.02,OK,-0.15,BDL,null,OS,null,OS,null,OS,46.91,OK,null,OS
2020-05-19 23:00:00,31.5,OK,-0.25,BDL,null,OS,null,OS,null,OS,28.85,OK,null,OS
2020-05-20 00:00:00,28.47,OK,-0.17,BDL,null,OS,null,OS,null,OS,24.0,OK,null,OS
2020-05-20 01:00:00,27.7,OK,-0.13,BDL,null,OS,null,OS,null,OS,20.04,OK,null,OS
2020-05-20 02:00:00,21.89,OK,-0.17,BDL,null,OS,null,OS,null,OS,27.65,OK,null,OS
2020-05-20 03:00:00,16.95,OK,-0.19,BDL,null,OS,null,OS,null,OS,35.39,OK,null,OS
2020-05-20 04:00:00,16.88,OK,-0.17,BDL,null,OS,null,OS,null,OS,23.89,OK,null,OS
2020-05-20 05:00:00,10.76,OK,-0.14,BDL,null,OS,null,OS,null,OS,23.15,OK,null,OS
2020-05-20 06:00:00,17.72,OK,-0.09,BDL,null,OS,null,OS,null,OS,40.81,OK,null,OS
2020-05-20 07:00:00,28.33,OK,-0.12,BDL,null,OS,null,OS,null,OS,20.01,OK,null,OS
2020-05-20 08:00:00,37.33,OK,-0.13,BDL,null,OS,null,OS,null,OS,33.59,OK,null,OS
2020-05-20 09:00:00,40.98,OK,-0.16,BDL,null,OS,null,OS,null,OS,20.64,OK,null,OS
2020-05-20 10:00:00,45.73,OK,-0.1,BDL,null,OS,null,OS,null,OS,30.13,OK,null,OS
2020-05-20 11:00:00,46.39,OK,-0.02,BDL,null,OS,null,OS,null,OS,36.18,OK,null,OS
2020-05-20 12:00:00,43.55,OK,-0.11,BDL,null,OS,null,OS,null,OS,24.89,OK,null,OS
2020-05-20 13:00:00,43.27,OK,-0.06,BDL,null,OS,null,OS,null,OS,43.34,OK,null,OS
2020-05-20 14:00:00,41.79,OK,-0.11,BDL,null,OS,null,OS,null,OS,41.04,OK,null,OS
2020-05-20 15:00:00,42.27,OK,-0.18,BDL,null,OS,null,OS,null,OS,20.36,OK,null,OS
2020-05-20 16:00:00,38.24,OK,-0.19,BDL,null,OS,null,OS,null,OS,32.97,OK,null,OS
2020-05-20 17:00:00,36.75,OK,-0.21,BDL,null,OS,null,OS,null,OS,40.23,OK,null,OS
2020-05-20 18:00:00,38.3,OK,-0.14,BDL,null,OS,null,OS,null,OS,43.06,OK,null,OS
2020-05-20 19:00:00,37.1,OK,-0.22,BDL,null,OS,null,OS,null,OS,21.07,OK,null,OS
2020-05-20 20:00:00,35.07,OK,-0.08,BDL,null,OS,null,OS,null,OS,19.09,OK,null,OS
2020-05-20 21:00:00,32.86,OK,0.65,BDL,null,OS,null,OS,null,OS,24.71,OK,null,OS
2020-05-20 22:00:00,32.56,OK,-0.13,BDL,null,OS,null,OS,null,OS,33.96,OK,null,OS
2020-05-20 23:00:00,27.98,OK,-0.07,BDL,null,OS,null,OS,null,OS,33.56,OK,null,OS
2020-05-21 00:00:00,31.72,OK,0.07,BDL,null,OS,null,OS,null,OS,42.12,OK,null,OS
2020-05-21 01:00:00,32.13,OK,-0.1,BDL,null,OS,null,OS,null,OS,52.75,OK,null,OS
2020-05-21 02:00:00,23.75,OK,-0.09,BDL,null,OS,null,OS,null,OS,33.51,OK,null,OS
2020-05-21 03:00:00,19.78,OK,-0.13,BDL,null,OS,null,OS,null,OS,34.46,OK,null,OS
2020-05-21 04:00:00,20.24,OK,-0.15,BDL,null,OS,null,OS,null,OS,37.67,OK,null,OS
2020-05-21 05:00:00,23.02,OK,-0.12,BDL,null,OS,null,OS,null,OS,10.17,OK,null,OS
2020-05-21 06:00:00,22.31,OK,-0.07,BDL,null,OS,null,OS,null,OS,26.47,OK,null,OS
2020-05-21 07:00:00,25.52,OK,0.01,BDL,null,OS,null,OS,null,OS,24.88,OK,null,OS
2020-05-21 08:00:00,37.43,OK,0.01,BDL,null,OS,null,OS,null,OS,50.32,OK,null,OS
2020-05-21 09:00:00,48.05,OK,-0.11,BDL,null,OS,null,OS,null,OS,50.43,OK,null,OS
2020-05-21 10:00:00,52.78,OK,-0.11,BDL,null,OS,null,OS,null,OS,40.73,OK,null,OS
2020-05-21 11:00:00,53.06,OK,-0.08,BDL,null,OS,null,OS,null,OS,45.94,OK,null,OS
2020-05-21 12:00:00,54.2,OK,-0.19,BDL,null,OS,null,OS,null,OS,12.85,OK,null,OS
2020-05-21 13:00:00,52.95,OK,-0.13,BDL,null,OS,null,OS,null,OS,33.14,OK,null,OS
2020-05-21 14:00:00,58.06,OK,-0.13,BDL,null,OS,null,OS,null,OS,17.6,OK,null,OS
2020-05-21 15:00:00,56.17,OK,-0.17,BDL,null,OS,null,OS,null,OS,34.87,OK,null,OS
2020-05-21 16:00:00,49.43,OK,-0.2,BDL,null,OS,null,OS,null,OS,39.41,OK,null,OS
2020-05-21 17:00:00,49.79,OK,-0.14,BDL,null,OS,null,OS,null,OS,37.06,OK,null,OS
2020-05-21 18:00:00,47.33,OK,-0.18,BDL,null,OS,null,OS,null,OS,41.77,OK,null,OS
2020-05-21 19:00:00,42.98,OK,-0.09,BDL,null,OS,null,OS,null,OS,32.31,OK,null,OS
2020-05-21 20:00:00,37.63,OK,0.05,BDL,null,OS,null,OS,null,OS,33.95,OK,null,OS
2020-05-21 21:00:00,37.94,OK,-0.09,BDL,null,OS,null,OS,null,OS,33.46,OK,null,OS
2020-05-21 22:00:00,35.94,OK,0.01,BDL,null,OS,null,OS,null,OS,39.86,OK,null,OS
2020-05-21 23:00:00,26.43,OK,0.03,BDL,null,OS,null,OS,null,OS,56.88,OK,null,OS
2020-05-22 00:00:00,22.56,OK,-0.03,BDL,null,OS,null,OS,null,OS,42.25,OK,null,OS
2020-05-22 01:00:00,25.09,OK,-0.08,BDL,null,OS,null,OS,null,OS,35.32,OK,null,OS
2020-05-22 02:00:00,20.4,OK,-0.02,BDL,null,OS,null,OS,null,OS,31.59,OK,null,OS
2020-05-22 03:00:00,15.24,OK,0.02,BDL,null,OS,null,OS,null,OS,38.58,OK,null,OS
2020-05-22 04:00:00,15.35,OK,-0.04,BDL,null,OS,null,OS,null,OS,28.51,OK,null,OS
2020-05-22 05:00:00,14.5,OK,0.12,BDL,null,OS,null,OS,null,OS,22.1,OK,null,OS
2020-05-22 06:00:00,20.49,OK,0.16,BDL,null,OS,null,OS,null,OS,44.22,OK,null,OS
2020-05-22 07:00:00,36.9,OK,0.02,BDL,null,OS,null,OS,null,OS,10.0,OK,null,OS
2020-05-22 08:00:00,48.74,OK,-0.03,BDL,null,OS,null,OS,null,OS,17.78,OK,null,OS
2020-05-22 09:00:00,57.41,OK,0.14,BDL,null,OS,null,OS,null,OS,31.5,OK,null,OS
2020-05-22 10:00:00,50.94,OK,-0.1,BDL,null,OS,null,OS,null,OS,33.02,OK,null,OS
2020-05-22 11:00:00,47.25,OK,-0.11,BDL,null,OS,null,OS,null,OS,23.88,OK,null,OS
2020-05-22 12:00:00,45.65,OK,-0.08,BDL,null,OS,null,OS,null,OS,26.83,OK,null,OS
2020-05-22 13:00:00,45.57,OK,-0.09,BDL,null,OS,null,OS,null,OS,31.64,OK,null,OS
2020-05-22 14:00:00,44.65,OK,-0.05,BDL,null,OS,null,OS,null,OS,31.07,OK,null,OS
2020-05-22 15:00:00,46.84,OK,-0.06,BDL,null,OS,null,OS,null,OS,62.12,OK,null,OS
2020-05-22 16:00:00,44.36,OK,-0.05,BDL,null,OS,null,OS,null,OS,38.48,OK,null,OS
2020-05-22 17:00:00,40.29,OK,-0.09,BDL,null,OS,null,OS,null,OS,34.68,OK,null,OS
2020-05-22 18:00:00,33.59,OK,-0.1,BDL,null,OS,null,OS,null,OS,34.92,OK,null,OS
2020-05-22 19:00:00,29.91,OK,-0.07,BDL,null,OS,null,OS,null,OS,41.28,OK,null,OS
2020-05-22 20:00:00,27.32,OK,-0.04,BDL,null,OS,null,OS,null,OS,45.19,OK,null,OS
2020-05-22 21:00:00,25.75,OK,-0.04,BDL,null,OS,null,OS,null,OS,37.52,OK,null,OS
2020-05-22 22:00:00,25.68,OK,0.0,BDL,null,OS,null,OS,null,OS,40.99,OK,null,OS
2020-05-22 23:00:00,27.02,OK,-0.1,BDL,null,OS,null,OS,null,OS,36.41,OK,null,OS
2020-05-23 00:00:00,28.21,OK,-0.04,BDL,null,OS,null,OS,null,OS,29.85,OK,null,OS
2020-05-23 01:00:00,29.93,OK,-0.13,BDL,null,OS,null,OS,null,OS,13.69,OK,null,OS
2020-05-23 02:00:00,20.17,OK,-0.09,BDL,null,OS,null,OS,null,OS,27.95,OK,null,OS
2020-05-23 03:00:00,20.61,OK,-0.1,BDL,null,OS,null,OS,null,OS,31.33,OK,null,OS
2020-05-23 04:00:00,16.3,OK,-0.09,BDL,null,OS,null,OS,null,OS,37.26,OK,null,OS
2020-05-23 05:00:00,24.63,OK,-0.03,BDL,null,OS,null,OS,null,OS,13.5,OK,null,OS
2020-05-23 06:00:00,24.98,OK,-0.05,BDL,null,OS,null,OS,null,OS,17.93,OK,null,OS
2020-05-23 07:00:00,30.92,OK,-0.07,BDL,null,OS,null,OS,null,OS,18.86,OK,null,OS
2020-05-23 08:00:00,35.06,OK,-0.06,BDL,null,OS,null,OS,null,OS,27.22,OK,null,OS
2020-05-23 09:00:00,35.53,OK,-0.12,BDL,null,OS,null,OS,null,OS,34.5,OK,null,OS
2020-05-23 10:00:00,36.17,OK,-0.1,BDL,null,OS,null,OS,null,OS,32.3,OK,null,OS
2020-05-23 11:00:00,39.48,OK,-0.07,BDL,null,OS,null,OS,null,OS,2.08,BDL,null,OS
2020-05-23 12:00:00,40.37,OK,-0.09,BDL,null,OS,null,OS,null,OS,56.62,OK,null,OS
2020-05-23 13:00:00,41.26,OK,-0.1,BDL,null,OS,null,OS,null,OS,22.65,OK,null,OS
2020-05-23 14:00:00,36.75,OK,-0.16,BDL,null,OS,null,OS,null,OS,33.43,OK,null,OS
2020-05-23 15:00:00,40.14,OK,-0.15,BDL,null,OS,null,OS,null,OS,39.43,OK,null,OS
2020-05-23 16:00:00,44.79,OK,-0.16,BDL,null,OS,null,OS,null,OS,44.38,OK,null,OS
2020-05-23 17:00:00,47.07,OK,-0.19,BDL,null,OS,null,OS,null,OS,33.21,OK,null,OS
2020-05-23 18:00:00,41.86,OK,-0.16,BDL,null,OS,null,OS,null,OS,24.28,OK,null,OS
2020-05-23 19:00:00,36.37,OK,-0.23,BDL,null,OS,null,OS,null,OS,24.08,OK,null,OS
2020-05-23 20:00:00,33.1,OK,-0.16,BDL,null,OS,null,OS,null,OS,23.82,OK,null,OS
2020-05-23 21:00:00,33.13,OK,-0.17,BDL,null,OS,null,OS,null,OS,28.37,OK,null,OS
2020-05-23 22:00:00,32.66,OK,-0.24,BDL,null,OS,null,OS,null,OS,27.07,OK,null,OS
2020-05-23 23:00:00,31.25,OK,-0.25,BDL,null,OS,null,OS,null,OS,24.68,OK,null,OS
2020-05-24 00:00:00,26.19,OK,-0.27,BDL,null,OS,null,OS,null,OS,21.26,OK,null,OS
2020-05-24 01:00:00,21.38,OK,-0.22,BDL,null,OS,null,OS,null,OS,44.0,OK,null,OS
2020-05-24 02:00:00,25.6,OK,-0.24,BDL,null,OS,null,OS,null,OS,33.64,OK,null,OS
2020-05-24 03:00:00,22.96,OK,-0.2,BDL,null,OS,null,OS,null,OS,38.77,OK,null,OS
2020-05-24 04:00:00,23.87,OK,-0.18,BDL,null,OS,null,OS,null,OS,34.02,OK,null,OS
2020-05-24 05:00:00,23.97,OK,-0.24,BDL,null,OS,null,OS,null,OS,15.78,OK,null,OS
2020-05-24 06:00:00,26.28,OK,-0.15,BDL,null,OS,null,OS,null,OS,23.74,OK,null,OS
2020-05-24 07:00:00,39.14,OK,-0.15,BDL,null,OS,null,OS,null,OS,-5.4,OR,null,OS
2020-05-24 08:00:00,42.05,OK,-0.2,BDL,null,OS,null,OS,null,OS,94.91,OK,null,OS
2020-05-24 09:00:00,45.93,OK,-0.18,BDL,null,OS,null,OS,null,OS,43.31,OK,null,OS
2020-05-24 10:00:00,49.32,OK,-0.11,BDL,null,OS,null,OS,null,OS,21.35,OK,null,OS
2020-05-24 11:00:00,50.98,OK,-0.2,BDL,null,OS,null,OS,null,OS,18.84,OK,null,OS
2020-05-24 12:00:00,50.34,OK,-0.25,BDL,null,OS,null,OS,null,OS,7.51,OK,null,OS
2020-05-24 13:00:00,48.02,OK,-0.21,BDL,null,OS,null,OS,null,OS,26.76,OK,null,OS
2020-05-24 14:00:00,47.24,OK,-0.26,BDL,null,OS,null,OS,null,OS,33.21,OK,null,OS
2020-05-24 15:00:00,47.8,OK,-0.22,BDL,null,OS,null,OS,null,OS,27.75,OK,null,OS
2020-05-24 16:00:00,45.79,OK,-0.25,BDL,null,OS,null,OS,null,OS,20.52,OK,null,OS
2020-05-24 17:00:00,44.55,OK,-0.23,BDL,null,OS,null,OS,null,OS,28.64,OK,null,OS
2020-05-24 18:00:00,43.09,OK,-0.23,BDL,null,OS,null,OS,null,OS,25.92,OK,null,OS
2020-05-24 19:00:00,40.99,OK,-0.24,BDL,null,OS,null,OS,null,OS,48.97,OK,null,OS
2020-05-24 20:00:00,35.27,OK,-0.15,BDL,null,OS,null,OS,null,OS,26.36,OK,null,OS
2020-05-24 21:00:00,31.87,OK,-0.23,BDL,null,OS,null,OS,null,OS,33.73,OK,null,OS
2020-05-24 22:00:00,31.08,OK,-0.18,BDL,null,OS,null,OS,null,OS,40.08,OK,null,OS
2020-05-24 23:00:00,30.31,OK,-0.18,BDL,null,OS,null,OS,null,OS,33.51,OK,null,OS
2020-05-25 00:00:00,30.14,OK,-0.23,BDL,null,OS,null,OS,null,OS,31.34,OK,null,OS
2020-05-25 01:00:00,32.97,OK,-0.17,BDL,null,OS,null,OS,null,OS,25.81,OK,null,OS
2020-05-25 02:00:00,32.16,OK,-0.2,BDL,null,OS,null,OS,null,OS,16.0,OK,null,OS
2020-05-25 03:00:00,20.36,OK,-0.21,BDL,null,OS,null,OS,null,OS,36.15,OK,null,OS
2020-05-25 04:00:00,14.33,OK,-0.15,BDL,null,OS,null,OS,null,OS,38.39,OK,null,OS
2020-05-25 05:00:00,15.43,OK,-0.07,BDL,null,OS,null,OS,null,OS,31.02,OK,null,OS
2020-05-25 06:00:00,20.09,OK,-0.03,BDL,null,OS,null,OS,null,OS,34.85,OK,null,OS
2020-05-25 07:00:00,36.7,OK,-0.11,BDL,null,OS,null,OS,null,OS,18.33,OK,null,OS
2020-05-25 08:00:00,44.76,OK,-0.09,BDL,null,OS,null,OS,null,OS,26.4,OK,null,OS
2020-05-25 09:00:00,45.07,OK,-0.16,BDL,null,OS,null,OS,null,OS,41.09,OK,null,OS
2020-05-25 10:00:00,46.05,OK,-0.19,BDL,null,OS,null,OS,null,OS,26.29,OK,null,OS
2020-05-25 11:00:00,45.22,OK,-0.21,BDL,null,OS,null,OS,null,OS,31.11,OK,null,OS
2020-05-25 12:00:00,47.42,OK,-0.21,BDL,null,OS,null,OS,null,OS,18.86,OK,null,OS
2020-05-25 13:00:00,46.77,OK,-0.17,BDL,null,OS,null,OS,null,OS,37.3,OK,null,OS
2020-05-25 14:00:00,47.38,OK,-0.16,BDL,null,OS,null,OS,null,OS,30.11,OK,null,OS
2020-05-25 15:00:00,47.45,OK,-0.18,BDL,null,OS,null,OS,null,OS,26.46,OK,null,OS
2020-05-25 16:00:00,41.92,OK,-0.17,BDL,null,OS,null,OS,null,OS,44.52,OK,null,OS
2020-05-25 17:00:00,41.46,OK,-0.22,BDL,null,OS,null,OS,null,OS,43.95,OK,null,OS
2020-05-25 18:00:00,40.02,OK,-0.14,BDL,null,OS,null,OS,null,OS,20.62,OK,null,OS
2020-05-25 19:00:00,36.17,OK,-0.13,BDL,null,OS,null,OS,null,OS,18.41,OK,null,OS
2020-05-25 20:00:00,32.97,OK,-0.21,BDL,null,OS,null,OS,null,OS,38.34,OK,null,OS
2020-05-25 21:00:00,30.55,OK,-0.22,BDL,null,OS,null,OS,null,OS,38.56,OK,null,OS
2020-05-25 22:00:00,31.49,OK,-0.21,BDL,null,OS,null,OS,null,OS,24.32,OK,null,OS
2020-05-25 23:00:00,30.54,OK,-0.22,BDL,null,OS,null,OS,null,OS,28.14,OK,null,OS
2020-05-26 00:00:00,21.87,OK,-0.18,BDL,null,OS,null,OS,null,OS,48.37,OK,null,OS
2020-05-26 01:00:00,23.32,OK,-0.15,BDL,null,OS,null,OS,null,OS,43.16,OK,null,OS
2020-05-26 02:00:00,14.13,OK,-0.12,BDL,null,OS,null,OS,null,OS,52.86,OK,null,OS
2020-05-26 03:00:00,20.16,OK,0.01,BDL,null,OS,null,OS,null,OS,42.94,OK,null,OS
2020-05-26 04:00:00,18.13,OK,0.0,BDL,null,OS,null,OS,null,OS,37.28,OK,null,OS
2020-05-26 05:00:00,15.81,OK,-0.05,BDL,null,OS,null,OS,null,OS,26.89,OK,null,OS
2020-05-26 06:00:00,21.49,OK,-0.05,BDL,null,OS,null,OS,null,OS,32.57,OK,null,OS
2020-05-26 07:00:00,34.28,OK,-0.07,BDL,null,OS,null,OS,null,OS,17.0,OK,null,OS
2020-05-26 08:00:00,42.88,OK,0.01,BDL,null,OS,null,OS,null,OS,22.44,OK,null,OS
2020-05-26 09:00:00,53.85,OK,-0.03,BDL,null,OS,null,OS,null,OS,41.86,OK,null,OS
2020-05-26 10:00:00,54.41,OK,-0.01,BDL,null,OS,null,OS,null,OS,52.81,OK,null,OS
2020-05-26 11:00:00,51.08,OK,-0.05,BDL,null,OS,null,OS,null,OS,41.62,OK,null,OS
2020-05-26 12:00:00,47.61,OK,-0.12,BDL,null,OS,null,OS,null,OS,27.99,OK,null,OS
2020-05-26 13:00:00,46.76,OK,-0.15,BDL,null,OS,null,OS,null,OS,43.57,OK,null,OS
2020-05-26 14:00:00,46.7,OK,-0.15,BDL,null,OS,null,OS,null,OS,39.92,OK,null,OS
2020-05-26 15:00:00,41.53,OK,-0.1,BDL,null,OS,null,OS,null,OS,59.15,OK,null,OS
2020-05-26 16:00:00,41.58,OK,-0.14,BDL,null,OS,null,OS,null,OS,55.06,OK,null,OS
2020-05-26 17:00:00,42.36,OK,-0.17,BDL,null,OS,null,OS,null,OS,38.03,OK,null,OS
2020-05-26 18:00:00,40.39,OK,-0.1,BDL,null,OS,null,OS,null,OS,27.65,OK,null,OS
2020-05-26 19:00:00,36.55,OK,-0.21,BDL,null,OS,null,OS,null,OS,24.75,OK,null,OS
2020-05-26 20:00:00,32.22,OK,-0.17,BDL,null,OS,null,OS,null,OS,27.93,OK,null,OS
2020-05-26 21:00:00,28.51,OK,-0.21,BDL,null,OS,null,OS,null,OS,27.98,OK,null,OS
2020-05-26 22:00:00,26.33,OK,-0.22,BDL,null,OS,null,OS,null,OS,23.74,OK,null,OS
2020-05-26 23:00:00,22.85,OK,-0.2,BDL,null,OS,null,OS,null,OS,37.22,OK,null,OS
2020-05-27 00:00:00,23.96,OK,-0.21,BDL,null,OS,null,OS,null,OS,33.29,OK,null,OS
2020-05-27 01:00:00,26.56,OK,-0.17,BDL,null,OS,null,OS,null,OS,26.89,OK,null,OS
2020-05-27 02:00:00,26.68,OK,-0.19,BDL,null,OS,null,OS,null,OS,28.6,OK,null,OS
2020-05-27 03:00:00,21.78,OK,-0.17,BDL,null,OS,null,OS,null,OS,34.61,OK,null,OS
2020-05-27 04:00:00,17.61,OK,-0.19,BDL,null,OS,null,OS,null,OS,36.78,OK,null,OS
2020-05-27 05:00:00,20.53,OK,-0.24,BDL,null,OS,null,OS,null,OS,22.39,OK,null,OS
2020-05-27 06:00:00,23.47,OK,-0.19,BDL,null,OS,null,OS,null,OS,24.67,OK,null,OS
2020-05-27 07:00:00,33.32,OK,0.01,BDL,null,OS,null,OS,null,OS,26.59,OK,null,OS
2020-05-27 08:00:00,41.87,OK,-0.06,BDL,null,OS,null,OS,null,OS,3.54,BDL,null,OS
2020-05-27 09:00:00,49.29,OK,-0.09,BDL,null,OS,null,OS,null,OS,39.3,OK,null,OS
2020-05-27 10:00:00,58.2,OK,-0.09,BDL,null,OS,null,OS,null,OS,50.49,OK,null,OS
2020-05-27 11:00:00,58.75,OK,0.03,BDL,null,OS,null,OS,null,OS,60.42,OK,null,OS
2020-05-27 12:00:00,47.72,OK,0.01,BDL,null,OS,null,OS,null,OS,32.56,OK,null,OS
2020-05-27 13:00:00,43.04,OK,-0.02,BDL,null,OS,null,OS,null,OS,40.69,OK,null,OS
2020-05-27 14:00:00,40.65,OK,-0.04,BDL,null,OS,null,OS,null,OS,45.39,OK,null,OS
2020-05-27 15:00:00,37.89,OK,-0.09,BDL,null,OS,null,OS,null,OS,56.67,OK,null,OS
2020-05-27 16:00:00,33.45,OK,-0.09,BDL,null,OS,null,OS,null,OS,99.43,OK,null,OS
2020-05-27 17:00:00,35.71,OK,-0.11,BDL,null,OS,null,OS,null,OS,50.53,OK,null,OS
2020-05-27 18:00:00,36.69,OK,-0.25,BDL,null,OS,null,OS,null,OS,34.17,OK,null,OS
2020-05-27 19:00:00,31.72,OK,-0.16,BDL,null,OS,null,OS,null,OS,24.24,OK,null,OS
2020-05-27 20:00:00,22.9,OK,-0.25,BDL,null,OS,null,OS,null,OS,30.41,OK,null,OS
2020-05-27 21:00:00,19.98,OK,-0.29,BDL,null,OS,null,OS,null,OS,32.73,OK,null,OS
2020-05-27 22:00:00,18.57,OK,-0.26,BDL,null,OS,null,OS,null,OS,32.44,OK,null,OS
2020-05-27 23:00:00,19.58,OK,-0.28,BDL,null,OS,null,OS,null,OS,33.17,OK,null,OS
2020-05-28 00:00:00,22.93,OK,-0.3,BDL,null,OS,null,OS,null,OS,24.84,OK,null,OS
2020-05-28 01:00:00,22.26,OK,-0.31,BDL,null,OS,null,OS,null,OS,28.95,OK,null,OS
2020-05-28 02:00:00,13.83,OK,-0.33,BDL,null,OS,null,OS,null,OS,71.73,OK,null,OS
2020-05-28 03:00:00,12.69,OK,-0.33,BDL,null,OS,null,OS,null,OS,18.03,OK,null,OS
2020-05-28 04:00:00,12.94,OK,-0.33,BDL,null,OS,null,OS,null,OS,19.85,OK,null,OS
2020-05-28 05:00:00,18.37,OK,-0.34,BDL,null,OS,null,OS,null,OS,9.25,OK,null,OS
2020-05-28 06:00:00,24.59,OK,-0.22,BDL,null,OS,null,OS,null,OS,29.21,OK,null,OS
2020-05-28 07:00:00,30.37,OK,-0.35,BDL,null,OS,null,OS,null,OS,65.45,OK,null,OS
2020-05-28 08:00:00,37.12,OK,-0.35,BDL,null,OS,null,OS,null,OS,29.32,OK,null,OS
2020-05-28 09:00:00,41.72,OK,-0.28,BDL,null,OS,null,OS,null,OS,36.85,OK,null,OS
2020-05-28 10:00:00,51.15,OK,-0.24,BDL,null,OS,null,OS,null,OS,47.55,OK,null,OS
2020-05-28 11:00:00,53.98,OK,-0.23,BDL,null,OS,null,OS,null,OS,38.58,OK,null,OS
2020-05-28 12:00:00,55.76,OK,-0.17,BDL,null,OS,null,OS,null,OS,47.67,OK,null,OS
2020-05-28 13:00:00,47.5,OK,-0.13,BDL,null,OS,null,OS,null,OS,49.39,OK,null,OS
2020-05-28 14:00:00,39.81,OK,-0.19,BDL,null,OS,null,OS,null,OS,48.92,OK,null,OS
2020-05-28 15:00:00,35.9,OK,-0.2,BDL,null,OS,null,OS,null,OS,48.3,OK,null,OS
2020-05-28 16:00:00,30.96,OK,-0.2,BDL,null,OS,null,OS,null,OS,69.39,OK,null,OS
2020-05-28 17:00:00,30.75,OK,-0.23,BDL,null,OS,null,OS,null,OS,50.43,OK,null,OS
2020-05-28 18:00:00,29.83,OK,-0.25,BDL,null,OS,null,OS,null,OS,32.39,OK,null,OS
2020-05-28 19:00:00,26.05,OK,-0.25,BDL,null,OS,null,OS,null,OS,25.59,OK,null,OS
2020-05-28 20:00:00,19.73,OK,-0.29,BDL,null,OS,null,OS,null,OS,34.35,OK,null,OS
2020-05-28 21:00:00,17.59,OK,-0.32,BDL,null,OS,null,OS,null,OS,36.9,OK,null,OS
2020-05-28 22:00:00,19.57,OK,-0.3,BDL,null,OS,null,OS,null,OS,22.42,OK,null,OS
2020-05-28 23:00:00,21.43,OK,-0.34,BDL,null,OS,null,OS,null,OS,35.22,OK,null,OS
2020-05-29 00:00:00,17.24,OK,-0.32,BDL,null,OS,null,OS,null,OS,43.31,OK,null,OS
2020-05-29 01:00:00,13.47,OK,-0.34,BDL,null,OS,null,OS,null,OS,28.77,OK,null,OS
2020-05-29 02:00:00,14.81,OK,-0.32,BDL,null,OS,null,OS,null,OS,36.86,OK,null,OS
2020-05-29 03:00:00,15.85,OK,-0.32,BDL,null,OS,null,OS,null,OS,25.81,OK,null,OS
2020-05-29 04:00:00,11.92,OK,-0.36,BDL,null,OS,null,OS,null,OS,37.79,OK,null,OS
2020-05-29 05:00:00,14.15,OK,-0.28,BDL,null,OS,null,OS,null,OS,10.66,OK,null,OS
2020-05-29 06:00:00,18.49,OK,-0.32,BDL,null,OS,null,OS,null,OS,39.45,OK,null,OS
2020-05-29 07:00:00,20.08,OK,-0.31,BDL,null,OS,null,OS,null,OS,38.26,OK,null,OS
2020-05-29 08:00:00,28.11,OK,-0.31,BDL,null,OS,null,OS,null,OS,36.93,OK,null,OS
2020-05-29 09:00:00,39.45,OK,-0.28,BDL,null,OS,null,OS,null,OS,79.84,OK,null,OS
2020-05-29 10:00:00,44.58,OK,-0.26,BDL,null,OS,null,OS,null,OS,56.96,OK,null,OS
2020-05-29 11:00:00,43.72,OK,-0.26,BDL,null,OS,null,OS,null,OS,58.18,OK,null,OS
2020-05-29 12:00:00,41.25,OK,-0.17,BDL,null,OS,null,OS,null,OS,44.46,OK,null,OS
2020-05-29 13:00:00,40.06,OK,-0.12,BDL,null,OS,null,OS,null,OS,49.74,OK,null,OS
2020-05-29 14:00:00,39.05,OK,-0.02,BDL,null,OS,null,OS,null,OS,63.37,OK,null,OS
2020-05-29 15:00:00,33.1,OK,-0.08,BDL,null,OS,null,OS,null,OS,77.83,OK,null,OS
2020-05-29 16:00:00,29.56,OK,-0.17,BDL,null,OS,null,OS,null,OS,62.15,OK,null,OS
2020-05-29 17:00:00,29.74,OK,-0.14,BDL,null,OS,null,OS,null,OS,39.18,OK,null,OS
2020-05-29 18:00:00,27.3,OK,-0.2,BDL,null,OS,null,OS,null,OS,433.71,OK,null,OS
2020-05-29 19:00:00,22.33,OK,-0.25,BDL,null,OS,null,OS,null,OS,30.32,OK,null,OS
2020-05-29 20:00:00,18.29,OK,-0.27,BDL,null,OS,null,OS,null,OS,36.8,OK,null,OS
2020-05-29 21:00:00,15.61,OK,-0.26,BDL,null,OS,null,OS,null,OS,56.65,OK,null,OS
2020-05-29 22:00:00,15.22,OK,-0.32,BDL,null,OS,null,OS,null,OS,42.9,OK,null,OS
2020-05-29 23:00:00,12.55,OK,-0.31,BDL,null,OS,null,OS,null,OS,45.21,OK,null,OS
2020-05-30 00:00:00,13.02,OK,-0.32,BDL,null,OS,null,OS,null,OS,58.3,OK,null,OS
2020-05-30 01:00:00,16.05,OK,-0.35,BDL,null,OS,null,OS,null,OS,43.35,OK,null,OS
2020-05-30 02:00:00,17.66,OK,-0.35,BDL,null,OS,null,OS,null,OS,27.83,OK,null,OS
2020-05-30 03:00:00,21.37,OK,-0.28,BDL,null,OS,null,OS,null,OS,13.54,OK,null,OS
2020-05-30 04:00:00,18.16,OK,-0.2,BDL,null,OS,null,OS,null,OS,35.56,OK,null,OS
2020-05-30 05:00:00,21.06,OK,-0.34,BDL,null,OS,null,OS,null,OS,15.63,OK,null,OS
2020-05-30 06:00:00,25.61,OK,-0.28,BDL,null,OS,null,OS,null,OS,24.79,OK,null,OS
2020-05-30 07:00:00,30.87,OK,-0.28,BDL,null,OS,null,OS,null,OS,37.86,OK,null,OS
2020-05-30 08:00:00,36.56,OK,-0.19,BDL,null,OS,null,OS,null,OS,46.46,OK,null,OS
2020-05-30 09:00:00,38.91,OK,-0.22,BDL,null,OS,null,OS,null,OS,15.15,OK,null,OS
2020-05-30 10:00:00,40.82,OK,-0.23,BDL,null,OS,null,OS,null,OS,41.94,OK,null,OS
2020-05-30 11:00:00,49.4,OK,-0.22,BDL,null,OS,null,OS,null,OS,45.91,OK,null,OS
2020-05-30 12:00:00,44.83,OK,-0.16,BDL,null,OS,null,OS,null,OS,41.85,OK,null,OS
2020-05-30 13:00:00,38.35,OK,-0.24,BDL,null,OS,null,OS,null,OS,41.33,OK,null,OS
2020-05-30 14:00:00,34.1,OK,-0.19,BDL,null,OS,null,OS,null,OS,46.54,OK,null,OS
2020-05-30 15:00:00,33.12,OK,-0.21,BDL,null,OS,null,OS,null,OS,62.1,OK,null,OS
2020-05-30 16:00:00,31.99,OK,-0.25,BDL,null,OS,null,OS,null,OS,52.47,OK,null,OS
2020-05-30 17:00:00,33.52,OK,-0.24,BDL,null,OS,null,OS,null,OS,33.22,OK,null,OS
2020-05-30 18:00:00,28.28,OK,-0.26,BDL,null,OS,null,OS,null,OS,30.97,OK,null,OS
2020-05-30 19:00:00,24.29,OK,-0.24,BDL,null,OS,null,OS,null,OS,32.26,OK,null,OS
2020-05-30 20:00:00,20.21,OK,-0.33,BDL,null,OS,null,OS,null,OS,37.8,OK,null,OS
2020-05-30 21:00:00,17.71,OK,-0.3,BDL,null,OS,null,OS,null,OS,27.01,OK,null,OS
2020-05-30 22:00:00,16.84,OK,-0.34,BDL,null,OS,null,OS,null,OS,30.0,OK,null,OS
2020-05-30 23:00:00,15.91,OK,-0.27,BDL,null,OS,null,OS,null,OS,59.78,OK,null,OS
2020-05-31 00:00:00,18.47,OK,-0.24,BDL,null,OS,null,OS,null,OS,44.6,OK,null,OS
2020-05-31 01:00:00,17.83,OK,-0.34,BDL,null,OS,null,OS,null,OS,30.77,OK,null,OS
2020-05-31 02:00:00,17.46,OK,-0.35,BDL,null,OS,null,OS,null,OS,38.92,OK,null,OS
2020-05-31 03:00:00,14.3,OK,-0.34,BDL,null,OS,null,OS,null,OS,22.81,OK,null,OS
2020-05-31 04:00:00,16.51,OK,-0.35,BDL,null,OS,null,OS,null,OS,23.56,OK,null,OS
2020-05-31 05:00:00,17.05,OK,-0.38,BDL,null,OS,null,OS,null,OS,24.34,OK,null,OS
2020-05-31 06:00:00,21.99,OK,-0.28,BDL,null,OS,null,OS,null,OS,25.2,OK,null,OS
2020-05-31 07:00:00,24.97,OK,-0.37,BDL,null,OS,null,OS,null,OS,23.07,OK,null,OS
2020-05-31 08:00:00,29.33,OK,-0.32,BDL,null,OS,null,OS,null,OS,1.89,BDL,null,OS
2020-05-31 09:00:00,34.13,OK,-0.35,BDL,null,OS,null,OS,null,OS,53.6,OK,null,OS
2020-05-31 10:00:00,36.82,OK,-0.35,BDL,null,OS,null,OS,null,OS,45.59,OK,null,OS
2020-05-31 11:00:00,36.84,OK,-0.37,BDL,null,OS,null,OS,null,OS,53.79,OK,null,OS
2020-05-31 12:00:00,36.32,OK,-0.34,BDL,null,OS,null,OS,null,OS,48.38,OK,null,OS
2020-05-31 13:00:00,36.56,OK,-0.28,BDL,null,OS,null,OS,null,OS,43.86,OK,null,OS
2020-05-31 14:00:00,32.48,OK,-0.3,BDL,null,OS,null,OS,null,OS,33.52,OK,null,OS
2020-05-31 15:00:00,27.82,OK,-0.34,BDL,null,OS,null,OS,null,OS,70.37,OK,null,OS
2020-05-31 16:00:00,25.73,OK,-0.31,BDL,null,OS,null,OS,null,OS,71.76,OK,null,OS
2020-05-31 17:00:00,22.72,OK,-0.34,BDL,null,OS,null,OS,null,OS,47.41,OK,null,OS
2020-05-31 18:00:00,22.07,OK,-0.36,BDL,null,OS,null,OS,null,OS,34.92,OK,null,OS
2020-05-31 19:00:00,34.38,OK,-0.31,BDL,null,OS,null,OS,null,OS,75.0,OK,null,OS
2020-05-31 20:00:00,36.97,OK,-0.34,BDL,null,OS,null,OS,null,OS,31.78,OK,null,OS
2020-05-31 21:00:00,40.82,OK,-0.31,BDL,null,OS,null,OS,null,OS,15.25,OK,null,OS
2020-05-31 22:00:00,39.85,OK,-0.31,BDL,null,OS,null,OS,null,OS,6.98,OK,null,OS
2020-05-31 23:00:00,40.23,OK,-0.33,BDL,null,OS,null,OS,null,OS,9.51,OK,null,OS
