Red Universitaria de Observatorios Atmosfericos (RUOA)
Atmospheric Observatory Hermosillo (erno), Sonora
Lat 29.0814 N, Lon 110.9706 W, Alt 154 masl
Time UTC-7h
Air Quality data
Flags: OK = Reliable data, BDL = Below Detection Limit, OR = Out of Range, OS = Out of Service 
 
Time,O3,O3_flag,SO2,SO2_flag,NO2,NO2_flag,NO,NO_flag,CO,CO_flag,PM10,PM10_flag,PM2.5,PM2.5_flag
yyyy-mm-dd HH:MM:SS,ppb,flag,ppb,flag,ppb,flag,ppb,flag,ppm,flag,ug/m^3,flag,ug/m^3,flag
2020-03-01 00:00:00,7.55,OK,0.09,BDL,null,OS,null,OS,null,OS,77.51,OK,null,OS
2020-03-01 01:00:00,1.71,OK,0.17,BDL,null,OS,null,OS,null,OS,66.14,OK,null,OS
2020-03-01 02:00:00,0.97,BDL,0.44,BDL,null,OS,null,OS,null,OS,81.56,OK,null,OS
2020-03-01 03:00:00,3.01,OK,0.08,BDL,null,OS,null,OS,null,OS,47.73,OK,null,OS
2020-03-01 04:00:00,9.7,OK,-0.0,BDL,null,OS,null,OS,null,OS,42.92,OK,null,OS
2020-03-01 05:00:00,6.41,OK,0.09,BDL,null,OS,null,OS,null,OS,37.02,OK,null,OS
2020-03-01 06:00:00,11.01,OK,0.08,BDL,null,OS,null,OS,null,OS,37.6,OK,null,OS
2020-03-01 07:00:00,16.16,OK,-0.01,BDL,null,OS,null,OS,null,OS,23.9,OK,null,OS
2020-03-01 08:00:00,27.82,OK,0.06,BDL,null,OS,null,OS,null,OS,-3.27,BDL,null,OS
2020-03-01 09:00:00,36.22,OK,0.08,BDL,null,OS,null,OS,null,OS,17.92,OK,null,OS
2020-03-01 10:00:00,40.58,OK,-0.02,BDL,null,OS,null,OS,null,OS,9.0,OK,null,OS
2020-03-01 11:00:00,37.09,OK,-0.04,BDL,null,OS,null,OS,null,OS,25.77,OK,null,OS
2020-03-01 12:00:00,37.57,OK,-0.13,BDL,null,OS,null,OS,null,OS,28.56,OK,null,OS
2020-03-01 13:00:00,37.46,OK,-0.06,BDL,null,OS,null,OS,null,OS,14.5,OK,null,OS
2020-03-01 14:00:00,37.23,OK,-0.07,BDL,null,OS,null,OS,null,OS,3.91,BDL,null,OS
2020-03-01 15:00:00,36.3,OK,-0.07,BDL,null,OS,null,OS,null,OS,20.11,OK,null,OS
2020-03-01 16:00:00,34.11,OK,-0.11,BDL,null,OS,null,OS,null,OS,13.85,OK,null,OS
2020-03-01 17:00:00,29.33,OK,-0.1,BDL,null,OS,null,OS,null,OS,21.65,OK,null,OS
2020-03-01 18:00:00,25.66,OK,-0.06,BDL,null,OS,null,OS,null,OS,31.69,OK,null,OS
2020-03-01 19:00:00,23.76,OK,0.12,BDL,null,OS,null,OS,null,OS,42.81,OK,null,OS
2020-03-01 20:00:00,21.93,OK,0.03,BDL,null,OS,null,OS,null,OS,47.03,OK,null,OS
2020-03-01 21:00:00,21.8,OK,0.04,BDL,null,OS,null,OS,null,OS,36.57,OK,null,OS
2020-03-01 22:00:00,24.16,OK,-0.05,BDL,null,OS,null,OS,null,OS,24.79,OK,null,OS
2020-03-01 23:00:00,27.44,OK,-0.12,BDL,null,OS,null,OS,null,OS,26.35,OK,null,OS
2020-03-02 00:00:00,35.35,OK,-0.17,BDL,null,OS,null,OS,null,OS,17.02,OK,null,OS
2020-03-02 01:00:00,36.61,OK,-0.11,BDL,null,OS,null,OS,null,OS,17.26,OK,null,OS
2020-03-02 02:00:00,35.45,OK,-0.18,BDL,null,OS,null,OS,null,OS,-4.26,OR,null,OS
2020-03-02 03:00:00,35.38,OK,-0.1,BDL,null,OS,null,OS,null,OS,24.33,OK,null,OS
2020-03-02 04:00:00,35.76,OK,-0.12,BDL,null,OS,null,OS,null,OS,30.12,OK,null,OS
2020-03-02 05:00:00,29.43,OK,-0.14,BDL,null,OS,null,OS,null,OS,14.93,OK,null,OS
2020-03-02 06:00:00,23.7,OK,-0.11,BDL,null,OS,null,OS,null,OS,24.84,OK,null,OS
2020-03-02 07:00:00,30.02,OK,-0.08,BDL,null,OS,null,OS,null,OS,38.72,OK,null,OS
2020-03-02 08:00:00,31.62,OK,-0.1,BDL,null,OS,null,OS,null,OS,50.89,OK,null,OS
2020-03-02 09:00:00,32.24,OK,-0.1,BDL,null,OS,null,OS,null,OS,47.08,OK,null,OS
2020-03-02 10:00:00,29.04,OK,-0.15,BDL,null,OS,null,OS,null,OS,34.06,OK,null,OS
2020-03-02 11:00:00,27.8,OK,-0.11,BDL,null,OS,null,OS,null,OS,27.08,OK,null,OS
2020-03-02 12:00:00,26.82,OK,-0.13,BDL,null,OS,null,OS,null,OS,29.01,OK,null,OS
2020-03-02 13:00:00,28.91,OK,-0.11,BDL,null,OS,null,OS,null,OS,23.81,OK,null,OS
2020-03-02 14:00:00,32.3,OK,-0.13,BDL,null,OS,null,OS,null,OS,18.55,OK,null,OS
2020-03-02 15:00:00,34.5,OK,-0.15,BDL,null,OS,null,OS,null,OS,21.94,OK,null,OS
2020-03-02 16:00:00,35.91,OK,-0.13,BDL,null,OS,null,OS,null,OS,13.48,OK,null,OS
2020-03-02 17:00:00,29.1,OK,-0.14,BDL,null,OS,null,OS,null,OS,29.91,OK,null,OS
2020-03-02 18:00:00,19.63,OK,-0.06,BDL,null,OS,null,OS,null,OS,30.58,OK,null,OS
2020-03-02 19:00:00,34.14,OK,-0.17,BDL,null,OS,null,OS,null,OS,152.42,OK,null,OS
2020-03-02 20:00:00,43.99,OK,-0.17,BDL,null,OS,null,OS,null,OS,98.37,OK,null,OS
2020-03-02 21:00:00,42.03,OK,-0.22,BDL,null,OS,null,OS,null,OS,-14.18,OR,null,OS
2020-03-02 22:00:00,42.96,OK,-0.25,BDL,null,OS,null,OS,null,OS,-13.89,OR,null,OS
2020-03-02 23:00:00,40.73,OK,-0.26,BDL,null,OS,null,OS,null,OS,-27.99,OR,null,OS
2020-03-03 00:00:00,36.46,OK,-0.25,BDL,null,OS,null,OS,null,OS,-9.37,OR,null,OS
2020-03-03 01:00:00,38.15,OK,-0.29,BDL,null,OS,null,OS,null,OS,-9.56,OR,null,OS
2020-03-03 02:00:00,37.5,OK,-0.31,BDL,null,OS,null,OS,null,OS,-16.11,OR,null,OS
2020-03-03 03:00:00,40.42,OK,-0.29,BDL,null,OS,null,OS,null,OS,-14.52,OR,null,OS
2020-03-03 04:00:00,38.58,OK,-0.31,BDL,null,OS,null,OS,null,OS,-7.71,OR,null,OS
2020-03-03 05:00:00,30.54,OK,-0.32,BDL,null,OS,null,OS,null,OS,-7.86,OR,null,OS
2020-03-03 06:00:00,16.86,OK,-0.28,BDL,null,OS,null,OS,null,OS,-2.44,BDL,null,OS
2020-03-03 07:00:00,16.11,OK,-0.17,BDL,null,OS,null,OS,null,OS,1.34,BDL,null,OS
2020-03-03 08:00:00,24.37,OK,-0.09,BDL,null,OS,null,OS,null,OS,18.03,OK,null,OS
2020-03-03 09:00:00,37.83,OK,-0.18,BDL,null,OS,null,OS,null,OS,48.03,OK,null,OS
2020-03-03 10:00:00,42.44,OK,-0.17,BDL,null,OS,null,OS,null,OS,62.15,OK,null,OS
2020-03-03 11:00:00,41.92,OK,-0.21,BDL,null,OS,null,OS,null,OS,37.7,OK,null,OS
2020-03-03 12:00:00,43.66,OK,-0.17,BDL,null,OS,null,OS,null,OS,29.62,OK,null,OS
2020-03-03 13:00:00,46.06,OK,-0.16,BDL,null,OS,null,OS,null,OS,11.67,OK,null,OS
2020-03-03 14:00:00,37.78,OK,-0.12,BDL,null,OS,null,OS,null,OS,20.48,OK,null,OS
2020-03-03 15:00:00,38.52,OK,-0.17,BDL,null,OS,null,OS,null,OS,2.47,BDL,null,OS
2020-03-03 16:00:00,33.87,OK,-0.2,BDL,null,OS,null,OS,null,OS,19.03,OK,null,OS
2020-03-03 17:00:00,34.14,OK,-0.17,BDL,null,OS,null,OS,null,OS,14.85,OK,null,OS
2020-03-03 18:00:00,23.31,OK,-0.15,BDL,null,OS,null,OS,null,OS,40.69,OK,null,OS
2020-03-03 19:00:00,25.85,OK,-0.19,BDL,null,OS,null,OS,null,OS,22.83,OK,null,OS
2020-03-03 20:00:00,23.04,OK,-0.23,BDL,null,OS,null,OS,null,OS,9.47,OK,null,OS
2020-03-03 21:00:00,17.06,OK,-0.19,BDL,null,OS,null,OS,null,OS,7.7,OK,null,OS
2020-03-03 22:00:00,14.03,OK,-0.21,BDL,null,OS,null,OS,null,OS,-0.27,BDL,null,OS
2020-03-03 23:00:00,8.32,OK,-0.15,BDL,null,OS,null,OS,null,OS,17.04,OK,null,OS
2020-03-04 00:00:00,7.83,OK,-0.2,BDL,null,OS,null,OS,null,OS,11.7,OK,null,OS
2020-03-04 01:00:00,10.95,OK,-0.25,BDL,null,OS,null,OS,null,OS,8.12,OK,null,OS
2020-03-04 02:00:00,12.98,OK,-0.19,BDL,null,OS,null,OS,null,OS,0.1,BDL,null,OS
2020-03-04 03:00:00,21.04,OK,-0.26,BDL,null,OS,null,OS,null,OS,-1.58,BDL,null,OS
2020-03-04 04:00:00,18.05,OK,-0.27,BDL,null,OS,null,OS,null,OS,-10.44,OR,null,OS
2020-03-04 05:00:00,7.18,OK,-0.23,BDL,null,OS,null,OS,null,OS,4.06,OK,null,OS
2020-03-04 06:00:00,7.76,OK,-0.15,BDL,null,OS,null,OS,null,OS,15.38,OK,null,OS
2020-03-04 07:00:00,23.74,OK,-0.22,BDL,null,OS,null,OS,null,OS,20.82,OK,null,OS
2020-03-04 08:00:00,31.53,OK,-0.2,BDL,null,OS,null,OS,null,OS,32.28,OK,null,OS
2020-03-04 09:00:00,36.69,OK,-0.21,BDL,null,OS,null,OS,null,OS,48.17,OK,null,OS
2020-03-04 10:00:00,40.04,OK,-0.16,BDL,null,OS,null,OS,null,OS,19.23,OK,null,OS
2020-03-04 11:00:00,46.9,OK,-0.16,BDL,null,OS,null,OS,null,OS,20.82,OK,null,OS
2020-03-04 12:00:00,51.18,OK,-0.15,BDL,null,OS,null,OS,null,OS,20.78,OK,null,OS
2020-03-04 13:00:00,50.33,OK,-0.13,BDL,null,OS,null,OS,null,OS,22.25,OK,null,OS
2020-03-04 14:00:00,48.83,OK,-0.19,BDL,null,OS,null,OS,null,OS,27.42,OK,null,OS
2020-03-04 15:00:00,42.59,OK,-0.19,BDL,null,OS,null,OS,null,OS,30.01,OK,null,OS
2020-03-04 16:00:00,38.56,OK,-0.17,BDL,null,OS,null,OS,null,OS,22.17,OK,null,OS
2020-03-04 17:00:00,27.09,OK,-0.14,BDL,null,OS,null,OS,null,OS,34.85,OK,null,OS
2020-03-04 18:00:00,13.37,OK,-0.1,BDL,null,OS,null,OS,null,OS,39.46,OK,null,OS
2020-03-04 19:00:00,7.11,OK,-0.08,BDL,null,OS,null,OS,null,OS,54.75,OK,null,OS
2020-03-04 20:00:00,18.88,OK,-0.14,BDL,null,OS,null,OS,null,OS,59.62,OK,null,OS
2020-03-04 21:00:00,13.97,OK,-0.13,BDL,null,OS,null,OS,null,OS,44.8,OK,null,OS
2020-03-04 22:00:00,6.33,OK,-0.05,BDL,null,OS,null,OS,null,OS,53.0,OK,null,OS
2020-03-04 23:00:00,12.51,OK,-0.2,BDL,null,OS,null,OS,null,OS,53.35,OK,null,OS
2020-03-05 00:00:00,24.51,OK,-0.23,BDL,null,OS,null,OS,null,OS,14.07,OK,null,OS
2020-03-05 01:00:00,38.92,OK,-0.22,BDL,null,OS,null,OS,null,OS,0.29,BDL,null,OS
2020-03-05 02:00:00,28.13,OK,-0.29,BDL,null,OS,null,OS,null,OS,4.32,OK,null,OS
2020-03-05 03:00:00,21.15,OK,-0.26,BDL,null,OS,null,OS,null,OS,20.75,OK,null,OS
2020-03-05 04:00:00,14.9,OK,-0.29,BDL,null,OS,null,OS,null,OS,10.52,OK,null,OS
2020-03-05 05:00:00,7.11,OK,-0.18,BDL,null,OS,null,OS,null,OS,2.46,BDL,null,OS
2020-03-05 06:00:00,4.17,OK,-0.08,BDL,null,OS,null,OS,null,OS,23.53,OK,null,OS
2020-03-05 07:00:00,12.38,OK,0.06,BDL,null,OS,null,OS,null,OS,23.86,OK,null,OS
2020-03-05 08:00:00,31.29,OK,-0.12,BDL,null,OS,null,OS,null,OS,35.88,OK,null,OS
2020-03-05 09:00:00,34.63,OK,-0.08,BDL,null,OS,null,OS,null,OS,15.61,OK,null,OS
2020-03-05 10:00:00,40.37,OK,0.0,BDL,null,OS,null,OS,null,OS,14.66,OK,null,OS
2020-03-05 11:00:00,43.83,OK,-0.14,BDL,null,OS,null,OS,null,OS,10.43,OK,null,OS
2020-03-05 12:00:00,42.09,OK,-0.2,BDL,null,OS,null,OS,null,OS,11.3,OK,null,OS
2020-03-05 13:00:00,40.83,OK,-0.2,BDL,null,OS,null,OS,null,OS,10.74,OK,null,OS
2020-03-05 14:00:00,44.77,OK,-0.27,BDL,null,OS,null,OS,null,OS,-5.2,OR,null,OS
2020-03-05 15:00:00,43.51,OK,-0.23,BDL,null,OS,null,OS,null,OS,9.9,OK,null,OS
2020-03-05 16:00:00,41.16,OK,-0.22,BDL,null,OS,null,OS,null,OS,17.02,OK,null,OS
2020-03-05 17:00:00,8.45,OK,0.12,BDL,null,OS,null,OS,null,OS,29.85,OK,null,OS
2020-03-05 18:00:00,23.89,OK,-0.03,BDL,null,OS,null,OS,null,OS,70.04,OK,null,OS
2020-03-05 19:00:00,28.38,OK,-0.13,BDL,null,OS,null,OS,null,OS,29.24,OK,null,OS
2020-03-05 20:00:00,23.45,OK,-0.18,BDL,null,OS,null,OS,null,OS,45.55,OK,null,OS
2020-03-05 21:00:00,24.52,OK,0.08,BDL,null,OS,null,OS,null,OS,52.44,OK,null,OS
2020-03-05 22:00:00,22.74,OK,-0.14,BDL,null,OS,null,OS,null,OS,36.9,OK,null,OS
2020-03-05 23:00:00,14.79,OK,0.01,BDL,null,OS,null,OS,null,OS,48.31,OK,null,OS
2020-03-06 00:00:00,17.63,OK,-0.19,BDL,null,OS,null,OS,null,OS,34.87,OK,null,OS
2020-03-06 01:00:00,24.65,OK,-0.23,BDL,null,OS,null,OS,null,OS,17.06,OK,null,OS
2020-03-06 02:00:00,21.6,OK,-0.25,BDL,null,OS,null,OS,null,OS,18.87,OK,null,OS
2020-03-06 03:00:00,15.76,OK,-0.22,BDL,null,OS,null,OS,null,OS,23.38,OK,null,OS
2020-03-06 04:00:00,25.93,OK,-0.19,BDL,null,OS,null,OS,null,OS,4.79,OK,null,OS
2020-03-06 05:00:00,13.84,OK,-0.19,BDL,null,OS,null,OS,null,OS,14.58,OK,null,OS
2020-03-06 06:00:00,3.15,OK,0.0,BDL,null,OS,null,OS,null,OS,68.11,OK,null,OS
2020-03-06 07:00:00,11.83,OK,-0.12,BDL,null,OS,null,OS,null,OS,39.37,OK,null,OS
2020-03-06 08:00:00,24.6,OK,-0.08,BDL,null,OS,null,OS,null,OS,21.26,OK,null,OS
2020-03-06 09:00:00,34.49,OK,-0.16,BDL,null,OS,null,OS,null,OS,11.31,OK,null,OS
2020-03-06 10:00:00,38.55,OK,-0.2,BDL,null,OS,null,OS,null,OS,8.62,OK,null,OS
2020-03-06 11:00:00,41.29,OK,-0.17,BDL,null,OS,null,OS,null,OS,8.09,OK,null,OS
2020-03-06 12:00:00,42.33,OK,-0.17,BDL,null,OS,null,OS,null,OS,16.41,OK,null,OS
2020-03-06 13:00:00,43.01,OK,-0.12,BDL,null,OS,null,OS,null,OS,19.63,OK,null,OS
2020-03-06 14:00:00,44.02,OK,-0.17,BDL,null,OS,null,OS,null,OS,30.98,OK,null,OS
2020-03-06 15:00:00,40.36,OK,-0.17,BDL,null,OS,null,OS,null,OS,28.22,OK,null,OS
2020-03-06 16:00:00,36.23,OK,-0.2,BDL,null,OS,null,OS,null,OS,29.3,OK,null,OS
2020-03-06 17:00:00,30.15,OK,-0.2,BDL,null,OS,null,OS,null,OS,30.31,OK,null,OS
2020-03-06 18:00:00,23.95,OK,-0.08,BDL,null,OS,null,OS,null,OS,31.23,OK,null,OS
2020-03-06 19:00:00,21.58,OK,-0.1,BDL,null,OS,null,OS,null,OS,45.45,OK,null,OS
2020-03-06 20:00:00,11.08,OK,-0.03,BDL,null,OS,null,OS,null,OS,56.05,OK,null,OS
2020-03-06 21:00:00,4.92,OK,0.07,BDL,null,OS,null,OS,null,OS,63.4,OK,null,OS
2020-03-06 22:00:00,7.2,OK,-0.11,BDL,null,OS,null,OS,null,OS,64.18,OK,null,OS
2020-03-06 23:00:00,1.64,OK,-0.04,BDL,null,OS,null,OS,null,OS,63.52,OK,null,OS
2020-03-07 00:00:00,0.74,BDL,0.16,BDL,null,OS,null,OS,null,OS,120.55,OK,null,OS
2020-03-07 01:00:00,0.59,BDL,0.1,BDL,null,OS,null,OS,null,OS,92.58,OK,null,OS
2020-03-07 02:00:00,3.91,OK,-0.12,BDL,null,OS,null,OS,null,OS,59.79,OK,null,OS
2020-03-07 03:00:00,10.09,OK,-0.18,BDL,null,OS,null,OS,null,OS,32.03,OK,null,OS
2020-03-07 04:00:00,17.74,OK,-0.2,BDL,null,OS,null,OS,null,OS,16.49,OK,null,OS
2020-03-07 05:00:00,9.7,OK,-0.24,BDL,null,OS,null,OS,null,OS,18.12,OK,null,OS
2020-03-07 06:00:00,9.05,OK,-0.22,BDL,null,OS,null,OS,null,OS,10.71,OK,null,OS
2020-03-07 07:00:00,16.67,OK,-0.11,BDL,null,OS,null,OS,null,OS,26.48,OK,null,OS
2020-03-07 08:00:00,28.89,OK,-0.16,BDL,null,OS,null,OS,null,OS,18.89,OK,null,OS
2020-03-07 09:00:00,34.46,OK,-0.15,BDL,null,OS,null,OS,null,OS,4.45,OK,null,OS
2020-03-07 10:00:00,37.75,OK,-0.22,BDL,null,OS,null,OS,null,OS,10.59,OK,null,OS
2020-03-07 11:00:00,42.02,OK,-0.23,BDL,null,OS,null,OS,null,OS,7.06,OK,null,OS
2020-03-07 12:00:00,40.9,OK,-0.2,BDL,null,OS,null,OS,null,OS,30.36,OK,null,OS
2020-03-07 13:00:00,43.06,OK,-0.2,BDL,null,OS,null,OS,null,OS,15.84,OK,null,OS
2020-03-07 14:00:00,41.21,OK,-0.24,BDL,null,OS,null,OS,null,OS,10.29,OK,null,OS
2020-03-07 15:00:00,36.07,OK,-0.2,BDL,null,OS,null,OS,null,OS,40.37,OK,null,OS
2020-03-07 16:00:00,34.0,OK,-0.2,BDL,null,OS,null,OS,null,OS,36.01,OK,null,OS
2020-03-07 17:00:00,31.14,OK,-0.18,BDL,null,OS,null,OS,null,OS,33.54,OK,null,OS
2020-03-07 18:00:00,26.5,OK,-0.19,BDL,null,OS,null,OS,null,OS,42.56,OK,null,OS
2020-03-07 19:00:00,21.34,OK,-0.14,BDL,null,OS,null,OS,null,OS,38.74,OK,null,OS
2020-03-07 20:00:00,6.29,OK,-0.19,BDL,null,OS,null,OS,null,OS,48.38,OK,null,OS
2020-03-07 21:00:00,26.92,OK,-0.17,BDL,null,OS,null,OS,null,OS,40.67,OK,null,OS
2020-03-07 22:00:00,34.78,OK,-0.21,BDL,null,OS,null,OS,null,OS,19.48,OK,null,OS
2020-03-07 23:00:00,35.0,OK,-0.27,BDL,null,OS,null,OS,null,OS,20.07,OK,null,OS
2020-03-08 00:00:00,36.49,OK,-0.28,BDL,null,OS,null,OS,null,OS,-6.53,OR,null,OS
2020-03-08 01:00:00,33.28,OK,-0.21,BDL,null,OS,null,OS,null,OS,12.14,OK,null,OS
2020-03-08 02:00:00,26.63,OK,-0.29,BDL,null,OS,null,OS,null,OS,16.12,OK,null,OS
2020-03-08 03:00:00,27.38,OK,-0.31,BDL,null,OS,null,OS,null,OS,0.17,BDL,null,OS
2020-03-08 04:00:00,27.77,OK,-0.32,BDL,null,OS,null,OS,null,OS,17.5,OK,null,OS
2020-03-08 05:00:00,23.94,OK,-0.3,BDL,null,OS,null,OS,null,OS,16.26,OK,null,OS
2020-03-08 06:00:00,15.68,OK,-0.26,BDL,null,OS,null,OS,null,OS,15.7,OK,null,OS
2020-03-08 07:00:00,16.54,OK,-0.29,BDL,null,OS,null,OS,null,OS,29.84,OK,null,OS
2020-03-08 08:00:00,19.79,OK,-0.37,BDL,null,OS,null,OS,null,OS,-12.29,OR,null,OS
2020-03-08 09:00:00,17.4,OK,-0.3,BDL,null,OS,null,OS,null,OS,-5.8,OR,null,OS
2020-03-08 10:00:00,22.85,OK,-0.31,BDL,null,OS,null,OS,null,OS,5.59,OK,null,OS
2020-03-08 11:00:00,26.82,OK,-0.32,BDL,null,OS,null,OS,null,OS,2.58,BDL,null,OS
2020-03-08 12:00:00,24.36,OK,-0.33,BDL,null,OS,null,OS,null,OS,5.37,OK,null,OS
2020-03-08 13:00:00,24.03,OK,-0.34,BDL,null,OS,null,OS,null,OS,20.91,OK,null,OS
2020-03-08 14:00:00,22.53,OK,-0.39,BDL,null,OS,null,OS,null,OS,3.81,BDL,null,OS
2020-03-08 15:00:00,24.45,OK,-0.35,BDL,null,OS,null,OS,null,OS,8.08,OK,null,OS
2020-03-08 16:00:00,24.03,OK,-0.3,BDL,null,OS,null,OS,null,OS,18.1,OK,null,OS
2020-03-08 17:00:00,14.66,OK,-0.3,BDL,null,OS,null,OS,null,OS,33.04,OK,null,OS
2020-03-08 18:00:00,13.05,OK,-0.31,BDL,null,OS,null,OS,null,OS,20.47,OK,null,OS
2020-03-08 19:00:00,14.38,OK,-0.33,BDL,null,OS,null,OS,null,OS,15.44,OK,null,OS
2020-03-08 20:00:00,16.52,OK,-0.37,BDL,null,OS,null,OS,null,OS,-0.66,BDL,null,OS
2020-03-08 21:00:00,14.14,OK,-0.41,BDL,null,OS,null,OS,null,OS,4.52,OK,null,OS
2020-03-08 22:00:00,16.58,OK,-0.42,BDL,null,OS,null,OS,null,OS,-0.82,BDL,null,OS
2020-03-08 23:00:00,17.95,OK,-0.39,BDL,null,OS,null,OS,null,OS,-0.84,BDL,null,OS
2020-03-09 00:00:00,16.27,OK,-0.39,BDL,null,OS,null,OS,null,OS,2.81,BDL,null,OS
2020-03-09 01:00:00,17.17,OK,-0.43,BDL,null,OS,null,OS,null,OS,0.41,BDL,null,OS
2020-03-09 02:00:00,13.26,OK,-0.42,BDL,null,OS,null,OS,null,OS,1.42,BDL,null,OS
2020-03-09 03:00:00,8.21,OK,-0.45,BDL,null,OS,null,OS,null,OS,7.66,OK,null,OS
2020-03-09 04:00:00,9.92,OK,-0.42,BDL,null,OS,null,OS,null,OS,3.65,BDL,null,OS
2020-03-09 05:00:00,6.39,OK,-0.36,BDL,null,OS,null,OS,null,OS,13.43,OK,null,OS
2020-03-09 06:00:00,2.53,OK,-0.26,BDL,null,OS,null,OS,null,OS,8.6,OK,null,OS
2020-03-09 07:00:00,2.76,OK,-0.18,BDL,null,OS,null,OS,null,OS,20.54,OK,null,OS
2020-03-09 08:00:00,5.98,OK,-0.3,BDL,null,OS,null,OS,null,OS,42.71,OK,null,OS
2020-03-09 09:00:00,12.45,OK,-0.3,BDL,null,OS,null,OS,null,OS,13.02,OK,null,OS
2020-03-09 10:00:00,21.11,OK,-0.35,BDL,null,OS,null,OS,null,OS,-1.35,BDL,null,OS
2020-03-09 11:00:00,28.45,OK,-0.37,BDL,null,OS,null,OS,null,OS,18.72,OK,null,OS
2020-03-09 12:00:00,32.78,OK,-0.36,BDL,null,OS,null,OS,null,OS,12.54,OK,null,OS
2020-03-09 13:00:00,32.83,OK,-0.43,BDL,null,OS,null,OS,null,OS,21.71,OK,null,OS
2020-03-09 14:00:00,30.71,OK,-0.37,BDL,null,OS,null,OS,null,OS,17.63,OK,null,OS
2020-03-09 15:00:00,27.34,OK,-0.37,BDL,null,OS,null,OS,null,OS,32.89,OK,null,OS
2020-03-09 16:00:00,22.86,OK,-0.34,BDL,null,OS,null,OS,null,OS,21.67,OK,null,OS
2020-03-09 17:00:00,22.54,OK,-0.34,BDL,null,OS,null,OS,null,OS,24.43,OK,null,OS
2020-03-09 18:00:00,13.19,OK,-0.3,BDL,null,OS,null,OS,null,OS,30.85,OK,null,OS
2020-03-09 19:00:00,7.86,OK,-0.29,BDL,null,OS,null,OS,null,OS,40.76,OK,null,OS
2020-03-09 20:00:00,8.42,OK,-0.38,BDL,null,OS,null,OS,null,OS,41.33,OK,null,OS
2020-03-09 21:00:00,2.51,OK,-0.3,BDL,null,OS,null,OS,null,OS,37.21,OK,null,OS
2020-03-09 22:00:00,0.59,BDL,-0.28,BDL,null,OS,null,OS,null,OS,51.95,OK,null,OS
2020-03-09 23:00:00,12.19,OK,-0.31,BDL,null,OS,null,OS,null,OS,23.94,OK,null,OS
2020-03-10 00:00:00,16.77,OK,-0.35,BDL,null,OS,null,OS,null,OS,17.24,OK,null,OS
2020-03-10 01:00:00,18.76,OK,-0.39,BDL,null,OS,null,OS,null,OS,-3.48,BDL,null,OS
2020-03-10 02:00:00,18.54,OK,-0.39,BDL,null,OS,null,OS,null,OS,20.67,OK,null,OS
2020-03-10 03:00:00,23.18,OK,-0.37,BDL,null,OS,null,OS,null,OS,17.39,OK,null,OS
2020-03-10 04:00:00,13.91,OK,-0.38,BDL,null,OS,null,OS,null,OS,-14.35,OR,null,OS
2020-03-10 05:00:00,3.12,OK,-0.32,BDL,null,OS,null,OS,null,OS,35.31,OK,null,OS
2020-03-10 06:00:00,3.12,OK,-0.23,BDL,null,OS,null,OS,null,OS,48.85,OK,null,OS
2020-03-10 07:00:00,7.36,OK,-0.29,BDL,null,OS,null,OS,null,OS,10.87,OK,null,OS
2020-03-10 08:00:00,11.45,OK,-0.31,BDL,null,OS,null,OS,null,OS,9.91,OK,null,OS
2020-03-10 09:00:00,14.68,OK,-0.38,BDL,null,OS,null,OS,null,OS,18.61,OK,null,OS
2020-03-10 10:00:00,20.28,OK,-0.4,BDL,null,OS,null,OS,null,OS,3.34,BDL,null,OS
2020-03-10 11:00:00,24.42,OK,-0.34,BDL,null,OS,null,OS,null,OS,13.31,OK,null,OS
2020-03-10 12:00:00,26.72,OK,-0.39,BDL,null,OS,null,OS,null,OS,1.35,BDL,null,OS
2020-03-10 13:00:00,24.51,OK,-0.36,BDL,null,OS,null,OS,null,OS,15.03,OK,null,OS
2020-03-10 14:00:00,21.32,OK,-0.34,BDL,null,OS,null,OS,null,OS,54.46,OK,null,OS
2020-03-10 15:00:00,17.52,OK,-0.19,BDL,null,OS,null,OS,null,OS,54.87,OK,null,OS
2020-03-10 16:00:00,21.28,OK,-0.31,BDL,null,OS,null,OS,null,OS,51.59,OK,null,OS
2020-03-10 17:00:00,12.47,OK,-0.33,BDL,null,OS,null,OS,null,OS,37.07,OK,null,OS
2020-03-10 18:00:00,1.02,OK,-0.2,BDL,null,OS,null,OS,null,OS,65.43,OK,null,OS
2020-03-10 19:00:00,0.27,BDL,-0.16,BDL,null,OS,null,OS,null,OS,72.32,OK,null,OS
2020-03-10 20:00:00,9.92,OK,-0.29,BDL,null,OS,null,OS,null,OS,37.33,OK,null,OS
2020-03-10 21:00:00,4.41,OK,-0.14,BDL,null,OS,null,OS,null,OS,73.99,OK,null,OS
2020-03-10 22:00:00,10.93,OK,-0.3,BDL,null,OS,null,OS,null,OS,15.17,OK,null,OS
2020-03-10 23:00:00,7.97,OK,-0.3,BDL,null,OS,null,OS,null,OS,8.64,OK,null,OS
2020-03-11 00:00:00,6.46,OK,-0.35,BDL,null,OS,null,OS,null,OS,36.15,OK,null,OS
2020-03-11 01:00:00,8.31,OK,-0.35,BDL,null,OS,null,OS,null,OS,6.3,OK,null,OS
2020-03-11 02:00:00,2.91,OK,-0.31,BDL,null,OS,null,OS,null,OS,3.72,BDL,null,OS
2020-03-11 03:00:00,5.52,OK,-0.32,BDL,null,OS,null,OS,null,OS,25.84,OK,null,OS
2020-03-11 04:00:00,4.34,OK,-0.35,BDL,null,OS,null,OS,null,OS,4.39,OK,null,OS
2020-03-11 05:00:00,0.33,BDL,-0.33,BDL,null,OS,null,OS,null,OS,7.47,OK,null,OS
2020-03-11 06:00:00,0.52,BDL,-0.15,BDL,null,OS,null,OS,null,OS,45.46,OK,null,OS
2020-03-11 07:00:00,5.19,OK,-0.22,BDL,null,OS,null,OS,null,OS,17.72,OK,null,OS
2020-03-11 08:00:00,13.83,OK,-0.36,BDL,null,OS,null,OS,null,OS,21.49,OK,null,OS
2020-03-11 09:00:00,17.78,OK,-0.35,BDL,null,OS,null,OS,null,OS,-7.99,OR,null,OS
2020-03-11 10:00:00,23.43,OK,-0.36,BDL,null,OS,null,OS,null,OS,12.08,OK,null,OS
2020-03-11 11:00:00,25.57,OK,-0.31,BDL,null,OS,null,OS,null,OS,20.15,OK,null,OS
2020-03-11 12:00:00,26.79,OK,-0.31,BDL,null,OS,null,OS,null,OS,30.14,OK,null,OS
2020-03-11 13:00:00,28.9,OK,-0.31,BDL,null,OS,null,OS,null,OS,20.62,OK,null,OS
2020-03-11 14:00:00,25.86,OK,-0.33,BDL,null,OS,null,OS,null,OS,18.6,OK,null,OS
2020-03-11 15:00:00,21.56,OK,-0.28,BDL,null,OS,null,OS,null,OS,26.12,OK,null,OS
2020-03-11 16:00:00,18.01,OK,-0.35,BDL,null,OS,null,OS,null,OS,36.19,OK,null,OS
2020-03-11 17:00:00,15.62,OK,-0.33,BDL,null,OS,null,OS,null,OS,22.72,OK,null,OS
2020-03-11 18:00:00,10.31,OK,-0.29,BDL,null,OS,null,OS,null,OS,9.49,OK,null,OS
2020-03-11 19:00:00,9.65,OK,-0.3,BDL,null,OS,null,OS,null,OS,8.6,OK,null,OS
2020-03-11 20:00:00,10.63,OK,-0.33,BDL,null,OS,null,OS,null,OS,5.16,OK,null,OS
2020-03-11 21:00:00,7.63,OK,-0.35,BDL,null,OS,null,OS,null,OS,14.86,OK,null,OS
2020-03-11 22:00:00,6.89,OK,-0.35,BDL,null,OS,null,OS,null,OS,6.04,OK,null,OS
2020-03-11 23:00:00,9.69,OK,-0.4,BDL,null,OS,null,OS,null,OS,3.9,BDL,null,OS
2020-03-12 00:00:00,7.8,OK,-0.4,BDL,null,OS,null,OS,null,OS,-3.85,BDL,null,OS
2020-03-12 01:00:00,10.27,OK,-0.37,BDL,null,OS,null,OS,null,OS,9.77,OK,null,OS
2020-03-12 02:00:00,15.58,OK,-0.42,BDL,null,OS,null,OS,null,OS,-3.68,BDL,null,OS
2020-03-12 03:00:00,15.04,OK,-0.39,BDL,null,OS,null,OS,null,OS,1.58,BDL,null,OS
2020-03-12 04:00:00,15.08,OK,-0.42,BDL,null,OS,null,OS,null,OS,7.3,OK,null,OS
2020-03-12 05:00:00,7.91,OK,-0.41,BDL,null,OS,null,OS,null,OS,-4.47,OR,null,OS
2020-03-12 06:00:00,1.76,OK,-0.35,BDL,null,OS,null,OS,null,OS,11.62,OK,null,OS
2020-03-12 07:00:00,8.53,OK,-0.33,BDL,null,OS,null,OS,null,OS,8.1,OK,null,OS
2020-03-12 08:00:00,16.78,OK,-0.4,BDL,null,OS,null,OS,null,OS,8.08,OK,null,OS
2020-03-12 09:00:00,16.99,OK,-0.4,BDL,null,OS,null,OS,null,OS,-6.81,OR,null,OS
2020-03-12 10:00:00,13.85,OK,-0.37,BDL,null,OS,null,OS,null,OS,2.56,BDL,null,OS
2020-03-12 11:00:00,12.75,OK,-0.35,BDL,null,OS,null,OS,null,OS,6.72,OK,null,OS
2020-03-12 12:00:00,15.07,OK,-0.39,BDL,null,OS,null,OS,null,OS,10.14,OK,null,OS
2020-03-12 13:00:00,15.84,OK,-0.36,BDL,null,OS,null,OS,null,OS,9.76,OK,null,OS
2020-03-12 14:00:00,16.76,OK,-0.29,BDL,null,OS,null,OS,null,OS,-7.23,OR,null,OS
2020-03-12 15:00:00,16.54,OK,-0.42,BDL,null,OS,null,OS,null,OS,23.03,OK,null,OS
2020-03-12 16:00:00,13.77,OK,-0.38,BDL,null,OS,null,OS,null,OS,-5.67,OR,null,OS
2020-03-12 17:00:00,7.23,OK,-0.35,BDL,null,OS,null,OS,null,OS,5.37,OK,null,OS
2020-03-12 18:00:00,13.59,OK,-0.38,BDL,null,OS,null,OS,null,OS,6.07,OK,null,OS
2020-03-12 19:00:00,13.74,OK,-0.37,BDL,null,OS,null,OS,null,OS,-1.06,BDL,null,OS
2020-03-12 20:00:00,13.61,OK,-0.4,BDL,null,OS,null,OS,null,OS,12.59,OK,null,OS
2020-03-12 21:00:00,17.58,OK,-0.35,BDL,null,OS,null,OS,null,OS,18.6,OK,null,OS
2020-03-12 22:00:00,15.66,OK,-0.42,BDL,null,OS,null,OS,null,OS,-4.19,OR,null,OS
2020-03-12 23:00:00,19.63,OK,-0.42,BDL,null,OS,null,OS,null,OS,-10.61,OR,null,OS
2020-03-13 00:00:00,19.43,OK,-0.39,BDL,null,OS,null,OS,null,OS,1.02,BDL,null,OS
2020-03-13 01:00:00,26.13,OK,-0.45,BDL,null,OS,null,OS,null,OS,16.82,OK,null,OS
2020-03-13 02:00:00,24.7,OK,-0.41,BDL,null,OS,null,OS,null,OS,12.88,OK,null,OS
2020-03-13 03:00:00,23.99,OK,-0.39,BDL,null,OS,null,OS,null,OS,5.06,OK,null,OS
2020-03-13 04:00:00,20.62,OK,-0.41,BDL,null,OS,null,OS,null,OS,1.88,BDL,null,OS
2020-03-13 05:00:00,16.33,OK,-0.34,BDL,null,OS,null,OS,null,OS,-8.09,OR,null,OS
2020-03-13 06:00:00,10.22,OK,-0.35,BDL,null,OS,null,OS,null,OS,0.6,BDL,null,OS
2020-03-13 07:00:00,15.4,OK,-0.32,BDL,null,OS,null,OS,null,OS,8.44,OK,null,OS
2020-03-13 08:00:00,25.03,OK,-0.39,BDL,null,OS,null,OS,null,OS,3.9,BDL,null,OS
2020-03-13 09:00:00,27.87,OK,-0.34,BDL,null,OS,null,OS,null,OS,5.87,OK,null,OS
2020-03-13 10:00:00,28.91,OK,-0.37,BDL,null,OS,null,OS,null,OS,1.67,BDL,null,OS
2020-03-13 11:00:00,30.8,OK,-0.4,BDL,null,OS,null,OS,null,OS,15.35,OK,null,OS
2020-03-13 12:00:00,31.49,OK,-0.39,BDL,null,OS,null,OS,null,OS,10.72,OK,null,OS
2020-03-13 13:00:00,32.54,OK,-0.35,BDL,null,OS,null,OS,null,OS,9.87,OK,null,OS
2020-03-13 14:00:00,31.73,OK,-0.37,BDL,null,OS,null,OS,null,OS,16.57,OK,null,OS
2020-03-13 15:00:00,33.16,OK,-0.33,BDL,null,OS,null,OS,null,OS,16.81,OK,null,OS
2020-03-13 16:00:00,31.22,OK,-0.35,BDL,null,OS,null,OS,null,OS,26.61,OK,null,OS
2020-03-13 17:00:00,24.12,OK,-0.38,BDL,null,OS,null,OS,null,OS,30.79,OK,null,OS
2020-03-13 18:00:00,15.11,OK,-0.28,BDL,null,OS,null,OS,null,OS,60.35,OK,null,OS
2020-03-13 19:00:00,13.86,OK,-0.31,BDL,null,OS,null,OS,null,OS,72.21,OK,null,OS
2020-03-13 20:00:00,15.49,OK,-0.3,BDL,null,OS,null,OS,null,OS,48.89,OK,null,OS
2020-03-13 21:00:00,4.33,OK,-0.23,BDL,null,OS,null,OS,null,OS,63.01,OK,null,OS
2020-03-13 22:00:00,0.78,BDL,-0.04,BDL,null,OS,null,OS,null,OS,92.07,OK,null,OS
2020-03-13 23:00:00,4.09,OK,-0.27,BDL,null,OS,null,OS,null,OS,44.21,OK,null,OS
2020-03-14 00:00:00,2.49,OK,-0.27,BDL,null,OS,null,OS,null,OS,17.46,OK,null,OS
2020-03-14 01:00:00,1.81,OK,-0.25,BDL,null,OS,null,OS,null,OS,19.27,OK,null,OS
2020-03-14 02:00:00,3.82,OK,-0.34,BDL,null,OS,null,OS,null,OS,11.75,OK,null,OS
2020-03-14 03:00:00,3.19,OK,-0.35,BDL,null,OS,null,OS,null,OS,-3.36,BDL,null,OS
2020-03-14 04:00:00,2.87,OK,-0.3,BDL,null,OS,null,OS,null,OS,-8.14,OR,null,OS
2020-03-14 05:00:00,2.67,OK,-0.34,BDL,null,OS,null,OS,null,OS,-8.62,OR,null,OS
2020-03-14 06:00:00,4.49,OK,-0.28,BDL,null,OS,null,OS,null,OS,-18.0,OR,null,OS
2020-03-14 07:00:00,10.62,OK,-0.23,BDL,null,OS,null,OS,null,OS,38.65,OK,null,OS
2020-03-14 08:00:00,20.99,OK,-0.29,BDL,null,OS,null,OS,null,OS,21.13,OK,null,OS
2020-03-14 09:00:00,31.44,OK,-0.25,BDL,null,OS,null,OS,null,OS,23.85,OK,null,OS
2020-03-14 10:00:00,38.34,OK,-0.27,BDL,null,OS,null,OS,null,OS,15.18,OK,null,OS
2020-03-14 11:00:00,41.3,OK,-0.31,BDL,null,OS,null,OS,null,OS,18.23,OK,null,OS
2020-03-14 12:00:00,41.35,OK,-0.34,BDL,null,OS,null,OS,null,OS,14.62,OK,null,OS
2020-03-14 13:00:00,40.3,OK,-0.32,BDL,null,OS,null,OS,null,OS,20.22,OK,null,OS
2020-03-14 14:00:00,40.44,OK,-0.3,BDL,null,OS,null,OS,null,OS,17.56,OK,null,OS
2020-03-14 15:00:00,40.89,OK,-0.29,BDL,null,OS,null,OS,null,OS,21.07,OK,null,OS
2020-03-14 16:00:00,40.96,OK,-0.28,BDL,null,OS,null,OS,null,OS,23.19,OK,null,OS
2020-03-14 17:00:00,38.8,OK,-0.31,BDL,null,OS,null,OS,null,OS,19.31,OK,null,OS
2020-03-14 18:00:00,27.75,OK,-0.24,BDL,null,OS,null,OS,null,OS,25.41,OK,null,OS
2020-03-14 19:00:00,23.47,OK,-0.34,BDL,null,OS,null,OS,null,OS,41.59,OK,null,OS
2020-03-14 20:00:00,16.35,OK,-0.26,BDL,null,OS,null,OS,null,OS,29.3,OK,null,OS
2020-03-14 21:00:00,5.93,OK,-0.25,BDL,null,OS,null,OS,null,OS,70.7,OK,null,OS
2020-03-14 22:00:00,7.81,OK,-0.21,BDL,null,OS,null,OS,null,OS,79.08,OK,null,OS
2020-03-14 23:00:00,7.4,OK,-0.23,BDL,null,OS,null,OS,null,OS,77.46,OK,null,OS
2020-03-15 00:00:00,8.25,OK,-0.23,BDL,null,OS,null,OS,null,OS,59.18,OK,null,OS
2020-03-15 01:00:00,2.02,OK,-0.22,BDL,null,OS,null,OS,null,OS,50.25,OK,null,OS
2020-03-15 02:00:00,1.33,OK,-0.19,BDL,null,OS,null,OS,null,OS,46.88,OK,null,OS
2020-03-15 03:00:00,12.12,OK,-0.24,BDL,null,OS,null,OS,null,OS,14.28,OK,null,OS
2020-03-15 04:00:00,9.22,OK,-0.3,BDL,null,OS,null,OS,null,OS,-2.14,BDL,null,OS
2020-03-15 05:00:00,3.84,OK,-0.35,BDL,null,OS,null,OS,null,OS,6.25,OK,null,OS
2020-03-15 06:00:00,5.94,OK,-0.31,BDL,null,OS,null,OS,null,OS,-0.65,BDL,null,OS
2020-03-15 07:00:00,6.87,OK,-0.22,BDL,null,OS,null,OS,null,OS,5.39,OK,null,OS
2020-03-15 08:00:00,16.51,OK,-0.27,BDL,null,OS,null,OS,null,OS,-6.28,OR,null,OS
2020-03-15 09:00:00,26.84,OK,-0.31,BDL,null,OS,null,OS,null,OS,20.49,OK,null,OS
2020-03-15 10:00:00,39.94,OK,-0.31,BDL,null,OS,null,OS,null,OS,24.76,OK,null,OS
2020-03-15 11:00:00,44.85,OK,-0.28,BDL,null,OS,null,OS,null,OS,9.83,OK,null,OS
2020-03-15 12:00:00,45.26,OK,-0.29,BDL,null,OS,null,OS,null,OS,20.33,OK,null,OS
2020-03-15 13:00:00,44.62,OK,-0.28,BDL,null,OS,null,OS,null,OS,15.05,OK,null,OS
2020-03-15 14:00:00,44.92,OK,-0.3,BDL,null,OS,null,OS,null,OS,13.49,OK,null,OS
2020-03-15 15:00:00,44.44,OK,-0.28,BDL,null,OS,null,OS,null,OS,-0.33,BDL,null,OS
2020-03-15 16:00:00,44.52,OK,-0.24,BDL,null,OS,null,OS,null,OS,6.78,OK,null,OS
2020-03-15 17:00:00,40.06,OK,-0.3,BDL,null,OS,null,OS,null,OS,20.39,OK,null,OS
2020-03-15 18:00:00,30.54,OK,-0.28,BDL,null,OS,null,OS,null,OS,27.66,OK,null,OS
2020-03-15 19:00:00,17.09,OK,-0.27,BDL,null,OS,null,OS,null,OS,36.2,OK,null,OS
2020-03-15 20:00:00,16.3,OK,-0.21,BDL,null,OS,null,OS,null,OS,61.98,OK,null,OS
2020-03-15 21:00:00,14.84,OK,-0.21,BDL,null,OS,null,OS,null,OS,52.12,OK,null,OS
2020-03-15 22:00:00,1.7,OK,-0.13,BDL,null,OS,null,OS,null,OS,56.18,OK,null,OS
2020-03-15 23:00:00,0.55,BDL,-0.09,BDL,null,OS,null,OS,null,OS,80.61,OK,null,OS
2020-03-16 00:00:00,3.39,OK,-0.24,BDL,null,OS,null,OS,null,OS,45.06,OK,null,OS
2020-03-16 01:00:00,9.34,OK,-0.28,BDL,null,OS,null,OS,null,OS,20.7,OK,null,OS
2020-03-16 02:00:00,8.58,OK,-0.29,BDL,null,OS,null,OS,null,OS,6.02,OK,null,OS
2020-03-16 03:00:00,11.49,OK,-0.28,BDL,null,OS,null,OS,null,OS,-5.84,OR,null,OS
2020-03-16 04:00:00,10.24,OK,-0.31,BDL,null,OS,null,OS,null,OS,-3.2,BDL,null,OS
2020-03-16 05:00:00,4.05,OK,-0.29,BDL,null,OS,null,OS,null,OS,-1.59,BDL,null,OS
2020-03-16 06:00:00,6.53,OK,-0.21,BDL,null,OS,null,OS,null,OS,-0.28,BDL,null,OS
2020-03-16 07:00:00,13.34,OK,-0.19,BDL,null,OS,null,OS,null,OS,3.76,BDL,null,OS
2020-03-16 08:00:00,20.65,OK,-0.24,BDL,null,OS,null,OS,null,OS,32.36,OK,null,OS
2020-03-16 09:00:00,34.33,OK,-0.29,BDL,null,OS,null,OS,null,OS,11.54,OK,null,OS
2020-03-16 10:00:00,42.09,OK,-0.21,BDL,null,OS,null,OS,null,OS,22.01,OK,null,OS
2020-03-16 11:00:00,46.33,OK,-0.23,BDL,null,OS,null,OS,null,OS,36.76,OK,null,OS
2020-03-16 12:00:00,47.73,OK,-0.27,BDL,null,OS,null,OS,null,OS,16.94,OK,null,OS
2020-03-16 13:00:00,46.91,OK,-0.26,BDL,null,OS,null,OS,null,OS,26.75,OK,null,OS
2020-03-16 14:00:00,42.47,OK,-0.26,BDL,null,OS,null,OS,null,OS,17.23,OK,null,OS
2020-03-16 15:00:00,41.18,OK,-0.24,BDL,null,OS,null,OS,null,OS,8.62,OK,null,OS
2020-03-16 16:00:00,41.08,OK,-0.31,BDL,null,OS,null,OS,null,OS,24.08,OK,null,OS
2020-03-16 17:00:00,33.13,OK,-0.27,BDL,null,OS,null,OS,null,OS,22.86,OK,null,OS
2020-03-16 18:00:00,28.76,OK,-0.28,BDL,null,OS,null,OS,null,OS,28.65,OK,null,OS
2020-03-16 19:00:00,22.78,OK,-0.23,BDL,null,OS,null,OS,null,OS,28.08,OK,null,OS
2020-03-16 20:00:00,17.53,OK,-0.2,BDL,null,OS,null,OS,null,OS,45.34,OK,null,OS
2020-03-16 21:00:00,15.62,OK,-0.2,BDL,null,OS,null,OS,null,OS,47.37,OK,null,OS
2020-03-16 22:00:00,3.8,OK,-0.18,BDL,null,OS,null,OS,null,OS,56.16,OK,null,OS
2020-03-16 23:00:00,0.76,BDL,-0.16,BDL,null,OS,null,OS,null,OS,47.43,OK,null,OS
2020-03-17 00:00:00,5.04,OK,-0.15,BDL,null,OS,null,OS,null,OS,75.71,OK,null,OS
2020-03-17 01:00:00,17.02,OK,-0.25,BDL,null,OS,null,OS,null,OS,35.59,OK,null,OS
2020-03-17 02:00:00,14.79,OK,-0.24,BDL,null,OS,null,OS,null,OS,32.56,OK,null,OS
2020-03-17 03:00:00,9.39,OK,-0.2,BDL,null,OS,null,OS,null,OS,36.75,OK,null,OS
2020-03-17 04:00:00,6.29,OK,-0.21,BDL,null,OS,null,OS,null,OS,24.64,OK,null,OS
2020-03-17 05:00:00,7.99,OK,-0.21,BDL,null,OS,null,OS,null,OS,18.21,OK,null,OS
2020-03-17 06:00:00,5.18,OK,-0.2,BDL,null,OS,null,OS,null,OS,39.31,OK,null,OS
2020-03-17 07:00:00,6.3,OK,-0.12,BDL,null,OS,null,OS,null,OS,74.85,OK,null,OS
2020-03-17 08:00:00,14.61,OK,-0.16,BDL,null,OS,null,OS,null,OS,10.52,OK,null,OS
2020-03-17 09:00:00,27.31,OK,-0.04,BDL,null,OS,null,OS,null,OS,32.16,OK,null,OS
2020-03-17 10:00:00,33.58,OK,-0.24,BDL,null,OS,null,OS,null,OS,4.9,OK,null,OS
2020-03-17 11:00:00,34.34,OK,-0.19,BDL,null,OS,null,OS,0.0,BDL,9.73,OK,null,OS
2020-03-17 12:00:00,33.99,OK,-0.22,BDL,null,OS,null,OS,null,OS,7.61,OK,null,OS
2020-03-17 13:00:00,34.56,OK,-0.24,BDL,null,OS,null,OS,null,OS,37.95,OK,null,OS
2020-03-17 14:00:00,35.4,OK,-0.19,BDL,null,OS,null,OS,null,OS,23.2,OK,null,OS
2020-03-17 15:00:00,35.48,OK,-0.24,BDL,null,OS,null,OS,null,OS,31.13,OK,null,OS
2020-03-17 16:00:00,36.29,OK,-0.26,BDL,null,OS,null,OS,null,OS,22.19,OK,null,OS
2020-03-17 17:00:00,31.78,OK,-0.22,BDL,null,OS,null,OS,null,OS,32.84,OK,null,OS
2020-03-17 18:00:00,26.27,OK,-0.25,BDL,null,OS,null,OS,null,OS,34.72,OK,null,OS
2020-03-17 19:00:00,23.61,OK,-0.19,BDL,null,OS,null,OS,null,OS,16.98,OK,null,OS
2020-03-17 20:00:00,19.61,OK,-0.17,BDL,null,OS,null,OS,null,OS,45.45,OK,null,OS
2020-03-17 21:00:00,21.22,OK,-0.21,BDL,null,OS,null,OS,null,OS,38.94,OK,null,OS
2020-03-17 22:00:00,14.82,OK,-0.25,BDL,null,OS,null,OS,null,OS,41.63,OK,null,OS
2020-03-17 23:00:00,10.69,OK,-0.2,BDL,null,OS,null,OS,null,OS,52.49,OK,null,OS
2020-03-18 00:00:00,20.98,OK,-0.15,BDL,null,OS,null,OS,null,OS,57.32,OK,null,OS
2020-03-18 01:00:00,28.53,OK,-0.19,BDL,null,OS,null,OS,null,OS,-4.0,BDL,null,OS
2020-03-18 02:00:00,30.06,OK,-0.22,BDL,null,OS,null,OS,null,OS,-7.43,OR,null,OS
2020-03-18 03:00:00,16.46,OK,-0.27,BDL,null,OS,null,OS,null,OS,22.1,OK,null,OS
2020-03-18 04:00:00,16.04,OK,-0.25,BDL,null,OS,null,OS,null,OS,23.66,OK,null,OS
2020-03-18 05:00:00,17.7,OK,-0.29,BDL,null,OS,null,OS,null,OS,13.99,OK,null,OS
2020-03-18 06:00:00,20.61,OK,-0.25,BDL,null,OS,null,OS,null,OS,6.85,OK,null,OS
2020-03-18 07:00:00,19.71,OK,-0.22,BDL,null,OS,null,OS,null,OS,-11.91,OR,null,OS
2020-03-18 08:00:00,25.47,OK,-0.26,BDL,null,OS,null,OS,null,OS,-8.76,OR,null,OS
2020-03-18 09:00:00,28.12,OK,-0.24,BDL,null,OS,null,OS,null,OS,-1.82,BDL,null,OS
2020-03-18 10:00:00,22.09,OK,-0.24,BDL,null,OS,null,OS,null,OS,19.39,OK,null,OS
2020-03-18 11:00:00,28.76,OK,-0.3,BDL,null,OS,null,OS,null,OS,-10.69,OR,null,OS
2020-03-18 12:00:00,23.44,OK,-0.22,BDL,null,OS,null,OS,null,OS,9.4,OK,null,OS
2020-03-18 13:00:00,28.3,OK,-0.24,BDL,null,OS,null,OS,null,OS,-5.25,OR,null,OS
2020-03-18 14:00:00,27.55,OK,-0.32,BDL,null,OS,null,OS,null,OS,-10.03,OR,null,OS
2020-03-18 15:00:00,30.04,OK,-0.28,BDL,null,OS,null,OS,null,OS,-19.56,OR,null,OS
2020-03-18 16:00:00,33.37,OK,-0.27,BDL,null,OS,null,OS,null,OS,4.17,OK,null,OS
2020-03-18 17:00:00,28.97,OK,-0.26,BDL,null,OS,null,OS,null,OS,-0.17,BDL,null,OS
2020-03-18 18:00:00,29.57,OK,-0.26,BDL,null,OS,null,OS,null,OS,18.25,OK,null,OS
2020-03-18 19:00:00,30.87,OK,-0.28,BDL,null,OS,null,OS,null,OS,8.83,OK,null,OS
2020-03-18 20:00:00,32.49,OK,-0.31,BDL,null,OS,null,OS,null,OS,4.46,OK,null,OS
2020-03-18 21:00:00,35.56,OK,-0.29,BDL,null,OS,null,OS,null,OS,2.27,BDL,null,OS
2020-03-18 22:00:00,29.59,OK,-0.27,BDL,null,OS,null,OS,null,OS,-2.85,BDL,null,OS
2020-03-18 23:00:00,29.16,OK,-0.29,BDL,null,OS,null,OS,null,OS,4.86,OK,null,OS
2020-03-19 00:00:00,23.21,OK,-0.34,BDL,null,OS,null,OS,null,OS,2.47,BDL,null,OS
2020-03-19 01:00:00,25.89,OK,-0.32,BDL,null,OS,null,OS,null,OS,1.37,BDL,null,OS
2020-03-19 02:00:00,19.88,OK,-0.34,BDL,null,OS,null,OS,null,OS,-4.05,OR,null,OS
2020-03-19 03:00:00,17.59,OK,-0.32,BDL,null,OS,null,OS,null,OS,-1.16,BDL,null,OS
2020-03-19 04:00:00,13.85,OK,-0.31,BDL,null,OS,null,OS,null,OS,-2.14,BDL,null,OS
2020-03-19 05:00:00,13.61,OK,-0.29,BDL,null,OS,null,OS,null,OS,4.02,OK,null,OS
2020-03-19 06:00:00,9.98,OK,-0.27,BDL,null,OS,null,OS,null,OS,7.03,OK,null,OS
2020-03-19 07:00:00,13.42,OK,-0.06,BDL,null,OS,null,OS,null,OS,15.56,OK,null,OS
2020-03-19 08:00:00,31.3,OK,-0.23,BDL,null,OS,null,OS,null,OS,30.71,OK,null,OS
2020-03-19 09:00:00,31.71,OK,-0.27,BDL,null,OS,null,OS,null,OS,43.65,OK,null,OS
2020-03-19 10:00:00,32.65,OK,-0.24,BDL,null,OS,null,OS,null,OS,50.62,OK,null,OS
2020-03-19 11:00:00,33.38,OK,-0.19,BDL,null,OS,null,OS,null,OS,6.93,OK,null,OS
2020-03-19 12:00:00,35.7,OK,-0.22,BDL,null,OS,null,OS,null,OS,30.65,OK,null,OS
2020-03-19 13:00:00,37.29,OK,-0.25,BDL,null,OS,null,OS,null,OS,29.16,OK,null,OS
2020-03-19 14:00:00,40.64,OK,-0.26,BDL,null,OS,null,OS,null,OS,22.93,OK,null,OS
2020-03-19 15:00:00,38.63,OK,-0.25,BDL,null,OS,null,OS,null,OS,25.18,OK,null,OS
2020-03-19 16:00:00,37.17,OK,-0.25,BDL,null,OS,null,OS,null,OS,22.83,OK,null,OS
2020-03-19 17:00:00,29.38,OK,-0.25,BDL,null,OS,null,OS,null,OS,33.18,OK,null,OS
2020-03-19 18:00:00,15.58,OK,-0.24,BDL,null,OS,null,OS,null,OS,41.0,OK,null,OS
2020-03-19 19:00:00,8.77,OK,-0.16,BDL,null,OS,null,OS,null,OS,60.46,OK,null,OS
2020-03-19 20:00:00,13.57,OK,-0.23,BDL,null,OS,null,OS,null,OS,65.39,OK,null,OS
2020-03-19 21:00:00,11.62,OK,-0.2,BDL,null,OS,null,OS,null,OS,37.78,OK,null,OS
2020-03-19 22:00:00,13.06,OK,-0.27,BDL,null,OS,null,OS,null,OS,31.32,OK,null,OS
2020-03-19 23:00:00,8.17,OK,-0.16,BDL,null,OS,null,OS,null,OS,22.76,OK,null,OS
2020-03-20 00:00:00,6.0,OK,-0.19,BDL,null,OS,null,OS,null,OS,20.27,OK,null,OS
2020-03-20 01:00:00,1.15,OK,-0.22,BDL,null,OS,null,OS,null,OS,12.65,OK,null,OS
2020-03-20 02:00:00,1.68,OK,-0.27,BDL,null,OS,null,OS,null,OS,-1.34,BDL,null,OS
2020-03-20 03:00:00,4.9,OK,-0.29,BDL,null,OS,null,OS,null,OS,-11.96,OR,null,OS
2020-03-20 04:00:00,6.06,OK,-0.31,BDL,null,OS,null,OS,null,OS,-7.04,OR,null,OS
2020-03-20 05:00:00,5.01,OK,-0.28,BDL,null,OS,null,OS,null,OS,-4.65,OR,null,OS
2020-03-20 06:00:00,6.97,OK,-0.1,BDL,null,OS,null,OS,null,OS,-6.98,OR,null,OS
2020-03-20 07:00:00,16.84,OK,-0.15,BDL,null,OS,null,OS,null,OS,33.72,OK,null,OS
2020-03-20 08:00:00,25.98,OK,-0.22,BDL,null,OS,null,OS,null,OS,66.91,OK,null,OS
2020-03-20 09:00:00,35.25,OK,-0.24,BDL,null,OS,null,OS,null,OS,34.54,OK,null,OS
2020-03-20 10:00:00,41.08,OK,-0.23,BDL,null,OS,null,OS,null,OS,17.84,OK,null,OS
2020-03-20 11:00:00,48.94,OK,-0.25,BDL,null,OS,null,OS,null,OS,24.64,OK,null,OS
2020-03-20 12:00:00,52.41,OK,-0.22,BDL,null,OS,null,OS,null,OS,39.12,OK,null,OS
2020-03-20 13:00:00,49.63,OK,-0.22,BDL,null,OS,null,OS,null,OS,34.36,OK,null,OS
2020-03-20 14:00:00,51.0,OK,-0.16,BDL,null,OS,null,OS,null,OS,26.04,OK,null,OS
2020-03-20 15:00:00,47.89,OK,-0.19,BDL,null,OS,null,OS,null,OS,27.28,OK,null,OS
2020-03-20 16:00:00,40.06,OK,-0.19,BDL,null,OS,null,OS,null,OS,31.23,OK,null,OS
2020-03-20 17:00:00,32.46,OK,-0.17,BDL,null,OS,null,OS,null,OS,39.18,OK,null,OS
2020-03-20 18:00:00,28.73,OK,-0.15,BDL,null,OS,null,OS,null,OS,43.08,OK,null,OS
2020-03-20 19:00:00,24.16,OK,-0.2,BDL,null,OS,null,OS,null,OS,44.83,OK,null,OS
2020-03-20 20:00:00,17.8,OK,-0.2,BDL,null,OS,null,OS,null,OS,50.62,OK,null,OS
2020-03-20 21:00:00,22.79,OK,-0.21,BDL,null,OS,null,OS,null,OS,47.27,OK,null,OS
2020-03-20 22:00:00,25.56,OK,-0.19,BDL,null,OS,null,OS,null,OS,14.0,OK,null,OS
2020-03-20 23:00:00,20.42,OK,-0.2,BDL,null,OS,null,OS,null,OS,20.83,OK,null,OS
2020-03-21 00:00:00,15.46,OK,-0.22,BDL,null,OS,null,OS,null,OS,27.28,OK,null,OS
2020-03-21 01:00:00,17.94,OK,-0.23,BDL,null,OS,null,OS,null,OS,26.17,OK,null,OS
2020-03-21 02:00:00,20.62,OK,-0.31,BDL,null,OS,null,OS,null,OS,-0.08,BDL,null,OS
2020-03-21 03:00:00,7.86,OK,-0.25,BDL,null,OS,null,OS,null,OS,10.58,OK,null,OS
2020-03-21 04:00:00,4.04,OK,-0.26,BDL,null,OS,null,OS,null,OS,3.14,BDL,null,OS
2020-03-21 05:00:00,2.39,OK,-0.16,BDL,null,OS,null,OS,null,OS,-3.25,BDL,null,OS
2020-03-21 06:00:00,5.57,OK,-0.16,BDL,null,OS,null,OS,null,OS,13.12,OK,null,OS
2020-03-21 07:00:00,10.17,OK,-0.13,BDL,null,OS,null,OS,null,OS,7.21,OK,null,OS
2020-03-21 08:00:00,19.9,OK,-0.19,BDL,null,OS,null,OS,null,OS,33.4,OK,null,OS
2020-03-21 09:00:00,32.54,OK,-0.2,BDL,null,OS,null,OS,null,OS,13.95,OK,null,OS
2020-03-21 10:00:00,41.26,OK,-0.23,BDL,null,OS,null,OS,null,OS,57.12,OK,null,OS
2020-03-21 11:00:00,43.67,OK,-0.27,BDL,null,OS,null,OS,null,OS,55.4,OK,null,OS
2020-03-21 12:00:00,43.58,OK,-0.2,BDL,null,OS,null,OS,null,OS,29.24,OK,null,OS
2020-03-21 13:00:00,46.17,OK,-0.2,BDL,null,OS,null,OS,null,OS,27.8,OK,null,OS
2020-03-21 14:00:00,46.52,OK,-0.2,BDL,null,OS,null,OS,null,OS,23.8,OK,null,OS
2020-03-21 15:00:00,47.55,OK,-0.19,BDL,null,OS,null,OS,null,OS,20.96,OK,null,OS
2020-03-21 16:00:00,47.3,OK,-0.19,BDL,null,OS,null,OS,null,OS,29.05,OK,null,OS
2020-03-21 17:00:00,40.83,OK,-0.2,BDL,null,OS,null,OS,null,OS,24.21,OK,null,OS
2020-03-21 18:00:00,30.45,OK,-0.24,BDL,null,OS,null,OS,null,OS,29.47,OK,null,OS
2020-03-21 19:00:00,22.99,OK,-0.19,BDL,null,OS,null,OS,null,OS,35.82,OK,null,OS
2020-03-21 20:00:00,19.55,OK,-0.17,BDL,null,OS,null,OS,null,OS,51.25,OK,null,OS
2020-03-21 21:00:00,10.83,OK,-0.15,BDL,null,OS,null,OS,null,OS,59.91,OK,null,OS
2020-03-21 22:00:00,1.34,OK,-0.12,BDL,null,OS,null,OS,null,OS,66.96,OK,null,OS
2020-03-21 23:00:00,5.87,OK,-0.18,BDL,null,OS,null,OS,null,OS,48.72,OK,null,OS
2020-03-22 00:00:00,9.93,OK,-0.16,BDL,null,OS,null,OS,null,OS,27.88,OK,null,OS
2020-03-22 01:00:00,7.78,OK,-0.2,BDL,null,OS,null,OS,null,OS,22.8,OK,null,OS
2020-03-22 02:00:00,11.35,OK,-0.19,BDL,null,OS,null,OS,null,OS,-1.94,BDL,null,OS
2020-03-22 03:00:00,13.43,OK,-0.24,BDL,null,OS,null,OS,null,OS,-11.35,OR,null,OS
2020-03-22 04:00:00,15.8,OK,-0.28,BDL,null,OS,null,OS,null,OS,-6.24,OR,null,OS
2020-03-22 05:00:00,16.91,OK,-0.25,BDL,null,OS,null,OS,null,OS,-10.83,OR,null,OS
2020-03-22 06:00:00,17.71,OK,-0.26,BDL,null,OS,null,OS,null,OS,-11.62,OR,null,OS
2020-03-22 07:00:00,20.76,OK,-0.21,BDL,null,OS,null,OS,null,OS,28.66,OK,null,OS
2020-03-22 08:00:00,31.35,OK,-0.26,BDL,null,OS,null,OS,null,OS,28.96,OK,null,OS
2020-03-22 09:00:00,38.23,OK,-0.21,BDL,null,OS,null,OS,null,OS,13.11,OK,null,OS
2020-03-22 10:00:00,45.71,OK,-0.22,BDL,null,OS,null,OS,null,OS,13.61,OK,null,OS
2020-03-22 11:00:00,52.63,OK,-0.18,BDL,null,OS,null,OS,null,OS,19.55,OK,null,OS
2020-03-22 12:00:00,52.07,OK,-0.19,BDL,null,OS,null,OS,null,OS,15.24,OK,null,OS
2020-03-22 13:00:00,51.86,OK,-0.21,BDL,null,OS,null,OS,null,OS,12.55,OK,null,OS
2020-03-22 14:00:00,49.74,OK,-0.19,BDL,null,OS,null,OS,null,OS,22.39,OK,null,OS
2020-03-22 15:00:00,47.82,OK,-0.19,BDL,null,OS,null,OS,null,OS,10.48,OK,null,OS
2020-03-22 16:00:00,47.34,OK,-0.23,BDL,null,OS,null,OS,null,OS,18.77,OK,null,OS
2020-03-22 17:00:00,37.36,OK,-0.23,BDL,null,OS,null,OS,null,OS,26.16,OK,null,OS
2020-03-22 18:00:00,27.67,OK,-0.22,BDL,null,OS,null,OS,null,OS,25.94,OK,null,OS
2020-03-22 19:00:00,25.12,OK,-0.27,BDL,null,OS,null,OS,null,OS,45.08,OK,null,OS
2020-03-22 20:00:00,20.87,OK,-0.2,BDL,null,OS,null,OS,null,OS,29.38,OK,null,OS
2020-03-22 21:00:00,17.95,OK,-0.15,BDL,null,OS,null,OS,null,OS,44.28,OK,null,OS
2020-03-22 22:00:00,12.4,OK,-0.19,BDL,null,OS,null,OS,null,OS,46.99,OK,null,OS
2020-03-22 23:00:00,6.2,OK,-0.16,BDL,null,OS,null,OS,null,OS,46.96,OK,null,OS
2020-03-23 00:00:00,9.95,OK,-0.17,BDL,null,OS,null,OS,null,OS,26.58,OK,null,OS
2020-03-23 01:00:00,14.13,OK,-0.21,BDL,null,OS,null,OS,null,OS,13.6,OK,null,OS
2020-03-23 02:00:00,13.98,OK,-0.22,BDL,null,OS,null,OS,null,OS,8.71,OK,null,OS
2020-03-23 03:00:00,12.24,OK,-0.22,BDL,null,OS,null,OS,null,OS,-3.13,BDL,null,OS
2020-03-23 04:00:00,7.03,OK,-0.2,BDL,null,OS,null,OS,null,OS,0.0,BDL,null,OS
2020-03-23 05:00:00,5.48,OK,-0.25,BDL,null,OS,null,OS,null,OS,-6.0,OR,null,OS
2020-03-23 06:00:00,7.97,OK,-0.2,BDL,null,OS,null,OS,null,OS,-9.88,OR,null,OS
2020-03-23 07:00:00,14.28,OK,-0.15,BDL,null,OS,null,OS,null,OS,34.26,OK,null,OS
2020-03-23 08:00:00,28.92,OK,-0.18,BDL,null,OS,null,OS,null,OS,30.16,OK,null,OS
2020-03-23 09:00:00,36.42,OK,-0.22,BDL,null,OS,null,OS,null,OS,16.72,OK,null,OS
2020-03-23 10:00:00,40.21,OK,-0.21,BDL,null,OS,null,OS,null,OS,44.82,OK,null,OS
2020-03-23 11:00:00,40.46,OK,-0.24,BDL,null,OS,null,OS,null,OS,21.35,OK,null,OS
2020-03-23 12:00:00,43.99,OK,-0.2,BDL,null,OS,null,OS,null,OS,21.0,OK,null,OS
2020-03-23 13:00:00,43.81,OK,-0.22,BDL,null,OS,null,OS,null,OS,20.96,OK,null,OS
2020-03-23 14:00:00,42.18,OK,-0.2,BDL,null,OS,null,OS,null,OS,18.83,OK,null,OS
2020-03-23 15:00:00,40.63,OK,-0.25,BDL,null,OS,null,OS,null,OS,16.22,OK,null,OS
2020-03-23 16:00:00,36.3,OK,-0.22,BDL,null,OS,null,OS,null,OS,19.73,OK,null,OS
2020-03-23 17:00:00,32.23,OK,-0.18,BDL,null,OS,null,OS,null,OS,19.79,OK,null,OS
2020-03-23 18:00:00,24.97,OK,-0.2,BDL,null,OS,null,OS,null,OS,30.02,OK,null,OS
2020-03-23 19:00:00,24.14,OK,-0.16,BDL,null,OS,null,OS,null,OS,36.69,OK,null,OS
2020-03-23 20:00:00,25.18,OK,-0.19,BDL,null,OS,null,OS,null,OS,40.74,OK,null,OS
2020-03-23 21:00:00,17.89,OK,-0.17,BDL,null,OS,null,OS,null,OS,33.31,OK,null,OS
2020-03-23 22:00:00,9.09,OK,-0.14,BDL,null,OS,null,OS,null,OS,52.73,OK,null,OS
2020-03-23 23:00:00,15.12,OK,-0.15,BDL,null,OS,null,OS,null,OS,46.66,OK,null,OS
2020-03-24 00:00:00,17.44,OK,-0.15,BDL,null,OS,null,OS,null,OS,28.44,OK,null,OS
2020-03-24 01:00:00,21.15,OK,-0.18,BDL,null,OS,null,OS,null,OS,17.91,OK,null,OS
2020-03-24 02:00:00,13.41,OK,-0.21,BDL,null,OS,null,OS,null,OS,7.42,OK,null,OS
2020-03-24 03:00:00,9.51,OK,-0.21,BDL,null,OS,null,OS,null,OS,5.52,OK,null,OS
2020-03-24 04:00:00,11.37,OK,-0.22,BDL,null,OS,null,OS,null,OS,-16.66,OR,null,OS
2020-03-24 05:00:00,9.32,OK,-0.2,BDL,null,OS,null,OS,null,OS,-7.04,OR,null,OS
2020-03-24 06:00:00,7.83,OK,-0.19,BDL,null,OS,null,OS,null,OS,-3.7,BDL,null,OS
2020-03-24 07:00:00,11.47,OK,-0.1,BDL,null,OS,null,OS,null,OS,36.96,OK,null,OS
2020-03-24 08:00:00,21.44,OK,-0.15,BDL,null,OS,null,OS,null,OS,31.39,OK,null,OS
2020-03-24 09:00:00,32.47,OK,-0.16,BDL,null,OS,null,OS,null,OS,35.32,OK,null,OS
2020-03-24 10:00:00,43.95,OK,-0.16,BDL,null,OS,null,OS,null,OS,28.53,OK,null,OS
2020-03-24 11:00:00,47.59,OK,-0.12,BDL,null,OS,null,OS,null,OS,28.0,OK,null,OS
2020-03-24 12:00:00,46.06,OK,-0.11,BDL,null,OS,null,OS,null,OS,19.52,OK,null,OS
2020-03-24 13:00:00,45.49,OK,-0.11,BDL,null,OS,null,OS,null,OS,18.46,OK,null,OS
2020-03-24 14:00:00,46.11,OK,-0.13,BDL,null,OS,null,OS,null,OS,19.15,OK,null,OS
2020-03-24 15:00:00,44.2,OK,-0.21,BDL,null,OS,null,OS,null,OS,27.75,OK,null,OS
2020-03-24 16:00:00,42.07,OK,-0.15,BDL,null,OS,null,OS,null,OS,27.95,OK,null,OS
2020-03-24 17:00:00,32.92,OK,-0.16,BDL,null,OS,null,OS,null,OS,27.64,OK,null,OS
2020-03-24 18:00:00,24.07,OK,-0.14,BDL,null,OS,null,OS,null,OS,34.89,OK,null,OS
2020-03-24 19:00:00,18.05,OK,-0.12,BDL,null,OS,null,OS,null,OS,60.68,OK,null,OS
2020-03-24 20:00:00,18.34,OK,-0.15,BDL,null,OS,null,OS,null,OS,54.93,OK,null,OS
2020-03-24 21:00:00,16.77,OK,-0.15,BDL,null,OS,null,OS,null,OS,41.79,OK,null,OS
2020-03-24 22:00:00,9.94,OK,-0.09,BDL,null,OS,null,OS,null,OS,56.22,OK,null,OS
2020-03-24 23:00:00,8.57,OK,-0.13,BDL,null,OS,null,OS,null,OS,54.95,OK,null,OS
2020-03-25 00:00:00,8.29,OK,-0.12,BDL,null,OS,null,OS,null,OS,39.27,OK,null,OS
2020-03-25 01:00:00,7.03,OK,-0.12,BDL,null,OS,null,OS,null,OS,25.34,OK,null,OS
2020-03-25 02:00:00,9.16,OK,-0.17,BDL,null,OS,null,OS,null,OS,8.71,OK,null,OS
2020-03-25 03:00:00,8.81,OK,-0.21,BDL,null,OS,null,OS,null,OS,0.38,BDL,null,OS
2020-03-25 04:00:00,7.15,OK,-0.23,BDL,null,OS,null,OS,null,OS,-3.84,BDL,null,OS
2020-03-25 05:00:00,8.44,OK,-0.15,BDL,null,OS,null,OS,null,OS,2.45,BDL,null,OS
2020-03-25 06:00:00,9.23,OK,-0.1,BDL,null,OS,null,OS,null,OS,17.54,OK,null,OS
2020-03-25 07:00:00,20.61,OK,-0.07,BDL,null,OS,null,OS,null,OS,38.15,OK,null,OS
2020-03-25 08:00:00,26.74,OK,-0.18,BDL,null,OS,null,OS,null,OS,37.16,OK,null,OS
2020-03-25 09:00:00,36.23,OK,-0.16,BDL,null,OS,null,OS,null,OS,6.02,OK,null,OS
2020-03-25 10:00:00,45.16,OK,-0.18,BDL,null,OS,null,OS,null,OS,23.11,OK,null,OS
2020-03-25 11:00:00,54.53,OK,-0.16,BDL,null,OS,null,OS,null,OS,14.74,OK,null,OS
2020-03-25 12:00:00,66.66,OK,-0.15,BDL,null,OS,null,OS,null,OS,33.54,OK,null,OS
2020-03-25 13:00:00,62.65,OK,-0.13,BDL,null,OS,null,OS,null,OS,46.54,OK,null,OS
2020-03-25 14:00:00,48.1,OK,-0.15,BDL,null,OS,null,OS,null,OS,27.35,OK,null,OS
2020-03-25 15:00:00,45.72,OK,-0.13,BDL,null,OS,null,OS,null,OS,22.5,OK,null,OS
2020-03-25 16:00:00,43.49,OK,-0.19,BDL,null,OS,null,OS,null,OS,42.3,OK,null,OS
2020-03-25 17:00:00,35.09,OK,-0.16,BDL,null,OS,null,OS,null,OS,56.6,OK,null,OS
2020-03-25 18:00:00,30.04,OK,-0.12,BDL,null,OS,null,OS,null,OS,33.76,OK,null,OS
2020-03-25 19:00:00,23.29,OK,-0.08,BDL,null,OS,null,OS,null,OS,34.39,OK,null,OS
2020-03-25 20:00:00,21.54,OK,-0.09,BDL,null,OS,null,OS,null,OS,68.07,OK,null,OS
2020-03-25 21:00:00,17.38,OK,-0.12,BDL,null,OS,null,OS,null,OS,47.99,OK,null,OS
2020-03-25 22:00:00,6.9,OK,-0.07,BDL,null,OS,null,OS,null,OS,41.5,OK,null,OS
2020-03-25 23:00:00,0.91,BDL,0.15,BDL,null,OS,null,OS,null,OS,64.24,OK,null,OS
2020-03-26 00:00:00,0.72,BDL,0.22,BDL,null,OS,null,OS,null,OS,60.72,OK,null,OS
2020-03-26 01:00:00,0.59,BDL,-0.06,BDL,null,OS,null,OS,null,OS,60.4,OK,null,OS
2020-03-26 02:00:00,0.46,BDL,-0.05,BDL,null,OS,null,OS,null,OS,49.62,OK,null,OS
2020-03-26 03:00:00,0.57,BDL,-0.14,BDL,null,OS,null,OS,null,OS,44.37,OK,null,OS
2020-03-26 04:00:00,2.46,OK,-0.14,BDL,null,OS,null,OS,null,OS,27.45,OK,null,OS
2020-03-26 05:00:00,6.57,OK,-0.15,BDL,null,OS,null,OS,null,OS,23.83,OK,null,OS
2020-03-26 06:00:00,8.12,OK,-0.15,BDL,null,OS,null,OS,null,OS,19.59,OK,null,OS
2020-03-26 07:00:00,11.23,OK,-0.06,BDL,null,OS,null,OS,null,OS,14.54,OK,null,OS
2020-03-26 08:00:00,18.33,OK,-0.13,BDL,null,OS,null,OS,null,OS,11.51,OK,null,OS
2020-03-26 09:00:00,32.63,OK,-0.12,BDL,null,OS,null,OS,null,OS,49.29,OK,null,OS
2020-03-26 10:00:00,40.78,OK,-0.01,BDL,null,OS,null,OS,null,OS,22.2,OK,null,OS
2020-03-26 11:00:00,41.71,OK,-0.2,BDL,null,OS,null,OS,null,OS,13.33,OK,null,OS
2020-03-26 12:00:00,41.47,OK,-0.12,BDL,null,OS,null,OS,null,OS,13.29,OK,null,OS
2020-03-26 13:00:00,40.21,OK,-0.12,BDL,null,OS,null,OS,null,OS,14.82,OK,null,OS
2020-03-26 14:00:00,40.3,OK,-0.21,BDL,null,OS,null,OS,null,OS,27.19,OK,null,OS
2020-03-26 15:00:00,41.13,OK,-0.17,BDL,null,OS,null,OS,null,OS,30.82,OK,null,OS
2020-03-26 16:00:00,36.35,OK,-0.19,BDL,null,OS,null,OS,null,OS,19.67,OK,null,OS
2020-03-26 17:00:00,34.41,OK,-0.18,BDL,null,OS,null,OS,null,OS,37.28,OK,null,OS
2020-03-26 18:00:00,34.72,OK,-0.19,BDL,null,OS,null,OS,null,OS,39.22,OK,null,OS
2020-03-26 19:00:00,32.63,OK,-0.16,BDL,null,OS,null,OS,null,OS,20.15,OK,null,OS
2020-03-26 20:00:00,32.57,OK,-0.19,BDL,null,OS,null,OS,null,OS,22.78,OK,null,OS
2020-03-26 21:00:00,29.27,OK,-0.15,BDL,null,OS,null,OS,null,OS,47.56,OK,null,OS
2020-03-26 22:00:00,29.94,OK,-0.21,BDL,null,OS,null,OS,null,OS,3.01,BDL,null,OS
2020-03-26 23:00:00,29.19,OK,-0.18,BDL,null,OS,null,OS,null,OS,30.45,OK,null,OS
2020-03-27 00:00:00,30.74,OK,-0.21,BDL,null,OS,null,OS,null,OS,-3.99,BDL,null,OS
2020-03-27 01:00:00,30.45,OK,-0.18,BDL,null,OS,null,OS,null,OS,20.21,OK,null,OS
2020-03-27 02:00:00,35.75,OK,-0.2,BDL,null,OS,null,OS,null,OS,19.18,OK,null,OS
2020-03-27 03:00:00,37.97,OK,-0.21,BDL,null,OS,null,OS,null,OS,20.51,OK,null,OS
2020-03-27 04:00:00,37.59,OK,-0.23,BDL,null,OS,null,OS,null,OS,17.49,OK,null,OS
2020-03-27 05:00:00,37.66,OK,-0.25,BDL,null,OS,null,OS,null,OS,11.44,OK,null,OS
2020-03-27 06:00:00,39.21,OK,-0.22,BDL,null,OS,null,OS,null,OS,13.03,OK,null,OS
2020-03-27 07:00:00,39.45,OK,-0.17,BDL,null,OS,null,OS,null,OS,23.82,OK,null,OS
2020-03-27 08:00:00,42.06,OK,-0.19,BDL,null,OS,null,OS,null,OS,2.61,BDL,null,OS
2020-03-27 09:00:00,43.31,OK,-0.22,BDL,null,OS,null,OS,null,OS,12.12,OK,null,OS
2020-03-27 10:00:00,43.05,OK,-0.25,BDL,null,OS,null,OS,null,OS,10.16,OK,null,OS
2020-03-27 11:00:00,45.49,OK,-0.19,BDL,null,OS,null,OS,null,OS,36.75,OK,null,OS
2020-03-27 12:00:00,45.42,OK,-0.15,BDL,null,OS,null,OS,null,OS,12.63,OK,null,OS
2020-03-27 13:00:00,46.33,OK,-0.19,BDL,null,OS,null,OS,null,OS,26.06,OK,null,OS
2020-03-27 14:00:00,45.62,OK,-0.19,BDL,null,OS,null,OS,null,OS,29.32,OK,null,OS
2020-03-27 15:00:00,46.58,OK,-0.19,BDL,null,OS,null,OS,null,OS,23.92,OK,null,OS
2020-03-27 16:00:00,41.6,OK,-0.16,BDL,null,OS,null,OS,null,OS,30.29,OK,null,OS
2020-03-27 17:00:00,37.88,OK,-0.16,BDL,null,OS,null,OS,null,OS,25.02,OK,null,OS
2020-03-27 18:00:00,36.28,OK,-0.14,BDL,null,OS,null,OS,null,OS,34.43,OK,null,OS
2020-03-27 19:00:00,36.6,OK,-0.15,BDL,null,OS,null,OS,null,OS,48.27,OK,null,OS
2020-03-27 20:00:00,35.09,OK,-0.18,BDL,null,OS,null,OS,null,OS,33.02,OK,null,OS
2020-03-27 21:00:00,30.71,OK,-0.12,BDL,null,OS,null,OS,null,OS,21.33,OK,null,OS
2020-03-27 22:00:00,23.96,OK,-0.1,BDL,null,OS,null,OS,null,OS,21.83,OK,null,OS
2020-03-27 23:00:00,18.63,OK,-0.09,BDL,null,OS,null,OS,null,OS,30.44,OK,null,OS
2020-03-28 00:00:00,21.51,OK,-0.08,BDL,null,OS,null,OS,null,OS,38.58,OK,null,OS
2020-03-28 01:00:00,16.95,OK,-0.1,BDL,null,OS,null,OS,null,OS,19.39,OK,null,OS
2020-03-28 02:00:00,22.7,OK,-0.08,BDL,null,OS,null,OS,null,OS,14.3,OK,null,OS
2020-03-28 03:00:00,31.27,OK,-0.15,BDL,null,OS,null,OS,null,OS,-0.98,BDL,null,OS
2020-03-28 04:00:00,24.16,OK,-0.15,BDL,null,OS,null,OS,null,OS,1.73,BDL,null,OS
2020-03-28 05:00:00,18.59,OK,-0.12,BDL,null,OS,null,OS,null,OS,5.73,OK,null,OS
2020-03-28 06:00:00,27.8,OK,-0.07,BDL,null,OS,null,OS,null,OS,-12.77,OR,null,OS
2020-03-28 07:00:00,33.94,OK,-0.03,BDL,null,OS,null,OS,null,OS,42.49,OK,null,OS
2020-03-28 08:00:00,42.2,OK,-0.06,BDL,null,OS,null,OS,null,OS,33.46,OK,null,OS
2020-03-28 09:00:00,46.89,OK,-0.06,BDL,null,OS,null,OS,null,OS,24.77,OK,null,OS
2020-03-28 10:00:00,50.78,OK,0.03,BDL,null,OS,null,OS,null,OS,13.65,OK,null,OS
2020-03-28 11:00:00,54.14,OK,0.01,BDL,null,OS,null,OS,null,OS,15.71,OK,null,OS
2020-03-28 12:00:00,56.88,OK,0.0,BDL,null,OS,null,OS,null,OS,19.13,OK,null,OS
2020-03-28 13:00:00,54.86,OK,-0.06,BDL,null,OS,null,OS,null,OS,16.38,OK,null,OS
2020-03-28 14:00:00,55.37,OK,-0.03,BDL,null,OS,null,OS,null,OS,19.45,OK,null,OS
2020-03-28 15:00:00,55.31,OK,0.0,BDL,null,OS,null,OS,null,OS,29.09,OK,null,OS
2020-03-28 16:00:00,52.57,OK,-0.01,BDL,null,OS,null,OS,null,OS,15.46,OK,null,OS
2020-03-28 17:00:00,45.1,OK,0.03,BDL,null,OS,null,OS,null,OS,30.63,OK,null,OS
2020-03-28 18:00:00,36.74,OK,0.02,BDL,null,OS,null,OS,null,OS,36.42,OK,null,OS
2020-03-28 19:00:00,35.95,OK,0.01,BDL,null,OS,null,OS,null,OS,30.64,OK,null,OS
2020-03-28 20:00:00,28.68,OK,0.01,BDL,null,OS,null,OS,null,OS,50.0,OK,null,OS
2020-03-28 21:00:00,29.87,OK,0.07,BDL,null,OS,null,OS,null,OS,50.51,OK,null,OS
2020-03-28 22:00:00,33.53,OK,0.0,BDL,null,OS,null,OS,null,OS,40.24,OK,null,OS
2020-03-28 23:00:00,32.36,OK,-0.02,BDL,null,OS,null,OS,null,OS,28.84,OK,null,OS
2020-03-29 00:00:00,30.04,OK,-0.01,BDL,null,OS,null,OS,null,OS,17.44,OK,null,OS
2020-03-29 01:00:00,26.55,OK,-0.06,BDL,null,OS,null,OS,null,OS,18.34,OK,null,OS
2020-03-29 02:00:00,34.16,OK,-0.04,BDL,null,OS,null,OS,null,OS,10.15,OK,null,OS
2020-03-29 03:00:00,32.91,OK,-0.09,BDL,null,OS,null,OS,null,OS,3.87,BDL,null,OS
2020-03-29 04:00:00,10.94,OK,-0.01,BDL,null,OS,null,OS,null,OS,21.99,OK,null,OS
2020-03-29 05:00:00,17.78,OK,-0.06,BDL,null,OS,null,OS,null,OS,11.47,OK,null,OS
2020-03-29 06:00:00,19.26,OK,-0.06,BDL,null,OS,null,OS,null,OS,1.13,BDL,null,OS
2020-03-29 07:00:00,23.3,OK,-0.01,BDL,null,OS,null,OS,null,OS,15.69,OK,null,OS
2020-03-29 08:00:00,31.56,OK,0.02,BDL,null,OS,null,OS,null,OS,19.34,OK,null,OS
2020-03-29 09:00:00,38.64,OK,0.03,BDL,null,OS,null,OS,null,OS,40.32,OK,null,OS
2020-03-29 10:00:00,47.19,OK,0.04,BDL,null,OS,null,OS,null,OS,29.67,OK,null,OS
2020-03-29 11:00:00,48.16,OK,-0.02,BDL,null,OS,null,OS,null,OS,27.58,OK,null,OS
2020-03-29 12:00:00,49.16,OK,-0.0,BDL,null,OS,null,OS,null,OS,6.75,OK,null,OS
2020-03-29 13:00:00,50.96,OK,0.04,BDL,null,OS,null,OS,null,OS,13.39,OK,null,OS
2020-03-29 14:00:00,51.73,OK,-0.02,BDL,null,OS,null,OS,null,OS,7.57,OK,null,OS
2020-03-29 15:00:00,52.17,OK,-0.0,BDL,null,OS,null,OS,null,OS,18.8,OK,null,OS
2020-03-29 16:00:00,48.95,OK,-0.01,BDL,null,OS,null,OS,null,OS,13.82,OK,null,OS
2020-03-29 17:00:00,42.9,OK,0.03,BDL,null,OS,null,OS,null,OS,26.09,OK,null,OS
2020-03-29 18:00:00,34.0,OK,0.05,BDL,null,OS,null,OS,null,OS,43.71,OK,null,OS
2020-03-29 19:00:00,30.69,OK,0.08,BDL,null,OS,null,OS,null,OS,52.66,OK,null,OS
2020-03-29 20:00:00,27.81,OK,0.13,BDL,null,OS,null,OS,null,OS,43.28,OK,null,OS
2020-03-29 21:00:00,24.29,OK,0.07,BDL,null,OS,null,OS,null,OS,35.16,OK,null,OS
2020-03-29 22:00:00,28.26,OK,0.11,BDL,null,OS,null,OS,null,OS,50.53,OK,null,OS
2020-03-29 23:00:00,29.71,OK,0.09,BDL,null,OS,null,OS,null,OS,48.56,OK,null,OS
2020-03-30 00:00:00,29.17,OK,0.05,BDL,null,OS,null,OS,null,OS,48.32,OK,null,OS
2020-03-30 01:00:00,13.21,OK,0.06,BDL,null,OS,null,OS,null,OS,31.43,OK,null,OS
2020-03-30 02:00:00,16.58,OK,0.03,BDL,null,OS,null,OS,null,OS,31.12,OK,null,OS
2020-03-30 03:00:00,17.38,OK,0.02,BDL,null,OS,null,OS,null,OS,5.71,OK,null,OS
2020-03-30 04:00:00,16.16,OK,0.05,BDL,null,OS,null,OS,null,OS,6.78,OK,null,OS
2020-03-30 05:00:00,17.22,OK,0.0,BDL,null,OS,null,OS,null,OS,0.37,BDL,null,OS
2020-03-30 06:00:00,17.69,OK,0.07,BDL,null,OS,null,OS,null,OS,-11.04,OR,null,OS
2020-03-30 07:00:00,15.6,OK,0.1,BDL,null,OS,null,OS,null,OS,57.78,OK,null,OS
2020-03-30 08:00:00,28.3,OK,0.1,BDL,null,OS,null,OS,null,OS,46.12,OK,null,OS
2020-03-30 09:00:00,34.54,OK,0.15,BDL,null,OS,null,OS,null,OS,27.33,OK,null,OS
2020-03-30 10:00:00,47.38,OK,0.05,BDL,null,OS,null,OS,null,OS,45.76,OK,null,OS
2020-03-30 11:00:00,50.39,OK,-0.01,BDL,null,OS,null,OS,null,OS,4.11,OK,null,OS
2020-03-30 12:00:00,53.18,OK,0.02,BDL,null,OS,null,OS,null,OS,7.65,OK,null,OS
2020-03-30 13:00:00,55.86,OK,-0.01,BDL,null,OS,null,OS,null,OS,24.85,OK,null,OS
2020-03-30 14:00:00,55.79,OK,-0.02,BDL,null,OS,null,OS,null,OS,8.35,OK,null,OS
2020-03-30 15:00:00,56.47,OK,-0.06,BDL,null,OS,null,OS,null,OS,15.15,OK,null,OS
2020-03-30 16:00:00,54.0,OK,-0.03,BDL,null,OS,null,OS,null,OS,24.62,OK,null,OS
2020-03-30 17:00:00,39.78,OK,0.03,BDL,null,OS,null,OS,null,OS,24.72,OK,null,OS
2020-03-30 18:00:00,16.59,OK,0.12,BDL,null,OS,null,OS,null,OS,54.86,OK,null,OS
2020-03-30 19:00:00,32.44,OK,0.06,BDL,null,OS,null,OS,null,OS,39.86,OK,null,OS
2020-03-30 20:00:00,26.01,OK,0.02,BDL,null,OS,null,OS,null,OS,40.55,OK,null,OS
2020-03-30 21:00:00,24.68,OK,0.07,BDL,null,OS,null,OS,null,OS,59.63,OK,null,OS
2020-03-30 22:00:00,28.56,OK,0.04,BDL,null,OS,null,OS,null,OS,24.0,OK,null,OS
2020-03-30 23:00:00,29.33,OK,0.1,BDL,null,OS,null,OS,null,OS,32.87,OK,null,OS
2020-03-31 00:00:00,30.47,OK,0.01,BDL,null,OS,null,OS,null,OS,36.51,OK,null,OS
2020-03-31 01:00:00,28.14,OK,0.01,BDL,null,OS,null,OS,null,OS,30.72,OK,null,OS
2020-03-31 02:00:00,22.14,OK,-0.05,BDL,null,OS,null,OS,null,OS,17.44,OK,null,OS
2020-03-31 03:00:00,18.86,OK,-0.03,BDL,null,OS,null,OS,null,OS,30.16,OK,null,OS
2020-03-31 04:00:00,20.03,OK,0.01,BDL,null,OS,null,OS,null,OS,29.03,OK,null,OS
2020-03-31 05:00:00,24.64,OK,-0.0,BDL,null,OS,null,OS,null,OS,22.31,OK,null,OS
2020-03-31 06:00:00,16.95,OK,0.04,BDL,null,OS,null,OS,null,OS,40.19,OK,null,OS
2020-03-31 07:00:00,22.49,OK,0.03,BDL,null,OS,null,OS,null,OS,39.07,OK,null,OS
2020-03-31 08:00:00,30.41,OK,0.07,BDL,null,OS,null,OS,null,OS,31.06,OK,null,OS
2020-03-31 09:00:00,41.76,OK,0.18,BDL,null,OS,null,OS,null,OS,59.25,OK,null,OS
2020-03-31 10:00:00,49.18,OK,0.28,BDL,null,OS,null,OS,null,OS,13.5,OK,null,OS
2020-03-31 11:00:00,54.71,OK,0.35,BDL,null,OS,null,OS,null,OS,21.42,OK,null,OS
2020-03-31 12:00:00,56.61,OK,0.27,BDL,null,OS,null,OS,null,OS,52.2,OK,null,OS
2020-03-31 13:00:00,70.26,OK,0.33,BDL,null,OS,null,OS,null,OS,39.99,OK,null,OS
2020-03-31 14:00:00,66.21,OK,0.36,BDL,null,OS,null,OS,null,OS,70.26,OK,null,OS
2020-03-31 15:00:00,49.12,OK,0.13,BDL,null,OS,null,OS,null,OS,71.07,OK,null,OS
2020-03-31 16:00:00,43.84,OK,0.06,BDL,null,OS,null,OS,null,OS,32.75,OK,null,OS
2020-03-31 17:00:00,27.14,OK,0.16,BDL,null,OS,null,OS,null,OS,57.79,OK,null,OS
2020-03-31 18:00:00,18.66,OK,0.21,BDL,null,OS,null,OS,null,OS,117.43,OK,null,OS
2020-03-31 19:00:00,29.0,OK,0.03,BDL,null,OS,null,OS,null,OS,56.11,OK,null,OS
2020-03-31 20:00:00,30.41,OK,0.03,BDL,null,OS,null,OS,null,OS,35.21,OK,null,OS
2020-03-31 21:00:00,28.26,OK,0.0,BDL,null,OS,null,OS,null,OS,23.89,OK,null,OS
2020-03-31 22:00:00,28.92,OK,0.05,BDL,null,OS,null,OS,null,OS,41.21,OK,null,OS
2020-03-31 23:00:00,24.81,OK,0.1,BDL,null,OS,null,OS,null,OS,33.68,OK,null,OS
