Red Universitaria de Observatorios Atmosfericos (RUOA)
Atmospheric Observatory Hermosillo (erno), Sonora
Lat 29.0814 N, Lon 110.9706 W, Alt 154 masl
Time UTC-7h
Air Quality data
Flags: OK = Reliable data, BDL = Below Detection Limit, OR = Out of Range, OS = Out of Service 
 
Time,O3,O3_flag,SO2,SO2_flag,NO2,NO2_flag,NO,NO_flag,CO,CO_flag,PM10,PM10_flag,PM2.5,PM2.5_flag
yyyy-mm-dd HH:MM:SS,ppb,flag,ppb,flag,ppb,flag,ppb,flag,ppm,flag,ug/m^3,flag,ug/m^3,flag
2020-06-01 00:00:00,34.72,OK,-0.34,BDL,null,OS,null,OS,null,OS,9.61,OK,null,OS
2020-06-01 01:00:00,34.98,OK,-0.27,BDL,null,OS,null,OS,null,OS,22.74,OK,null,OS
2020-06-01 02:00:00,32.88,OK,-0.27,BDL,null,OS,null,OS,null,OS,13.92,OK,null,OS
2020-06-01 03:00:00,24.52,OK,-0.31,BDL,null,OS,null,OS,null,OS,38.31,OK,null,OS
2020-06-01 04:00:00,11.79,OK,-0.32,BDL,null,OS,null,OS,null,OS,7.27,OK,null,OS
2020-06-01 05:00:00,7.5,OK,-0.37,BDL,null,OS,null,OS,null,OS,32.81,OK,null,OS
2020-06-01 06:00:00,13.31,OK,-0.33,BDL,null,OS,null,OS,null,OS,41.72,OK,null,OS
2020-06-01 07:00:00,31.53,OK,-0.32,BDL,null,OS,null,OS,null,OS,20.41,OK,null,OS
2020-06-01 08:00:00,42.97,OK,-0.3,BDL,null,OS,null,OS,null,OS,22.28,OK,null,OS
2020-06-01 09:00:00,55.48,OK,-0.28,BDL,null,OS,null,OS,null,OS,34.82,OK,null,OS
2020-06-01 10:00:00,54.74,OK,-0.32,BDL,null,OS,null,OS,null,OS,41.72,OK,null,OS
2020-06-01 11:00:00,53.83,OK,-0.31,BDL,null,OS,null,OS,null,OS,48.58,OK,null,OS
2020-06-01 12:00:00,51.02,OK,-0.31,BDL,null,OS,null,OS,null,OS,36.18,OK,null,OS
2020-06-01 13:00:00,47.51,OK,-0.33,BDL,null,OS,null,OS,null,OS,18.87,OK,null,OS
2020-06-01 14:00:00,41.43,OK,-0.3,BDL,null,OS,null,OS,null,OS,36.02,OK,null,OS
2020-06-01 15:00:00,27.86,OK,-0.34,BDL,null,OS,null,OS,null,OS,105.11,OK,null,OS
2020-06-01 16:00:00,29.3,OK,-0.34,BDL,null,OS,null,OS,null,OS,57.8,OK,null,OS
2020-06-01 17:00:00,30.0,OK,-0.29,BDL,null,OS,null,OS,null,OS,45.43,OK,null,OS
2020-06-01 18:00:00,25.81,OK,-0.36,BDL,null,OS,null,OS,null,OS,39.91,OK,null,OS
2020-06-01 19:00:00,18.29,OK,-0.3,BDL,null,OS,null,OS,null,OS,30.86,OK,null,OS
2020-06-01 20:00:00,16.2,OK,-0.31,BDL,null,OS,null,OS,null,OS,30.31,OK,null,OS
2020-06-01 21:00:00,17.42,OK,-0.32,BDL,null,OS,null,OS,null,OS,44.39,OK,null,OS
2020-06-01 22:00:00,37.82,OK,-0.28,BDL,null,OS,null,OS,null,OS,296.65,OK,null,OS
2020-06-01 23:00:00,47.44,OK,-0.31,BDL,null,OS,null,OS,null,OS,33.81,OK,null,OS
2020-06-02 00:00:00,45.94,OK,-0.29,BDL,null,OS,null,OS,null,OS,2.55,BDL,null,OS
2020-06-02 01:00:00,43.82,OK,-0.25,BDL,null,OS,null,OS,null,OS,7.91,OK,null,OS
2020-06-02 02:00:00,37.14,OK,-0.31,BDL,null,OS,null,OS,null,OS,6.65,OK,null,OS
2020-06-02 03:00:00,35.47,OK,-0.36,BDL,null,OS,null,OS,null,OS,28.45,OK,null,OS
2020-06-02 04:00:00,32.04,OK,-0.27,BDL,null,OS,null,OS,null,OS,26.21,OK,null,OS
2020-06-02 05:00:00,29.09,OK,-0.33,BDL,null,OS,null,OS,null,OS,10.71,OK,null,OS
2020-06-02 06:00:00,34.39,OK,-0.32,BDL,null,OS,null,OS,null,OS,18.68,OK,null,OS
2020-06-02 07:00:00,39.64,OK,-0.31,BDL,null,OS,null,OS,null,OS,20.97,OK,null,OS
2020-06-02 08:00:00,38.05,OK,-0.28,BDL,null,OS,null,OS,null,OS,48.3,OK,null,OS
2020-06-02 09:00:00,50.18,OK,-0.31,BDL,null,OS,null,OS,null,OS,44.03,OK,null,OS
2020-06-02 10:00:00,48.87,OK,-0.32,BDL,null,OS,null,OS,null,OS,36.81,OK,null,OS
2020-06-02 11:00:00,44.11,OK,-0.34,BDL,null,OS,null,OS,null,OS,27.55,OK,null,OS
2020-06-02 12:00:00,41.33,OK,-0.28,BDL,null,OS,null,OS,null,OS,39.62,OK,null,OS
2020-06-02 13:00:00,38.64,OK,-0.28,BDL,null,OS,null,OS,null,OS,38.59,OK,null,OS
2020-06-02 14:00:00,39.62,OK,-0.26,BDL,null,OS,null,OS,null,OS,44.88,OK,null,OS
2020-06-02 15:00:00,37.9,OK,-0.28,BDL,null,OS,null,OS,null,OS,43.51,OK,null,OS
2020-06-02 16:00:00,36.15,OK,-0.3,BDL,null,OS,null,OS,null,OS,49.43,OK,null,OS
2020-06-02 17:00:00,41.52,OK,-0.25,BDL,null,OS,null,OS,null,OS,36.72,OK,null,OS
2020-06-02 18:00:00,32.56,OK,-0.27,BDL,null,OS,null,OS,null,OS,30.8,OK,null,OS
2020-06-02 19:00:00,28.5,OK,-0.25,BDL,null,OS,null,OS,null,OS,19.06,OK,null,OS
2020-06-02 20:00:00,24.86,OK,-0.25,BDL,null,OS,null,OS,null,OS,38.48,OK,null,OS
2020-06-02 21:00:00,25.18,OK,-0.31,BDL,null,OS,null,OS,null,OS,24.08,OK,null,OS
2020-06-02 22:00:00,19.66,OK,-0.29,BDL,null,OS,null,OS,null,OS,29.21,OK,null,OS
2020-06-02 23:00:00,18.45,OK,-0.26,BDL,null,OS,null,OS,null,OS,24.73,OK,null,OS
2020-06-03 00:00:00,16.34,OK,-0.2,BDL,null,OS,null,OS,null,OS,36.24,OK,null,OS
2020-06-03 01:00:00,14.66,OK,-0.27,BDL,null,OS,null,OS,null,OS,27.51,OK,null,OS
2020-06-03 02:00:00,13.78,OK,-0.3,BDL,null,OS,null,OS,null,OS,34.15,OK,null,OS
2020-06-03 03:00:00,11.66,OK,-0.31,BDL,null,OS,null,OS,null,OS,34.98,OK,null,OS
2020-06-03 04:00:00,9.16,OK,-0.32,BDL,null,OS,null,OS,null,OS,25.29,OK,null,OS
2020-06-03 05:00:00,9.13,OK,-0.31,BDL,null,OS,null,OS,null,OS,0.09,BDL,null,OS
2020-06-03 06:00:00,16.01,OK,-0.24,BDL,null,OS,null,OS,null,OS,43.51,OK,null,OS
2020-06-03 07:00:00,22.53,OK,-0.3,BDL,null,OS,null,OS,null,OS,37.84,OK,null,OS
2020-06-03 08:00:00,27.33,OK,-0.3,BDL,null,OS,null,OS,null,OS,48.83,OK,null,OS
2020-06-03 09:00:00,32.47,OK,-0.28,BDL,null,OS,null,OS,null,OS,47.85,OK,null,OS
2020-06-03 10:00:00,33.96,OK,-0.26,BDL,null,OS,null,OS,null,OS,39.23,OK,null,OS
2020-06-03 11:00:00,36.68,OK,-0.27,BDL,null,OS,null,OS,null,OS,49.67,OK,null,OS
2020-06-03 12:00:00,38.17,OK,-0.3,BDL,null,OS,null,OS,null,OS,36.5,OK,null,OS
2020-06-03 13:00:00,38.88,OK,-0.23,BDL,null,OS,null,OS,null,OS,35.62,OK,null,OS
2020-06-03 14:00:00,36.65,OK,-0.22,BDL,null,OS,null,OS,null,OS,38.33,OK,null,OS
2020-06-03 15:00:00,34.82,OK,-0.21,BDL,null,OS,null,OS,null,OS,46.93,OK,null,OS
2020-06-03 16:00:00,32.84,OK,-0.24,BDL,null,OS,null,OS,null,OS,49.15,OK,null,OS
2020-06-03 17:00:00,33.38,OK,-0.21,BDL,null,OS,null,OS,null,OS,31.57,OK,null,OS
2020-06-03 18:00:00,33.59,OK,-0.2,BDL,null,OS,null,OS,null,OS,15.18,OK,null,OS
2020-06-03 19:00:00,28.53,OK,-0.25,BDL,null,OS,null,OS,null,OS,10.87,OK,null,OS
2020-06-03 20:00:00,21.11,OK,-0.2,BDL,null,OS,null,OS,null,OS,26.49,OK,null,OS
2020-06-03 21:00:00,22.06,OK,-0.21,BDL,null,OS,null,OS,null,OS,31.45,OK,null,OS
2020-06-03 22:00:00,21.41,OK,-0.19,BDL,null,OS,null,OS,null,OS,19.96,OK,null,OS
2020-06-03 23:00:00,23.87,OK,-0.17,BDL,null,OS,null,OS,null,OS,26.92,OK,null,OS
2020-06-04 00:00:00,20.03,OK,-0.25,BDL,null,OS,null,OS,null,OS,11.27,OK,null,OS
2020-06-04 01:00:00,18.04,OK,-0.24,BDL,null,OS,null,OS,null,OS,25.98,OK,null,OS
2020-06-04 02:00:00,18.14,OK,-0.23,BDL,null,OS,null,OS,null,OS,21.75,OK,null,OS
2020-06-04 03:00:00,13.84,OK,-0.25,BDL,null,OS,null,OS,null,OS,21.87,OK,null,OS
2020-06-04 04:00:00,7.41,OK,-0.24,BDL,null,OS,null,OS,null,OS,43.58,OK,null,OS
2020-06-04 05:00:00,6.72,OK,-0.19,BDL,null,OS,null,OS,null,OS,21.15,OK,null,OS
2020-06-04 06:00:00,15.72,OK,-0.17,BDL,null,OS,null,OS,null,OS,41.87,OK,null,OS
2020-06-04 07:00:00,25.56,OK,-0.18,BDL,null,OS,null,OS,null,OS,23.55,OK,null,OS
2020-06-04 08:00:00,40.05,OK,-0.1,BDL,null,OS,null,OS,null,OS,72.98,OK,null,OS
2020-06-04 09:00:00,41.41,OK,-0.05,BDL,null,OS,null,OS,null,OS,46.53,OK,null,OS
2020-06-04 10:00:00,42.53,OK,-0.08,BDL,null,OS,null,OS,null,OS,64.45,OK,null,OS
2020-06-04 11:00:00,37.65,OK,-0.03,BDL,null,OS,null,OS,null,OS,31.79,OK,null,OS
2020-06-04 12:00:00,39.35,OK,-0.15,BDL,null,OS,null,OS,null,OS,40.93,OK,null,OS
2020-06-04 13:00:00,42.0,OK,-0.13,BDL,null,OS,null,OS,null,OS,47.15,OK,null,OS
2020-06-04 14:00:00,42.1,OK,-0.12,BDL,null,OS,null,OS,null,OS,62.69,OK,null,OS
2020-06-04 15:00:00,39.78,OK,-0.17,BDL,null,OS,null,OS,null,OS,50.76,OK,null,OS
2020-06-04 16:00:00,40.22,OK,-0.2,BDL,null,OS,null,OS,null,OS,65.89,OK,null,OS
2020-06-04 17:00:00,33.96,OK,-0.16,BDL,null,OS,null,OS,null,OS,68.21,OK,null,OS
2020-06-04 18:00:00,25.8,OK,-0.18,BDL,null,OS,null,OS,null,OS,30.77,OK,null,OS
2020-06-04 19:00:00,20.69,OK,-0.14,BDL,null,OS,null,OS,null,OS,23.81,OK,null,OS
2020-06-04 20:00:00,20.47,OK,-0.16,BDL,null,OS,null,OS,null,OS,40.7,OK,null,OS
2020-06-04 21:00:00,19.65,OK,-0.17,BDL,null,OS,null,OS,null,OS,38.47,OK,null,OS
2020-06-04 22:00:00,16.62,OK,-0.11,BDL,null,OS,null,OS,null,OS,33.48,OK,null,OS
2020-06-04 23:00:00,18.18,OK,-0.09,BDL,null,OS,null,OS,null,OS,48.61,OK,null,OS
2020-06-05 00:00:00,21.33,OK,-0.09,BDL,null,OS,null,OS,null,OS,32.67,OK,null,OS
2020-06-05 01:00:00,22.91,OK,-0.07,BDL,null,OS,null,OS,null,OS,38.8,OK,null,OS
2020-06-05 02:00:00,26.16,OK,-0.05,BDL,null,OS,null,OS,null,OS,20.64,OK,null,OS
2020-06-05 03:00:00,25.65,OK,-0.12,BDL,null,OS,null,OS,null,OS,27.63,OK,null,OS
2020-06-05 04:00:00,23.0,OK,-0.14,BDL,null,OS,null,OS,null,OS,25.55,OK,null,OS
2020-06-05 05:00:00,24.75,OK,-0.2,BDL,null,OS,null,OS,null,OS,18.13,OK,null,OS
2020-06-05 06:00:00,27.93,OK,-0.19,BDL,null,OS,null,OS,null,OS,30.89,OK,null,OS
2020-06-05 07:00:00,27.32,OK,-0.15,BDL,null,OS,null,OS,null,OS,39.21,OK,null,OS
2020-06-05 08:00:00,30.99,OK,-0.16,BDL,null,OS,null,OS,null,OS,50.03,OK,null,OS
2020-06-05 09:00:00,34.63,OK,-0.16,BDL,null,OS,null,OS,null,OS,31.09,OK,null,OS
2020-06-05 10:00:00,33.47,OK,-0.14,BDL,null,OS,null,OS,null,OS,40.8,OK,null,OS
2020-06-05 11:00:00,34.32,OK,-0.09,BDL,null,OS,null,OS,null,OS,50.42,OK,null,OS
2020-06-05 12:00:00,32.56,OK,-0.16,BDL,null,OS,null,OS,null,OS,33.39,OK,null,OS
2020-06-05 13:00:00,30.4,OK,-0.18,BDL,null,OS,null,OS,null,OS,40.5,OK,null,OS
2020-06-05 14:00:00,29.12,OK,-0.19,BDL,null,OS,null,OS,null,OS,38.51,OK,null,OS
2020-06-05 15:00:00,29.12,OK,-0.21,BDL,null,OS,null,OS,null,OS,43.39,OK,null,OS
2020-06-05 16:00:00,29.84,OK,-0.22,BDL,null,OS,null,OS,null,OS,43.26,OK,null,OS
2020-06-05 17:00:00,29.36,OK,-0.21,BDL,null,OS,null,OS,null,OS,47.81,OK,null,OS
2020-06-05 18:00:00,26.44,OK,-0.19,BDL,null,OS,null,OS,null,OS,19.27,OK,null,OS
2020-06-05 19:00:00,27.74,OK,-0.21,BDL,null,OS,null,OS,null,OS,23.34,OK,null,OS
2020-06-05 20:00:00,28.14,OK,-0.23,BDL,null,OS,null,OS,null,OS,24.38,OK,null,OS
2020-06-05 21:00:00,25.63,OK,-0.15,BDL,null,OS,null,OS,null,OS,36.28,OK,null,OS
2020-06-05 22:00:00,24.92,OK,-0.23,BDL,null,OS,null,OS,null,OS,34.52,OK,null,OS
2020-06-05 23:00:00,25.13,OK,-0.24,BDL,null,OS,null,OS,null,OS,35.38,OK,null,OS
2020-06-06 00:00:00,25.28,OK,-0.17,BDL,null,OS,null,OS,null,OS,36.03,OK,null,OS
2020-06-06 01:00:00,24.79,OK,-0.2,BDL,null,OS,null,OS,null,OS,33.4,OK,null,OS
2020-06-06 02:00:00,25.62,OK,-0.22,BDL,null,OS,null,OS,null,OS,23.7,OK,null,OS
2020-06-06 03:00:00,24.4,OK,-0.2,BDL,null,OS,null,OS,null,OS,19.09,OK,null,OS
2020-06-06 04:00:00,22.54,OK,-0.21,BDL,null,OS,null,OS,null,OS,21.72,OK,null,OS
2020-06-06 05:00:00,23.33,OK,-0.18,BDL,null,OS,null,OS,null,OS,8.11,OK,null,OS
2020-06-06 06:00:00,24.33,OK,-0.17,BDL,null,OS,null,OS,null,OS,17.66,OK,null,OS
2020-06-06 07:00:00,30.98,OK,-0.15,BDL,null,OS,null,OS,null,OS,35.46,OK,null,OS
2020-06-06 08:00:00,34.65,OK,-0.16,BDL,null,OS,null,OS,null,OS,50.52,OK,null,OS
2020-06-06 09:00:00,36.07,OK,-0.11,BDL,null,OS,null,OS,null,OS,36.83,OK,null,OS
2020-06-06 10:00:00,38.9,OK,-0.13,BDL,null,OS,null,OS,null,OS,30.78,OK,null,OS
2020-06-06 11:00:00,42.38,OK,-0.12,BDL,null,OS,null,OS,null,OS,28.26,OK,null,OS
2020-06-06 12:00:00,40.72,OK,-0.13,BDL,null,OS,null,OS,null,OS,35.01,OK,null,OS
2020-06-06 13:00:00,39.45,OK,-0.14,BDL,null,OS,null,OS,null,OS,33.6,OK,null,OS
2020-06-06 14:00:00,37.26,OK,-0.17,BDL,null,OS,null,OS,null,OS,36.07,OK,null,OS
2020-06-06 15:00:00,37.94,OK,-0.13,BDL,null,OS,null,OS,null,OS,41.06,OK,null,OS
2020-06-06 16:00:00,38.06,OK,-0.18,BDL,null,OS,null,OS,null,OS,41.05,OK,null,OS
2020-06-06 17:00:00,40.95,OK,-0.18,BDL,null,OS,null,OS,null,OS,22.82,OK,null,OS
2020-06-06 18:00:00,38.27,OK,-0.18,BDL,null,OS,null,OS,null,OS,26.43,OK,null,OS
2020-06-06 19:00:00,30.54,OK,-0.17,BDL,null,OS,null,OS,null,OS,77.11,OK,null,OS
2020-06-06 20:00:00,25.76,OK,-0.13,BDL,null,OS,null,OS,null,OS,39.27,OK,null,OS
2020-06-06 21:00:00,24.93,OK,-0.17,BDL,null,OS,null,OS,null,OS,45.68,OK,null,OS
2020-06-06 22:00:00,23.49,OK,-0.19,BDL,null,OS,null,OS,null,OS,45.74,OK,null,OS
2020-06-06 23:00:00,23.44,OK,-0.17,BDL,null,OS,null,OS,null,OS,42.02,OK,null,OS
2020-06-07 00:00:00,25.56,OK,-0.16,BDL,null,OS,null,OS,null,OS,33.53,OK,null,OS
2020-06-07 01:00:00,26.0,OK,-0.22,BDL,null,OS,null,OS,null,OS,34.91,OK,null,OS
2020-06-07 02:00:00,23.66,OK,-0.21,BDL,null,OS,null,OS,null,OS,28.3,OK,null,OS
2020-06-07 03:00:00,25.53,OK,-0.23,BDL,null,OS,null,OS,null,OS,21.33,OK,null,OS
2020-06-07 04:00:00,23.96,OK,-0.15,BDL,null,OS,null,OS,null,OS,23.82,OK,null,OS
2020-06-07 05:00:00,23.8,OK,-0.26,BDL,null,OS,null,OS,null,OS,-3.79,BDL,null,OS
2020-06-07 06:00:00,28.76,OK,-0.23,BDL,null,OS,null,OS,null,OS,27.58,OK,null,OS
2020-06-07 07:00:00,32.59,OK,-0.25,BDL,null,OS,null,OS,null,OS,-1.78,BDL,null,OS
2020-06-07 08:00:00,35.76,OK,-0.2,BDL,null,OS,null,OS,null,OS,3.38,BDL,null,OS
2020-06-07 09:00:00,37.57,OK,-0.24,BDL,null,OS,null,OS,null,OS,21.7,OK,null,OS
2020-06-07 10:00:00,36.2,OK,-0.24,BDL,null,OS,null,OS,null,OS,24.06,OK,null,OS
2020-06-07 11:00:00,35.03,OK,-0.23,BDL,null,OS,null,OS,null,OS,23.88,OK,null,OS
2020-06-07 12:00:00,35.52,OK,-0.23,BDL,null,OS,null,OS,null,OS,16.11,OK,null,OS
2020-06-07 13:00:00,32.36,OK,-0.23,BDL,null,OS,null,OS,null,OS,17.86,OK,null,OS
2020-06-07 14:00:00,32.01,OK,-0.21,BDL,null,OS,null,OS,null,OS,31.21,OK,null,OS
2020-06-07 15:00:00,28.31,OK,-0.2,BDL,null,OS,null,OS,null,OS,54.71,OK,null,OS
2020-06-07 16:00:00,26.3,OK,-0.28,BDL,null,OS,null,OS,null,OS,50.69,OK,null,OS
2020-06-07 17:00:00,24.85,OK,-0.24,BDL,null,OS,null,OS,null,OS,45.83,OK,null,OS
2020-06-07 18:00:00,22.11,OK,-0.17,BDL,null,OS,null,OS,null,OS,26.41,OK,null,OS
2020-06-07 19:00:00,19.04,OK,-0.17,BDL,null,OS,null,OS,null,OS,27.43,OK,null,OS
2020-06-07 20:00:00,17.7,OK,-0.26,BDL,null,OS,null,OS,null,OS,20.13,OK,null,OS
2020-06-07 21:00:00,14.47,OK,-0.18,BDL,null,OS,null,OS,null,OS,21.7,OK,null,OS
2020-06-07 22:00:00,13.0,OK,-0.31,BDL,null,OS,null,OS,null,OS,26.4,OK,null,OS
2020-06-07 23:00:00,11.62,OK,-0.23,BDL,null,OS,null,OS,null,OS,27.26,OK,null,OS
2020-06-08 00:00:00,11.2,OK,-0.28,BDL,null,OS,null,OS,null,OS,23.22,OK,null,OS
2020-06-08 01:00:00,11.19,OK,-0.28,BDL,null,OS,null,OS,null,OS,24.67,OK,null,OS
2020-06-08 02:00:00,10.11,OK,-0.28,BDL,null,OS,null,OS,null,OS,33.68,OK,null,OS
2020-06-08 03:00:00,11.28,OK,-0.32,BDL,null,OS,null,OS,null,OS,25.68,OK,null,OS
2020-06-08 04:00:00,13.54,OK,-0.25,BDL,null,OS,null,OS,null,OS,15.56,OK,null,OS
2020-06-08 05:00:00,15.09,OK,-0.29,BDL,null,OS,null,OS,null,OS,19.75,OK,null,OS
2020-06-08 06:00:00,18.34,OK,-0.3,BDL,null,OS,null,OS,null,OS,23.14,OK,null,OS
2020-06-08 07:00:00,22.18,OK,-0.27,BDL,null,OS,null,OS,null,OS,11.41,OK,null,OS
2020-06-08 08:00:00,23.05,OK,-0.28,BDL,null,OS,null,OS,null,OS,34.55,OK,null,OS
2020-06-08 09:00:00,22.55,OK,-0.27,BDL,null,OS,null,OS,null,OS,23.31,OK,null,OS
2020-06-08 10:00:00,24.73,OK,-0.29,BDL,null,OS,null,OS,null,OS,8.97,OK,null,OS
2020-06-08 11:00:00,26.31,OK,-0.28,BDL,null,OS,null,OS,null,OS,26.9,OK,null,OS
2020-06-08 12:00:00,26.64,OK,-0.23,BDL,null,OS,null,OS,null,OS,42.7,OK,null,OS
2020-06-08 13:00:00,27.11,OK,-0.26,BDL,null,OS,null,OS,null,OS,38.83,OK,null,OS
2020-06-08 14:00:00,21.82,OK,-0.21,BDL,null,OS,null,OS,null,OS,92.54,OK,null,OS
2020-06-08 15:00:00,21.43,OK,-0.23,BDL,null,OS,null,OS,null,OS,77.2,OK,null,OS
2020-06-08 16:00:00,20.4,OK,-0.24,BDL,null,OS,null,OS,null,OS,54.32,OK,null,OS
2020-06-08 17:00:00,19.56,OK,-0.2,BDL,null,OS,null,OS,null,OS,35.4,OK,null,OS
2020-06-08 18:00:00,20.41,OK,-0.2,BDL,null,OS,null,OS,null,OS,34.02,OK,null,OS
2020-06-08 19:00:00,20.47,OK,-0.24,BDL,null,OS,null,OS,null,OS,18.3,OK,null,OS
2020-06-08 20:00:00,18.75,OK,-0.28,BDL,null,OS,null,OS,null,OS,29.46,OK,null,OS
2020-06-08 21:00:00,16.76,OK,-0.22,BDL,null,OS,null,OS,null,OS,32.7,OK,null,OS
2020-06-08 22:00:00,16.44,OK,-0.23,BDL,null,OS,null,OS,null,OS,24.58,OK,null,OS
2020-06-08 23:00:00,18.39,OK,-0.28,BDL,null,OS,null,OS,null,OS,21.83,OK,null,OS
2020-06-09 00:00:00,18.27,OK,-0.29,BDL,null,OS,null,OS,null,OS,27.03,OK,null,OS
2020-06-09 01:00:00,19.16,OK,-0.26,BDL,null,OS,null,OS,null,OS,21.58,OK,null,OS
2020-06-09 02:00:00,18.08,OK,-0.25,BDL,null,OS,null,OS,null,OS,28.13,OK,null,OS
2020-06-09 03:00:00,12.88,OK,-0.32,BDL,null,OS,null,OS,null,OS,26.53,OK,null,OS
2020-06-09 04:00:00,6.91,OK,-0.24,BDL,null,OS,null,OS,null,OS,36.8,OK,null,OS
2020-06-09 05:00:00,11.3,OK,-0.22,BDL,null,OS,null,OS,null,OS,15.88,OK,null,OS
2020-06-09 06:00:00,17.26,OK,-0.24,BDL,null,OS,null,OS,null,OS,16.05,OK,null,OS
2020-06-09 07:00:00,30.1,OK,-0.17,BDL,null,OS,null,OS,null,OS,66.21,OK,null,OS
2020-06-09 08:00:00,33.66,OK,-0.17,BDL,null,OS,null,OS,null,OS,37.63,OK,null,OS
2020-06-09 09:00:00,37.34,OK,-0.2,BDL,null,OS,null,OS,null,OS,35.97,OK,null,OS
2020-06-09 10:00:00,47.96,OK,-0.17,BDL,null,OS,null,OS,null,OS,53.04,OK,null,OS
2020-06-09 11:00:00,49.77,OK,-0.2,BDL,null,OS,null,OS,null,OS,59.24,OK,null,OS
2020-06-09 12:00:00,44.86,OK,-0.21,BDL,null,OS,null,OS,null,OS,49.34,OK,null,OS
2020-06-09 13:00:00,43.87,OK,-0.22,BDL,null,OS,null,OS,null,OS,42.24,OK,null,OS
2020-06-09 14:00:00,40.36,OK,-0.2,BDL,null,OS,null,OS,null,OS,44.63,OK,null,OS
2020-06-09 15:00:00,39.46,OK,-0.19,BDL,null,OS,null,OS,null,OS,60.4,OK,null,OS
2020-06-09 16:00:00,40.23,OK,-0.15,BDL,null,OS,null,OS,null,OS,84.79,OK,null,OS
2020-06-09 17:00:00,38.93,OK,-0.07,BDL,null,OS,null,OS,null,OS,54.93,OK,null,OS
2020-06-09 18:00:00,36.79,OK,-0.21,BDL,null,OS,null,OS,null,OS,46.66,OK,null,OS
2020-06-09 19:00:00,34.62,OK,-0.17,BDL,null,OS,null,OS,null,OS,2.22,BDL,null,OS
2020-06-09 20:00:00,34.62,OK,-0.19,BDL,null,OS,null,OS,null,OS,17.07,OK,null,OS
2020-06-09 21:00:00,37.67,OK,-0.14,BDL,null,OS,null,OS,null,OS,27.02,OK,null,OS
2020-06-09 22:00:00,33.88,OK,-0.1,BDL,null,OS,null,OS,null,OS,24.58,OK,null,OS
2020-06-09 23:00:00,32.21,OK,-0.1,BDL,null,OS,null,OS,null,OS,37.89,OK,null,OS
2020-06-10 00:00:00,33.16,OK,-0.11,BDL,null,OS,null,OS,null,OS,36.58,OK,null,OS
2020-06-10 01:00:00,29.0,OK,-0.11,BDL,null,OS,null,OS,null,OS,30.56,OK,null,OS
2020-06-10 02:00:00,14.44,OK,-0.09,BDL,null,OS,null,OS,null,OS,47.63,OK,null,OS
2020-06-10 03:00:00,8.49,OK,-0.04,BDL,null,OS,null,OS,null,OS,39.31,OK,null,OS
2020-06-10 04:00:00,20.72,OK,-0.01,BDL,null,OS,null,OS,null,OS,40.56,OK,null,OS
2020-06-10 05:00:00,18.4,OK,0.07,BDL,null,OS,null,OS,null,OS,20.04,OK,null,OS
2020-06-10 06:00:00,24.64,OK,-0.09,BDL,null,OS,null,OS,null,OS,32.35,OK,null,OS
2020-06-10 07:00:00,29.7,OK,-0.02,BDL,null,OS,null,OS,null,OS,19.95,OK,null,OS
2020-06-10 08:00:00,40.08,OK,-0.04,BDL,null,OS,null,OS,null,OS,36.63,OK,null,OS
2020-06-10 09:00:00,50.56,OK,-0.09,BDL,null,OS,null,OS,null,OS,24.85,OK,null,OS
2020-06-10 10:00:00,54.21,OK,0.1,BDL,null,OS,null,OS,null,OS,54.64,OK,null,OS
2020-06-10 11:00:00,50.53,OK,0.02,BDL,null,OS,null,OS,null,OS,51.12,OK,null,OS
2020-06-10 12:00:00,49.38,OK,-0.04,BDL,null,OS,null,OS,null,OS,54.56,OK,null,OS
2020-06-10 13:00:00,47.96,OK,-0.03,BDL,null,OS,null,OS,null,OS,63.7,OK,null,OS
2020-06-10 14:00:00,48.44,OK,-0.01,BDL,null,OS,null,OS,null,OS,54.26,OK,null,OS
2020-06-10 15:00:00,45.82,OK,-0.07,BDL,null,OS,null,OS,null,OS,72.52,OK,null,OS
2020-06-10 16:00:00,42.73,OK,-0.08,BDL,null,OS,null,OS,null,OS,66.5,OK,null,OS
2020-06-10 17:00:00,39.17,OK,-0.07,BDL,null,OS,null,OS,null,OS,35.06,OK,null,OS
2020-06-10 18:00:00,35.11,OK,-0.09,BDL,null,OS,null,OS,null,OS,37.53,OK,null,OS
2020-06-10 19:00:00,33.38,OK,-0.02,BDL,null,OS,null,OS,null,OS,30.34,OK,null,OS
2020-06-10 20:00:00,29.12,OK,-0.02,BDL,null,OS,null,OS,null,OS,44.51,OK,null,OS
2020-06-10 21:00:00,26.95,OK,-0.04,BDL,null,OS,null,OS,null,OS,38.35,OK,null,OS
2020-06-10 22:00:00,30.48,OK,-0.03,BDL,null,OS,null,OS,null,OS,57.32,OK,null,OS
2020-06-10 23:00:00,28.56,OK,0.08,BDL,null,OS,null,OS,null,OS,48.94,OK,null,OS
2020-06-11 00:00:00,26.62,OK,-0.03,BDL,null,OS,null,OS,null,OS,43.72,OK,null,OS
2020-06-11 01:00:00,22.93,OK,-0.06,BDL,null,OS,null,OS,null,OS,33.73,OK,null,OS
2020-06-11 02:00:00,14.41,OK,-0.0,BDL,null,OS,null,OS,null,OS,44.57,OK,null,OS
2020-06-11 03:00:00,11.04,OK,-0.01,BDL,null,OS,null,OS,null,OS,46.42,OK,null,OS
2020-06-11 04:00:00,14.84,OK,0.03,BDL,null,OS,null,OS,null,OS,39.19,OK,null,OS
2020-06-11 05:00:00,13.31,OK,-0.03,BDL,null,OS,null,OS,null,OS,21.45,OK,null,OS
2020-06-11 06:00:00,16.69,OK,0.04,BDL,null,OS,null,OS,null,OS,48.83,OK,null,OS
2020-06-11 07:00:00,32.55,OK,-0.05,BDL,null,OS,null,OS,null,OS,47.11,OK,null,OS
2020-06-11 08:00:00,40.44,OK,-0.06,BDL,null,OS,null,OS,null,OS,19.22,OK,null,OS
2020-06-11 09:00:00,37.05,OK,-0.0,BDL,null,OS,null,OS,null,OS,27.93,OK,null,OS
2020-06-11 10:00:00,52.64,OK,-0.07,BDL,null,OS,null,OS,null,OS,52.58,OK,null,OS
2020-06-11 11:00:00,46.78,OK,-0.0,BDL,null,OS,null,OS,null,OS,36.26,OK,null,OS
2020-06-11 12:00:00,42.89,OK,-0.03,BDL,null,OS,null,OS,null,OS,38.91,OK,null,OS
2020-06-11 13:00:00,42.28,OK,-0.07,BDL,null,OS,null,OS,null,OS,40.52,OK,null,OS
2020-06-11 14:00:00,42.06,OK,-0.07,BDL,null,OS,null,OS,null,OS,45.33,OK,null,OS
2020-06-11 15:00:00,40.41,OK,0.01,BDL,null,OS,null,OS,null,OS,71.61,OK,null,OS
2020-06-11 16:00:00,38.01,OK,-0.05,BDL,null,OS,null,OS,null,OS,66.69,OK,null,OS
2020-06-11 17:00:00,36.86,OK,-0.08,BDL,null,OS,null,OS,null,OS,37.68,OK,null,OS
2020-06-11 18:00:00,33.92,OK,-0.07,BDL,null,OS,null,OS,null,OS,19.19,OK,null,OS
2020-06-11 19:00:00,29.19,OK,-0.01,BDL,null,OS,null,OS,null,OS,29.17,OK,null,OS
2020-06-11 20:00:00,26.8,OK,-0.02,BDL,null,OS,null,OS,null,OS,30.12,OK,null,OS
2020-06-11 21:00:00,25.38,OK,0.22,BDL,null,OS,null,OS,null,OS,57.21,OK,null,OS
2020-06-11 22:00:00,33.37,OK,0.0,BDL,null,OS,null,OS,null,OS,28.74,OK,null,OS
2020-06-11 23:00:00,37.56,OK,-0.06,BDL,null,OS,null,OS,null,OS,12.98,OK,null,OS
2020-06-12 00:00:00,31.35,OK,-0.12,BDL,null,OS,null,OS,null,OS,19.4,OK,null,OS
2020-06-12 01:00:00,27.75,OK,-0.04,BDL,null,OS,null,OS,null,OS,17.97,OK,null,OS
2020-06-12 02:00:00,23.25,OK,-0.1,BDL,null,OS,null,OS,null,OS,29.8,OK,null,OS
2020-06-12 03:00:00,12.63,OK,-0.09,BDL,null,OS,null,OS,null,OS,29.09,OK,null,OS
2020-06-12 04:00:00,12.26,OK,-0.03,BDL,null,OS,null,OS,null,OS,41.16,OK,null,OS
2020-06-12 05:00:00,11.69,OK,0.0,BDL,null,OS,null,OS,null,OS,40.23,OK,null,OS
2020-06-12 06:00:00,22.05,OK,-0.05,BDL,null,OS,null,OS,null,OS,32.77,OK,null,OS
2020-06-12 07:00:00,26.3,OK,0.02,BDL,null,OS,null,OS,null,OS,20.17,OK,null,OS
2020-06-12 08:00:00,42.1,OK,-0.04,BDL,null,OS,null,OS,null,OS,26.12,OK,null,OS
2020-06-12 09:00:00,50.06,OK,-0.02,BDL,null,OS,null,OS,null,OS,42.56,OK,null,OS
2020-06-12 10:00:00,59.1,OK,-0.06,BDL,null,OS,null,OS,null,OS,44.54,OK,null,OS
2020-06-12 11:00:00,57.11,OK,-0.04,BDL,null,OS,null,OS,null,OS,49.64,OK,null,OS
2020-06-12 12:00:00,58.77,OK,0.2,BDL,null,OS,null,OS,null,OS,58.81,OK,null,OS
2020-06-12 13:00:00,46.73,OK,0.09,BDL,null,OS,null,OS,null,OS,61.59,OK,null,OS
2020-06-12 14:00:00,41.15,OK,0.26,BDL,null,OS,null,OS,null,OS,75.11,OK,null,OS
2020-06-12 15:00:00,36.35,OK,0.04,BDL,null,OS,null,OS,null,OS,84.11,OK,null,OS
2020-06-12 16:00:00,32.49,OK,0.02,BDL,null,OS,null,OS,null,OS,80.69,OK,null,OS
2020-06-12 17:00:00,32.26,OK,0.15,BDL,null,OS,null,OS,null,OS,56.33,OK,null,OS
2020-06-12 18:00:00,31.8,OK,-0.03,BDL,null,OS,null,OS,null,OS,23.06,OK,null,OS
2020-06-12 19:00:00,27.88,OK,-0.04,BDL,null,OS,null,OS,null,OS,23.82,OK,null,OS
2020-06-12 20:00:00,26.96,OK,-0.12,BDL,null,OS,null,OS,null,OS,34.79,OK,null,OS
2020-06-12 21:00:00,27.12,OK,-0.09,BDL,null,OS,null,OS,null,OS,24.12,OK,null,OS
2020-06-12 22:00:00,24.02,OK,-0.09,BDL,null,OS,null,OS,null,OS,24.5,OK,null,OS
2020-06-12 23:00:00,22.29,OK,-0.06,BDL,null,OS,null,OS,null,OS,29.18,OK,null,OS
2020-06-13 00:00:00,14.19,OK,-0.07,BDL,null,OS,null,OS,null,OS,24.39,OK,null,OS
2020-06-13 01:00:00,8.5,OK,-0.02,BDL,null,OS,null,OS,null,OS,54.88,OK,null,OS
2020-06-13 02:00:00,14.75,OK,-0.04,BDL,null,OS,null,OS,null,OS,40.34,OK,null,OS
2020-06-13 03:00:00,15.53,OK,-0.05,BDL,null,OS,null,OS,null,OS,29.96,OK,null,OS
2020-06-13 04:00:00,10.98,OK,-0.02,BDL,null,OS,null,OS,null,OS,43.51,OK,null,OS
2020-06-13 05:00:00,7.98,OK,-0.05,BDL,null,OS,null,OS,null,OS,27.12,OK,null,OS
2020-06-13 06:00:00,17.75,OK,0.0,BDL,null,OS,null,OS,null,OS,55.43,OK,null,OS
2020-06-13 07:00:00,31.33,OK,0.07,BDL,null,OS,null,OS,null,OS,56.95,OK,null,OS
2020-06-13 08:00:00,44.99,OK,-0.03,BDL,null,OS,null,OS,null,OS,51.94,OK,null,OS
2020-06-13 09:00:00,50.47,OK,0.01,BDL,null,OS,null,OS,null,OS,37.28,OK,null,OS
2020-06-13 10:00:00,52.21,OK,0.05,BDL,null,OS,null,OS,null,OS,31.61,OK,null,OS
2020-06-13 11:00:00,39.86,OK,-0.08,BDL,null,OS,null,OS,null,OS,34.92,OK,null,OS
2020-06-13 12:00:00,37.65,OK,-0.05,BDL,null,OS,null,OS,null,OS,65.97,OK,null,OS
2020-06-13 13:00:00,39.7,OK,-0.01,BDL,null,OS,null,OS,null,OS,46.77,OK,null,OS
2020-06-13 14:00:00,37.74,OK,-0.08,BDL,null,OS,null,OS,null,OS,51.98,OK,null,OS
2020-06-13 15:00:00,35.9,OK,-0.05,BDL,null,OS,null,OS,null,OS,58.25,OK,null,OS
2020-06-13 16:00:00,35.4,OK,-0.09,BDL,null,OS,null,OS,null,OS,57.26,OK,null,OS
2020-06-13 17:00:00,35.23,OK,-0.11,BDL,null,OS,null,OS,null,OS,22.28,OK,null,OS
2020-06-13 18:00:00,31.71,OK,-0.14,BDL,null,OS,null,OS,null,OS,8.44,OK,null,OS
2020-06-13 19:00:00,28.91,OK,-0.15,BDL,null,OS,null,OS,null,OS,22.21,OK,null,OS
2020-06-13 20:00:00,29.92,OK,-0.09,BDL,null,OS,null,OS,null,OS,17.34,OK,null,OS
2020-06-13 21:00:00,23.39,OK,-0.11,BDL,null,OS,null,OS,null,OS,22.39,OK,null,OS
2020-06-13 22:00:00,16.54,OK,-0.09,BDL,null,OS,null,OS,null,OS,37.18,OK,null,OS
2020-06-13 23:00:00,19.09,OK,-0.14,BDL,null,OS,null,OS,null,OS,43.08,OK,null,OS
2020-06-14 00:00:00,23.48,OK,-0.12,BDL,null,OS,null,OS,null,OS,22.96,OK,null,OS
2020-06-14 01:00:00,19.87,OK,-0.02,BDL,null,OS,null,OS,null,OS,29.64,OK,null,OS
2020-06-14 02:00:00,13.52,OK,-0.14,BDL,null,OS,null,OS,null,OS,45.57,OK,null,OS
2020-06-14 03:00:00,13.08,OK,-0.11,BDL,null,OS,null,OS,null,OS,42.92,OK,null,OS
2020-06-14 04:00:00,10.72,OK,-0.14,BDL,null,OS,null,OS,null,OS,36.35,OK,null,OS
2020-06-14 05:00:00,13.63,OK,-0.15,BDL,null,OS,null,OS,null,OS,36.54,OK,null,OS
2020-06-14 06:00:00,19.31,OK,-0.13,BDL,null,OS,null,OS,null,OS,29.26,OK,null,OS
2020-06-14 07:00:00,27.18,OK,-0.18,BDL,null,OS,null,OS,null,OS,21.92,OK,null,OS
2020-06-14 08:00:00,34.73,OK,-0.15,BDL,null,OS,null,OS,null,OS,52.87,OK,null,OS
2020-06-14 09:00:00,37.73,OK,-0.14,BDL,null,OS,null,OS,null,OS,23.05,OK,null,OS
2020-06-14 10:00:00,39.04,OK,-0.17,BDL,null,OS,null,OS,null,OS,30.27,OK,null,OS
2020-06-14 11:00:00,37.73,OK,-0.15,BDL,null,OS,null,OS,null,OS,35.27,OK,null,OS
2020-06-14 12:00:00,37.13,OK,-0.09,BDL,null,OS,null,OS,null,OS,29.07,OK,null,OS
2020-06-14 13:00:00,35.3,OK,-0.1,BDL,null,OS,null,OS,null,OS,48.79,OK,null,OS
2020-06-14 14:00:00,34.26,OK,-0.17,BDL,null,OS,null,OS,null,OS,72.88,OK,null,OS
2020-06-14 15:00:00,32.24,OK,-0.17,BDL,null,OS,null,OS,null,OS,73.17,OK,null,OS
2020-06-14 16:00:00,30.77,OK,-0.15,BDL,null,OS,null,OS,null,OS,62.81,OK,null,OS
2020-06-14 17:00:00,29.08,OK,-0.13,BDL,null,OS,null,OS,null,OS,38.25,OK,null,OS
2020-06-14 18:00:00,26.33,OK,-0.09,BDL,null,OS,null,OS,null,OS,26.6,OK,null,OS
2020-06-14 19:00:00,23.53,OK,-0.24,BDL,null,OS,null,OS,null,OS,28.41,OK,null,OS
2020-06-14 20:00:00,20.1,OK,-0.19,BDL,null,OS,null,OS,null,OS,32.03,OK,null,OS
2020-06-14 21:00:00,19.32,OK,-0.19,BDL,null,OS,null,OS,null,OS,34.86,OK,null,OS
2020-06-14 22:00:00,22.46,OK,-0.23,BDL,null,OS,null,OS,null,OS,30.32,OK,null,OS
2020-06-14 23:00:00,26.36,OK,-0.23,BDL,null,OS,null,OS,null,OS,38.44,OK,null,OS
2020-06-15 00:00:00,30.96,OK,-0.21,BDL,null,OS,null,OS,null,OS,28.68,OK,null,OS
2020-06-15 01:00:00,25.69,OK,-0.19,BDL,null,OS,null,OS,null,OS,13.99,OK,null,OS
2020-06-15 02:00:00,25.41,OK,-0.23,BDL,null,OS,null,OS,null,OS,26.69,OK,null,OS
2020-06-15 03:00:00,23.85,OK,-0.24,BDL,null,OS,null,OS,null,OS,22.63,OK,null,OS
2020-06-15 04:00:00,19.87,OK,-0.14,BDL,null,OS,null,OS,null,OS,16.99,OK,null,OS
2020-06-15 05:00:00,17.64,OK,-0.23,BDL,null,OS,null,OS,null,OS,24.61,OK,null,OS
2020-06-15 06:00:00,20.05,OK,-0.16,BDL,null,OS,null,OS,null,OS,34.63,OK,null,OS
2020-06-15 07:00:00,29.36,OK,-0.2,BDL,null,OS,null,OS,null,OS,40.33,OK,null,OS
2020-06-15 08:00:00,37.51,OK,-0.14,BDL,null,OS,null,OS,null,OS,0.02,BDL,null,OS
2020-06-15 09:00:00,40.21,OK,-0.13,BDL,null,OS,null,OS,null,OS,40.04,OK,null,OS
2020-06-15 10:00:00,41.49,OK,-0.16,BDL,null,OS,null,OS,null,OS,28.89,OK,null,OS
2020-06-15 11:00:00,41.72,OK,-0.1,BDL,null,OS,null,OS,null,OS,57.6,OK,null,OS
2020-06-15 12:00:00,40.25,OK,-0.09,BDL,null,OS,null,OS,null,OS,38.69,OK,null,OS
2020-06-15 13:00:00,38.44,OK,-0.12,BDL,null,OS,null,OS,null,OS,59.28,OK,null,OS
2020-06-15 14:00:00,34.84,OK,-0.14,BDL,null,OS,null,OS,null,OS,49.1,OK,null,OS
2020-06-15 15:00:00,32.69,OK,-0.21,BDL,null,OS,null,OS,null,OS,54.82,OK,null,OS
2020-06-15 16:00:00,32.78,OK,-0.18,BDL,null,OS,null,OS,null,OS,51.46,OK,null,OS
2020-06-15 17:00:00,31.31,OK,-0.18,BDL,null,OS,null,OS,null,OS,36.36,OK,null,OS
2020-06-15 18:00:00,31.82,OK,-0.12,BDL,null,OS,null,OS,null,OS,17.8,OK,null,OS
2020-06-15 19:00:00,30.58,OK,-0.18,BDL,null,OS,null,OS,null,OS,14.45,OK,null,OS
2020-06-15 20:00:00,24.03,OK,-0.15,BDL,null,OS,null,OS,null,OS,30.81,OK,null,OS
2020-06-15 21:00:00,23.01,OK,-0.2,BDL,null,OS,null,OS,null,OS,31.75,OK,null,OS
2020-06-15 22:00:00,22.65,OK,-0.23,BDL,null,OS,null,OS,null,OS,24.41,OK,null,OS
2020-06-15 23:00:00,24.46,OK,-0.22,BDL,null,OS,null,OS,null,OS,32.95,OK,null,OS
2020-06-16 00:00:00,19.72,OK,-0.22,BDL,null,OS,null,OS,null,OS,51.94,OK,null,OS
2020-06-16 01:00:00,15.14,OK,-0.14,BDL,null,OS,null,OS,null,OS,27.6,OK,null,OS
2020-06-16 02:00:00,14.11,OK,-0.22,BDL,null,OS,null,OS,null,OS,39.0,OK,null,OS
2020-06-16 03:00:00,18.93,OK,-0.22,BDL,null,OS,null,OS,null,OS,41.49,OK,null,OS
2020-06-16 04:00:00,14.46,OK,-0.22,BDL,null,OS,null,OS,null,OS,41.67,OK,null,OS
2020-06-16 05:00:00,16.77,OK,-0.17,BDL,null,OS,null,OS,null,OS,35.73,OK,null,OS
2020-06-16 06:00:00,25.57,OK,-0.18,BDL,null,OS,null,OS,null,OS,36.0,OK,null,OS
2020-06-16 07:00:00,35.38,OK,-0.16,BDL,null,OS,null,OS,null,OS,28.93,OK,null,OS
2020-06-16 08:00:00,43.01,OK,-0.12,BDL,null,OS,null,OS,null,OS,13.56,OK,null,OS
2020-06-16 09:00:00,42.53,OK,-0.1,BDL,null,OS,null,OS,null,OS,49.39,OK,null,OS
2020-06-16 10:00:00,33.33,OK,-0.04,BDL,null,OS,null,OS,null,OS,52.86,OK,null,OS
2020-06-16 11:00:00,33.01,OK,-0.06,BDL,null,OS,null,OS,null,OS,39.48,OK,null,OS
2020-06-16 12:00:00,30.88,OK,-0.1,BDL,null,OS,null,OS,null,OS,35.32,OK,null,OS
2020-06-16 13:00:00,31.96,OK,-0.1,BDL,null,OS,null,OS,null,OS,46.05,OK,null,OS
2020-06-16 14:00:00,31.58,OK,-0.09,BDL,null,OS,null,OS,null,OS,51.49,OK,null,OS
2020-06-16 15:00:00,32.63,OK,-0.12,BDL,null,OS,null,OS,null,OS,51.58,OK,null,OS
2020-06-16 16:00:00,31.77,OK,-0.11,BDL,null,OS,null,OS,null,OS,69.06,OK,null,OS
2020-06-16 17:00:00,32.57,OK,-0.13,BDL,null,OS,null,OS,null,OS,33.03,OK,null,OS
2020-06-16 18:00:00,30.52,OK,-0.11,BDL,null,OS,null,OS,null,OS,18.67,OK,null,OS
2020-06-16 19:00:00,27.67,OK,-0.09,BDL,null,OS,null,OS,null,OS,26.59,OK,null,OS
2020-06-16 20:00:00,27.31,OK,-0.09,BDL,null,OS,null,OS,null,OS,38.17,OK,null,OS
2020-06-16 21:00:00,27.93,OK,-0.1,BDL,null,OS,null,OS,null,OS,17.47,OK,null,OS
2020-06-16 22:00:00,28.3,OK,-0.16,BDL,null,OS,null,OS,null,OS,17.16,OK,null,OS
2020-06-16 23:00:00,27.34,OK,-0.19,BDL,null,OS,null,OS,null,OS,19.28,OK,null,OS
2020-06-17 00:00:00,26.35,OK,-0.22,BDL,null,OS,null,OS,null,OS,24.02,OK,null,OS
2020-06-17 01:00:00,23.58,OK,-0.2,BDL,null,OS,null,OS,null,OS,19.95,OK,null,OS
2020-06-17 02:00:00,18.76,OK,-0.21,BDL,null,OS,null,OS,null,OS,24.55,OK,null,OS
2020-06-17 03:00:00,20.43,OK,-0.21,BDL,null,OS,null,OS,null,OS,26.02,OK,null,OS
2020-06-17 04:00:00,17.83,OK,-0.15,BDL,null,OS,null,OS,null,OS,18.68,OK,null,OS
2020-06-17 05:00:00,14.77,OK,-0.14,BDL,null,OS,null,OS,null,OS,16.59,OK,null,OS
2020-06-17 06:00:00,18.94,OK,-0.11,BDL,null,OS,null,OS,null,OS,38.82,OK,null,OS
2020-06-17 07:00:00,28.74,OK,-0.18,BDL,null,OS,null,OS,null,OS,28.93,OK,null,OS
2020-06-17 08:00:00,39.93,OK,-0.05,BDL,null,OS,null,OS,null,OS,19.63,OK,null,OS
2020-06-17 09:00:00,44.14,OK,0.01,BDL,null,OS,null,OS,null,OS,38.9,OK,null,OS
2020-06-17 10:00:00,43.65,OK,-0.05,BDL,null,OS,null,OS,null,OS,35.26,OK,null,OS
2020-06-17 11:00:00,39.41,OK,-0.11,BDL,null,OS,null,OS,null,OS,36.22,OK,null,OS
2020-06-17 12:00:00,37.15,OK,-0.04,BDL,null,OS,null,OS,null,OS,34.44,OK,null,OS
2020-06-17 13:00:00,35.41,OK,-0.07,BDL,null,OS,null,OS,null,OS,49.44,OK,null,OS
2020-06-17 14:00:00,33.12,OK,-0.07,BDL,null,OS,null,OS,null,OS,53.77,OK,null,OS
2020-06-17 15:00:00,31.4,OK,-0.07,BDL,null,OS,null,OS,null,OS,66.81,OK,null,OS
2020-06-17 16:00:00,32.9,OK,-0.08,BDL,null,OS,null,OS,null,OS,51.81,OK,null,OS
2020-06-17 17:00:00,37.75,OK,-0.11,BDL,null,OS,null,OS,null,OS,23.98,OK,null,OS
2020-06-17 18:00:00,38.47,OK,-0.07,BDL,null,OS,null,OS,null,OS,8.53,OK,null,OS
2020-06-17 19:00:00,33.72,OK,-0.02,BDL,null,OS,null,OS,null,OS,12.47,OK,null,OS
2020-06-17 20:00:00,31.98,OK,-0.02,BDL,null,OS,null,OS,null,OS,35.12,OK,null,OS
2020-06-17 21:00:00,30.76,OK,-0.03,BDL,null,OS,null,OS,null,OS,38.38,OK,null,OS
2020-06-17 22:00:00,30.07,OK,-0.05,BDL,null,OS,null,OS,null,OS,36.46,OK,null,OS
2020-06-17 23:00:00,33.59,OK,-0.16,BDL,null,OS,null,OS,null,OS,28.99,OK,null,OS
2020-06-18 00:00:00,30.48,OK,-0.09,BDL,null,OS,null,OS,null,OS,24.99,OK,null,OS
2020-06-18 01:00:00,26.72,OK,-0.1,BDL,null,OS,null,OS,null,OS,21.62,OK,null,OS
2020-06-18 02:00:00,23.35,OK,-0.1,BDL,null,OS,null,OS,null,OS,26.41,OK,null,OS
2020-06-18 03:00:00,17.6,OK,-0.12,BDL,null,OS,null,OS,null,OS,34.67,OK,null,OS
2020-06-18 04:00:00,14.82,OK,-0.13,BDL,null,OS,null,OS,null,OS,30.97,OK,null,OS
2020-06-18 05:00:00,13.45,OK,-0.02,BDL,null,OS,null,OS,null,OS,33.03,OK,null,OS
2020-06-18 06:00:00,17.15,OK,-0.02,BDL,null,OS,null,OS,null,OS,34.97,OK,null,OS
2020-06-18 07:00:00,28.75,OK,0.01,BDL,null,OS,null,OS,null,OS,37.55,OK,null,OS
2020-06-18 08:00:00,37.51,OK,0.02,BDL,null,OS,null,OS,null,OS,19.13,OK,null,OS
2020-06-18 09:00:00,32.63,OK,-0.08,BDL,null,OS,null,OS,null,OS,53.37,OK,null,OS
2020-06-18 10:00:00,32.1,OK,-0.1,BDL,null,OS,null,OS,null,OS,35.21,OK,null,OS
2020-06-18 11:00:00,32.23,OK,-0.1,BDL,null,OS,null,OS,null,OS,28.27,OK,null,OS
2020-06-18 12:00:00,33.15,OK,-0.06,BDL,null,OS,null,OS,null,OS,33.81,OK,null,OS
2020-06-18 13:00:00,33.24,OK,-0.1,BDL,null,OS,null,OS,null,OS,32.51,OK,null,OS
2020-06-18 14:00:00,32.6,OK,-0.11,BDL,null,OS,null,OS,null,OS,43.7,OK,null,OS
2020-06-18 15:00:00,32.37,OK,-0.1,BDL,null,OS,null,OS,null,OS,40.62,OK,null,OS
2020-06-18 16:00:00,33.53,OK,-0.08,BDL,null,OS,null,OS,null,OS,39.59,OK,null,OS
2020-06-18 17:00:00,35.48,OK,-0.12,BDL,null,OS,null,OS,null,OS,17.72,OK,null,OS
2020-06-18 18:00:00,33.33,OK,-0.15,BDL,null,OS,null,OS,null,OS,15.07,OK,null,OS
2020-06-18 19:00:00,31.6,OK,-0.15,BDL,null,OS,null,OS,null,OS,7.7,OK,null,OS
2020-06-18 20:00:00,26.59,OK,-0.01,BDL,null,OS,null,OS,null,OS,20.25,OK,null,OS
2020-06-18 21:00:00,25.72,OK,-0.07,BDL,null,OS,null,OS,null,OS,31.84,OK,null,OS
2020-06-18 22:00:00,26.41,OK,-0.09,BDL,null,OS,null,OS,null,OS,27.28,OK,null,OS
2020-06-18 23:00:00,24.91,OK,-0.09,BDL,null,OS,null,OS,null,OS,24.19,OK,null,OS
2020-06-19 00:00:00,23.9,OK,-0.11,BDL,null,OS,null,OS,null,OS,23.29,OK,null,OS
2020-06-19 01:00:00,14.88,OK,-0.07,BDL,null,OS,null,OS,null,OS,39.63,OK,null,OS
2020-06-19 02:00:00,15.05,OK,-0.07,BDL,null,OS,null,OS,null,OS,36.97,OK,null,OS
2020-06-19 03:00:00,10.28,OK,-0.07,BDL,null,OS,null,OS,null,OS,30.46,OK,null,OS
2020-06-19 04:00:00,8.23,OK,0.28,BDL,null,OS,null,OS,null,OS,37.99,OK,null,OS
2020-06-19 05:00:00,9.01,OK,0.3,BDL,null,OS,null,OS,null,OS,34.97,OK,null,OS
2020-06-19 06:00:00,12.52,OK,0.09,BDL,null,OS,null,OS,null,OS,43.82,OK,null,OS
2020-06-19 07:00:00,22.95,OK,0.11,BDL,null,OS,null,OS,null,OS,34.25,OK,null,OS
2020-06-19 08:00:00,33.24,OK,0.03,BDL,null,OS,null,OS,null,OS,8.47,OK,null,OS
2020-06-19 09:00:00,41.14,OK,-0.05,BDL,null,OS,null,OS,null,OS,17.87,OK,null,OS
2020-06-19 10:00:00,49.11,OK,-0.06,BDL,null,OS,null,OS,null,OS,53.67,OK,null,OS
2020-06-19 11:00:00,45.34,OK,-0.01,BDL,null,OS,null,OS,null,OS,56.51,OK,null,OS
2020-06-19 12:00:00,40.6,OK,-0.06,BDL,null,OS,null,OS,null,OS,33.55,OK,null,OS
2020-06-19 13:00:00,38.47,OK,-0.09,BDL,null,OS,null,OS,null,OS,41.69,OK,null,OS
2020-06-19 14:00:00,35.69,OK,0.04,BDL,null,OS,null,OS,null,OS,53.12,OK,null,OS
2020-06-19 15:00:00,34.79,OK,0.02,BDL,null,OS,null,OS,null,OS,70.6,OK,null,OS
2020-06-19 16:00:00,35.96,OK,-0.07,BDL,null,OS,null,OS,null,OS,33.47,OK,null,OS
2020-06-19 17:00:00,36.88,OK,-0.11,BDL,null,OS,null,OS,null,OS,11.73,OK,null,OS
2020-06-19 18:00:00,34.61,OK,-0.08,BDL,null,OS,null,OS,null,OS,9.03,OK,null,OS
2020-06-19 19:00:00,32.41,OK,-0.07,BDL,null,OS,null,OS,null,OS,18.63,OK,null,OS
2020-06-19 20:00:00,28.83,OK,-0.04,BDL,null,OS,null,OS,null,OS,18.64,OK,null,OS
2020-06-19 21:00:00,29.18,OK,0.07,BDL,null,OS,null,OS,null,OS,25.9,OK,null,OS
2020-06-19 22:00:00,28.31,OK,-0.02,BDL,null,OS,null,OS,null,OS,21.45,OK,null,OS
2020-06-19 23:00:00,27.88,OK,0.08,BDL,null,OS,null,OS,null,OS,29.23,OK,null,OS
2020-06-20 00:00:00,25.14,OK,-0.03,BDL,null,OS,null,OS,null,OS,18.95,OK,null,OS
2020-06-20 01:00:00,18.35,OK,-0.01,BDL,null,OS,null,OS,null,OS,26.68,OK,null,OS
2020-06-20 02:00:00,10.11,OK,0.09,BDL,null,OS,null,OS,null,OS,37.1,OK,null,OS
2020-06-20 03:00:00,8.79,OK,0.05,BDL,null,OS,null,OS,null,OS,34.13,OK,null,OS
2020-06-20 04:00:00,8.81,OK,0.15,BDL,null,OS,null,OS,null,OS,35.68,OK,null,OS
2020-06-20 05:00:00,8.16,OK,0.19,BDL,null,OS,null,OS,null,OS,20.31,OK,null,OS
2020-06-20 06:00:00,15.61,OK,0.18,BDL,null,OS,null,OS,null,OS,54.86,OK,null,OS
2020-06-20 07:00:00,23.38,OK,0.08,BDL,null,OS,null,OS,null,OS,49.47,OK,null,OS
2020-06-20 08:00:00,35.89,OK,-0.03,BDL,null,OS,null,OS,null,OS,9.12,OK,null,OS
2020-06-20 09:00:00,42.95,OK,-0.03,BDL,null,OS,null,OS,null,OS,7.47,OK,null,OS
2020-06-20 10:00:00,47.71,OK,0.0,BDL,null,OS,null,OS,null,OS,40.31,OK,null,OS
2020-06-20 11:00:00,36.44,OK,0.06,BDL,null,OS,null,OS,null,OS,37.78,OK,null,OS
2020-06-20 12:00:00,36.27,OK,0.06,BDL,null,OS,null,OS,null,OS,24.04,OK,null,OS
2020-06-20 13:00:00,37.42,OK,0.23,BDL,null,OS,null,OS,null,OS,30.78,OK,null,OS
2020-06-20 14:00:00,35.54,OK,-0.04,BDL,null,OS,null,OS,null,OS,40.67,OK,null,OS
2020-06-20 15:00:00,34.33,OK,-0.04,BDL,null,OS,null,OS,null,OS,31.01,OK,null,OS
2020-06-20 16:00:00,33.07,OK,-0.05,BDL,null,OS,null,OS,null,OS,39.92,OK,null,OS
2020-06-20 17:00:00,36.21,OK,-0.1,BDL,null,OS,null,OS,null,OS,19.79,OK,null,OS
2020-06-20 18:00:00,35.65,OK,-0.1,BDL,null,OS,null,OS,null,OS,-0.4,BDL,null,OS
2020-06-20 19:00:00,32.37,OK,-0.08,BDL,null,OS,null,OS,null,OS,24.2,OK,null,OS
2020-06-20 20:00:00,25.26,OK,0.01,BDL,null,OS,null,OS,null,OS,14.31,OK,null,OS
2020-06-20 21:00:00,26.08,OK,0.03,BDL,null,OS,null,OS,null,OS,50.53,OK,null,OS
2020-06-20 22:00:00,30.67,OK,0.02,BDL,null,OS,null,OS,null,OS,22.03,OK,null,OS
2020-06-20 23:00:00,28.08,OK,-0.01,BDL,null,OS,null,OS,null,OS,25.06,OK,null,OS
2020-06-21 00:00:00,27.31,OK,-0.02,BDL,null,OS,null,OS,null,OS,18.52,OK,null,OS
2020-06-21 01:00:00,27.04,OK,0.02,BDL,null,OS,null,OS,null,OS,21.67,OK,null,OS
2020-06-21 02:00:00,20.73,OK,0.02,BDL,null,OS,null,OS,null,OS,24.84,OK,null,OS
2020-06-21 03:00:00,13.44,OK,0.18,BDL,null,OS,null,OS,null,OS,42.0,OK,null,OS
2020-06-21 04:00:00,8.86,OK,0.25,BDL,null,OS,null,OS,null,OS,49.0,OK,null,OS
2020-06-21 05:00:00,11.67,OK,0.2,BDL,null,OS,null,OS,null,OS,33.61,OK,null,OS
2020-06-21 06:00:00,17.68,OK,0.13,BDL,null,OS,null,OS,null,OS,37.51,OK,null,OS
2020-06-21 07:00:00,31.85,OK,0.16,BDL,null,OS,null,OS,null,OS,42.26,OK,null,OS
2020-06-21 08:00:00,42.7,OK,0.09,BDL,null,OS,null,OS,null,OS,12.12,OK,null,OS
2020-06-21 09:00:00,52.58,OK,0.05,BDL,null,OS,null,OS,null,OS,35.36,OK,null,OS
2020-06-21 10:00:00,47.91,OK,-0.03,BDL,null,OS,null,OS,null,OS,42.87,OK,null,OS
2020-06-21 11:00:00,44.97,OK,-0.06,BDL,null,OS,null,OS,null,OS,23.98,OK,null,OS
2020-06-21 12:00:00,46.53,OK,-0.04,BDL,null,OS,null,OS,null,OS,13.82,OK,null,OS
2020-06-21 13:00:00,46.66,OK,-0.04,BDL,null,OS,null,OS,null,OS,-2.21,BDL,null,OS
2020-06-21 14:00:00,45.53,OK,-0.07,BDL,null,OS,null,OS,null,OS,66.62,OK,null,OS
2020-06-21 15:00:00,44.11,OK,-0.09,BDL,null,OS,null,OS,null,OS,46.64,OK,null,OS
2020-06-21 16:00:00,43.67,OK,-0.08,BDL,null,OS,null,OS,null,OS,29.0,OK,null,OS
2020-06-21 17:00:00,42.6,OK,-0.07,BDL,null,OS,null,OS,null,OS,11.41,OK,null,OS
2020-06-21 18:00:00,37.71,OK,-0.05,BDL,null,OS,null,OS,null,OS,-0.68,BDL,null,OS
2020-06-21 19:00:00,36.08,OK,-0.06,BDL,null,OS,null,OS,null,OS,14.62,OK,null,OS
2020-06-21 20:00:00,39.28,OK,-0.05,BDL,null,OS,null,OS,null,OS,9.73,OK,null,OS
2020-06-21 21:00:00,37.48,OK,-0.01,BDL,null,OS,null,OS,null,OS,7.79,OK,null,OS
2020-06-21 22:00:00,35.8,OK,-0.04,BDL,null,OS,null,OS,null,OS,15.32,OK,null,OS
2020-06-21 23:00:00,29.25,OK,0.02,BDL,null,OS,null,OS,null,OS,26.08,OK,null,OS
2020-06-22 00:00:00,22.13,OK,0.03,BDL,null,OS,null,OS,null,OS,35.24,OK,null,OS
2020-06-22 01:00:00,20.75,OK,0.12,BDL,null,OS,null,OS,null,OS,45.31,OK,null,OS
2020-06-22 02:00:00,23.89,OK,0.06,BDL,null,OS,null,OS,null,OS,42.9,OK,null,OS
2020-06-22 03:00:00,17.2,OK,0.7,BDL,null,OS,null,OS,null,OS,36.2,OK,null,OS
2020-06-22 04:00:00,11.98,OK,1.2,OK,null,OS,null,OS,null,OS,77.09,OK,null,OS
2020-06-22 05:00:00,15.35,OK,0.31,BDL,null,OS,null,OS,null,OS,34.3,OK,null,OS
2020-06-22 06:00:00,24.67,OK,0.21,BDL,null,OS,null,OS,null,OS,33.08,OK,null,OS
2020-06-22 07:00:00,25.74,OK,-0.01,BDL,null,OS,null,OS,null,OS,48.64,OK,null,OS
2020-06-22 08:00:00,31.65,OK,-0.03,BDL,null,OS,null,OS,null,OS,24.61,OK,null,OS
2020-06-22 09:00:00,34.48,OK,0.02,BDL,null,OS,null,OS,null,OS,13.96,OK,null,OS
2020-06-22 10:00:00,37.24,OK,0.0,BDL,null,OS,null,OS,null,OS,21.12,OK,null,OS
2020-06-22 11:00:00,36.93,OK,-0.05,BDL,null,OS,null,OS,null,OS,26.01,OK,null,OS
2020-06-22 12:00:00,38.51,OK,-0.07,BDL,null,OS,null,OS,null,OS,21.05,OK,null,OS
2020-06-22 13:00:00,39.76,OK,-0.06,BDL,null,OS,null,OS,null,OS,31.53,OK,null,OS
2020-06-22 14:00:00,42.19,OK,-0.01,BDL,null,OS,null,OS,null,OS,22.01,OK,null,OS
2020-06-22 15:00:00,41.98,OK,0.03,BDL,null,OS,null,OS,null,OS,26.28,OK,null,OS
2020-06-22 16:00:00,32.59,OK,-0.06,BDL,null,OS,null,OS,null,OS,62.62,OK,null,OS
2020-06-22 17:00:00,28.62,OK,-0.15,BDL,null,OS,null,OS,null,OS,67.28,OK,null,OS
2020-06-22 18:00:00,25.43,OK,-0.17,BDL,null,OS,null,OS,null,OS,36.09,OK,null,OS
2020-06-22 19:00:00,20.88,OK,-0.06,BDL,null,OS,null,OS,null,OS,22.82,OK,null,OS
2020-06-22 20:00:00,19.25,OK,-0.17,BDL,null,OS,null,OS,null,OS,18.48,OK,null,OS
2020-06-22 21:00:00,17.55,OK,-0.15,BDL,null,OS,null,OS,null,OS,31.26,OK,null,OS
2020-06-22 22:00:00,16.72,OK,-0.21,BDL,null,OS,null,OS,null,OS,34.22,OK,null,OS
2020-06-22 23:00:00,15.97,OK,-0.18,BDL,null,OS,null,OS,null,OS,30.76,OK,null,OS
2020-06-23 00:00:00,16.72,OK,-0.16,BDL,null,OS,null,OS,null,OS,33.9,OK,null,OS
2020-06-23 01:00:00,13.19,OK,-0.2,BDL,null,OS,null,OS,null,OS,32.59,OK,null,OS
2020-06-23 02:00:00,10.19,OK,-0.21,BDL,null,OS,null,OS,null,OS,36.51,OK,null,OS
2020-06-23 03:00:00,11.1,OK,-0.11,BDL,null,OS,null,OS,null,OS,36.62,OK,null,OS
2020-06-23 04:00:00,10.81,OK,-0.17,BDL,null,OS,null,OS,null,OS,31.28,OK,null,OS
2020-06-23 05:00:00,9.44,OK,-0.19,BDL,null,OS,null,OS,null,OS,15.27,OK,null,OS
2020-06-23 06:00:00,14.85,OK,-0.19,BDL,null,OS,null,OS,null,OS,43.35,OK,null,OS
2020-06-23 07:00:00,21.22,OK,-0.24,BDL,null,OS,null,OS,null,OS,48.27,OK,null,OS
2020-06-23 08:00:00,26.35,OK,-0.16,BDL,null,OS,null,OS,null,OS,35.74,OK,null,OS
2020-06-23 09:00:00,30.44,OK,-0.09,BDL,null,OS,null,OS,null,OS,27.33,OK,null,OS
2020-06-23 10:00:00,35.9,OK,-0.08,BDL,null,OS,null,OS,null,OS,24.31,OK,null,OS
2020-06-23 11:00:00,37.37,OK,-0.11,BDL,null,OS,null,OS,null,OS,31.54,OK,null,OS
2020-06-23 12:00:00,37.55,OK,-0.02,BDL,null,OS,null,OS,null,OS,41.56,OK,null,OS
2020-06-23 13:00:00,32.81,OK,-0.02,BDL,null,OS,null,OS,null,OS,39.26,OK,null,OS
2020-06-23 14:00:00,33.01,OK,-0.03,BDL,null,OS,null,OS,null,OS,50.72,OK,null,OS
2020-06-23 15:00:00,32.44,OK,-0.1,BDL,null,OS,null,OS,null,OS,48.31,OK,null,OS
2020-06-23 16:00:00,31.48,OK,-0.19,BDL,null,OS,null,OS,null,OS,62.84,OK,null,OS
2020-06-23 17:00:00,29.08,OK,-0.15,BDL,null,OS,null,OS,null,OS,59.31,OK,null,OS
2020-06-23 18:00:00,27.41,OK,-0.21,BDL,null,OS,null,OS,null,OS,26.7,OK,null,OS
2020-06-23 19:00:00,25.75,OK,-0.23,BDL,null,OS,null,OS,null,OS,15.89,OK,null,OS
2020-06-23 20:00:00,23.31,OK,-0.2,BDL,null,OS,null,OS,null,OS,27.2,OK,null,OS
2020-06-23 21:00:00,22.09,OK,-0.24,BDL,null,OS,null,OS,null,OS,26.08,OK,null,OS
2020-06-23 22:00:00,21.32,OK,-0.23,BDL,null,OS,null,OS,null,OS,28.45,OK,null,OS
2020-06-23 23:00:00,20.72,OK,-0.22,BDL,null,OS,null,OS,null,OS,31.26,OK,null,OS
2020-06-24 00:00:00,16.0,OK,-0.24,BDL,null,OS,null,OS,null,OS,28.5,OK,null,OS
2020-06-24 01:00:00,14.37,OK,-0.16,BDL,null,OS,null,OS,null,OS,26.33,OK,null,OS
2020-06-24 02:00:00,14.81,OK,-0.07,BDL,null,OS,null,OS,null,OS,51.41,OK,null,OS
2020-06-24 03:00:00,11.76,OK,-0.26,BDL,null,OS,null,OS,null,OS,27.35,OK,null,OS
2020-06-24 04:00:00,7.42,OK,-0.19,BDL,null,OS,null,OS,null,OS,27.89,OK,null,OS
2020-06-24 05:00:00,6.29,OK,-0.12,BDL,null,OS,null,OS,null,OS,40.67,OK,null,OS
2020-06-24 06:00:00,16.98,OK,-0.18,BDL,null,OS,null,OS,null,OS,103.62,OK,null,OS
2020-06-24 07:00:00,25.85,OK,-0.21,BDL,null,OS,null,OS,null,OS,62.58,OK,null,OS
2020-06-24 08:00:00,36.51,OK,-0.07,BDL,null,OS,null,OS,null,OS,36.04,OK,null,OS
2020-06-24 09:00:00,48.83,OK,-0.05,BDL,null,OS,null,OS,null,OS,46.5,OK,null,OS
2020-06-24 10:00:00,46.47,OK,0.01,BDL,null,OS,null,OS,null,OS,149.17,OK,null,OS
2020-06-24 11:00:00,38.5,OK,0.11,BDL,null,OS,null,OS,null,OS,25.81,OK,null,OS
2020-06-24 12:00:00,35.67,OK,-0.0,BDL,null,OS,null,OS,null,OS,33.71,OK,null,OS
2020-06-24 13:00:00,33.69,OK,-0.05,BDL,null,OS,null,OS,null,OS,53.09,OK,null,OS
2020-06-24 14:00:00,32.58,OK,-0.06,BDL,null,OS,null,OS,null,OS,50.7,OK,null,OS
2020-06-24 15:00:00,30.41,OK,-0.05,BDL,null,OS,null,OS,null,OS,75.73,OK,null,OS
2020-06-24 16:00:00,29.06,OK,-0.12,BDL,null,OS,null,OS,null,OS,50.86,OK,null,OS
2020-06-24 17:00:00,29.8,OK,-0.14,BDL,null,OS,null,OS,null,OS,22.29,OK,null,OS
2020-06-24 18:00:00,28.45,OK,-0.14,BDL,null,OS,null,OS,null,OS,8.5,OK,null,OS
2020-06-24 19:00:00,26.57,OK,-0.14,BDL,null,OS,null,OS,null,OS,11.12,OK,null,OS
2020-06-24 20:00:00,24.67,OK,-0.16,BDL,null,OS,null,OS,null,OS,15.0,OK,null,OS
2020-06-24 21:00:00,23.39,OK,-0.2,BDL,null,OS,null,OS,null,OS,17.01,OK,null,OS
2020-06-24 22:00:00,24.67,OK,-0.18,BDL,null,OS,null,OS,null,OS,27.43,OK,null,OS
2020-06-24 23:00:00,25.65,OK,-0.18,BDL,null,OS,null,OS,null,OS,0.41,BDL,null,OS
2020-06-25 00:00:00,24.69,OK,-0.22,BDL,null,OS,null,OS,null,OS,20.47,OK,null,OS
2020-06-25 01:00:00,22.14,OK,-0.17,BDL,null,OS,null,OS,null,OS,13.14,OK,null,OS
2020-06-25 02:00:00,11.94,OK,-0.17,BDL,null,OS,null,OS,null,OS,21.82,OK,null,OS
2020-06-25 03:00:00,13.16,OK,-0.25,BDL,null,OS,null,OS,null,OS,27.01,OK,null,OS
2020-06-25 04:00:00,12.32,OK,-0.2,BDL,null,OS,null,OS,null,OS,18.34,OK,null,OS
2020-06-25 05:00:00,12.22,OK,-0.19,BDL,null,OS,null,OS,null,OS,17.68,OK,null,OS
2020-06-25 06:00:00,15.25,OK,-0.16,BDL,null,OS,null,OS,null,OS,31.61,OK,null,OS
2020-06-25 07:00:00,23.58,OK,-0.13,BDL,null,OS,null,OS,null,OS,49.57,OK,null,OS
2020-06-25 08:00:00,28.85,OK,-0.06,BDL,null,OS,null,OS,null,OS,16.57,OK,null,OS
2020-06-25 09:00:00,39.21,OK,-0.03,BDL,null,OS,null,OS,null,OS,47.58,OK,null,OS
2020-06-25 10:00:00,37.25,OK,-0.08,BDL,null,OS,null,OS,null,OS,48.77,OK,null,OS
2020-06-25 11:00:00,39.67,OK,0.05,BDL,null,OS,null,OS,null,OS,50.13,OK,null,OS
2020-06-25 12:00:00,35.03,OK,0.02,BDL,null,OS,null,OS,null,OS,32.19,OK,null,OS
2020-06-25 13:00:00,32.81,OK,-0.0,BDL,null,OS,null,OS,null,OS,52.12,OK,null,OS
2020-06-25 14:00:00,30.6,OK,-0.06,BDL,null,OS,null,OS,null,OS,55.52,OK,null,OS
2020-06-25 15:00:00,29.41,OK,-0.09,BDL,null,OS,null,OS,null,OS,54.92,OK,null,OS
2020-06-25 16:00:00,27.86,OK,-0.04,BDL,null,OS,null,OS,null,OS,35.78,OK,null,OS
2020-06-25 17:00:00,29.26,OK,-0.08,BDL,null,OS,null,OS,null,OS,45.58,OK,null,OS
2020-06-25 18:00:00,29.24,OK,-0.17,BDL,null,OS,null,OS,null,OS,11.79,OK,null,OS
2020-06-25 19:00:00,26.16,OK,-0.11,BDL,null,OS,null,OS,null,OS,30.93,OK,null,OS
2020-06-25 20:00:00,22.2,OK,-0.18,BDL,null,OS,null,OS,null,OS,29.63,OK,null,OS
2020-06-25 21:00:00,20.59,OK,-0.21,BDL,null,OS,null,OS,null,OS,21.11,OK,null,OS
2020-06-25 22:00:00,18.28,OK,-0.22,BDL,null,OS,null,OS,null,OS,32.63,OK,null,OS
2020-06-25 23:00:00,21.89,OK,-0.16,BDL,null,OS,null,OS,null,OS,27.35,OK,null,OS
2020-06-26 00:00:00,20.59,OK,-0.09,BDL,null,OS,null,OS,null,OS,24.34,OK,null,OS
2020-06-26 01:00:00,24.0,OK,-0.23,BDL,null,OS,null,OS,null,OS,26.97,OK,null,OS
2020-06-26 02:00:00,24.03,OK,-0.16,BDL,null,OS,null,OS,null,OS,13.2,OK,null,OS
2020-06-26 03:00:00,22.96,OK,-0.23,BDL,null,OS,null,OS,null,OS,17.31,OK,null,OS
2020-06-26 04:00:00,19.07,OK,-0.25,BDL,null,OS,null,OS,null,OS,20.7,OK,null,OS
2020-06-26 05:00:00,20.94,OK,-0.2,BDL,null,OS,null,OS,null,OS,26.51,OK,null,OS
2020-06-26 06:00:00,20.23,OK,-0.25,BDL,null,OS,null,OS,null,OS,32.56,OK,null,OS
2020-06-26 07:00:00,21.62,OK,-0.18,BDL,null,OS,null,OS,null,OS,31.14,OK,null,OS
2020-06-26 08:00:00,25.17,OK,-0.22,BDL,null,OS,null,OS,null,OS,43.14,OK,null,OS
2020-06-26 09:00:00,28.24,OK,-0.2,BDL,null,OS,null,OS,null,OS,36.72,OK,null,OS
2020-06-26 10:00:00,30.53,OK,-0.2,BDL,null,OS,null,OS,null,OS,35.43,OK,null,OS
2020-06-26 11:00:00,31.62,OK,-0.2,BDL,null,OS,null,OS,null,OS,39.31,OK,null,OS
2020-06-26 12:00:00,36.07,OK,-0.2,BDL,null,OS,null,OS,null,OS,35.56,OK,null,OS
2020-06-26 13:00:00,38.08,OK,-0.15,BDL,null,OS,null,OS,null,OS,57.94,OK,null,OS
2020-06-26 14:00:00,34.83,OK,-0.08,BDL,null,OS,null,OS,null,OS,46.86,OK,null,OS
2020-06-26 15:00:00,29.9,OK,-0.14,BDL,null,OS,null,OS,null,OS,99.08,OK,null,OS
2020-06-26 16:00:00,28.14,OK,-0.18,BDL,null,OS,null,OS,null,OS,110.66,OK,null,OS
2020-06-26 17:00:00,28.29,OK,-0.14,BDL,null,OS,null,OS,null,OS,48.43,OK,null,OS
2020-06-26 18:00:00,25.46,OK,-0.13,BDL,null,OS,null,OS,null,OS,35.22,OK,null,OS
2020-06-26 19:00:00,24.0,OK,-0.11,BDL,null,OS,null,OS,null,OS,32.19,OK,null,OS
2020-06-26 20:00:00,22.86,OK,-0.16,BDL,null,OS,null,OS,null,OS,23.0,OK,null,OS
2020-06-26 21:00:00,22.59,OK,-0.18,BDL,null,OS,null,OS,null,OS,33.78,OK,null,OS
2020-06-26 22:00:00,23.15,OK,-0.13,BDL,null,OS,null,OS,null,OS,25.73,OK,null,OS
2020-06-26 23:00:00,24.25,OK,-0.11,BDL,null,OS,null,OS,null,OS,34.42,OK,null,OS
2020-06-27 00:00:00,25.48,OK,-0.22,BDL,null,OS,null,OS,null,OS,29.0,OK,null,OS
2020-06-27 01:00:00,26.55,OK,-0.16,BDL,null,OS,null,OS,null,OS,9.79,OK,null,OS
2020-06-27 02:00:00,19.05,OK,-0.17,BDL,null,OS,null,OS,null,OS,20.5,OK,null,OS
2020-06-27 03:00:00,22.45,OK,-0.22,BDL,null,OS,null,OS,null,OS,20.63,OK,null,OS
2020-06-27 04:00:00,27.89,OK,-0.21,BDL,null,OS,null,OS,null,OS,20.76,OK,null,OS
2020-06-27 05:00:00,31.2,OK,-0.21,BDL,null,OS,null,OS,null,OS,24.68,OK,null,OS
2020-06-27 06:00:00,28.64,OK,-0.17,BDL,null,OS,null,OS,null,OS,18.4,OK,null,OS
2020-06-27 07:00:00,28.01,OK,-0.12,BDL,null,OS,null,OS,null,OS,21.51,OK,null,OS
2020-06-27 08:00:00,29.23,OK,-0.13,BDL,null,OS,null,OS,null,OS,34.67,OK,null,OS
2020-06-27 09:00:00,30.94,OK,-0.12,BDL,null,OS,null,OS,null,OS,15.94,OK,null,OS
2020-06-27 10:00:00,32.06,OK,-0.04,BDL,null,OS,null,OS,null,OS,29.01,OK,null,OS
2020-06-27 11:00:00,32.9,OK,-0.1,BDL,null,OS,null,OS,null,OS,32.0,OK,null,OS
2020-06-27 12:00:00,32.4,OK,-0.06,BDL,null,OS,null,OS,null,OS,32.99,OK,null,OS
2020-06-27 13:00:00,31.2,OK,-0.06,BDL,null,OS,null,OS,null,OS,41.98,OK,null,OS
2020-06-27 14:00:00,31.04,OK,-0.06,BDL,null,OS,null,OS,null,OS,58.69,OK,null,OS
2020-06-27 15:00:00,29.83,OK,-0.08,BDL,null,OS,null,OS,null,OS,79.64,OK,null,OS
2020-06-27 16:00:00,29.41,OK,-0.13,BDL,null,OS,null,OS,null,OS,55.87,OK,null,OS
2020-06-27 17:00:00,31.38,OK,-0.11,BDL,null,OS,null,OS,null,OS,36.54,OK,null,OS
2020-06-27 18:00:00,30.49,OK,-0.09,BDL,null,OS,null,OS,null,OS,15.84,OK,null,OS
2020-06-27 19:00:00,28.59,OK,-0.16,BDL,null,OS,null,OS,null,OS,7.39,OK,null,OS
2020-06-27 20:00:00,25.76,OK,-0.11,BDL,null,OS,null,OS,null,OS,16.62,OK,null,OS
2020-06-27 21:00:00,22.79,OK,-0.15,BDL,null,OS,null,OS,null,OS,22.53,OK,null,OS
2020-06-27 22:00:00,20.85,OK,-0.13,BDL,null,OS,null,OS,null,OS,26.35,OK,null,OS
2020-06-27 23:00:00,20.24,OK,-0.18,BDL,null,OS,null,OS,null,OS,35.61,OK,null,OS
2020-06-28 00:00:00,16.5,OK,-0.18,BDL,null,OS,null,OS,null,OS,31.24,OK,null,OS
2020-06-28 01:00:00,15.68,OK,-0.24,BDL,null,OS,null,OS,null,OS,28.39,OK,null,OS
2020-06-28 02:00:00,22.0,OK,-0.26,BDL,null,OS,null,OS,null,OS,13.34,OK,null,OS
2020-06-28 03:00:00,14.47,OK,-0.25,BDL,null,OS,null,OS,null,OS,20.91,OK,null,OS
2020-06-28 04:00:00,11.34,OK,-0.23,BDL,null,OS,null,OS,null,OS,21.63,OK,null,OS
2020-06-28 05:00:00,9.61,OK,-0.18,BDL,null,OS,null,OS,null,OS,19.07,OK,null,OS
2020-06-28 06:00:00,13.89,OK,-0.2,BDL,null,OS,null,OS,null,OS,31.32,OK,null,OS
2020-06-28 07:00:00,19.69,OK,-0.18,BDL,null,OS,null,OS,null,OS,37.01,OK,null,OS
2020-06-28 08:00:00,24.48,OK,-0.25,BDL,null,OS,null,OS,null,OS,23.35,OK,null,OS
2020-06-28 09:00:00,26.15,OK,-0.2,BDL,null,OS,null,OS,null,OS,38.14,OK,null,OS
2020-06-28 10:00:00,26.25,OK,-0.25,BDL,null,OS,null,OS,null,OS,36.9,OK,null,OS
2020-06-28 11:00:00,25.72,OK,-0.25,BDL,null,OS,null,OS,null,OS,38.17,OK,null,OS
2020-06-28 12:00:00,23.79,OK,-0.22,BDL,null,OS,null,OS,null,OS,43.97,OK,null,OS
2020-06-28 13:00:00,22.4,OK,-0.18,BDL,null,OS,null,OS,null,OS,48.25,OK,null,OS
2020-06-28 14:00:00,22.06,OK,-0.2,BDL,null,OS,null,OS,null,OS,43.87,OK,null,OS
2020-06-28 15:00:00,23.01,OK,-0.2,BDL,null,OS,null,OS,null,OS,37.21,OK,null,OS
2020-06-28 16:00:00,24.7,OK,-0.14,BDL,null,OS,null,OS,null,OS,51.0,OK,null,OS
2020-06-28 17:00:00,23.06,OK,-0.23,BDL,null,OS,null,OS,null,OS,29.96,OK,null,OS
2020-06-28 18:00:00,20.42,OK,-0.22,BDL,null,OS,null,OS,null,OS,33.44,OK,null,OS
2020-06-28 19:00:00,17.07,OK,-0.21,BDL,null,OS,null,OS,null,OS,22.95,OK,null,OS
2020-06-28 20:00:00,16.09,OK,-0.17,BDL,null,OS,null,OS,null,OS,36.86,OK,null,OS
2020-06-28 21:00:00,14.96,OK,-0.2,BDL,null,OS,null,OS,null,OS,31.3,OK,null,OS
2020-06-28 22:00:00,15.83,OK,-0.22,BDL,null,OS,null,OS,null,OS,54.09,OK,null,OS
2020-06-28 23:00:00,16.13,OK,-0.24,BDL,null,OS,null,OS,null,OS,44.74,OK,null,OS
2020-06-29 00:00:00,15.5,OK,-0.2,BDL,null,OS,null,OS,null,OS,30.98,OK,null,OS
2020-06-29 01:00:00,13.27,OK,-0.24,BDL,null,OS,null,OS,null,OS,39.94,OK,null,OS
2020-06-29 02:00:00,13.02,OK,-0.26,BDL,null,OS,null,OS,null,OS,26.62,OK,null,OS
2020-06-29 03:00:00,12.2,OK,-0.27,BDL,null,OS,null,OS,null,OS,24.46,OK,null,OS
2020-06-29 04:00:00,10.15,OK,-0.28,BDL,null,OS,null,OS,null,OS,25.49,OK,null,OS
2020-06-29 05:00:00,9.28,OK,-0.24,BDL,null,OS,null,OS,null,OS,33.25,OK,null,OS
2020-06-29 06:00:00,12.89,OK,-0.18,BDL,null,OS,null,OS,null,OS,41.4,OK,null,OS
2020-06-29 07:00:00,16.48,OK,-0.2,BDL,null,OS,null,OS,null,OS,37.8,OK,null,OS
2020-06-29 08:00:00,17.94,OK,-0.21,BDL,null,OS,null,OS,null,OS,27.72,OK,null,OS
2020-06-29 09:00:00,17.51,OK,-0.22,BDL,null,OS,null,OS,null,OS,26.51,OK,null,OS
2020-06-29 10:00:00,17.65,OK,-0.23,BDL,null,OS,null,OS,null,OS,17.05,OK,null,OS
2020-06-29 11:00:00,17.82,OK,-0.19,BDL,null,OS,null,OS,null,OS,24.24,OK,null,OS
2020-06-29 12:00:00,16.54,OK,-0.23,BDL,null,OS,null,OS,null,OS,33.38,OK,null,OS
2020-06-29 13:00:00,17.0,OK,-0.17,BDL,null,OS,null,OS,null,OS,92.24,OK,null,OS
2020-06-29 14:00:00,17.07,OK,-0.17,BDL,null,OS,null,OS,null,OS,67.07,OK,null,OS
2020-06-29 15:00:00,17.42,OK,-0.19,BDL,null,OS,null,OS,null,OS,62.67,OK,null,OS
2020-06-29 16:00:00,18.14,OK,-0.13,BDL,null,OS,null,OS,null,OS,59.78,OK,null,OS
2020-06-29 17:00:00,20.16,OK,-0.17,BDL,null,OS,null,OS,null,OS,56.25,OK,null,OS
2020-06-29 18:00:00,20.07,OK,-0.17,BDL,null,OS,null,OS,null,OS,45.54,OK,null,OS
2020-06-29 19:00:00,18.38,OK,-0.22,BDL,null,OS,null,OS,null,OS,38.88,OK,null,OS
2020-06-29 20:00:00,17.5,OK,-0.16,BDL,null,OS,null,OS,null,OS,37.66,OK,null,OS
2020-06-29 21:00:00,15.85,OK,-0.2,BDL,null,OS,null,OS,null,OS,45.02,OK,null,OS
2020-06-29 22:00:00,15.08,OK,-0.18,BDL,null,OS,null,OS,null,OS,60.26,OK,null,OS
2020-06-29 23:00:00,14.26,OK,-0.24,BDL,null,OS,null,OS,null,OS,52.48,OK,null,OS
2020-06-30 00:00:00,13.26,OK,-0.22,BDL,null,OS,null,OS,null,OS,56.69,OK,null,OS
2020-06-30 01:00:00,13.01,OK,-0.23,BDL,null,OS,null,OS,null,OS,71.55,OK,null,OS
2020-06-30 02:00:00,12.13,OK,-0.24,BDL,null,OS,null,OS,null,OS,45.16,OK,null,OS
2020-06-30 03:00:00,11.47,OK,-0.23,BDL,null,OS,null,OS,null,OS,51.39,OK,null,OS
2020-06-30 04:00:00,10.04,OK,-0.23,BDL,null,OS,null,OS,null,OS,43.31,OK,null,OS
2020-06-30 05:00:00,9.85,OK,-0.23,BDL,null,OS,null,OS,null,OS,46.07,OK,null,OS
2020-06-30 06:00:00,16.5,OK,-0.18,BDL,null,OS,null,OS,null,OS,73.9,OK,null,OS
2020-06-30 07:00:00,20.16,OK,-0.18,BDL,null,OS,null,OS,null,OS,69.29,OK,null,OS
2020-06-30 08:00:00,22.44,OK,-0.25,BDL,null,OS,null,OS,null,OS,40.28,OK,null,OS
2020-06-30 09:00:00,22.42,OK,-0.27,BDL,null,OS,null,OS,null,OS,40.44,OK,null,OS
2020-06-30 10:00:00,23.24,OK,-0.2,BDL,null,OS,null,OS,null,OS,52.88,OK,null,OS
2020-06-30 11:00:00,23.19,OK,-0.19,BDL,null,OS,null,OS,null,OS,49.74,OK,null,OS
2020-06-30 12:00:00,23.63,OK,-0.2,BDL,null,OS,null,OS,null,OS,42.55,OK,null,OS
2020-06-30 13:00:00,23.65,OK,-0.2,BDL,null,OS,null,OS,null,OS,50.02,OK,null,OS
2020-06-30 14:00:00,23.81,OK,-0.18,BDL,null,OS,null,OS,null,OS,87.29,OK,null,OS
2020-06-30 15:00:00,22.53,OK,-0.18,BDL,null,OS,null,OS,null,OS,51.36,OK,null,OS
2020-06-30 16:00:00,19.84,OK,-0.11,BDL,null,OS,null,OS,null,OS,51.11,OK,null,OS
2020-06-30 17:00:00,20.63,OK,-0.15,BDL,null,OS,null,OS,null,OS,45.32,OK,null,OS
2020-06-30 18:00:00,19.11,OK,-0.19,BDL,null,OS,null,OS,null,OS,39.53,OK,null,OS
2020-06-30 19:00:00,15.71,OK,-0.08,BDL,null,OS,null,OS,null,OS,38.23,OK,null,OS
2020-06-30 20:00:00,13.77,OK,-0.21,BDL,null,OS,null,OS,null,OS,38.54,OK,null,OS
2020-06-30 21:00:00,12.95,OK,-0.19,BDL,null,OS,null,OS,null,OS,27.59,OK,null,OS
2020-06-30 22:00:00,12.65,OK,-0.23,BDL,null,OS,null,OS,null,OS,30.08,OK,null,OS
2020-06-30 23:00:00,10.77,OK,-0.21,BDL,null,OS,null,OS,null,OS,35.04,OK,null,OS
