Red Universitaria de Observatorios Atmosfericos (RUOA)
Atmospheric Observatory Hermosillo (erno), Sonora
Lat 29.0814 N, Lon 110.9706 W, Alt 154 masl
Time UTC-7h
Air Quality data
Flags: OK = Reliable data, BDL = Below Detection Limit, OR = Out of Range, OS = Out of Service 
 
Time,O3,O3_flag,SO2,SO2_flag,NO2,NO2_flag,NO,NO_flag,CO,CO_flag,PM10,PM10_flag,PM2.5,PM2.5_flag
yyyy-mm-dd HH:MM:SS,ppb,flag,ppb,flag,ppb,flag,ppb,flag,ppm,flag,ug/m^3,flag,ug/m^3,flag
2021-06-01 00:00:00,4.57,OK,0.31,BDL,null,OS,null,OS,null,OS,70.44,OK,null,OS
2021-06-01 01:00:00,15.56,OK,0.39,BDL,null,OS,null,OS,null,OS,43.28,OK,null,OS
2021-06-01 02:00:00,19.93,OK,0.35,BDL,null,OS,null,OS,null,OS,37.12,OK,null,OS
2021-06-01 03:00:00,10.42,OK,0.38,BDL,null,OS,null,OS,null,OS,48.5,OK,null,OS
2021-06-01 04:00:00,9.16,OK,0.34,BDL,null,OS,null,OS,null,OS,40.11,OK,null,OS
2021-06-01 05:00:00,8.46,OK,0.53,BDL,null,OS,null,OS,null,OS,31.53,OK,null,OS
2021-06-01 06:00:00,11.27,OK,0.49,BDL,null,OS,null,OS,null,OS,60.3,OK,null,OS
2021-06-01 07:00:00,31.07,OK,0.49,BDL,null,OS,null,OS,null,OS,54.12,OK,null,OS
2021-06-01 08:00:00,37.53,OK,0.41,BDL,null,OS,null,OS,null,OS,38.42,OK,null,OS
2021-06-01 09:00:00,41.04,OK,0.39,BDL,null,OS,null,OS,null,OS,13.87,OK,null,OS
2021-06-01 10:00:00,42.97,OK,0.35,BDL,null,OS,null,OS,null,OS,38.57,OK,null,OS
2021-06-01 11:00:00,null,OS,null,OS,null,OS,null,OS,null,OS,null,OS,null,OS
2021-06-01 12:00:00,null,OS,null,OS,null,OS,null,OS,null,OS,null,OS,null,OS
2021-06-01 13:00:00,null,OS,null,OS,null,OS,null,OS,null,OS,null,OS,null,OS
2021-06-01 14:00:00,null,OS,null,OS,null,OS,null,OS,null,OS,null,OS,null,OS
2021-06-01 15:00:00,null,OS,null,OS,null,OS,null,OS,null,OS,null,OS,null,OS
2021-06-01 16:00:00,null,OS,null,OS,null,OS,null,OS,null,OS,null,OS,null,OS
2021-06-01 17:00:00,null,OS,null,OS,null,OS,null,OS,null,OS,null,OS,null,OS
2021-06-01 18:00:00,null,OS,null,OS,null,OS,null,OS,null,OS,null,OS,null,OS
2021-06-01 19:00:00,null,OS,null,OS,null,OS,null,OS,null,OS,null,OS,null,OS
2021-06-01 20:00:00,null,OS,null,OS,null,OS,null,OS,null,OS,null,OS,null,OS
2021-06-01 21:00:00,null,OS,null,OS,null,OS,null,OS,null,OS,null,OS,null,OS
2021-06-01 22:00:00,null,OS,null,OS,null,OS,null,OS,null,OS,null,OS,null,OS
2021-06-01 23:00:00,null,OS,null,OS,null,OS,null,OS,null,OS,null,OS,null,OS
2021-06-02 00:00:00,null,OS,null,OS,null,OS,null,OS,null,OS,null,OS,null,OS
2021-06-02 01:00:00,null,OS,null,OS,null,OS,null,OS,null,OS,null,OS,null,OS
2021-06-02 02:00:00,null,OS,null,OS,null,OS,null,OS,null,OS,null,OS,null,OS
2021-06-02 03:00:00,null,OS,null,OS,null,OS,null,OS,null,OS,null,OS,null,OS
2021-06-02 04:00:00,null,OS,null,OS,null,OS,null,OS,null,OS,null,OS,null,OS
2021-06-02 05:00:00,null,OS,null,OS,null,OS,null,OS,null,OS,null,OS,null,OS
2021-06-02 06:00:00,null,OS,null,OS,null,OS,null,OS,null,OS,null,OS,null,OS
2021-06-02 07:00:00,null,OS,null,OS,null,OS,null,OS,null,OS,null,OS,null,OS
2021-06-02 08:00:00,null,OS,null,OS,null,OS,null,OS,null,OS,null,OS,null,OS
2021-06-02 09:00:00,null,OS,null,OS,null,OS,null,OS,null,OS,null,OS,null,OS
2021-06-02 10:00:00,null,OS,null,OS,null,OS,null,OS,null,OS,null,OS,null,OS
2021-06-02 11:00:00,null,OS,null,OS,null,OS,null,OS,6.79,OK,null,OS,null,OS
2021-06-02 12:00:00,null,OS,null,OS,null,OS,null,OS,6.68,OK,null,OS,null,OS
2021-06-02 13:00:00,null,OS,null,OS,null,OS,null,OS,6.66,OK,null,OS,null,OS
2021-06-02 14:00:00,null,OS,null,OS,null,OS,null,OS,6.61,OK,null,OS,63.23,OK
2021-06-02 15:00:00,null,OS,null,OS,null,OS,null,OS,6.59,OK,206.18,OK,null,OS
2021-06-02 16:00:00,null,OS,null,OS,null,OS,null,OS,null,OS,null,OS,null,OS
2021-06-02 17:00:00,null,OS,null,OS,null,OS,null,OS,null,OS,null,OS,54.49,OK
2021-06-02 18:00:00,null,OS,null,OS,null,OS,null,OS,null,OS,null,OS,null,OS
2021-06-02 19:00:00,null,OS,null,OS,null,OS,null,OS,null,OS,null,OS,null,OS
2021-06-02 20:00:00,null,OS,null,OS,null,OS,null,OS,null,OS,null,OS,null,OS
2021-06-02 21:00:00,null,OS,null,OS,null,OS,null,OS,null,OS,null,OS,null,OS
2021-06-02 22:00:00,null,OS,null,OS,null,OS,null,OS,null,OS,null,OS,null,OS
2021-06-02 23:00:00,null,OS,null,OS,null,OS,null,OS,null,OS,null,OS,null,OS
2021-06-03 00:00:00,null,OS,null,OS,null,OS,null,OS,null,OS,null,OS,null,OS
2021-06-03 01:00:00,null,OS,null,OS,null,OS,null,OS,null,OS,null,OS,null,OS
2021-06-03 02:00:00,null,OS,null,OS,null,OS,null,OS,null,OS,null,OS,null,OS
2021-06-03 03:00:00,null,OS,null,OS,null,OS,null,OS,null,OS,null,OS,null,OS
2021-06-03 04:00:00,null,OS,null,OS,null,OS,null,OS,null,OS,null,OS,null,OS
2021-06-03 05:00:00,null,OS,null,OS,null,OS,null,OS,null,OS,null,OS,null,OS
2021-06-03 06:00:00,null,OS,null,OS,null,OS,null,OS,null,OS,null,OS,null,OS
2021-06-03 07:00:00,null,OS,null,OS,null,OS,null,OS,null,OS,null,OS,null,OS
2021-06-03 08:00:00,null,OS,null,OS,null,OS,null,OS,null,OS,null,OS,null,OS
2021-06-03 09:00:00,null,OS,null,OS,null,OS,null,OS,null,OS,null,OS,null,OS
2021-06-03 10:00:00,null,OS,null,OS,null,OS,null,OS,null,OS,null,OS,null,OS
2021-06-03 11:00:00,null,OS,null,OS,null,OS,null,OS,null,OS,null,OS,null,OS
2021-06-03 12:00:00,null,OS,null,OS,null,OS,null,OS,null,OS,206.18,OK,53.97,OK
2021-06-03 13:00:00,null,OS,null,OS,null,OS,null,OS,null,OS,-1040.77,OR,null,OS
2021-06-03 14:00:00,null,OS,null,OS,null,OS,null,OS,null,OS,-851.54,OR,null,OS
2021-06-03 15:00:00,null,OS,null,OS,null,OS,null,OS,null,OS,-1306.31,OR,null,OS
2021-06-03 16:00:00,null,OS,null,OS,null,OS,null,OS,null,OS,29.99,OK,null,OS
2021-06-03 17:00:00,null,OS,null,OS,null,OS,null,OS,null,OS,24.27,OK,null,OS
2021-06-03 18:00:00,null,OS,null,OS,null,OS,null,OS,null,OS,44.97,OK,null,OS
2021-06-03 19:00:00,null,OS,null,OS,null,OS,null,OS,null,OS,24.1,OK,null,OS
2021-06-03 20:00:00,null,OS,null,OS,null,OS,null,OS,null,OS,18.57,OK,null,OS
2021-06-03 21:00:00,null,OS,null,OS,null,OS,null,OS,null,OS,42.64,OK,null,OS
2021-06-03 22:00:00,null,OS,null,OS,null,OS,null,OS,null,OS,13.55,OK,null,OS
2021-06-03 23:00:00,null,OS,null,OS,null,OS,null,OS,null,OS,24.94,OK,null,OS
2021-06-04 00:00:00,null,OS,null,OS,null,OS,null,OS,null,OS,32.84,OK,null,OS
2021-06-04 01:00:00,null,OS,null,OS,null,OS,null,OS,null,OS,30.49,OK,null,OS
2021-06-04 02:00:00,null,OS,null,OS,null,OS,null,OS,null,OS,46.25,OK,null,OS
2021-06-04 03:00:00,null,OS,null,OS,null,OS,null,OS,null,OS,42.05,OK,null,OS
2021-06-04 04:00:00,null,OS,null,OS,null,OS,null,OS,null,OS,31.73,OK,null,OS
2021-06-04 05:00:00,null,OS,null,OS,null,OS,null,OS,null,OS,30.92,OK,null,OS
2021-06-04 06:00:00,null,OS,null,OS,null,OS,null,OS,null,OS,43.99,OK,null,OS
2021-06-04 07:00:00,null,OS,null,OS,null,OS,null,OS,null,OS,27.72,OK,null,OS
2021-06-04 08:00:00,null,OS,null,OS,null,OS,null,OS,null,OS,21.32,OK,null,OS
2021-06-04 09:00:00,null,OS,null,OS,null,OS,null,OS,null,OS,42.4,OK,null,OS
2021-06-04 10:00:00,null,OS,null,OS,null,OS,null,OS,null,OS,47.52,OK,null,OS
2021-06-04 11:00:00,null,OS,null,OS,null,OS,null,OS,null,OS,35.34,OK,null,OS
2021-06-04 12:00:00,null,OS,null,OS,null,OS,null,OS,null,OS,35.83,OK,null,OS
2021-06-04 13:00:00,null,OS,null,OS,null,OS,null,OS,null,OS,37.97,OK,null,OS
2021-06-04 14:00:00,null,OS,null,OS,null,OS,null,OS,null,OS,55.73,OK,null,OS
2021-06-04 15:00:00,-1163.63,OR,null,OS,null,OS,null,OS,6.79,OK,41.72,OK,null,OS
2021-06-04 16:00:00,18.14,OK,5.4,OK,null,OS,null,OS,6.87,OK,51.61,OK,null,OS
2021-06-04 17:00:00,19.99,OK,0.97,BDL,null,OS,null,OS,6.74,OK,54.96,OK,null,OS
2021-06-04 18:00:00,19.04,OK,0.4,BDL,null,OS,null,OS,6.69,OK,30.95,OK,null,OS
2021-06-04 19:00:00,13.29,OK,0.38,BDL,null,OS,null,OS,6.77,OK,34.63,OK,null,OS
2021-06-04 20:00:00,12.17,OK,0.35,BDL,null,OS,null,OS,6.68,OK,62.73,OK,null,OS
2021-06-04 21:00:00,13.53,OK,0.28,BDL,null,OS,null,OS,6.63,OK,54.34,OK,null,OS
2021-06-04 22:00:00,13.47,OK,0.29,BDL,null,OS,null,OS,6.66,OK,47.26,OK,null,OS
2021-06-04 23:00:00,14.31,OK,0.24,BDL,null,OS,null,OS,6.56,OK,42.78,OK,null,OS
2021-06-05 00:00:00,11.84,OK,0.21,BDL,null,OS,null,OS,6.65,OK,32.94,OK,null,OS
2021-06-05 01:00:00,10.25,OK,0.26,BDL,null,OS,null,OS,6.61,OK,26.55,OK,null,OS
2021-06-05 02:00:00,6.72,OK,0.21,BDL,null,OS,null,OS,6.62,OK,31.12,OK,null,OS
2021-06-05 03:00:00,2.88,OK,0.21,BDL,null,OS,null,OS,6.56,OK,47.03,OK,null,OS
2021-06-05 04:00:00,4.89,OK,0.24,BDL,null,OS,null,OS,6.43,OK,49.75,OK,null,OS
2021-06-05 05:00:00,5.32,OK,0.23,BDL,null,OS,null,OS,6.44,OK,35.85,OK,null,OS
2021-06-05 06:00:00,9.97,OK,0.28,BDL,null,OS,null,OS,6.52,OK,45.64,OK,null,OS
2021-06-05 07:00:00,18.22,OK,0.26,BDL,null,OS,null,OS,6.48,OK,28.5,OK,null,OS
2021-06-05 08:00:00,26.52,OK,0.26,BDL,null,OS,null,OS,6.57,OK,28.52,OK,null,OS
2021-06-05 09:00:00,31.78,OK,0.28,BDL,null,OS,null,OS,6.51,OK,93.77,OK,null,OS
2021-06-05 10:00:00,32.06,OK,0.34,BDL,null,OS,null,OS,6.4,OK,48.22,OK,null,OS
2021-06-05 11:00:00,29.05,OK,0.27,BDL,null,OS,null,OS,6.41,OK,37.97,OK,null,OS
2021-06-05 12:00:00,28.16,OK,0.34,BDL,null,OS,null,OS,6.42,OK,41.97,OK,null,OS
2021-06-05 13:00:00,28.46,OK,0.47,BDL,null,OS,null,OS,6.4,OK,49.56,OK,null,OS
2021-06-05 14:00:00,25.39,OK,1.11,OK,null,OS,null,OS,6.39,OK,69.39,OK,null,OS
2021-06-05 15:00:00,24.63,OK,0.47,BDL,null,OS,null,OS,6.31,OK,65.95,OK,-453.12,OR
2021-06-05 16:00:00,24.93,OK,0.43,BDL,null,OS,null,OS,6.3,OK,46.2,OK,-31.9,OR
2021-06-05 17:00:00,23.11,OK,0.44,BDL,null,OS,null,OS,6.32,OK,45.96,OK,-303.51,OR
2021-06-05 18:00:00,20.3,OK,0.39,BDL,null,OS,null,OS,6.37,OK,30.75,OK,-113.13,OR
2021-06-05 19:00:00,15.64,OK,0.41,BDL,null,OS,null,OS,6.44,OK,32.26,OK,-10.35,OR
2021-06-05 20:00:00,10.3,OK,0.39,BDL,null,OS,null,OS,6.52,OK,38.78,OK,4.66,OK
2021-06-05 21:00:00,8.85,OK,0.4,BDL,null,OS,null,OS,6.52,OK,64.77,OK,17.41,OK
2021-06-05 22:00:00,7.74,OK,0.38,BDL,null,OS,null,OS,6.5,OK,74.84,OK,24.55,OK
2021-06-05 23:00:00,7.17,OK,0.46,BDL,null,OS,null,OS,6.49,OK,57.99,OK,31.88,OK
2021-06-06 00:00:00,3.61,OK,0.53,BDL,null,OS,null,OS,6.6,OK,61.77,OK,37.02,OK
2021-06-06 01:00:00,2.45,OK,0.42,BDL,null,OS,null,OS,6.62,OK,56.43,OK,24.16,OK
2021-06-06 02:00:00,3.18,OK,0.45,BDL,null,OS,null,OS,6.55,OK,44.44,OK,16.71,OK
2021-06-06 03:00:00,1.24,OK,0.43,BDL,null,OS,null,OS,6.55,OK,52.19,OK,21.71,OK
2021-06-06 04:00:00,1.5,OK,0.52,BDL,null,OS,null,OS,6.66,OK,104.69,OK,70.78,OK
2021-06-06 05:00:00,3.85,OK,0.47,BDL,null,OS,null,OS,6.55,OK,57.82,OK,33.74,OK
2021-06-06 06:00:00,11.98,OK,0.44,BDL,null,OS,null,OS,6.51,OK,53.62,OK,37.21,OK
2021-06-06 07:00:00,24.45,OK,0.44,BDL,null,OS,null,OS,6.48,OK,48.56,OK,22.91,OK
2021-06-06 08:00:00,29.86,OK,0.34,BDL,null,OS,null,OS,6.32,OK,36.6,OK,20.8,OK
2021-06-06 09:00:00,30.69,OK,0.33,BDL,null,OS,null,OS,6.3,OK,25.31,OK,-0.07,BDL
2021-06-06 10:00:00,30.46,OK,0.36,BDL,null,OS,null,OS,6.28,OK,23.22,OK,14.77,OK
2021-06-06 11:00:00,30.3,OK,0.37,BDL,null,OS,null,OS,6.28,OK,30.54,OK,13.45,OK
2021-06-06 12:00:00,28.56,OK,0.33,BDL,null,OS,null,OS,6.28,OK,37.18,OK,5.01,OK
2021-06-06 13:00:00,27.62,OK,0.35,BDL,null,OS,null,OS,6.27,OK,39.83,OK,26.96,OK
2021-06-06 14:00:00,25.44,OK,0.43,BDL,null,OS,null,OS,6.28,OK,45.71,OK,17.57,OK
2021-06-06 15:00:00,27.29,OK,0.41,BDL,34.25,OK,944.48,OR,6.24,OK,30.77,OK,21.89,OK
2021-06-06 16:00:00,28.01,OK,0.47,BDL,-0.11,BDL,40.22,OK,6.23,OK,38.03,OK,11.93,OK
2021-06-06 17:00:00,24.54,OK,0.49,BDL,-0.35,BDL,19.47,OK,6.25,OK,32.24,OK,14.95,OK
2021-06-06 18:00:00,22.31,OK,0.49,BDL,1.94,OK,46.8,OK,6.25,OK,16.54,OK,1.79,BDL
2021-06-06 19:00:00,17.99,OK,0.5,BDL,4.5,OK,8.5,OK,6.32,OK,14.76,OK,-4.83,OR
2021-06-06 20:00:00,13.61,OK,0.48,BDL,5.69,OK,6.13,OK,6.39,OK,27.95,OK,-2.78,BDL
2021-06-06 21:00:00,10.85,OK,0.46,BDL,6.86,OK,6.19,OK,6.44,OK,35.33,OK,8.74,OK
2021-06-06 22:00:00,10.27,OK,0.48,BDL,7.33,OK,5.46,OK,6.47,OK,49.13,OK,11.19,OK
2021-06-06 23:00:00,16.59,OK,0.53,BDL,4.51,OK,4.49,OK,6.33,OK,48.71,OK,11.45,OK
2021-06-07 00:00:00,19.88,OK,0.43,BDL,3.17,OK,2.95,OK,6.25,OK,42.93,OK,6.03,OK
2021-06-07 01:00:00,20.92,OK,0.4,BDL,2.79,OK,2.51,OK,6.24,OK,46.73,OK,7.4,OK
2021-06-07 02:00:00,21.05,OK,0.37,BDL,2.74,OK,2.36,OK,6.22,OK,21.39,OK,4.72,OK
2021-06-07 03:00:00,15.26,OK,0.45,BDL,4.88,OK,2.29,OK,6.28,OK,23.24,OK,7.49,OK
2021-06-07 04:00:00,7.56,OK,0.45,BDL,8.06,OK,2.96,OK,6.35,OK,39.86,OK,13.05,OK
2021-06-07 05:00:00,10.52,OK,0.43,BDL,7.98,OK,4.45,OK,6.31,OK,45.72,OK,13.86,OK
2021-06-07 06:00:00,16.06,OK,0.39,BDL,7.51,OK,4.99,OK,6.35,OK,32.51,OK,14.08,OK
2021-06-07 07:00:00,25.45,OK,0.44,BDL,5.21,OK,3.74,OK,6.31,OK,27.45,OK,14.65,OK
2021-06-07 08:00:00,33.09,OK,0.41,BDL,3.1,OK,2.87,OK,6.23,OK,26.42,OK,-2.44,BDL
2021-06-07 09:00:00,34.42,OK,0.37,BDL,1.98,OK,7.37,OK,6.21,OK,19.91,OK,6.09,OK
2021-06-07 10:00:00,18.17,OK,0.31,BDL,1.14,OK,22.07,OK,6.09,OK,27.07,OK,9.37,OK
2021-06-07 11:00:00,0.01,BDL,-0.03,BDL,1.37,OK,11.89,OK,2.37,OK,50.81,OK,19.76,OK
2021-06-07 12:00:00,27.9,OK,213.47,OK,7.35,OK,47.62,OK,6.1,OK,54.68,OK,29.67,OK
2021-06-07 13:00:00,103.64,OK,242.16,OK,4.96,OK,9.07,OK,0.22,OK,54.5,OK,20.01,OK
2021-06-07 14:00:00,393.69,OK,-0.02,BDL,4.32,OK,24.83,OK,0.19,OK,54.2,OK,15.55,OK
2021-06-07 15:00:00,73.28,OK,0.16,BDL,2.61,OK,92.96,OK,0.2,OK,45.8,OK,4.01,OK
2021-06-07 16:00:00,30.07,OK,0.12,BDL,0.07,BDL,313.49,OK,0.19,OK,34.96,OK,6.59,OK
2021-06-07 17:00:00,32.73,OK,-0.08,BDL,6.54,OK,169.44,OK,0.22,OK,52.44,OK,2.67,BDL
2021-06-07 18:00:00,28.53,OK,-0.06,BDL,4.78,OK,-6.13,OR,0.24,OK,36.0,OK,-2.5,BDL
2021-06-07 19:00:00,24.41,OK,-0.02,BDL,11.53,OK,0.81,OK,0.27,OK,38.14,OK,-13.25,OR
2021-06-07 20:00:00,19.5,OK,-0.02,BDL,18.16,OK,0.76,OK,0.36,OK,49.17,OK,12.18,OK
2021-06-07 21:00:00,20.42,OK,0.06,BDL,18.3,OK,1.35,OK,0.37,OK,42.66,OK,13.82,OK
2021-06-07 22:00:00,17.75,OK,0.1,BDL,20.11,OK,1.97,OK,0.38,OK,54.87,OK,14.36,OK
2021-06-07 23:00:00,16.76,OK,0.01,BDL,19.47,OK,0.21,BDL,0.36,OK,28.61,OK,7.31,OK
2021-06-08 00:00:00,18.52,OK,0.03,BDL,15.93,OK,-0.79,OR,0.29,OK,30.98,OK,5.81,OK
2021-06-08 01:00:00,17.88,OK,-0.05,BDL,16.69,OK,-1.36,OR,0.26,OK,23.54,OK,10.13,OK
2021-06-08 02:00:00,12.86,OK,-0.06,BDL,18.12,OK,-1.38,OR,0.33,OK,36.66,OK,7.62,OK
2021-06-08 03:00:00,8.09,OK,-0.02,BDL,17.99,OK,-1.26,OR,0.25,OK,44.96,OK,17.54,OK
2021-06-08 04:00:00,11.26,OK,-0.0,BDL,14.74,OK,-0.98,OR,0.22,OK,48.47,OK,14.1,OK
2021-06-08 05:00:00,7.96,OK,0.68,BDL,18.99,OK,8.42,OK,0.31,OK,36.4,OK,16.24,OK
2021-06-08 06:00:00,14.77,OK,1.01,OK,16.69,OK,9.54,OK,0.36,OK,58.91,OK,21.4,OK
2021-06-08 07:00:00,28.51,OK,0.32,BDL,10.93,OK,2.25,OK,0.27,OK,63.29,OK,17.5,OK
2021-06-08 08:00:00,37.7,OK,0.17,BDL,8.79,OK,1.07,OK,0.21,OK,25.52,OK,6.66,OK
2021-06-08 09:00:00,46.55,OK,0.19,BDL,11.24,OK,2.73,OK,0.28,OK,19.87,OK,17.47,OK
2021-06-08 10:00:00,45.93,OK,0.04,BDL,6.64,OK,1.54,OK,0.22,OK,39.05,OK,15.07,OK
2021-06-08 11:00:00,43.56,OK,0.06,BDL,7.19,OK,2.25,OK,0.24,OK,36.45,OK,22.02,OK
2021-06-08 12:00:00,42.93,OK,0.08,BDL,8.07,OK,3.14,OK,0.26,OK,35.44,OK,12.72,OK
2021-06-08 13:00:00,42.49,OK,0.07,BDL,6.46,OK,2.14,OK,0.22,OK,28.75,OK,17.23,OK
2021-06-08 14:00:00,39.81,OK,0.04,BDL,6.4,OK,1.6,OK,0.2,OK,53.41,OK,28.06,OK
2021-06-08 15:00:00,37.6,OK,0.05,BDL,7.07,OK,2.92,OK,0.23,OK,48.08,OK,15.37,OK
2021-06-08 16:00:00,39.79,OK,0.05,BDL,7.79,OK,3.54,OK,0.24,OK,29.96,OK,-23.97,OR
2021-06-08 17:00:00,42.06,OK,0.11,BDL,10.84,OK,1.91,OK,0.26,OK,34.27,OK,-4.42,OR
2021-06-08 18:00:00,42.56,OK,0.2,BDL,11.9,OK,1.44,OK,0.2,OK,36.88,OK,16.78,OK
2021-06-08 19:00:00,36.56,OK,0.1,BDL,13.12,OK,0.77,OK,0.2,OK,34.33,OK,21.95,OK
2021-06-08 20:00:00,24.6,OK,0.15,BDL,19.57,OK,1.94,OK,0.3,OK,37.33,OK,24.0,OK
2021-06-08 21:00:00,25.25,OK,0.18,BDL,17.88,OK,0.43,OK,0.25,OK,46.25,OK,20.49,OK
2021-06-08 22:00:00,27.86,OK,0.14,BDL,12.74,OK,-0.49,OR,0.16,OK,35.7,OK,20.48,OK
2021-06-08 23:00:00,23.03,OK,0.09,BDL,13.94,OK,-0.98,OR,0.2,OK,36.53,OK,15.53,OK
2021-06-09 00:00:00,23.24,OK,0.04,BDL,12.31,OK,-1.19,OR,0.17,OK,40.41,OK,12.1,OK
2021-06-09 01:00:00,12.55,OK,0.11,BDL,19.72,OK,-1.07,OR,0.19,OK,42.92,OK,24.8,OK
2021-06-09 02:00:00,16.85,OK,0.15,BDL,12.93,OK,-1.21,OR,0.11,OK,49.03,OK,14.89,OK
2021-06-09 03:00:00,20.12,OK,0.23,BDL,11.66,OK,-1.28,OR,0.08,OK,35.7,OK,7.76,OK
2021-06-09 04:00:00,14.21,OK,0.35,BDL,13.88,OK,-0.83,OR,0.09,OK,32.94,OK,11.35,OK
2021-06-09 05:00:00,12.36,OK,0.37,BDL,14.8,OK,4.15,OK,0.14,OK,39.55,OK,14.81,OK
2021-06-09 06:00:00,15.46,OK,0.36,BDL,16.28,OK,8.37,OK,0.25,OK,53.76,OK,14.75,OK
2021-06-09 07:00:00,28.37,OK,0.2,BDL,17.93,OK,5.92,OK,0.28,OK,61.15,OK,10.78,OK
2021-06-09 08:00:00,37.0,OK,0.33,BDL,27.38,OK,8.93,OK,0.44,OK,82.17,OK,12.55,OK
2021-06-09 09:00:00,52.45,OK,0.12,BDL,12.86,OK,2.21,OK,0.21,OK,50.9,OK,3.27,BDL
2021-06-09 10:00:00,54.47,OK,0.2,BDL,10.39,OK,2.59,OK,0.19,OK,39.2,OK,6.52,OK
2021-06-09 11:00:00,54.58,OK,0.13,BDL,9.01,OK,1.82,OK,0.18,OK,39.15,OK,2.56,BDL
2021-06-09 12:00:00,44.07,OK,0.14,BDL,9.41,OK,4.79,OK,0.23,OK,28.73,OK,-1.62,BDL
2021-06-09 13:00:00,37.57,OK,0.09,BDL,6.7,OK,3.01,OK,0.16,OK,43.68,OK,13.32,OK
2021-06-09 14:00:00,31.3,OK,0.09,BDL,6.35,OK,3.45,OK,0.19,OK,38.24,OK,20.35,OK
2021-06-09 15:00:00,32.58,OK,0.05,BDL,8.38,OK,5.34,OK,0.19,OK,38.79,OK,19.3,OK
2021-06-09 16:00:00,30.89,OK,0.06,BDL,8.01,OK,3.74,OK,0.18,OK,41.02,OK,8.53,OK
2021-06-09 17:00:00,28.58,OK,0.19,BDL,9.98,OK,3.91,OK,0.23,OK,32.65,OK,11.88,OK
2021-06-09 18:00:00,27.66,OK,0.07,BDL,13.11,OK,2.16,OK,0.22,OK,35.03,OK,-0.77,BDL
2021-06-09 19:00:00,23.32,OK,0.05,BDL,15.64,OK,1.72,OK,0.24,OK,35.37,OK,6.8,OK
2021-06-09 20:00:00,20.82,OK,0.11,BDL,15.92,OK,1.05,OK,0.22,OK,54.44,OK,11.22,OK
2021-06-09 21:00:00,12.25,OK,0.2,BDL,22.54,OK,4.57,OK,0.35,OK,53.29,OK,21.68,OK
2021-06-09 22:00:00,19.1,OK,0.11,BDL,22.94,OK,2.43,OK,0.34,OK,47.39,OK,13.6,OK
2021-06-09 23:00:00,6.15,OK,0.17,BDL,29.79,OK,3.51,OK,0.4,OK,53.33,OK,15.58,OK
2021-06-10 00:00:00,5.45,OK,0.27,BDL,31.35,OK,3.07,OK,0.32,OK,62.97,OK,17.05,OK
2021-06-10 01:00:00,20.63,OK,0.12,BDL,11.41,OK,-1.19,OR,0.08,OK,35.59,OK,15.43,OK
2021-06-10 02:00:00,16.08,OK,0.08,BDL,12.26,OK,-1.36,OR,0.06,OK,29.11,OK,12.32,OK
2021-06-10 03:00:00,5.64,OK,0.11,BDL,18.86,OK,-0.87,OR,0.08,OK,40.71,OK,14.43,OK
2021-06-10 04:00:00,6.63,OK,0.37,BDL,18.17,OK,0.57,OK,0.09,OK,35.91,OK,14.51,OK
2021-06-10 05:00:00,7.86,OK,0.49,BDL,17.3,OK,7.14,OK,0.15,OK,46.13,OK,13.43,OK
2021-06-10 06:00:00,11.64,OK,0.49,BDL,20.69,OK,15.04,OK,0.29,OK,45.04,OK,14.41,OK
2021-06-10 07:00:00,16.06,OK,0.53,BDL,29.87,OK,20.42,OK,0.48,OK,36.71,OK,11.06,OK
2021-06-10 08:00:00,37.12,OK,0.44,BDL,24.89,OK,8.44,OK,0.36,OK,62.35,OK,17.32,OK
2021-06-10 09:00:00,46.23,OK,0.35,BDL,13.77,OK,3.01,OK,0.17,OK,55.48,OK,10.81,OK
2021-06-10 10:00:00,40.29,OK,0.24,BDL,7.7,OK,1.86,OK,0.11,OK,46.16,OK,9.26,OK
2021-06-10 11:00:00,32.99,OK,0.09,BDL,6.34,OK,2.75,OK,0.1,OK,32.21,OK,4.72,OK
2021-06-10 12:00:00,33.31,OK,0.17,BDL,6.25,OK,3.35,OK,0.13,OK,23.24,OK,2.62,BDL
2021-06-10 13:00:00,33.33,OK,0.11,BDL,6.36,OK,2.77,OK,0.12,OK,21.96,OK,11.45,OK
2021-06-10 14:00:00,30.37,OK,0.08,BDL,7.08,OK,4.22,OK,0.12,OK,23.23,OK,5.48,OK
2021-06-10 15:00:00,30.81,OK,0.11,BDL,8.11,OK,4.59,OK,0.14,OK,31.61,OK,-1.61,BDL
2021-06-10 16:00:00,28.62,OK,0.16,BDL,8.99,OK,4.92,OK,0.16,OK,31.77,OK,3.2,BDL
2021-06-10 17:00:00,25.59,OK,0.1,BDL,10.43,OK,5.91,OK,0.23,OK,39.62,OK,-4.27,OR
2021-06-10 18:00:00,23.8,OK,0.17,BDL,15.82,OK,8.13,OK,0.34,OK,51.22,OK,3.11,BDL
2021-06-10 19:00:00,26.76,OK,0.21,BDL,13.51,OK,7.01,OK,0.27,OK,39.01,OK,3.85,BDL
2021-06-10 20:00:00,25.76,OK,0.15,BDL,14.38,OK,3.87,OK,0.24,OK,31.45,OK,8.38,OK
2021-06-10 21:00:00,24.2,OK,0.14,BDL,12.38,OK,0.78,OK,0.16,OK,33.61,OK,9.54,OK
2021-06-10 22:00:00,22.72,OK,0.16,BDL,12.61,OK,0.22,BDL,0.18,OK,41.21,OK,11.87,OK
2021-06-10 23:00:00,27.06,OK,0.16,BDL,8.94,OK,-0.47,OR,0.14,OK,45.86,OK,10.6,OK
2021-06-11 00:00:00,25.05,OK,0.15,BDL,9.0,OK,-0.61,OR,0.1,OK,29.86,OK,16.32,OK
2021-06-11 01:00:00,25.31,OK,0.17,BDL,7.69,OK,-0.81,OR,0.08,OK,31.34,OK,14.59,OK
2021-06-11 02:00:00,28.36,OK,0.2,BDL,4.74,OK,-0.91,OR,0.02,BDL,37.87,OK,15.74,OK
2021-06-11 03:00:00,26.15,OK,0.14,BDL,4.5,OK,-0.95,OR,0.03,BDL,14.01,OK,7.63,OK
2021-06-11 04:00:00,15.72,OK,0.19,BDL,13.69,OK,0.78,OK,0.12,OK,27.72,OK,8.54,OK
2021-06-11 05:00:00,13.79,OK,0.52,BDL,17.74,OK,4.44,OK,0.2,OK,45.5,OK,29.8,OK
2021-06-11 06:00:00,14.76,OK,0.52,BDL,26.87,OK,14.79,OK,0.37,OK,39.35,OK,23.76,OK
2021-06-11 07:00:00,21.45,OK,0.59,BDL,30.27,OK,20.53,OK,0.47,OK,64.61,OK,18.63,OK
2021-06-11 08:00:00,36.03,OK,0.3,BDL,16.5,OK,5.61,OK,0.24,OK,59.94,OK,9.63,OK
2021-06-11 09:00:00,43.3,OK,0.37,BDL,11.72,OK,3.13,OK,0.15,OK,50.86,OK,4.03,OK
2021-06-11 10:00:00,46.92,OK,0.44,BDL,10.53,OK,3.35,OK,0.14,OK,61.75,OK,10.54,OK
2021-06-11 11:00:00,45.1,OK,0.24,BDL,9.17,OK,2.66,OK,0.15,OK,56.74,OK,15.1,OK
2021-06-11 12:00:00,42.97,OK,0.19,BDL,9.62,OK,3.46,OK,0.15,OK,33.42,OK,5.13,OK
2021-06-11 13:00:00,42.13,OK,0.15,BDL,8.87,OK,3.47,OK,0.13,OK,36.74,OK,11.56,OK
2021-06-11 14:00:00,41.61,OK,0.15,BDL,8.62,OK,3.01,OK,0.11,OK,39.27,OK,13.03,OK
2021-06-11 15:00:00,38.06,OK,0.14,BDL,10.54,OK,4.9,OK,0.15,OK,25.31,OK,25.43,OK
2021-06-11 16:00:00,39.89,OK,0.18,BDL,9.75,OK,3.63,OK,0.17,OK,49.14,OK,13.54,OK
2021-06-11 17:00:00,37.87,OK,0.26,BDL,13.01,OK,5.98,OK,0.26,OK,41.98,OK,7.97,OK
2021-06-11 18:00:00,34.2,OK,0.28,BDL,17.9,OK,7.43,OK,0.32,OK,57.62,OK,5.79,OK
2021-06-11 19:00:00,31.54,OK,0.18,BDL,20.6,OK,4.37,OK,0.29,OK,29.85,OK,4.18,OK
2021-06-11 20:00:00,32.21,OK,0.19,BDL,18.77,OK,2.67,OK,0.24,OK,31.28,OK,9.98,OK
2021-06-11 21:00:00,31.65,OK,0.46,BDL,17.15,OK,1.78,OK,0.22,OK,34.87,OK,11.95,OK
2021-06-11 22:00:00,29.17,OK,0.41,BDL,16.97,OK,0.38,BDL,0.22,OK,33.73,OK,15.02,OK
2021-06-11 23:00:00,25.3,OK,0.37,BDL,20.2,OK,-0.3,BDL,0.25,OK,56.65,OK,19.35,OK
2021-06-12 00:00:00,30.64,OK,0.46,BDL,19.92,OK,-0.74,OR,0.29,OK,83.25,OK,33.72,OK
2021-06-12 01:00:00,29.54,OK,0.25,BDL,15.34,OK,-1.13,OR,0.2,OK,48.2,OK,26.72,OK
2021-06-12 02:00:00,30.15,OK,0.34,BDL,11.49,OK,-1.39,OR,0.16,OK,43.7,OK,23.35,OK
2021-06-12 03:00:00,29.3,OK,0.28,BDL,9.87,OK,-1.56,OR,0.12,OK,33.32,OK,20.79,OK
2021-06-12 04:00:00,17.29,OK,0.27,BDL,19.77,OK,-0.64,OR,0.21,OK,32.21,OK,20.57,OK
2021-06-12 05:00:00,14.58,OK,0.38,BDL,24.72,OK,5.02,OK,0.19,OK,45.87,OK,8.06,OK
2021-06-12 06:00:00,21.39,OK,0.38,BDL,20.75,OK,7.02,OK,0.18,OK,43.66,OK,18.68,OK
2021-06-12 07:00:00,34.39,OK,0.24,BDL,11.16,OK,1.53,OK,0.08,OK,24.65,OK,6.37,OK
2021-06-12 08:00:00,38.04,OK,0.18,BDL,13.71,OK,3.17,OK,0.11,OK,32.55,OK,10.3,OK
2021-06-12 09:00:00,52.36,OK,0.2,BDL,9.09,OK,1.06,OK,0.12,OK,33.81,OK,3.89,BDL
2021-06-12 10:00:00,56.54,OK,0.19,BDL,8.56,OK,1.09,OK,0.13,OK,26.12,OK,10.34,OK
2021-06-12 11:00:00,55.85,OK,0.15,BDL,7.04,OK,0.52,OK,0.11,OK,38.37,OK,10.4,OK
2021-06-12 12:00:00,50.61,OK,0.21,BDL,8.64,OK,2.17,OK,0.16,OK,32.52,OK,5.81,OK
2021-06-12 13:00:00,48.61,OK,0.27,BDL,9.0,OK,2.85,OK,0.15,OK,44.79,OK,12.03,OK
2021-06-12 14:00:00,48.57,OK,0.21,BDL,5.88,OK,0.53,OK,0.1,OK,57.18,OK,16.54,OK
2021-06-12 15:00:00,47.96,OK,0.19,BDL,5.27,OK,0.58,OK,0.12,OK,48.18,OK,10.92,OK
2021-06-12 16:00:00,45.47,OK,0.2,BDL,6.03,OK,0.81,OK,0.12,OK,62.28,OK,10.82,OK
2021-06-12 17:00:00,45.14,OK,0.2,BDL,7.11,OK,1.17,OK,0.13,OK,59.13,OK,6.96,OK
2021-06-12 18:00:00,41.78,OK,0.14,BDL,10.14,OK,0.23,BDL,0.16,OK,50.29,OK,1.64,BDL
2021-06-12 19:00:00,38.26,OK,0.16,BDL,11.75,OK,0.68,OK,0.2,OK,53.92,OK,10.56,OK
2021-06-12 20:00:00,30.57,OK,0.28,BDL,15.52,OK,2.85,OK,0.29,OK,42.89,OK,9.96,OK
2021-06-12 21:00:00,20.23,OK,0.31,BDL,21.24,OK,2.97,OK,0.4,OK,59.41,OK,16.39,OK
2021-06-12 22:00:00,32.25,OK,0.19,BDL,15.59,OK,0.66,OK,0.25,OK,63.7,OK,25.59,OK
2021-06-12 23:00:00,28.53,OK,0.1,BDL,12.51,OK,0.67,OK,0.2,OK,52.42,OK,9.22,OK
2021-06-13 00:00:00,32.5,OK,0.06,BDL,4.81,OK,4.61,OK,0.14,OK,50.89,OK,21.37,OK
2021-06-13 01:00:00,28.54,OK,-0.03,BDL,3.6,OK,11.15,OK,0.12,OK,38.92,OK,7.38,OK
2021-06-13 02:00:00,26.82,OK,-0.04,BDL,3.36,OK,13.71,OK,0.1,OK,23.37,OK,5.61,OK
2021-06-13 03:00:00,16.97,OK,-0.08,BDL,9.65,OK,15.37,OK,0.11,OK,15.36,OK,9.38,OK
2021-06-13 04:00:00,8.48,OK,-0.11,BDL,15.57,OK,16.74,OK,0.11,OK,24.61,OK,11.86,OK
2021-06-13 05:00:00,11.99,OK,-0.12,BDL,11.01,OK,17.57,OK,0.12,OK,15.53,OK,3.17,BDL
2021-06-13 06:00:00,17.35,OK,-0.06,BDL,7.75,OK,17.86,OK,0.14,OK,12.75,OK,5.06,OK
2021-06-13 07:00:00,24.17,OK,-0.07,BDL,3.4,OK,17.19,OK,0.14,OK,25.73,OK,11.22,OK
2021-06-13 08:00:00,30.35,OK,-0.05,BDL,2.74,OK,17.68,OK,0.13,OK,25.64,OK,16.36,OK
2021-06-13 09:00:00,35.46,OK,-0.11,BDL,2.98,OK,18.24,OK,0.14,OK,18.61,OK,18.29,OK
2021-06-13 10:00:00,41.03,OK,-0.07,BDL,2.77,OK,17.72,OK,0.12,OK,33.83,OK,20.35,OK
2021-06-13 11:00:00,45.32,OK,-0.1,BDL,2.73,OK,17.07,OK,0.12,OK,31.59,OK,17.37,OK
2021-06-13 12:00:00,49.29,OK,-0.08,BDL,3.2,OK,16.24,OK,0.12,OK,35.0,OK,11.82,OK
2021-06-13 13:00:00,48.61,OK,-0.06,BDL,3.75,OK,14.88,OK,0.12,OK,32.05,OK,21.01,OK
2021-06-13 14:00:00,36.17,OK,-0.09,BDL,3.77,OK,18.38,OK,0.18,OK,38.83,OK,16.95,OK
2021-06-13 15:00:00,32.17,OK,-0.11,BDL,3.21,OK,18.98,OK,0.15,OK,69.24,OK,26.98,OK
2021-06-13 16:00:00,26.38,OK,-0.05,BDL,2.46,OK,22.32,OK,0.16,OK,97.55,OK,17.48,OK
2021-06-13 17:00:00,22.2,OK,-0.15,BDL,2.76,OK,22.78,OK,0.16,OK,77.93,OK,13.77,OK
2021-06-13 18:00:00,19.38,OK,-0.1,BDL,3.54,OK,23.72,OK,0.19,OK,55.72,OK,11.64,OK
2021-06-13 19:00:00,16.85,OK,-0.14,BDL,4.3,OK,23.46,OK,0.19,OK,51.53,OK,20.0,OK
2021-06-13 20:00:00,18.27,OK,-0.07,BDL,3.93,OK,21.61,OK,0.17,OK,40.59,OK,13.46,OK
2021-06-13 21:00:00,19.37,OK,-0.07,BDL,4.73,OK,18.47,OK,null,OS,39.45,OK,12.23,OK
2021-06-13 22:00:00,19.69,OK,-0.11,BDL,4.05,OK,16.92,OK,null,OS,28.12,OK,15.57,OK
2021-06-13 23:00:00,18.72,OK,-0.11,BDL,2.66,OK,17.24,OK,null,OS,37.53,OK,13.47,OK
2021-06-14 00:00:00,17.5,OK,-0.08,BDL,2.58,OK,15.68,OK,null,OS,28.6,OK,12.79,OK
2021-06-14 01:00:00,18.2,OK,-0.17,BDL,2.19,OK,15.25,OK,null,OS,30.59,OK,10.78,OK
2021-06-14 02:00:00,17.21,OK,-0.13,BDL,2.26,OK,13.75,OK,null,OS,21.95,OK,7.7,OK
2021-06-14 03:00:00,16.34,OK,-0.15,BDL,2.16,OK,11.98,OK,null,OS,18.85,OK,10.44,OK
2021-06-14 04:00:00,8.78,OK,-0.12,BDL,8.22,OK,13.05,OK,null,OS,15.03,OK,8.77,OK
2021-06-14 05:00:00,6.13,OK,-0.13,BDL,10.69,OK,15.13,OK,null,OS,34.62,OK,6.69,OK
2021-06-14 06:00:00,13.83,OK,-0.07,BDL,7.48,OK,13.31,OK,null,OS,31.49,OK,12.27,OK
2021-06-14 07:00:00,14.64,OK,-0.04,BDL,11.44,OK,16.89,OK,null,OS,32.63,OK,20.74,OK
2021-06-14 08:00:00,30.5,OK,-0.04,BDL,5.99,OK,10.12,OK,null,OS,39.41,OK,12.35,OK
2021-06-14 09:00:00,39.17,OK,-0.12,BDL,4.1,OK,8.4,OK,null,OS,26.17,OK,9.53,OK
2021-06-14 10:00:00,46.78,OK,-0.13,BDL,4.0,OK,7.84,OK,null,OS,24.75,OK,15.04,OK
2021-06-14 11:00:00,45.63,OK,-0.13,BDL,4.19,OK,8.57,OK,null,OS,44.52,OK,17.15,OK
2021-06-14 12:00:00,43.21,OK,-0.09,BDL,5.03,OK,8.42,OK,null,OS,38.64,OK,15.45,OK
2021-06-14 13:00:00,40.75,OK,-0.12,BDL,6.92,OK,9.07,OK,null,OS,57.44,OK,20.54,OK
2021-06-14 14:00:00,39.46,OK,-0.14,BDL,6.27,OK,10.1,OK,null,OS,49.25,OK,9.86,OK
2021-06-14 15:00:00,33.07,OK,0.03,BDL,5.05,OK,12.3,OK,null,OS,55.38,OK,22.09,OK
2021-06-14 16:00:00,29.0,OK,-0.05,BDL,5.38,OK,11.82,OK,null,OS,68.91,OK,14.16,OK
2021-06-14 17:00:00,28.06,OK,-0.17,BDL,5.74,OK,9.87,OK,null,OS,62.24,OK,9.16,OK
2021-06-14 18:00:00,29.96,OK,-0.1,BDL,5.21,OK,7.87,OK,null,OS,65.17,OK,12.43,OK
2021-06-14 19:00:00,29.27,OK,-0.09,BDL,6.7,OK,8.25,OK,null,OS,51.08,OK,15.22,OK
2021-06-14 20:00:00,36.87,OK,-0.1,BDL,5.77,OK,5.72,OK,null,OS,104.62,OK,20.62,OK
2021-06-14 21:00:00,38.16,OK,-0.11,BDL,6.58,OK,4.28,OK,null,OS,60.94,OK,11.93,OK
2021-06-14 22:00:00,32.92,OK,-0.13,BDL,5.48,OK,5.22,OK,null,OS,33.95,OK,7.57,OK
2021-06-14 23:00:00,26.19,OK,-0.14,BDL,6.84,OK,5.19,OK,null,OS,17.24,OK,3.18,BDL
2021-06-15 00:00:00,14.08,OK,-0.14,BDL,9.76,OK,5.13,OK,null,OS,31.75,OK,82.87,OK
2021-06-15 01:00:00,17.97,OK,-0.13,BDL,6.91,OK,4.41,OK,null,OS,30.09,OK,72.21,OK
2021-06-15 02:00:00,21.54,OK,-0.14,BDL,2.43,OK,4.69,OK,null,OS,25.83,OK,54.59,OK
2021-06-15 03:00:00,21.69,OK,-0.14,BDL,1.84,OK,4.23,OK,null,OS,10.28,OK,12.07,OK
2021-06-15 04:00:00,21.34,OK,-0.13,BDL,3.51,OK,4.24,OK,null,OS,21.3,OK,5.37,OK
2021-06-15 05:00:00,20.29,OK,-0.13,BDL,6.99,OK,4.2,OK,null,OS,18.29,OK,6.86,OK
2021-06-15 06:00:00,16.27,OK,-0.11,BDL,11.85,OK,8.6,OK,null,OS,31.25,OK,7.85,OK
2021-06-15 07:00:00,20.4,OK,-0.05,BDL,11.09,OK,9.96,OK,null,OS,38.47,OK,14.29,OK
2021-06-15 08:00:00,33.05,OK,-0.07,BDL,5.25,OK,4.04,OK,null,OS,26.31,OK,9.7,OK
2021-06-15 09:00:00,36.3,OK,-0.11,BDL,6.12,OK,4.78,OK,null,OS,26.12,OK,15.93,OK
2021-06-15 10:00:00,39.69,OK,-0.07,BDL,4.99,OK,4.08,OK,null,OS,36.24,OK,19.85,OK
2021-06-15 11:00:00,43.65,OK,-0.06,BDL,5.11,OK,3.51,OK,null,OS,40.84,OK,16.19,OK
2021-06-15 12:00:00,41.58,OK,-0.1,BDL,5.06,OK,2.95,OK,null,OS,32.17,OK,10.86,OK
2021-06-15 13:00:00,41.81,OK,-0.03,BDL,5.38,OK,3.39,OK,null,OS,29.78,OK,18.68,OK
2021-06-15 14:00:00,41.97,OK,0.06,BDL,4.77,OK,2.85,OK,null,OS,52.72,OK,18.74,OK
2021-06-15 15:00:00,34.58,OK,0.02,BDL,4.99,OK,3.9,OK,null,OS,58.45,OK,3.57,BDL
2021-06-15 16:00:00,28.54,OK,-0.09,BDL,4.73,OK,3.18,OK,null,OS,70.33,OK,7.34,OK
2021-06-15 17:00:00,24.83,OK,-0.04,BDL,6.25,OK,2.87,OK,null,OS,72.08,OK,9.55,OK
2021-06-15 18:00:00,21.89,OK,-0.08,BDL,6.9,OK,2.45,OK,null,OS,49.89,OK,1.68,BDL
2021-06-15 19:00:00,22.02,OK,-0.06,BDL,6.67,OK,1.17,OK,null,OS,35.89,OK,6.2,OK
2021-06-15 20:00:00,17.37,OK,-0.04,BDL,10.58,OK,0.86,OK,null,OS,38.32,OK,9.98,OK
2021-06-15 21:00:00,15.98,OK,-0.04,BDL,11.08,OK,0.62,OK,null,OS,34.05,OK,12.14,OK
2021-06-15 22:00:00,16.72,OK,0.04,BDL,8.78,OK,0.16,BDL,null,OS,43.34,OK,16.42,OK
2021-06-15 23:00:00,18.62,OK,-0.1,BDL,6.89,OK,-0.15,BDL,null,OS,40.36,OK,53.76,OK
2021-06-16 00:00:00,21.99,OK,-0.06,BDL,3.35,OK,-0.05,BDL,null,OS,27.71,OK,6.53,OK
2021-06-16 01:00:00,19.75,OK,-0.04,BDL,3.71,OK,-0.1,BDL,null,OS,23.49,OK,12.88,OK
2021-06-16 02:00:00,18.54,OK,-0.07,BDL,3.41,OK,-0.15,BDL,null,OS,19.31,OK,8.43,OK
2021-06-16 03:00:00,9.56,OK,-0.12,BDL,11.18,OK,-0.05,BDL,null,OS,31.02,OK,11.77,OK
2021-06-16 04:00:00,4.17,OK,-0.08,BDL,14.59,OK,1.78,OK,null,OS,26.19,OK,12.81,OK
2021-06-16 05:00:00,4.16,OK,0.02,BDL,16.5,OK,11.59,OK,null,OS,50.51,OK,15.31,OK
2021-06-16 06:00:00,14.04,OK,0.02,BDL,15.04,OK,9.66,OK,null,OS,47.58,OK,17.55,OK
2021-06-16 07:00:00,28.01,OK,-0.06,BDL,9.54,OK,3.52,OK,null,OS,47.66,OK,15.28,OK
2021-06-16 08:00:00,39.62,OK,-0.03,BDL,11.22,OK,3.67,OK,null,OS,29.44,OK,20.52,OK
2021-06-16 09:00:00,54.95,OK,0.04,BDL,11.68,OK,3.46,OK,null,OS,43.12,OK,50.51,OK
2021-06-16 10:00:00,66.55,OK,-0.06,BDL,6.01,OK,0.48,OK,null,OS,71.52,OK,15.56,OK
2021-06-16 11:00:00,76.13,OK,-0.04,BDL,7.73,OK,0.63,OK,null,OS,64.13,OK,30.65,OK
2021-06-16 12:00:00,64.76,OK,-0.05,BDL,6.38,OK,0.67,OK,null,OS,62.03,OK,21.68,OK
2021-06-16 13:00:00,59.84,OK,0.12,BDL,6.27,OK,0.88,OK,null,OS,40.1,OK,19.08,OK
2021-06-16 14:00:00,52.85,OK,0.05,BDL,7.13,OK,2.04,OK,null,OS,60.96,OK,34.29,OK
2021-06-16 15:00:00,38.75,OK,0.01,BDL,4.18,OK,1.53,OK,null,OS,97.17,OK,30.1,OK
2021-06-16 16:00:00,33.15,OK,-0.05,BDL,4.62,OK,1.98,OK,null,OS,74.07,OK,10.67,OK
2021-06-16 17:00:00,31.39,OK,-0.06,BDL,5.39,OK,2.81,OK,null,OS,69.36,OK,9.76,OK
2021-06-16 18:00:00,28.13,OK,-0.04,BDL,5.45,OK,2.15,OK,null,OS,62.4,OK,7.05,OK
2021-06-16 19:00:00,23.37,OK,0.07,BDL,7.01,OK,1.33,OK,null,OS,32.69,OK,2.15,BDL
2021-06-16 20:00:00,20.43,OK,-0.02,BDL,7.36,OK,0.39,BDL,null,OS,37.72,OK,8.42,OK
2021-06-16 21:00:00,22.01,OK,-0.1,BDL,5.52,OK,0.06,BDL,null,OS,46.39,OK,20.95,OK
2021-06-16 22:00:00,22.84,OK,-0.03,BDL,5.18,OK,-0.81,OR,null,OS,24.73,OK,5.6,OK
2021-06-16 23:00:00,17.16,OK,-0.02,BDL,7.68,OK,-0.62,OR,null,OS,34.03,OK,11.17,OK
2021-06-17 00:00:00,16.63,OK,-0.03,BDL,7.19,OK,-1.03,OR,null,OS,35.58,OK,15.64,OK
2021-06-17 01:00:00,15.72,OK,-0.05,BDL,7.07,OK,-0.89,OR,null,OS,28.04,OK,6.58,OK
2021-06-17 02:00:00,9.62,OK,-0.07,BDL,10.73,OK,-0.73,OR,null,OS,39.9,OK,14.69,OK
2021-06-17 03:00:00,19.86,OK,-0.02,BDL,4.1,OK,-0.99,OR,null,OS,33.47,OK,15.36,OK
2021-06-17 04:00:00,21.14,OK,-0.09,BDL,3.71,OK,-0.57,OR,null,OS,20.53,OK,10.03,OK
2021-06-17 05:00:00,17.83,OK,-0.05,BDL,6.73,OK,0.44,OK,null,OS,19.61,OK,9.17,OK
2021-06-17 06:00:00,20.13,OK,-0.06,BDL,7.54,OK,2.84,OK,null,OS,32.01,OK,18.58,OK
2021-06-17 07:00:00,25.35,OK,0.03,BDL,7.85,OK,3.22,OK,null,OS,29.61,OK,11.81,OK
2021-06-17 08:00:00,30.95,OK,-0.09,BDL,7.7,OK,3.75,OK,null,OS,36.14,OK,24.82,OK
2021-06-17 09:00:00,40.2,OK,-0.03,BDL,5.17,OK,1.62,OK,null,OS,33.18,OK,20.6,OK
2021-06-17 10:00:00,43.08,OK,-0.06,BDL,4.0,OK,1.02,OK,null,OS,40.51,OK,22.1,OK
2021-06-17 11:00:00,45.66,OK,-0.04,BDL,4.06,OK,0.55,OK,null,OS,39.53,OK,16.89,OK
2021-06-17 12:00:00,44.39,OK,0.05,BDL,4.01,OK,1.13,OK,null,OS,28.4,OK,14.12,OK
2021-06-17 13:00:00,50.87,OK,-0.04,BDL,4.82,OK,1.33,OK,null,OS,25.51,OK,17.64,OK
2021-06-17 14:00:00,42.8,OK,-0.02,BDL,5.93,OK,1.29,OK,null,OS,38.02,OK,17.35,OK
2021-06-17 15:00:00,42.04,OK,0.02,BDL,5.76,OK,1.48,OK,null,OS,24.99,OK,18.9,OK
2021-06-17 16:00:00,38.76,OK,-0.01,BDL,6.64,OK,2.25,OK,null,OS,51.95,OK,13.97,OK
2021-06-17 17:00:00,36.81,OK,0.05,BDL,7.1,OK,1.68,OK,null,OS,79.15,OK,13.0,OK
2021-06-17 18:00:00,28.78,OK,0.04,BDL,6.3,OK,2.74,OK,null,OS,46.83,OK,6.98,OK
2021-06-17 19:00:00,23.77,OK,-0.01,BDL,5.86,OK,0.37,BDL,null,OS,34.18,OK,-0.4,BDL
2021-06-17 20:00:00,22.62,OK,0.02,BDL,5.88,OK,0.56,OK,null,OS,27.02,OK,0.08,BDL
2021-06-17 21:00:00,22.36,OK,0.0,BDL,5.17,OK,-0.37,BDL,null,OS,34.58,OK,1.82,BDL
2021-06-17 22:00:00,23.12,OK,0.03,BDL,4.82,OK,-0.7,OR,null,OS,30.55,OK,4.33,OK
2021-06-17 23:00:00,21.78,OK,-0.02,BDL,6.16,OK,-1.07,OR,null,OS,36.66,OK,14.1,OK
2021-06-18 00:00:00,15.17,OK,-0.03,BDL,10.2,OK,-1.01,OR,null,OS,27.8,OK,4.4,OK
2021-06-18 01:00:00,23.09,OK,-0.09,BDL,4.4,OK,-0.69,OR,null,OS,29.71,OK,10.28,OK
2021-06-18 02:00:00,22.47,OK,-0.02,BDL,2.59,OK,0.88,OK,null,OS,20.75,OK,13.26,OK
2021-06-18 03:00:00,17.49,OK,-0.11,BDL,2.16,OK,4.68,OK,null,OS,14.87,OK,8.25,OK
2021-06-18 04:00:00,14.91,OK,-0.06,BDL,3.85,OK,5.66,OK,null,OS,20.55,OK,11.42,OK
2021-06-18 05:00:00,15.05,OK,-0.06,BDL,6.3,OK,3.9,OK,null,OS,17.92,OK,3.2,BDL
2021-06-18 06:00:00,18.73,OK,-0.09,BDL,6.65,OK,5.09,OK,null,OS,15.35,OK,14.31,OK
2021-06-18 07:00:00,24.31,OK,-0.06,BDL,7.53,OK,5.36,OK,null,OS,30.85,OK,14.18,OK
2021-06-18 08:00:00,34.48,OK,-0.05,BDL,6.65,OK,3.31,OK,null,OS,18.32,OK,26.4,OK
2021-06-18 09:00:00,45.1,OK,-0.03,BDL,5.42,OK,2.53,OK,null,OS,18.45,OK,4.79,OK
2021-06-18 10:00:00,48.76,OK,-0.1,BDL,6.47,OK,2.97,OK,null,OS,33.24,OK,5.14,OK
2021-06-18 11:00:00,43.71,OK,0.06,BDL,4.77,OK,2.97,OK,null,OS,33.45,OK,12.8,OK
2021-06-18 12:00:00,38.72,OK,0.05,BDL,7.47,OK,4.81,OK,null,OS,33.84,OK,9.83,OK
2021-06-18 13:00:00,38.39,OK,-0.03,BDL,6.47,OK,3.8,OK,null,OS,43.17,OK,9.52,OK
2021-06-18 14:00:00,39.94,OK,-0.03,BDL,6.44,OK,3.35,OK,null,OS,42.08,OK,23.16,OK
2021-06-18 15:00:00,39.06,OK,0.04,BDL,5.98,OK,3.32,OK,null,OS,38.39,OK,27.83,OK
2021-06-18 16:00:00,33.77,OK,0.04,BDL,5.98,OK,3.09,OK,null,OS,64.44,OK,13.47,OK
2021-06-18 17:00:00,30.84,OK,-0.01,BDL,6.37,OK,3.36,OK,null,OS,60.84,OK,1.66,BDL
2021-06-18 18:00:00,27.06,OK,0.02,BDL,7.61,OK,3.93,OK,null,OS,50.09,OK,6.11,OK
2021-06-18 19:00:00,26.4,OK,0.0,BDL,6.68,OK,3.03,OK,null,OS,32.62,OK,-1.19,BDL
2021-06-18 20:00:00,20.48,OK,-0.0,BDL,6.93,OK,2.44,OK,null,OS,35.65,OK,4.99,OK
2021-06-18 21:00:00,17.73,OK,-0.03,BDL,6.23,OK,2.61,OK,null,OS,41.82,OK,9.06,OK
2021-06-18 22:00:00,20.44,OK,-0.02,BDL,5.84,OK,0.31,BDL,null,OS,38.67,OK,15.16,OK
2021-06-18 23:00:00,21.68,OK,-0.11,BDL,2.68,OK,4.41,OK,null,OS,49.72,OK,9.42,OK
2021-06-19 00:00:00,25.01,OK,-0.08,BDL,1.92,OK,4.09,OK,null,OS,29.68,OK,6.1,OK
2021-06-19 01:00:00,27.17,OK,-0.1,BDL,1.42,OK,3.25,OK,null,OS,33.27,OK,8.32,OK
2021-06-19 02:00:00,25.77,OK,-0.11,BDL,1.13,OK,3.94,OK,null,OS,23.03,OK,10.18,OK
2021-06-19 03:00:00,20.4,OK,-0.09,BDL,4.99,OK,4.28,OK,null,OS,27.43,OK,11.28,OK
2021-06-19 04:00:00,21.95,OK,-0.07,BDL,4.1,OK,3.38,OK,null,OS,28.07,OK,9.56,OK
2021-06-19 05:00:00,21.74,OK,-0.08,BDL,5.82,OK,3.31,OK,null,OS,30.7,OK,10.78,OK
2021-06-19 06:00:00,27.96,OK,-0.07,BDL,4.59,OK,3.03,OK,null,OS,35.21,OK,20.71,OK
2021-06-19 07:00:00,33.83,OK,-0.04,BDL,4.38,OK,2.65,OK,null,OS,38.23,OK,17.86,OK
2021-06-19 08:00:00,40.77,OK,-0.06,BDL,2.33,OK,1.48,OK,null,OS,32.99,OK,14.68,OK
2021-06-19 09:00:00,49.91,OK,-0.04,BDL,4.33,OK,1.83,OK,null,OS,30.36,OK,15.17,OK
2021-06-19 10:00:00,60.18,OK,0.03,BDL,4.42,OK,1.19,OK,null,OS,44.64,OK,24.0,OK
2021-06-19 11:00:00,49.87,OK,-0.05,BDL,4.5,OK,2.03,OK,null,OS,37.82,OK,14.41,OK
2021-06-19 12:00:00,45.88,OK,-0.06,BDL,4.36,OK,2.05,OK,null,OS,35.27,OK,11.65,OK
2021-06-19 13:00:00,46.93,OK,-0.03,BDL,3.56,OK,1.45,OK,null,OS,26.81,OK,13.97,OK
2021-06-19 14:00:00,45.06,OK,-0.02,BDL,4.45,OK,1.71,OK,null,OS,31.22,OK,13.82,OK
2021-06-19 15:00:00,43.1,OK,-0.1,BDL,2.95,OK,1.93,OK,null,OS,55.36,OK,21.07,OK
2021-06-19 16:00:00,40.19,OK,-0.06,BDL,3.3,OK,2.24,OK,null,OS,78.74,OK,9.56,OK
2021-06-19 17:00:00,37.28,OK,-0.07,BDL,4.04,OK,2.33,OK,null,OS,65.15,OK,11.34,OK
2021-06-19 18:00:00,34.69,OK,-0.07,BDL,4.36,OK,1.64,OK,null,OS,54.69,OK,1.79,BDL
2021-06-19 19:00:00,29.75,OK,-0.04,BDL,4.28,OK,1.91,OK,null,OS,33.61,OK,5.36,OK
2021-06-19 20:00:00,27.92,OK,-0.07,BDL,4.8,OK,2.0,OK,null,OS,32.92,OK,6.6,OK
2021-06-19 21:00:00,29.38,OK,-0.07,BDL,5.66,OK,1.51,OK,null,OS,24.37,OK,10.23,OK
2021-06-19 22:00:00,30.73,OK,-0.03,BDL,6.14,OK,0.96,OK,null,OS,25.17,OK,12.19,OK
2021-06-19 23:00:00,27.46,OK,-0.01,BDL,6.23,OK,0.7,OK,null,OS,37.62,OK,11.83,OK
2021-06-20 00:00:00,38.07,OK,-0.04,BDL,1.77,OK,1.08,OK,null,OS,38.59,OK,10.28,OK
2021-06-20 01:00:00,34.82,OK,-0.05,BDL,1.42,OK,3.03,OK,null,OS,26.16,OK,11.16,OK
2021-06-20 02:00:00,30.81,OK,-0.09,BDL,1.32,OK,4.14,OK,null,OS,37.9,OK,13.08,OK
2021-06-20 03:00:00,26.65,OK,-0.04,BDL,1.5,OK,6.84,OK,null,OS,26.58,OK,14.33,OK
2021-06-20 04:00:00,24.32,OK,-0.07,BDL,2.47,OK,9.24,OK,null,OS,30.87,OK,12.81,OK
2021-06-20 05:00:00,23.21,OK,-0.06,BDL,4.02,OK,8.24,OK,null,OS,26.5,OK,11.32,OK
2021-06-20 06:00:00,26.89,OK,-0.08,BDL,3.32,OK,9.62,OK,null,OS,21.78,OK,19.83,OK
2021-06-20 07:00:00,33.49,OK,-0.05,BDL,3.55,OK,7.48,OK,null,OS,23.62,OK,15.04,OK
2021-06-20 08:00:00,39.44,OK,-0.03,BDL,1.41,OK,4.92,OK,null,OS,25.33,OK,10.89,OK
2021-06-20 09:00:00,39.56,OK,0.09,BDL,2.03,OK,5.43,OK,null,OS,30.86,OK,9.7,OK
2021-06-20 10:00:00,41.81,OK,0.01,BDL,1.66,OK,4.12,OK,null,OS,95.7,OK,15.98,OK
2021-06-20 11:00:00,42.34,OK,-0.11,BDL,1.89,OK,3.11,OK,null,OS,159.98,OK,17.59,OK
2021-06-20 12:00:00,43.54,OK,-0.03,BDL,1.67,OK,2.83,OK,null,OS,243.82,OK,18.79,OK
2021-06-20 13:00:00,41.32,OK,-0.01,BDL,1.98,OK,3.59,OK,null,OS,171.56,OK,17.04,OK
2021-06-20 14:00:00,36.33,OK,-0.04,BDL,2.05,OK,4.43,OK,null,OS,310.19,OK,20.45,OK
2021-06-20 15:00:00,35.63,OK,-0.07,BDL,1.83,OK,3.32,OK,null,OS,283.66,OK,12.14,OK
2021-06-20 16:00:00,34.59,OK,-0.03,BDL,2.07,OK,2.89,OK,null,OS,112.18,OK,12.34,OK
2021-06-20 17:00:00,33.35,OK,-0.06,BDL,2.14,OK,1.97,OK,null,OS,56.24,OK,4.7,OK
2021-06-20 18:00:00,31.78,OK,-0.02,BDL,2.96,OK,1.15,OK,null,OS,43.76,OK,7.0,OK
2021-06-20 19:00:00,31.14,OK,-0.04,BDL,3.75,OK,0.6,OK,null,OS,47.79,OK,6.05,OK
2021-06-20 20:00:00,27.91,OK,-0.03,BDL,2.2,OK,3.1,OK,null,OS,63.93,OK,8.62,OK
2021-06-20 21:00:00,26.0,OK,-0.07,BDL,2.53,OK,3.84,OK,null,OS,62.93,OK,11.75,OK
2021-06-20 22:00:00,24.6,OK,-0.03,BDL,2.84,OK,3.98,OK,null,OS,41.29,OK,5.12,OK
2021-06-20 23:00:00,23.3,OK,-0.02,BDL,3.67,OK,4.31,OK,null,OS,42.43,OK,15.41,OK
2021-06-21 00:00:00,28.16,OK,-0.06,BDL,1.55,OK,3.82,OK,null,OS,35.88,OK,12.59,OK
2021-06-21 01:00:00,32.15,OK,-0.07,BDL,1.46,OK,3.05,OK,null,OS,25.95,OK,8.79,OK
2021-06-21 02:00:00,26.72,OK,-0.04,BDL,2.21,OK,3.57,OK,null,OS,21.88,OK,5.7,OK
2021-06-21 03:00:00,28.96,OK,-0.07,BDL,1.19,OK,3.38,OK,null,OS,24.91,OK,9.9,OK
2021-06-21 04:00:00,23.6,OK,0.01,BDL,3.13,OK,4.3,OK,null,OS,27.04,OK,10.11,OK
2021-06-21 05:00:00,23.41,OK,-0.03,BDL,3.1,OK,5.43,OK,null,OS,23.0,OK,7.98,OK
2021-06-21 06:00:00,24.26,OK,-0.03,BDL,2.75,OK,5.88,OK,null,OS,18.02,OK,13.03,OK
2021-06-21 07:00:00,21.33,OK,-0.0,BDL,4.93,OK,8.02,OK,null,OS,19.1,OK,4.73,OK
2021-06-21 08:00:00,25.69,OK,0.05,BDL,4.55,OK,7.24,OK,null,OS,23.82,OK,11.14,OK
2021-06-21 09:00:00,29.56,OK,0.01,BDL,4.48,OK,6.08,OK,null,OS,27.93,OK,21.76,OK
2021-06-21 10:00:00,35.74,OK,-0.03,BDL,3.27,OK,4.1,OK,null,OS,28.64,OK,9.58,OK
2021-06-21 11:00:00,36.87,OK,-0.04,BDL,3.39,OK,3.77,OK,null,OS,28.94,OK,16.23,OK
2021-06-21 12:00:00,37.51,OK,-0.02,BDL,3.04,OK,3.62,OK,null,OS,23.58,OK,10.12,OK
2021-06-21 13:00:00,39.91,OK,-0.0,BDL,3.43,OK,3.41,OK,null,OS,29.16,OK,19.17,OK
2021-06-21 14:00:00,37.85,OK,-0.03,BDL,3.28,OK,2.91,OK,null,OS,44.81,OK,20.1,OK
2021-06-21 15:00:00,38.01,OK,-0.02,BDL,3.21,OK,2.79,OK,null,OS,42.26,OK,23.49,OK
2021-06-21 16:00:00,28.9,OK,-0.05,BDL,3.1,OK,5.32,OK,null,OS,40.67,OK,10.78,OK
2021-06-21 17:00:00,21.29,OK,-0.01,BDL,2.39,OK,8.53,OK,null,OS,60.47,OK,10.78,OK
2021-06-21 18:00:00,19.76,OK,-0.03,BDL,2.58,OK,10.1,OK,null,OS,42.96,OK,9.41,OK
2021-06-21 19:00:00,17.93,OK,-0.06,BDL,2.19,OK,9.92,OK,null,OS,35.84,OK,4.8,OK
2021-06-21 20:00:00,18.96,OK,-0.03,BDL,1.97,OK,9.71,OK,null,OS,28.92,OK,13.16,OK
2021-06-21 21:00:00,19.12,OK,-0.04,BDL,1.6,OK,8.94,OK,null,OS,22.85,OK,4.72,OK
2021-06-21 22:00:00,17.66,OK,-0.04,BDL,2.17,OK,8.89,OK,null,OS,24.59,OK,10.98,OK
2021-06-21 23:00:00,16.05,OK,-0.04,BDL,3.11,OK,8.62,OK,null,OS,28.68,OK,10.03,OK
2021-06-22 00:00:00,13.39,OK,0.0,BDL,4.82,OK,6.97,OK,null,OS,31.96,OK,13.36,OK
2021-06-22 01:00:00,14.53,OK,-0.05,BDL,3.18,OK,6.28,OK,null,OS,31.71,OK,13.64,OK
2021-06-22 02:00:00,7.51,OK,-0.02,BDL,11.81,OK,5.62,OK,null,OS,30.76,OK,9.7,OK
2021-06-22 03:00:00,24.5,OK,0.03,BDL,1.13,OK,1.4,OK,null,OS,16.91,OK,3.53,BDL
2021-06-22 04:00:00,16.73,OK,0.01,BDL,3.24,OK,3.73,OK,null,OS,13.35,OK,5.14,OK
2021-06-22 05:00:00,10.81,OK,0.02,BDL,5.94,OK,4.97,OK,null,OS,21.6,OK,5.76,OK
2021-06-22 06:00:00,13.72,OK,0.02,BDL,5.46,OK,8.04,OK,null,OS,30.73,OK,8.68,OK
2021-06-22 07:00:00,15.5,OK,0.08,BDL,6.27,OK,6.54,OK,null,OS,20.74,OK,14.9,OK
2021-06-22 08:00:00,22.32,OK,-0.04,BDL,4.26,OK,4.65,OK,null,OS,32.39,OK,12.48,OK
2021-06-22 09:00:00,22.73,OK,0.03,BDL,6.42,OK,4.73,OK,null,OS,27.92,OK,11.45,OK
2021-06-22 10:00:00,30.92,OK,0.02,BDL,6.26,OK,4.17,OK,null,OS,27.77,OK,11.04,OK
2021-06-22 11:00:00,46.62,OK,-0.03,BDL,3.63,OK,1.59,OK,null,OS,16.99,OK,20.55,OK
2021-06-22 12:00:00,56.89,OK,0.03,BDL,2.95,OK,0.76,OK,null,OS,28.65,OK,13.29,OK
2021-06-22 13:00:00,67.31,OK,-0.04,BDL,2.93,OK,-0.05,BDL,null,OS,31.9,OK,16.42,OK
2021-06-22 14:00:00,72.04,OK,-0.03,BDL,3.72,OK,0.19,BDL,null,OS,34.96,OK,9.42,OK
2021-06-22 15:00:00,47.01,OK,-0.04,BDL,4.16,OK,1.88,OK,null,OS,56.53,OK,13.09,OK
2021-06-22 16:00:00,28.27,OK,-0.01,BDL,2.35,OK,3.67,OK,null,OS,85.86,OK,4.24,OK
2021-06-22 17:00:00,25.99,OK,-0.05,BDL,2.57,OK,2.38,OK,null,OS,47.33,OK,2.06,BDL
2021-06-22 18:00:00,24.83,OK,-0.02,BDL,3.37,OK,1.53,OK,null,OS,33.0,OK,2.02,BDL
2021-06-22 19:00:00,22.27,OK,0.04,BDL,4.59,OK,1.21,OK,null,OS,23.09,OK,2.73,BDL
2021-06-22 20:00:00,24.42,OK,-0.04,BDL,3.34,OK,0.71,OK,null,OS,29.54,OK,5.87,OK
2021-06-22 21:00:00,26.08,OK,-0.0,BDL,2.69,OK,-1.34,OR,null,OS,11.83,OK,4.89,OK
2021-06-22 22:00:00,23.21,OK,0.05,BDL,3.9,OK,-0.82,OR,null,OS,29.11,OK,8.55,OK
2021-06-22 23:00:00,25.31,OK,-0.01,BDL,1.97,OK,2.6,OK,null,OS,39.45,OK,4.09,OK
2021-06-23 00:00:00,29.2,OK,0.03,BDL,1.52,OK,5.25,OK,null,OS,12.24,OK,4.41,OK
2021-06-23 01:00:00,31.41,OK,-0.02,BDL,2.77,OK,5.71,OK,null,OS,16.7,OK,3.19,BDL
2021-06-23 02:00:00,22.95,OK,-0.01,BDL,7.15,OK,4.46,OK,null,OS,13.51,OK,14.08,OK
2021-06-23 03:00:00,29.11,OK,0.03,BDL,2.99,OK,3.52,OK,null,OS,13.25,OK,5.16,OK
2021-06-23 04:00:00,26.74,OK,0.03,BDL,4.83,OK,3.54,OK,null,OS,12.66,OK,3.3,BDL
2021-06-23 05:00:00,27.99,OK,0.0,BDL,5.08,OK,3.2,OK,null,OS,6.35,OK,2.08,BDL
2021-06-23 06:00:00,27.56,OK,0.07,BDL,5.2,OK,5.02,OK,null,OS,216.57,OK,15.28,OK
2021-06-23 07:00:00,30.12,OK,0.02,BDL,4.96,OK,4.81,OK,null,OS,73.55,OK,5.09,OK
2021-06-23 08:00:00,36.7,OK,0.06,BDL,3.86,OK,2.33,OK,null,OS,56.6,OK,12.92,OK
2021-06-23 09:00:00,39.87,OK,0.05,BDL,5.66,OK,1.65,OK,null,OS,45.79,OK,6.83,OK
2021-06-23 10:00:00,45.82,OK,-0.0,BDL,3.16,OK,0.31,BDL,null,OS,29.35,OK,13.87,OK
2021-06-23 11:00:00,48.96,OK,0.03,BDL,2.1,OK,0.07,BDL,null,OS,25.65,OK,13.79,OK
2021-06-23 12:00:00,47.19,OK,-0.01,BDL,3.16,OK,-0.08,BDL,null,OS,23.01,OK,8.81,OK
2021-06-23 13:00:00,45.07,OK,0.03,BDL,3.37,OK,0.44,OK,null,OS,19.54,OK,6.1,OK
2021-06-23 14:00:00,33.25,OK,-0.01,BDL,2.98,OK,1.07,OK,null,OS,29.34,OK,11.84,OK
2021-06-23 15:00:00,29.86,OK,0.01,BDL,3.14,OK,1.38,OK,null,OS,37.72,OK,11.75,OK
2021-06-23 16:00:00,28.53,OK,-0.02,BDL,2.85,OK,1.3,OK,null,OS,33.87,OK,13.76,OK
2021-06-23 17:00:00,25.02,OK,0.01,BDL,3.99,OK,1.08,OK,null,OS,39.53,OK,10.1,OK
2021-06-23 18:00:00,21.68,OK,0.04,BDL,3.96,OK,0.86,OK,null,OS,34.1,OK,4.93,OK
2021-06-23 19:00:00,20.59,OK,-0.01,BDL,3.4,OK,-0.38,BDL,null,OS,30.07,OK,3.47,BDL
2021-06-23 20:00:00,21.02,OK,0.03,BDL,3.12,OK,-0.44,OR,null,OS,31.16,OK,4.41,OK
2021-06-23 21:00:00,22.95,OK,0.05,BDL,2.87,OK,0.03,BDL,null,OS,25.04,OK,4.93,OK
2021-06-23 22:00:00,21.84,OK,0.02,BDL,2.49,OK,-0.58,OR,null,OS,25.77,OK,8.3,OK
2021-06-23 23:00:00,20.05,OK,0.07,BDL,2.68,OK,-0.47,OR,null,OS,23.17,OK,3.32,BDL
2021-06-24 00:00:00,20.63,OK,-0.02,BDL,2.1,OK,-0.71,OR,null,OS,23.37,OK,9.59,OK
2021-06-24 01:00:00,21.25,OK,0.01,BDL,1.59,OK,-0.97,OR,null,OS,24.18,OK,11.43,OK
2021-06-24 02:00:00,21.27,OK,0.01,BDL,1.17,OK,-0.2,BDL,null,OS,20.04,OK,6.24,OK
2021-06-24 03:00:00,20.64,OK,0.04,BDL,1.68,OK,-0.16,BDL,null,OS,13.77,OK,14.12,OK
2021-06-24 04:00:00,18.79,OK,0.01,BDL,2.49,OK,-0.43,OR,null,OS,15.37,OK,13.12,OK
2021-06-24 05:00:00,13.54,OK,0.09,BDL,5.66,OK,1.43,OK,null,OS,24.38,OK,5.33,OK
2021-06-24 06:00:00,19.4,OK,0.08,BDL,5.32,OK,2.78,OK,null,OS,23.41,OK,15.99,OK
2021-06-24 07:00:00,18.67,OK,0.08,BDL,7.1,OK,4.06,OK,null,OS,30.13,OK,14.93,OK
2021-06-24 08:00:00,25.91,OK,0.04,BDL,4.95,OK,0.75,OK,null,OS,16.71,OK,14.8,OK
2021-06-24 09:00:00,31.05,OK,0.02,BDL,4.31,OK,0.26,BDL,null,OS,24.97,OK,14.99,OK
2021-06-24 10:00:00,38.32,OK,0.07,BDL,4.39,OK,-0.22,BDL,null,OS,28.84,OK,9.43,OK
2021-06-24 11:00:00,44.03,OK,0.04,BDL,2.05,OK,-1.26,OR,null,OS,31.54,OK,7.86,OK
2021-06-24 12:00:00,39.48,OK,0.09,BDL,2.89,OK,-0.52,OR,null,OS,22.94,OK,12.44,OK
2021-06-24 13:00:00,40.8,OK,0.06,BDL,3.32,OK,-0.4,BDL,null,OS,29.53,OK,11.41,OK
2021-06-24 14:00:00,39.33,OK,0.04,BDL,4.34,OK,-0.27,BDL,null,OS,28.46,OK,13.95,OK
2021-06-24 15:00:00,36.88,OK,0.08,BDL,2.62,OK,-0.75,OR,null,OS,34.23,OK,8.39,OK
2021-06-24 16:00:00,29.01,OK,0.01,BDL,3.64,OK,0.56,OK,null,OS,51.03,OK,9.29,OK
2021-06-24 17:00:00,26.73,OK,0.03,BDL,3.02,OK,0.4,OK,null,OS,41.34,OK,9.39,OK
2021-06-24 18:00:00,23.77,OK,0.1,BDL,3.74,OK,0.43,OK,null,OS,32.21,OK,-0.09,BDL
2021-06-24 19:00:00,19.81,OK,0.04,BDL,4.74,OK,-0.33,BDL,null,OS,19.62,OK,1.36,BDL
2021-06-24 20:00:00,19.22,OK,0.09,BDL,3.54,OK,-0.59,OR,null,OS,32.17,OK,2.77,BDL
2021-06-24 21:00:00,15.67,OK,0.06,BDL,2.38,OK,0.67,OK,null,OS,27.15,OK,5.66,OK
2021-06-24 22:00:00,12.91,OK,-0.01,BDL,1.08,OK,2.53,OK,null,OS,30.02,OK,3.77,BDL
2021-06-24 23:00:00,10.82,OK,0.05,BDL,1.09,OK,4.91,OK,null,OS,25.97,OK,7.75,OK
2021-06-25 00:00:00,10.71,OK,0.01,BDL,0.83,OK,6.22,OK,null,OS,26.64,OK,7.97,OK
2021-06-25 01:00:00,11.17,OK,0.01,BDL,0.38,BDL,6.62,OK,null,OS,21.64,OK,11.97,OK
2021-06-25 02:00:00,19.76,OK,0.04,BDL,1.72,OK,5.26,OK,null,OS,19.03,OK,8.52,OK
2021-06-25 03:00:00,20.27,OK,0.08,BDL,0.55,OK,0.69,OK,null,OS,12.54,OK,6.98,OK
2021-06-25 04:00:00,16.41,OK,0.13,BDL,2.59,OK,0.92,OK,null,OS,15.48,OK,6.51,OK
2021-06-25 05:00:00,14.92,OK,0.08,BDL,4.53,OK,2.08,OK,null,OS,20.23,OK,10.53,OK
2021-06-25 06:00:00,17.52,OK,0.07,BDL,4.31,OK,3.21,OK,null,OS,22.17,OK,12.17,OK
2021-06-25 07:00:00,24.08,OK,0.1,BDL,4.8,OK,1.2,OK,null,OS,14.84,OK,8.55,OK
2021-06-25 08:00:00,33.55,OK,0.1,BDL,4.48,OK,-0.83,OR,null,OS,12.39,OK,13.55,OK
2021-06-25 09:00:00,43.4,OK,0.04,BDL,3.93,OK,-1.03,OR,null,OS,25.35,OK,12.18,OK
2021-06-25 10:00:00,46.69,OK,0.08,BDL,3.23,OK,-1.43,OR,null,OS,40.49,OK,10.56,OK
2021-06-25 11:00:00,43.99,OK,0.07,BDL,2.55,OK,-1.44,OR,null,OS,35.25,OK,4.71,OK
2021-06-25 12:00:00,42.35,OK,0.08,BDL,4.48,OK,0.34,BDL,null,OS,36.9,OK,14.94,OK
2021-06-25 13:00:00,41.19,OK,0.07,BDL,3.25,OK,-0.52,OR,null,OS,29.28,OK,13.4,OK
2021-06-25 14:00:00,39.17,OK,0.07,BDL,3.06,OK,-0.08,BDL,null,OS,31.43,OK,13.83,OK
2021-06-25 15:00:00,36.96,OK,0.11,BDL,3.95,OK,0.39,BDL,null,OS,54.07,OK,17.97,OK
2021-06-25 16:00:00,29.69,OK,0.07,BDL,4.03,OK,1.47,OK,null,OS,40.98,OK,12.96,OK
2021-06-25 17:00:00,25.32,OK,0.07,BDL,3.98,OK,1.65,OK,null,OS,47.42,OK,9.42,OK
2021-06-25 18:00:00,24.26,OK,0.06,BDL,3.72,OK,0.15,BDL,null,OS,46.25,OK,1.1,BDL
2021-06-25 19:00:00,21.98,OK,0.04,BDL,3.68,OK,0.99,OK,null,OS,21.8,OK,2.05,BDL
2021-06-25 20:00:00,21.22,OK,0.1,BDL,3.75,OK,-0.78,OR,null,OS,30.11,OK,4.84,OK
2021-06-25 21:00:00,18.16,OK,0.09,BDL,4.11,OK,0.03,BDL,null,OS,19.63,OK,3.5,BDL
2021-06-25 22:00:00,15.39,OK,0.08,BDL,4.65,OK,-0.14,BDL,null,OS,24.98,OK,2.5,BDL
2021-06-25 23:00:00,17.0,OK,0.11,BDL,4.07,OK,-0.86,OR,null,OS,26.33,OK,4.77,OK
2021-06-26 00:00:00,14.43,OK,0.05,BDL,1.71,OK,0.91,OK,null,OS,35.33,OK,12.71,OK
2021-06-26 01:00:00,16.41,OK,0.08,BDL,1.71,OK,-0.1,BDL,null,OS,14.63,OK,3.86,BDL
2021-06-26 02:00:00,14.45,OK,0.1,BDL,2.89,OK,-0.82,OR,null,OS,18.51,OK,4.05,OK
2021-06-26 03:00:00,13.17,OK,0.14,BDL,2.31,OK,-0.67,OR,null,OS,20.5,OK,6.32,OK
2021-06-26 04:00:00,12.19,OK,0.02,BDL,2.78,OK,0.36,BDL,null,OS,23.71,OK,6.59,OK
2021-06-26 05:00:00,9.13,OK,0.09,BDL,4.52,OK,3.36,OK,null,OS,13.7,OK,8.85,OK
2021-06-26 06:00:00,12.05,OK,0.06,BDL,4.69,OK,5.07,OK,null,OS,33.16,OK,16.35,OK
2021-06-26 07:00:00,23.36,OK,0.09,BDL,2.73,OK,0.44,OK,null,OS,21.62,OK,13.6,OK
2021-06-26 08:00:00,34.24,OK,0.1,BDL,2.19,OK,-1.26,OR,null,OS,18.56,OK,13.58,OK
2021-06-26 09:00:00,47.36,OK,0.05,BDL,2.72,OK,-2.01,OR,null,OS,23.74,OK,12.85,OK
2021-06-26 10:00:00,62.83,OK,0.12,BDL,4.36,OK,-2.38,OR,null,OS,17.63,OK,8.52,OK
2021-06-26 11:00:00,58.14,OK,0.08,BDL,3.77,OK,-2.53,OR,null,OS,30.28,OK,10.9,OK
2021-06-26 12:00:00,54.1,OK,0.11,BDL,2.13,OK,-2.31,OR,null,OS,30.29,OK,10.89,OK
2021-06-26 13:00:00,46.5,OK,0.12,BDL,2.64,OK,-1.59,OR,null,OS,27.94,OK,9.61,OK
2021-06-26 14:00:00,46.19,OK,0.09,BDL,2.51,OK,-1.51,OR,null,OS,26.14,OK,19.09,OK
2021-06-26 15:00:00,35.65,OK,0.13,BDL,2.94,OK,-0.81,OR,null,OS,39.81,OK,6.82,OK
2021-06-26 16:00:00,33.67,OK,0.06,BDL,2.31,OK,-0.59,OR,null,OS,47.96,OK,10.27,OK
2021-06-26 17:00:00,31.58,OK,0.07,BDL,3.47,OK,-0.21,BDL,null,OS,29.54,OK,8.49,OK
2021-06-26 18:00:00,29.47,OK,0.09,BDL,3.81,OK,-0.32,BDL,null,OS,29.16,OK,-1.25,BDL
2021-06-26 19:00:00,13.05,OK,0.41,BDL,9.98,OK,218.66,OK,0.47,OK,17.92,OK,8.6,OK
2021-06-26 20:00:00,18.29,OK,0.18,BDL,1.95,OK,12.09,OK,0.33,OK,-496.83,OR,-333.38,OR
2021-06-26 21:00:00,17.49,OK,0.14,BDL,2.78,OK,-0.67,OR,0.24,OK,-350.2,OR,-143.99,OR
2021-06-26 22:00:00,17.4,OK,0.13,BDL,2.89,OK,-0.1,BDL,0.23,OK,-152.35,OR,-53.69,OR
2021-06-26 23:00:00,16.56,OK,0.13,BDL,2.59,OK,-0.02,BDL,0.21,OK,-82.04,OR,-24.43,OR
2021-06-27 00:00:00,19.55,OK,0.06,BDL,1.53,OK,0.01,BDL,0.17,OK,-32.2,OR,-7.48,OR
2021-06-27 01:00:00,16.22,OK,0.12,BDL,1.52,OK,0.07,BDL,0.14,OK,-21.67,OR,-5.57,OR
2021-06-27 02:00:00,16.75,OK,0.14,BDL,2.22,OK,-1.25,OR,0.11,OK,1.63,BDL,21.84,OK
2021-06-27 03:00:00,16.66,OK,0.11,BDL,1.23,OK,0.36,BDL,0.08,OK,13.37,OK,-1.09,BDL
2021-06-27 04:00:00,15.98,OK,0.08,BDL,0.98,OK,2.62,OK,0.09,OK,-3.15,BDL,5.14,OK
2021-06-27 05:00:00,17.53,OK,0.11,BDL,1.64,OK,3.44,OK,0.11,OK,-0.57,BDL,12.89,OK
2021-06-27 06:00:00,22.23,OK,0.11,BDL,1.48,OK,0.89,OK,0.08,OK,-3.87,BDL,1.12,BDL
2021-06-27 07:00:00,29.24,OK,0.13,BDL,1.16,OK,-0.45,OR,0.09,OK,16.6,OK,12.51,OK
2021-06-27 08:00:00,40.9,OK,0.14,BDL,2.17,OK,-1.72,OR,0.08,OK,7.1,OK,13.56,OK
2021-06-27 09:00:00,42.99,OK,0.14,BDL,1.11,OK,-2.3,OR,0.03,BDL,32.27,OK,10.5,OK
2021-06-27 10:00:00,40.48,OK,0.21,BDL,1.63,OK,-2.3,OR,0.02,BDL,6.99,OK,0.89,BDL
2021-06-27 11:00:00,41.9,OK,0.16,BDL,1.71,OK,-2.91,OR,-0.01,BDL,12.57,OK,4.99,OK
2021-06-27 12:00:00,42.75,OK,0.04,BDL,1.42,OK,-2.4,OR,-0.01,BDL,16.31,OK,8.84,OK
2021-06-27 13:00:00,41.59,OK,0.1,BDL,1.91,OK,-1.9,OR,0.01,BDL,26.14,OK,12.18,OK
2021-06-27 14:00:00,38.94,OK,0.13,BDL,1.72,OK,-1.83,OR,0.01,BDL,22.73,OK,9.86,OK
2021-06-27 15:00:00,33.04,OK,0.13,BDL,1.38,OK,-1.45,OR,0.03,BDL,31.21,OK,15.78,OK
2021-06-27 16:00:00,32.26,OK,0.12,BDL,1.29,OK,-1.57,OR,0.01,BDL,29.09,OK,12.52,OK
2021-06-27 17:00:00,31.04,OK,0.13,BDL,1.32,OK,-1.64,OR,0.01,BDL,29.83,OK,-2.89,BDL
2021-06-27 18:00:00,27.69,OK,0.16,BDL,1.59,OK,-1.47,OR,0.0,BDL,24.85,OK,-3.81,BDL
2021-06-27 19:00:00,24.29,OK,0.14,BDL,2.29,OK,-1.25,OR,0.04,OK,15.21,OK,-1.27,BDL
2021-06-27 20:00:00,19.0,OK,0.11,BDL,1.93,OK,0.21,BDL,0.07,OK,16.09,OK,1.14,BDL
2021-06-27 21:00:00,16.46,OK,0.15,BDL,1.48,OK,3.86,OK,0.07,OK,20.73,OK,6.02,OK
2021-06-27 22:00:00,21.96,OK,0.12,BDL,1.74,OK,0.03,BDL,0.03,BDL,26.41,OK,11.55,OK
2021-06-27 23:00:00,20.49,OK,0.17,BDL,2.77,OK,-1.24,OR,0.02,BDL,14.97,OK,8.83,OK
2021-06-28 00:00:00,20.76,OK,0.11,BDL,1.63,OK,-0.54,OR,0.0,BDL,29.82,OK,13.51,OK
2021-06-28 01:00:00,23.29,OK,0.17,BDL,0.55,OK,0.59,OK,-0.01,BDL,28.04,OK,9.21,OK
2021-06-28 02:00:00,23.3,OK,0.12,BDL,0.73,OK,1.32,OK,-0.01,BDL,27.1,OK,9.28,OK
2021-06-28 03:00:00,20.28,OK,0.16,BDL,1.04,OK,1.23,OK,0.0,BDL,9.91,OK,8.3,OK
2021-06-28 04:00:00,14.74,OK,0.09,BDL,3.46,OK,0.48,OK,0.02,BDL,25.71,OK,8.28,OK
2021-06-28 05:00:00,14.29,OK,0.13,BDL,5.56,OK,3.47,OK,0.05,OK,44.03,OK,11.47,OK
2021-06-28 06:00:00,23.81,OK,0.1,BDL,4.85,OK,2.56,OK,0.03,BDL,42.81,OK,12.53,OK
2021-06-28 07:00:00,36.68,OK,0.15,BDL,3.04,OK,-0.25,BDL,0.02,BDL,38.81,OK,7.41,OK
2021-06-28 08:00:00,44.0,OK,0.15,BDL,3.03,OK,-0.43,OR,0.01,BDL,25.14,OK,18.9,OK
2021-06-28 09:00:00,52.11,OK,0.16,BDL,3.39,OK,-1.28,OR,0.04,OK,23.35,OK,9.05,OK
2021-06-28 10:00:00,57.14,OK,0.17,BDL,4.11,OK,-0.53,OR,0.07,OK,20.98,OK,10.77,OK
2021-06-28 11:00:00,55.21,OK,0.13,BDL,3.19,OK,-0.88,OR,0.01,BDL,27.42,OK,2.99,BDL
2021-06-28 12:00:00,49.87,OK,0.15,BDL,3.48,OK,-0.2,BDL,0.04,OK,23.35,OK,9.3,OK
2021-06-28 13:00:00,49.71,OK,0.16,BDL,3.91,OK,-0.22,BDL,0.05,OK,24.99,OK,8.61,OK
2021-06-28 14:00:00,46.21,OK,0.16,BDL,3.45,OK,-0.1,BDL,0.06,OK,25.57,OK,11.99,OK
2021-06-28 15:00:00,46.01,OK,0.19,BDL,3.53,OK,-0.08,BDL,0.04,OK,29.4,OK,17.44,OK
2021-06-28 16:00:00,45.2,OK,0.16,BDL,3.37,OK,-0.26,BDL,0.02,BDL,66.29,OK,7.71,OK
2021-06-28 17:00:00,41.41,OK,0.14,BDL,4.0,OK,-0.3,BDL,0.04,OK,51.17,OK,6.17,OK
2021-06-28 18:00:00,34.12,OK,0.16,BDL,3.17,OK,0.06,BDL,0.04,OK,45.31,OK,2.68,BDL
2021-06-28 19:00:00,31.36,OK,0.15,BDL,3.79,OK,0.33,BDL,0.06,OK,29.6,OK,-0.4,BDL
2021-06-28 20:00:00,29.69,OK,0.15,BDL,3.94,OK,1.3,OK,0.08,OK,25.47,OK,1.63,BDL
2021-06-28 21:00:00,33.14,OK,0.19,BDL,2.2,OK,0.8,OK,0.01,BDL,31.52,OK,8.34,OK
2021-06-28 22:00:00,36.98,OK,0.13,BDL,1.21,OK,-0.29,BDL,-0.05,OR,38.85,OK,9.88,OK
2021-06-28 23:00:00,24.85,OK,0.16,BDL,1.01,OK,1.29,OK,-0.04,BDL,17.44,OK,4.11,OK
2021-06-29 00:00:00,25.1,OK,0.17,BDL,0.36,BDL,2.84,OK,-0.04,BDL,18.14,OK,7.0,OK
2021-06-29 01:00:00,24.74,OK,0.13,BDL,0.52,OK,4.38,OK,-0.03,BDL,16.0,OK,9.54,OK
2021-06-29 02:00:00,23.95,OK,0.1,BDL,0.73,OK,5.0,OK,-0.03,BDL,14.67,OK,6.1,OK
2021-06-29 03:00:00,24.86,OK,0.12,BDL,0.75,OK,5.57,OK,-0.04,BDL,15.99,OK,10.77,OK
2021-06-29 04:00:00,28.21,OK,0.11,BDL,2.69,OK,4.98,OK,-0.03,BDL,25.06,OK,8.99,OK
2021-06-29 05:00:00,30.92,OK,0.13,BDL,5.14,OK,1.34,OK,-0.03,BDL,20.55,OK,2.48,BDL
2021-06-29 06:00:00,32.56,OK,0.18,BDL,6.64,OK,1.57,OK,-0.0,BDL,33.94,OK,11.47,OK
2021-06-29 07:00:00,43.32,OK,0.2,BDL,4.46,OK,0.57,OK,0.01,BDL,33.6,OK,13.35,OK
2021-06-29 08:00:00,47.21,OK,0.13,BDL,3.42,OK,0.13,BDL,0.03,BDL,14.0,OK,1.09,BDL
2021-06-29 09:00:00,46.23,OK,0.17,BDL,3.24,OK,0.42,OK,0.01,BDL,5.89,OK,2.42,BDL
2021-06-29 10:00:00,51.11,OK,0.15,BDL,2.84,OK,-0.12,BDL,0.01,BDL,17.02,OK,8.63,OK
2021-06-29 11:00:00,54.7,OK,0.15,BDL,2.96,OK,-0.33,BDL,-0.01,BDL,16.89,OK,7.44,OK
2021-06-29 12:00:00,55.61,OK,0.18,BDL,2.57,OK,-0.2,BDL,-0.01,BDL,13.81,OK,8.7,OK
2021-06-29 13:00:00,54.09,OK,0.19,BDL,2.5,OK,-0.58,OR,-0.01,BDL,26.48,OK,12.84,OK
2021-06-29 14:00:00,49.89,OK,0.19,BDL,2.7,OK,0.18,BDL,0.02,BDL,45.76,OK,12.3,OK
2021-06-29 15:00:00,40.83,OK,0.12,BDL,2.6,OK,1.9,OK,0.03,BDL,50.63,OK,12.12,OK
2021-06-29 16:00:00,42.8,OK,0.16,BDL,2.79,OK,1.25,OK,-0.01,BDL,65.04,OK,2.4,BDL
2021-06-29 17:00:00,44.53,OK,0.21,BDL,4.24,OK,0.1,BDL,0.05,OK,157.87,OK,-0.31,BDL
2021-06-29 18:00:00,37.19,OK,0.16,BDL,6.67,OK,1.06,OK,0.11,OK,-16.26,OR,-12.87,OR
2021-06-29 19:00:00,34.57,OK,0.19,BDL,6.23,OK,-0.05,BDL,0.03,BDL,5.45,OK,11.6,OK
2021-06-29 20:00:00,30.26,OK,0.17,BDL,6.9,OK,0.12,BDL,0.06,OK,18.49,OK,7.56,OK
2021-06-29 21:00:00,27.19,OK,0.19,BDL,7.25,OK,1.24,OK,0.02,BDL,23.88,OK,13.94,OK
2021-06-29 22:00:00,29.4,OK,0.18,BDL,8.29,OK,0.96,OK,-0.05,OR,16.29,OK,1.32,BDL
2021-06-29 23:00:00,42.87,OK,0.16,BDL,2.17,OK,1.1,OK,-0.08,OR,11.72,OK,2.75,BDL
2021-06-30 00:00:00,43.94,OK,0.13,BDL,1.39,OK,0.92,OK,-0.08,OR,-1.61,BDL,3.42,BDL
2021-06-30 01:00:00,46.86,OK,0.18,BDL,1.85,OK,-0.13,BDL,-0.09,OR,-0.47,BDL,-1.54,BDL
2021-06-30 02:00:00,38.88,OK,0.17,BDL,4.79,OK,-0.06,BDL,-0.09,OR,3.64,BDL,1.7,BDL
2021-06-30 03:00:00,40.77,OK,0.16,BDL,2.41,OK,0.09,BDL,-0.09,OR,9.03,OK,2.34,BDL
2021-06-30 04:00:00,38.9,OK,0.13,BDL,3.8,OK,-0.34,BDL,-0.08,OR,2.76,BDL,1.11,BDL
2021-06-30 05:00:00,36.92,OK,0.16,BDL,3.79,OK,0.45,OK,-0.05,OR,7.76,OK,0.94,BDL
2021-06-30 06:00:00,29.83,OK,0.18,BDL,5.95,OK,1.25,OK,-0.0,BDL,17.89,OK,4.26,OK
2021-06-30 07:00:00,32.62,OK,0.18,BDL,4.68,OK,1.62,OK,0.01,BDL,16.04,OK,6.69,OK
2021-06-30 08:00:00,35.74,OK,0.17,BDL,1.89,OK,2.27,OK,-0.04,BDL,-5.88,OR,2.61,BDL
2021-06-30 09:00:00,34.77,OK,0.16,BDL,4.08,OK,2.45,OK,-0.01,BDL,9.92,OK,12.97,OK
2021-06-30 10:00:00,42.22,OK,0.15,BDL,3.39,OK,2.19,OK,0.01,BDL,13.14,OK,9.73,OK
2021-06-30 11:00:00,50.21,OK,0.17,BDL,4.23,OK,1.77,OK,0.01,BDL,31.12,OK,2.56,BDL
2021-06-30 12:00:00,56.6,OK,0.21,BDL,4.13,OK,1.28,OK,0.01,BDL,13.22,OK,8.05,OK
2021-06-30 13:00:00,59.96,OK,0.19,BDL,3.67,OK,0.82,OK,0.0,BDL,23.69,OK,7.36,OK
2021-06-30 14:00:00,64.32,OK,0.19,BDL,2.96,OK,-0.27,BDL,-0.04,BDL,19.96,OK,4.92,OK
2021-06-30 15:00:00,63.91,OK,0.11,BDL,3.3,OK,-0.28,BDL,-0.03,BDL,-6.93,OR,7.07,OK
2021-06-30 16:00:00,40.94,OK,0.16,BDL,4.04,OK,1.39,OK,0.01,BDL,32.63,OK,-4.44,OR
2021-06-30 17:00:00,28.15,OK,0.15,BDL,3.23,OK,3.06,OK,0.03,BDL,28.88,OK,-4.19,OR
2021-06-30 18:00:00,24.77,OK,0.18,BDL,4.37,OK,4.54,OK,0.07,OK,5.23,OK,-3.76,BDL
2021-06-30 19:00:00,22.85,OK,0.23,BDL,3.81,OK,4.03,OK,0.05,OK,14.72,OK,9.72,OK
2021-06-30 20:00:00,20.63,OK,0.16,BDL,3.37,OK,3.41,OK,0.0,BDL,10.65,OK,4.7,OK
2021-06-30 21:00:00,24.8,OK,0.16,BDL,2.1,OK,3.14,OK,-0.05,OR,16.78,OK,8.96,OK
2021-06-30 22:00:00,18.83,OK,0.16,BDL,2.46,OK,2.57,OK,-0.05,OR,15.88,OK,4.97,OK
2021-06-30 23:00:00,18.44,OK,0.14,BDL,2.69,OK,2.5,OK,-0.04,BDL,19.2,OK,5.27,OK
