Red Universitaria de Observatorios Atmosfericos (RUOA)
Atmospheric Observatory Hermosillo (erno), Sonora
Lat 29.0814 N, Lon 110.9706 W, Alt 154 masl
Time UTC-7h
Air Quality data
Flags: OK = Reliable data, BDL = Below Detection Limit, OR = Out of Range, OS = Out of Service 
 
Time,O3,O3_flag,SO2,SO2_flag,NO2,NO2_flag,NO,NO_flag,CO,CO_flag,PM10,PM10_flag,PM2.5,PM2.5_flag
yyyy-mm-dd HH:MM:SS,ppb,flag,ppb,flag,ppb,flag,ppb,flag,ppm,flag,ug/m^3,flag,ug/m^3,flag
2021-05-01 00:00:00,26.73,OK,0.45,BDL,null,OS,null,OS,71213.18,OR,40.08,OK,null,OS
2021-05-01 01:00:00,29.84,OK,0.52,BDL,null,OS,null,OS,71227.74,OR,36.33,OK,null,OS
2021-05-01 02:00:00,36.46,OK,0.51,BDL,null,OS,null,OS,71237.64,OR,35.78,OK,null,OS
2021-05-01 03:00:00,38.19,OK,0.5,BDL,null,OS,null,OS,71213.03,OR,27.65,OK,null,OS
2021-05-01 04:00:00,37.42,OK,0.52,BDL,null,OS,null,OS,71190.6,OR,25.54,OK,null,OS
2021-05-01 05:00:00,30.35,OK,0.53,BDL,null,OS,null,OS,71185.07,OR,31.77,OK,null,OS
2021-05-01 06:00:00,34.4,OK,0.46,BDL,null,OS,null,OS,71209.83,OR,20.35,OK,null,OS
2021-05-01 07:00:00,44.9,OK,0.41,BDL,null,OS,null,OS,71247.69,OR,30.36,OK,null,OS
2021-05-01 08:00:00,47.1,OK,0.44,BDL,null,OS,null,OS,71288.34,OR,73.82,OK,null,OS
2021-05-01 09:00:00,55.45,OK,0.31,BDL,null,OS,null,OS,71312.65,OR,72.92,OK,null,OS
2021-05-01 10:00:00,56.64,OK,0.37,BDL,null,OS,null,OS,71368.72,OR,24.84,OK,null,OS
2021-05-01 11:00:00,55.15,OK,0.37,BDL,null,OS,null,OS,71435.41,OR,55.98,OK,null,OS
2021-05-01 12:00:00,56.37,OK,0.35,BDL,null,OS,null,OS,71496.42,OR,38.33,OK,null,OS
2021-05-01 13:00:00,56.83,OK,0.41,BDL,null,OS,null,OS,71534.87,OR,36.35,OK,null,OS
2021-05-01 14:00:00,56.48,OK,0.36,BDL,null,OS,null,OS,71699.74,OR,157.37,OK,null,OS
2021-05-01 15:00:00,55.85,OK,0.36,BDL,null,OS,null,OS,71758.01,OR,66.52,OK,null,OS
2021-05-01 16:00:00,55.37,OK,0.34,BDL,null,OS,null,OS,71756.99,OR,34.13,OK,null,OS
2021-05-01 17:00:00,51.24,OK,0.41,BDL,null,OS,null,OS,71763.25,OR,40.06,OK,null,OS
2021-05-01 18:00:00,45.99,OK,0.39,BDL,null,OS,null,OS,71619.77,OR,37.86,OK,null,OS
2021-05-01 19:00:00,41.93,OK,0.37,BDL,null,OS,null,OS,71519.87,OR,28.14,OK,null,OS
2021-05-01 20:00:00,43.55,OK,0.62,BDL,null,OS,null,OS,71477.5,OR,43.8,OK,null,OS
2021-05-01 21:00:00,34.13,OK,0.42,BDL,null,OS,null,OS,71379.92,OR,55.69,OK,null,OS
2021-05-01 22:00:00,36.72,OK,0.37,BDL,null,OS,null,OS,71369.3,OR,44.96,OK,null,OS
2021-05-01 23:00:00,37.96,OK,0.33,BDL,null,OS,null,OS,71391.43,OR,32.5,OK,null,OS
2021-05-02 00:00:00,34.72,OK,0.37,BDL,null,OS,null,OS,71400.76,OR,46.17,OK,null,OS
2021-05-02 01:00:00,33.35,OK,0.42,BDL,null,OS,null,OS,71478.98,OR,30.04,OK,null,OS
2021-05-02 02:00:00,39.72,OK,0.32,BDL,null,OS,null,OS,71448.52,OR,34.19,OK,null,OS
2021-05-02 03:00:00,27.62,OK,0.3,BDL,null,OS,null,OS,71489.0,OR,28.14,OK,null,OS
2021-05-02 04:00:00,19.62,OK,0.31,BDL,null,OS,null,OS,71443.42,OR,29.46,OK,null,OS
2021-05-02 05:00:00,31.03,OK,0.26,BDL,null,OS,null,OS,71423.91,OR,25.52,OK,null,OS
2021-05-02 06:00:00,42.57,OK,0.3,BDL,null,OS,null,OS,71486.53,OR,15.28,OK,null,OS
2021-05-02 07:00:00,48.52,OK,0.33,BDL,null,OS,null,OS,71535.88,OR,14.25,OK,null,OS
2021-05-02 08:00:00,51.9,OK,0.27,BDL,null,OS,null,OS,71610.17,OR,5.84,OK,null,OS
2021-05-02 09:00:00,52.52,OK,0.3,BDL,null,OS,null,OS,71679.79,OR,142.24,OK,null,OS
2021-05-02 10:00:00,53.26,OK,0.34,BDL,null,OS,null,OS,71759.17,OR,55.54,OK,null,OS
2021-05-02 11:00:00,53.23,OK,0.32,BDL,null,OS,null,OS,71815.55,OR,67.91,OK,null,OS
2021-05-02 12:00:00,53.21,OK,0.38,BDL,null,OS,null,OS,71796.03,OR,166.81,OK,null,OS
2021-05-02 13:00:00,55.56,OK,0.3,BDL,null,OS,null,OS,71878.74,OR,176.5,OK,null,OS
2021-05-02 14:00:00,55.6,OK,0.26,BDL,null,OS,null,OS,71981.98,OR,194.42,OK,null,OS
2021-05-02 15:00:00,54.59,OK,0.23,BDL,null,OS,null,OS,71940.18,OR,107.33,OK,null,OS
2021-05-02 16:00:00,52.45,OK,0.28,BDL,null,OS,null,OS,71946.6,OR,67.61,OK,null,OS
2021-05-02 17:00:00,47.56,OK,0.35,BDL,null,OS,null,OS,71894.32,OR,46.27,OK,null,OS
2021-05-02 18:00:00,42.83,OK,0.35,BDL,null,OS,null,OS,71808.55,OR,36.29,OK,null,OS
2021-05-02 19:00:00,37.73,OK,0.32,BDL,null,OS,null,OS,71756.4,OR,30.39,OK,null,OS
2021-05-02 20:00:00,32.76,OK,0.3,BDL,null,OS,null,OS,71733.98,OR,23.35,OK,null,OS
2021-05-02 21:00:00,30.4,OK,0.32,BDL,null,OS,null,OS,71648.19,OR,37.92,OK,null,OS
2021-05-02 22:00:00,45.42,OK,0.28,BDL,null,OS,null,OS,71681.39,OR,36.84,OK,null,OS
2021-05-02 23:00:00,49.16,OK,0.27,BDL,null,OS,null,OS,71682.42,OR,27.0,OK,null,OS
2021-05-03 00:00:00,47.04,OK,0.29,BDL,null,OS,null,OS,71703.97,OR,38.1,OK,null,OS
2021-05-03 01:00:00,46.22,OK,0.24,BDL,null,OS,null,OS,71726.54,OR,25.07,OK,null,OS
2021-05-03 02:00:00,43.19,OK,0.27,BDL,null,OS,null,OS,71751.6,OR,29.44,OK,null,OS
2021-05-03 03:00:00,43.49,OK,0.25,BDL,null,OS,null,OS,71603.92,OR,24.35,OK,null,OS
2021-05-03 04:00:00,42.0,OK,0.26,BDL,null,OS,null,OS,71590.22,OR,28.51,OK,null,OS
2021-05-03 05:00:00,38.24,OK,0.29,BDL,null,OS,null,OS,71522.06,OR,45.33,OK,null,OS
2021-05-03 06:00:00,39.07,OK,0.26,BDL,null,OS,null,OS,71662.02,OR,25.1,OK,null,OS
2021-05-03 07:00:00,39.26,OK,0.29,BDL,null,OS,null,OS,71646.3,OR,25.33,OK,null,OS
2021-05-03 08:00:00,40.69,OK,0.23,BDL,null,OS,null,OS,71624.44,OR,55.43,OK,null,OS
2021-05-03 09:00:00,44.94,OK,0.33,BDL,null,OS,null,OS,71617.16,OR,43.39,OK,null,OS
2021-05-03 10:00:00,47.07,OK,0.25,BDL,null,OS,null,OS,71662.6,OR,29.46,OK,null,OS
2021-05-03 11:00:00,46.02,OK,0.27,BDL,null,OS,null,OS,71636.38,OR,29.7,OK,null,OS
2021-05-03 12:00:00,45.24,OK,0.26,BDL,null,OS,null,OS,71768.35,OR,16.47,OK,null,OS
2021-05-03 13:00:00,45.79,OK,0.27,BDL,null,OS,null,OS,71804.62,OR,49.38,OK,null,OS
2021-05-03 14:00:00,44.82,OK,0.27,BDL,null,OS,null,OS,71840.59,OR,40.37,OK,null,OS
2021-05-03 15:00:00,45.11,OK,0.28,BDL,null,OS,null,OS,71823.85,OR,61.12,OK,null,OS
2021-05-03 16:00:00,40.1,OK,0.31,BDL,null,OS,null,OS,71808.7,OR,48.42,OK,null,OS
2021-05-03 17:00:00,38.02,OK,0.29,BDL,null,OS,null,OS,71739.8,OR,28.06,OK,null,OS
2021-05-03 18:00:00,37.01,OK,0.32,BDL,null,OS,null,OS,71553.23,OR,45.29,OK,null,OS
2021-05-03 19:00:00,34.11,OK,0.31,BDL,null,OS,null,OS,71422.16,OR,33.94,OK,null,OS
2021-05-03 20:00:00,34.47,OK,0.29,BDL,null,OS,null,OS,71344.11,OR,35.07,OK,null,OS
2021-05-03 21:00:00,32.3,OK,0.29,BDL,null,OS,null,OS,71329.39,OR,32.14,OK,null,OS
2021-05-03 22:00:00,25.45,OK,0.37,BDL,null,OS,null,OS,71288.18,OR,41.03,OK,null,OS
2021-05-03 23:00:00,16.87,OK,0.37,BDL,null,OS,null,OS,71265.61,OR,57.38,OK,null,OS
2021-05-04 00:00:00,16.06,OK,0.57,BDL,null,OS,null,OS,71267.36,OR,66.35,OK,null,OS
2021-05-04 01:00:00,25.2,OK,0.57,BDL,null,OS,null,OS,71293.28,OR,53.16,OK,null,OS
2021-05-04 02:00:00,16.85,OK,0.45,BDL,null,OS,null,OS,71268.52,OR,38.87,OK,null,OS
2021-05-04 03:00:00,12.62,OK,0.43,BDL,null,OS,null,OS,71243.33,OR,41.29,OK,null,OS
2021-05-04 04:00:00,16.03,OK,0.34,BDL,null,OS,null,OS,71203.56,OR,46.16,OK,null,OS
2021-05-04 05:00:00,13.92,OK,0.43,BDL,null,OS,null,OS,71253.38,OR,27.09,OK,null,OS
2021-05-04 06:00:00,22.07,OK,0.47,BDL,null,OS,null,OS,71290.23,OR,46.24,OK,null,OS
2021-05-04 07:00:00,34.46,OK,0.35,BDL,null,OS,null,OS,71305.08,OR,27.54,OK,null,OS
2021-05-04 08:00:00,37.93,OK,0.43,BDL,null,OS,null,OS,71319.5,OR,40.82,OK,null,OS
2021-05-04 09:00:00,41.98,OK,0.36,BDL,null,OS,null,OS,71350.51,OR,41.05,OK,null,OS
2021-05-04 10:00:00,47.37,OK,0.37,BDL,null,OS,null,OS,71348.47,OR,204.04,OK,null,OS
2021-05-04 11:00:00,48.16,OK,0.29,BDL,null,OS,null,OS,71475.02,OR,71.93,OK,null,OS
2021-05-04 12:00:00,49.74,OK,0.33,BDL,null,OS,null,OS,71536.48,OR,35.53,OK,null,OS
2021-05-04 13:00:00,52.19,OK,0.29,BDL,null,OS,null,OS,71589.78,OR,29.52,OK,null,OS
2021-05-04 14:00:00,50.48,OK,0.27,BDL,null,OS,null,OS,71688.52,OR,23.53,OK,null,OS
2021-05-04 15:00:00,48.2,OK,0.38,BDL,null,OS,null,OS,71716.05,OR,49.71,OK,null,OS
2021-05-04 16:00:00,43.54,OK,0.34,BDL,null,OS,null,OS,71640.89,OR,49.13,OK,null,OS
2021-05-04 17:00:00,38.17,OK,0.36,BDL,null,OS,null,OS,71515.07,OR,36.12,OK,null,OS
2021-05-04 18:00:00,33.77,OK,0.3,BDL,null,OS,null,OS,71385.46,OR,47.62,OK,null,OS
2021-05-04 19:00:00,30.51,OK,0.35,BDL,null,OS,null,OS,71298.82,OR,94.45,OK,null,OS
2021-05-04 20:00:00,27.38,OK,0.32,BDL,null,OS,null,OS,71251.19,OR,52.15,OK,null,OS
2021-05-04 21:00:00,21.04,OK,0.36,BDL,null,OS,null,OS,71213.32,OR,58.15,OK,null,OS
2021-05-04 22:00:00,24.24,OK,0.31,BDL,null,OS,null,OS,71220.75,OR,52.02,OK,null,OS
2021-05-04 23:00:00,16.83,OK,0.35,BDL,null,OS,null,OS,71202.11,OR,54.31,OK,null,OS
2021-05-05 00:00:00,10.35,OK,0.33,BDL,null,OS,null,OS,71213.32,OR,73.7,OK,null,OS
2021-05-05 01:00:00,13.32,OK,0.39,BDL,null,OS,null,OS,71236.48,OR,48.44,OK,null,OS
2021-05-05 02:00:00,15.22,OK,0.35,BDL,null,OS,null,OS,71203.71,OR,50.78,OK,null,OS
2021-05-05 03:00:00,11.24,OK,0.37,BDL,null,OS,null,OS,71192.2,OR,37.27,OK,null,OS
2021-05-05 04:00:00,9.0,OK,0.39,BDL,null,OS,null,OS,71140.21,OR,36.59,OK,null,OS
2021-05-05 05:00:00,6.49,OK,0.56,BDL,null,OS,null,OS,71135.99,OR,47.08,OK,null,OS
2021-05-05 06:00:00,8.7,OK,0.68,BDL,null,OS,null,OS,71208.8,OR,52.9,OK,null,OS
2021-05-05 07:00:00,19.08,OK,0.66,BDL,null,OS,null,OS,71254.69,OR,79.14,OK,null,OS
2021-05-05 08:00:00,31.65,OK,0.54,BDL,null,OS,null,OS,71270.13,OR,36.59,OK,null,OS
2021-05-05 09:00:00,43.67,OK,0.49,BDL,null,OS,null,OS,71219.73,OR,69.42,OK,null,OS
2021-05-05 10:00:00,51.4,OK,0.4,BDL,null,OS,null,OS,71309.17,OR,39.2,OK,null,OS
2021-05-05 11:00:00,48.8,OK,0.33,BDL,null,OS,null,OS,71346.73,OR,33.86,OK,null,OS
2021-05-05 12:00:00,47.08,OK,0.34,BDL,null,OS,null,OS,71367.84,OR,69.68,OK,null,OS
2021-05-05 13:00:00,49.62,OK,0.37,BDL,null,OS,null,OS,71430.16,OR,76.19,OK,null,OS
2021-05-05 14:00:00,47.84,OK,0.32,BDL,null,OS,null,OS,71484.92,OR,48.25,OK,null,OS
2021-05-05 15:00:00,44.7,OK,0.34,BDL,null,OS,null,OS,71477.34,OR,55.33,OK,null,OS
2021-05-05 16:00:00,41.19,OK,0.35,BDL,null,OS,null,OS,71473.13,OR,37.58,OK,null,OS
2021-05-05 17:00:00,38.11,OK,0.33,BDL,null,OS,null,OS,71464.54,OR,41.32,OK,null,OS
2021-05-05 18:00:00,34.8,OK,0.31,BDL,null,OS,null,OS,71350.37,OR,38.67,OK,null,OS
2021-05-05 19:00:00,25.92,OK,0.35,BDL,null,OS,null,OS,71256.86,OR,35.41,OK,null,OS
2021-05-05 20:00:00,26.98,OK,0.35,BDL,null,OS,null,OS,71186.52,OR,49.51,OK,null,OS
2021-05-05 21:00:00,25.43,OK,0.39,BDL,null,OS,null,OS,71111.07,OR,49.95,OK,null,OS
2021-05-05 22:00:00,26.71,OK,0.31,BDL,null,OS,null,OS,71117.2,OR,31.81,OK,null,OS
2021-05-05 23:00:00,26.51,OK,0.27,BDL,null,OS,null,OS,71015.68,OR,39.27,OK,null,OS
2021-05-06 00:00:00,29.47,OK,0.31,BDL,null,OS,null,OS,71037.68,OR,26.82,OK,null,OS
2021-05-06 01:00:00,28.48,OK,0.28,BDL,null,OS,null,OS,71058.51,OR,25.39,OK,null,OS
2021-05-06 02:00:00,25.54,OK,0.25,BDL,null,OS,null,OS,71059.97,OR,18.55,OK,null,OS
2021-05-06 03:00:00,24.06,OK,0.26,BDL,null,OS,null,OS,71027.62,OR,26.12,OK,null,OS
2021-05-06 04:00:00,14.54,OK,0.33,BDL,null,OS,null,OS,70988.74,OR,48.15,OK,null,OS
2021-05-06 05:00:00,7.59,OK,0.34,BDL,null,OS,null,OS,70943.89,OR,78.83,OK,null,OS
2021-05-06 06:00:00,11.06,OK,0.44,BDL,null,OS,null,OS,71010.88,OR,23.54,OK,null,OS
2021-05-06 07:00:00,23.5,OK,0.48,BDL,null,OS,null,OS,71041.16,OR,37.92,OK,null,OS
2021-05-06 08:00:00,30.82,OK,0.5,BDL,null,OS,null,OS,71015.98,OR,34.41,OK,null,OS
2021-05-06 09:00:00,40.38,OK,0.51,BDL,null,OS,null,OS,71113.4,OR,61.03,OK,null,OS
2021-05-06 10:00:00,45.02,OK,0.47,BDL,null,OS,null,OS,71195.41,OR,38.68,OK,null,OS
2021-05-06 11:00:00,44.65,OK,0.35,BDL,null,OS,null,OS,71269.98,OR,33.49,OK,null,OS
2021-05-06 12:00:00,43.77,OK,0.34,BDL,null,OS,null,OS,71294.31,OR,38.16,OK,null,OS
2021-05-06 13:00:00,44.93,OK,0.3,BDL,null,OS,null,OS,71324.3,OR,47.36,OK,null,OS
2021-05-06 14:00:00,45.26,OK,0.33,BDL,null,OS,null,OS,71388.07,OR,22.03,OK,null,OS
2021-05-06 15:00:00,45.62,OK,0.28,BDL,null,OS,null,OS,71443.27,OR,59.19,OK,null,OS
2021-05-06 16:00:00,41.53,OK,0.33,BDL,null,OS,null,OS,71490.16,OR,49.73,OK,null,OS
2021-05-06 17:00:00,35.6,OK,0.3,BDL,null,OS,null,OS,71417.64,OR,50.42,OK,null,OS
2021-05-06 18:00:00,31.1,OK,0.36,BDL,null,OS,null,OS,71325.03,OR,44.77,OK,null,OS
2021-05-06 19:00:00,24.7,OK,0.36,BDL,null,OS,null,OS,71270.56,OR,43.69,OK,null,OS
2021-05-06 20:00:00,25.31,OK,0.35,BDL,null,OS,null,OS,71214.05,OR,45.75,OK,null,OS
2021-05-06 21:00:00,22.4,OK,0.29,BDL,null,OS,null,OS,71169.77,OR,36.95,OK,null,OS
2021-05-06 22:00:00,19.95,OK,0.3,BDL,null,OS,null,OS,71067.66,OR,42.21,OK,null,OS
2021-05-06 23:00:00,19.49,OK,0.28,BDL,null,OS,null,OS,71099.58,OR,34.74,OK,null,OS
2021-05-07 00:00:00,16.19,OK,0.3,BDL,null,OS,null,OS,71116.03,OR,35.63,OK,null,OS
2021-05-07 01:00:00,15.49,OK,0.25,BDL,null,OS,null,OS,71115.16,OR,27.06,OK,null,OS
2021-05-07 02:00:00,15.14,OK,0.25,BDL,null,OS,null,OS,71127.69,OR,28.44,OK,null,OS
2021-05-07 03:00:00,4.86,OK,0.26,BDL,null,OS,null,OS,71082.1,OR,50.2,OK,null,OS
2021-05-07 04:00:00,2.62,OK,0.32,BDL,null,OS,null,OS,71070.89,OR,61.61,OK,null,OS
2021-05-07 05:00:00,5.32,OK,0.39,BDL,null,OS,null,OS,71161.18,OR,62.17,OK,null,OS
2021-05-07 06:00:00,13.84,OK,0.47,BDL,null,OS,null,OS,71164.1,OR,60.78,OK,null,OS
2021-05-07 07:00:00,21.69,OK,0.52,BDL,null,OS,null,OS,71148.95,OR,34.33,OK,null,OS
2021-05-07 08:00:00,28.29,OK,0.39,BDL,null,OS,null,OS,71275.08,OR,12.67,OK,null,OS
2021-05-07 09:00:00,39.65,OK,0.37,BDL,null,OS,null,OS,71286.3,OR,66.3,OK,null,OS
2021-05-07 10:00:00,44.32,OK,0.4,BDL,null,OS,null,OS,71308.15,OR,51.13,OK,null,OS
2021-05-07 11:00:00,44.22,OK,0.35,BDL,null,OS,null,OS,71335.22,OR,28.23,OK,null,OS
2021-05-07 12:00:00,41.89,OK,0.32,BDL,null,OS,null,OS,71402.35,OR,28.59,OK,null,OS
2021-05-07 13:00:00,41.12,OK,0.29,BDL,null,OS,null,OS,71502.25,OR,6.76,OK,null,OS
2021-05-07 14:00:00,40.46,OK,0.33,BDL,null,OS,null,OS,71620.5,OR,44.4,OK,null,OS
2021-05-07 15:00:00,38.35,OK,0.33,BDL,null,OS,null,OS,71644.11,OR,79.32,OK,null,OS
2021-05-07 16:00:00,37.6,OK,0.32,BDL,null,OS,null,OS,71639.88,OR,58.87,OK,null,OS
2021-05-07 17:00:00,36.69,OK,0.33,BDL,null,OS,null,OS,71643.52,OR,41.76,OK,null,OS
2021-05-07 18:00:00,31.15,OK,0.33,BDL,null,OS,null,OS,71534.88,OR,39.17,OK,null,OS
2021-05-07 19:00:00,20.61,OK,0.52,BDL,null,OS,null,OS,71403.96,OR,47.89,OK,null,OS
2021-05-07 20:00:00,20.36,OK,0.48,BDL,null,OS,null,OS,71370.03,OR,57.26,OK,null,OS
2021-05-07 21:00:00,21.43,OK,0.37,BDL,null,OS,null,OS,71333.91,OR,64.46,OK,null,OS
2021-05-07 22:00:00,18.95,OK,0.37,BDL,null,OS,null,OS,71304.49,OR,63.61,OK,null,OS
2021-05-07 23:00:00,13.92,OK,0.39,BDL,null,OS,null,OS,71333.76,OR,63.42,OK,null,OS
2021-05-08 00:00:00,18.78,OK,0.28,BDL,null,OS,null,OS,71358.81,OR,47.22,OK,null,OS
2021-05-08 01:00:00,21.26,OK,0.24,BDL,null,OS,null,OS,71320.66,OR,26.88,OK,null,OS
2021-05-08 02:00:00,11.89,OK,0.31,BDL,null,OS,null,OS,71300.41,OR,26.71,OK,null,OS
2021-05-08 03:00:00,5.41,OK,0.29,BDL,null,OS,null,OS,71266.49,OR,33.69,OK,null,OS
2021-05-08 04:00:00,9.06,OK,0.3,BDL,null,OS,null,OS,71219.73,OR,42.06,OK,null,OS
2021-05-08 05:00:00,9.86,OK,0.49,BDL,null,OS,null,OS,71284.69,OR,39.48,OK,null,OS
2021-05-08 06:00:00,16.62,OK,0.84,BDL,null,OS,null,OS,71256.72,OR,94.99,OK,null,OS
2021-05-08 07:00:00,24.55,OK,0.71,BDL,null,OS,null,OS,71319.94,OR,82.48,OK,null,OS
2021-05-08 08:00:00,34.17,OK,0.66,BDL,null,OS,null,OS,71341.78,OR,5.97,OK,null,OS
2021-05-08 09:00:00,40.58,OK,0.46,BDL,null,OS,null,OS,71378.91,OR,20.1,OK,null,OS
2021-05-08 10:00:00,42.33,OK,0.43,BDL,null,OS,null,OS,71412.39,OR,34.38,OK,null,OS
2021-05-08 11:00:00,42.15,OK,0.34,BDL,null,OS,null,OS,71518.42,OR,24.56,OK,null,OS
2021-05-08 12:00:00,42.79,OK,0.31,BDL,null,OS,null,OS,71569.53,OR,24.35,OK,null,OS
2021-05-08 13:00:00,43.11,OK,0.33,BDL,null,OS,null,OS,71587.15,OR,44.2,OK,null,OS
2021-05-08 14:00:00,45.77,OK,0.37,BDL,null,OS,null,OS,71723.91,OR,61.62,OK,null,OS
2021-05-08 15:00:00,43.11,OK,0.37,BDL,null,OS,null,OS,71717.94,OR,65.81,OK,null,OS
2021-05-08 16:00:00,45.37,OK,0.31,BDL,null,OS,null,OS,71651.97,OR,72.62,OK,null,OS
2021-05-08 17:00:00,44.38,OK,0.28,BDL,null,OS,null,OS,71612.79,OR,29.31,OK,null,OS
2021-05-08 18:00:00,36.41,OK,0.33,BDL,null,OS,null,OS,71461.91,OR,32.8,OK,null,OS
2021-05-08 19:00:00,30.84,OK,0.29,BDL,null,OS,null,OS,71338.28,OR,29.5,OK,null,OS
2021-05-08 20:00:00,30.19,OK,0.38,BDL,null,OS,null,OS,71286.58,OR,28.24,OK,null,OS
2021-05-08 21:00:00,20.86,OK,0.34,BDL,null,OS,null,OS,71253.23,OR,46.22,OK,null,OS
2021-05-08 22:00:00,17.39,OK,0.39,BDL,null,OS,null,OS,71250.02,OR,42.77,OK,null,OS
2021-05-08 23:00:00,4.19,OK,0.44,BDL,null,OS,null,OS,71257.89,OR,67.74,OK,null,OS
2021-05-09 00:00:00,10.94,OK,0.4,BDL,null,OS,null,OS,71259.05,OR,55.34,OK,null,OS
2021-05-09 01:00:00,17.65,OK,0.44,BDL,null,OS,null,OS,71278.13,OR,55.35,OK,null,OS
2021-05-09 02:00:00,19.53,OK,0.35,BDL,null,OS,null,OS,71294.01,OR,56.07,OK,null,OS
2021-05-09 03:00:00,14.21,OK,0.44,BDL,null,OS,null,OS,71246.67,OR,57.43,OK,null,OS
2021-05-09 04:00:00,18.42,OK,0.45,BDL,null,OS,null,OS,71268.52,OR,42.98,OK,null,OS
2021-05-09 05:00:00,17.36,OK,0.5,BDL,null,OS,null,OS,71190.89,OR,30.93,OK,null,OS
2021-05-09 06:00:00,26.35,OK,0.46,BDL,null,OS,null,OS,71316.59,OR,21.21,OK,null,OS
2021-05-09 07:00:00,36.24,OK,0.37,BDL,null,OS,null,OS,71331.87,OR,3.13,BDL,null,OS
2021-05-09 08:00:00,37.43,OK,0.52,BDL,null,OS,null,OS,71344.84,OR,13.38,OK,null,OS
2021-05-09 09:00:00,40.85,OK,0.63,BDL,null,OS,null,OS,71373.23,OR,76.48,OK,null,OS
2021-05-09 10:00:00,47.05,OK,0.29,BDL,null,OS,null,OS,71445.6,OR,26.79,OK,null,OS
2021-05-09 11:00:00,47.52,OK,0.33,BDL,null,OS,null,OS,71527.88,OR,12.7,OK,null,OS
2021-05-09 12:00:00,45.0,OK,0.27,BDL,null,OS,null,OS,71599.1,OR,23.11,OK,null,OS
2021-05-09 13:00:00,45.2,OK,0.32,BDL,null,OS,null,OS,71714.6,OR,22.84,OK,null,OS
2021-05-09 14:00:00,43.18,OK,0.42,BDL,null,OS,null,OS,71774.32,OR,27.36,OK,null,OS
2021-05-09 15:00:00,40.05,OK,0.39,BDL,null,OS,null,OS,71793.69,OR,37.19,OK,null,OS
2021-05-09 16:00:00,37.26,OK,0.33,BDL,null,OS,null,OS,71765.29,OR,52.73,OK,null,OS
2021-05-09 17:00:00,33.66,OK,0.36,BDL,null,OS,null,OS,71725.52,OR,37.1,OK,null,OS
2021-05-09 18:00:00,28.24,OK,0.41,BDL,null,OS,null,OS,71557.88,OR,27.75,OK,null,OS
2021-05-09 19:00:00,19.63,OK,0.41,BDL,null,OS,null,OS,71416.49,OR,19.59,OK,null,OS
2021-05-09 20:00:00,21.85,OK,0.31,BDL,null,OS,null,OS,71373.23,OR,17.11,OK,null,OS
2021-05-09 21:00:00,18.14,OK,0.42,BDL,null,OS,null,OS,71341.48,OR,24.67,OK,null,OS
2021-05-09 22:00:00,16.26,OK,0.36,BDL,null,OS,null,OS,71344.26,OR,22.13,OK,null,OS
2021-05-09 23:00:00,7.87,OK,0.43,BDL,null,OS,null,OS,71349.35,OR,32.31,OK,null,OS
2021-05-10 00:00:00,2.96,OK,0.37,BDL,null,OS,null,OS,71395.22,OR,42.41,OK,null,OS
2021-05-10 01:00:00,7.48,OK,0.58,BDL,null,OS,null,OS,71375.12,OR,71.85,OK,null,OS
2021-05-10 02:00:00,11.43,OK,0.47,BDL,null,OS,null,OS,71418.81,OR,47.49,OK,null,OS
2021-05-10 03:00:00,16.23,OK,0.37,BDL,null,OS,null,OS,71387.95,OR,23.53,OK,null,OS
2021-05-10 04:00:00,13.29,OK,0.43,BDL,null,OS,null,OS,71390.38,OR,400.88,OK,null,OS
2021-05-10 05:00:00,9.83,OK,0.42,BDL,null,OS,null,OS,71406.14,OR,43.35,OK,null,OS
2021-05-10 06:00:00,13.63,OK,0.48,BDL,null,OS,null,OS,71425.94,OR,40.27,OK,null,OS
2021-05-10 07:00:00,20.85,OK,0.55,BDL,null,OS,null,OS,71491.04,OR,21.01,OK,null,OS
2021-05-10 08:00:00,27.94,OK,0.42,BDL,null,OS,null,OS,71468.32,OR,45.91,OK,null,OS
2021-05-10 09:00:00,29.26,OK,0.44,BDL,null,OS,null,OS,71478.22,OR,47.55,OK,null,OS
2021-05-10 10:00:00,29.34,OK,0.38,BDL,null,OS,null,OS,71501.38,OR,38.23,OK,null,OS
2021-05-10 11:00:00,30.63,OK,0.39,BDL,null,OS,null,OS,71552.35,OR,26.63,OK,null,OS
2021-05-10 12:00:00,31.79,OK,0.37,BDL,null,OS,null,OS,71589.48,OR,32.43,OK,null,OS
2021-05-10 13:00:00,30.61,OK,0.44,BDL,null,OS,null,OS,71648.61,OR,35.7,OK,null,OS
2021-05-10 14:00:00,30.61,OK,0.35,BDL,null,OS,null,OS,71674.83,OR,47.18,OK,null,OS
2021-05-10 15:00:00,30.91,OK,0.3,BDL,null,OS,null,OS,71741.54,OR,45.96,OK,null,OS
2021-05-10 16:00:00,30.64,OK,0.27,BDL,null,OS,null,OS,71777.96,OR,30.08,OK,null,OS
2021-05-10 17:00:00,27.36,OK,0.32,BDL,null,OS,null,OS,71733.82,OR,32.89,OK,null,OS
2021-05-10 18:00:00,22.26,OK,0.3,BDL,null,OS,null,OS,71605.07,OR,26.72,OK,null,OS
2021-05-10 19:00:00,20.07,OK,0.32,BDL,null,OS,null,OS,71480.27,OR,38.95,OK,null,OS
2021-05-10 20:00:00,18.75,OK,0.37,BDL,null,OS,null,OS,71408.62,OR,37.18,OK,null,OS
2021-05-10 21:00:00,18.17,OK,0.33,BDL,null,OS,null,OS,71382.26,OR,26.81,OK,null,OS
2021-05-10 22:00:00,14.16,OK,0.26,BDL,null,OS,null,OS,71375.42,OR,43.67,OK,null,OS
2021-05-10 23:00:00,11.84,OK,0.32,BDL,null,OS,null,OS,71417.93,OR,32.95,OK,null,OS
2021-05-11 00:00:00,12.18,OK,0.31,BDL,null,OS,null,OS,71397.84,OR,34.11,OK,null,OS
2021-05-11 01:00:00,6.83,OK,0.26,BDL,null,OS,null,OS,71402.5,OR,49.25,OK,null,OS
2021-05-11 02:00:00,5.61,OK,0.28,BDL,null,OS,null,OS,71394.07,OR,52.21,OK,null,OS
2021-05-11 03:00:00,3.49,OK,0.38,BDL,null,OS,null,OS,71335.66,OR,40.44,OK,null,OS
2021-05-11 04:00:00,5.5,OK,0.29,BDL,null,OS,null,OS,71344.1,OR,44.68,OK,null,OS
2021-05-11 05:00:00,5.75,OK,0.36,BDL,null,OS,null,OS,71342.94,OR,40.57,OK,null,OS
2021-05-11 06:00:00,10.94,OK,0.45,BDL,null,OS,null,OS,71395.07,OR,29.42,OK,null,OS
2021-05-11 07:00:00,19.57,OK,0.35,BDL,null,OS,null,OS,71412.84,OR,26.22,OK,null,OS
2021-05-11 08:00:00,26.52,OK,0.3,BDL,null,OS,null,OS,71437.3,OR,33.57,OK,null,OS
2021-05-11 09:00:00,33.67,OK,0.31,BDL,null,OS,null,OS,71446.62,OR,44.73,OK,null,OS
2021-05-11 10:00:00,39.65,OK,0.41,BDL,null,OS,null,OS,71466.86,OR,41.61,OK,null,OS
2021-05-11 11:00:00,37.55,OK,0.34,BDL,null,OS,null,OS,71571.58,OR,57.55,OK,null,OS
2021-05-11 12:00:00,34.63,OK,0.33,BDL,null,OS,null,OS,71639.0,OR,21.48,OK,null,OS
2021-05-11 13:00:00,32.8,OK,0.31,BDL,null,OS,null,OS,71708.04,OR,18.08,OK,null,OS
2021-05-11 14:00:00,32.53,OK,0.33,BDL,null,OS,null,OS,71787.86,OR,64.34,OK,null,OS
2021-05-11 15:00:00,31.71,OK,0.35,BDL,null,OS,null,OS,71810.45,OR,53.99,OK,null,OS
2021-05-11 16:00:00,30.43,OK,0.31,BDL,null,OS,null,OS,71765.14,OR,55.31,OK,null,OS
2021-05-11 17:00:00,29.11,OK,0.31,BDL,null,OS,null,OS,71668.27,OR,48.5,OK,null,OS
2021-05-11 18:00:00,27.15,OK,0.35,BDL,null,OS,null,OS,71527.44,OR,63.01,OK,null,OS
2021-05-11 19:00:00,22.9,OK,0.32,BDL,null,OS,null,OS,71411.38,OR,17.29,OK,null,OS
2021-05-11 20:00:00,16.1,OK,0.36,BDL,null,OS,null,OS,71336.68,OR,22.75,OK,null,OS
2021-05-11 21:00:00,6.14,OK,0.42,BDL,null,OS,null,OS,71282.94,OR,54.1,OK,null,OS
2021-05-11 22:00:00,0.86,BDL,0.58,BDL,null,OS,null,OS,71249.44,OR,80.27,OK,null,OS
2021-05-11 23:00:00,1.91,OK,0.54,BDL,null,OS,null,OS,71249.44,OR,69.49,OK,null,OS
2021-05-12 00:00:00,0.76,BDL,0.57,BDL,null,OS,null,OS,71199.05,OR,65.4,OK,null,OS
2021-05-12 01:00:00,3.83,OK,0.61,BDL,null,OS,null,OS,71194.1,OR,57.52,OK,null,OS
2021-05-12 02:00:00,10.41,OK,0.56,BDL,null,OS,null,OS,71131.33,OR,43.11,OK,null,OS
2021-05-12 03:00:00,2.65,OK,0.5,BDL,null,OS,null,OS,71138.32,OR,52.19,OK,null,OS
2021-05-12 04:00:00,2.34,OK,0.42,BDL,null,OS,null,OS,71148.06,OR,55.71,OK,null,OS
2021-05-12 05:00:00,6.08,OK,0.51,BDL,null,OS,null,OS,71111.95,OR,39.24,OK,null,OS
2021-05-12 06:00:00,10.34,OK,0.56,BDL,null,OS,null,OS,71215.22,OR,35.93,OK,null,OS
2021-05-12 07:00:00,23.76,OK,0.49,BDL,null,OS,null,OS,71248.71,OR,13.8,OK,null,OS
2021-05-12 08:00:00,31.52,OK,0.44,BDL,null,OS,null,OS,71232.99,OR,58.29,OK,null,OS
2021-05-12 09:00:00,38.83,OK,0.35,BDL,null,OS,null,OS,71261.83,OR,30.46,OK,null,OS
2021-05-12 10:00:00,44.85,OK,0.39,BDL,null,OS,null,OS,71293.44,OR,28.04,OK,null,OS
2021-05-12 11:00:00,56.13,OK,0.33,BDL,null,OS,null,OS,71313.68,OR,65.96,OK,null,OS
2021-05-12 12:00:00,54.97,OK,0.36,BDL,null,OS,null,OS,71337.84,OR,35.14,OK,null,OS
2021-05-12 13:00:00,54.31,OK,0.33,BDL,null,OS,null,OS,71406.87,OR,40.77,OK,null,OS
2021-05-12 14:00:00,51.81,OK,0.37,BDL,null,OS,null,OS,71487.54,OR,44.32,OK,null,OS
2021-05-12 15:00:00,54.21,OK,0.42,BDL,null,OS,null,OS,71531.66,OR,58.19,OK,null,OS
2021-05-12 16:00:00,52.46,OK,0.34,BDL,null,OS,null,OS,71513.32,OR,60.32,OK,null,OS
2021-05-12 17:00:00,49.32,OK,0.33,BDL,null,OS,null,OS,71450.4,OR,29.19,OK,null,OS
2021-05-12 18:00:00,42.45,OK,0.41,BDL,null,OS,null,OS,71329.54,OR,50.59,OK,null,OS
2021-05-12 19:00:00,21.3,OK,0.5,BDL,null,OS,null,OS,71245.51,OR,83.78,OK,null,OS
2021-05-12 20:00:00,19.68,OK,0.62,BDL,null,OS,null,OS,71168.46,OR,62.2,OK,null,OS
2021-05-12 21:00:00,16.43,OK,0.54,BDL,null,OS,null,OS,71136.72,OR,72.24,OK,null,OS
2021-05-12 22:00:00,19.53,OK,0.52,BDL,null,OS,null,OS,71124.47,OR,50.43,OK,null,OS
2021-05-12 23:00:00,19.92,OK,0.44,BDL,null,OS,null,OS,71163.8,OR,40.78,OK,null,OS
2021-05-13 00:00:00,7.02,OK,0.45,BDL,null,OS,null,OS,71174.14,OR,45.77,OK,null,OS
2021-05-13 01:00:00,11.29,OK,0.5,BDL,null,OS,null,OS,71054.86,OR,49.68,OK,null,OS
2021-05-13 02:00:00,21.76,OK,0.43,BDL,null,OS,null,OS,71178.08,OR,59.0,OK,null,OS
2021-05-13 03:00:00,17.96,OK,0.51,BDL,null,OS,null,OS,71141.23,OR,44.5,OK,null,OS
2021-05-13 04:00:00,12.99,OK,0.45,BDL,null,OS,null,OS,71119.09,OR,36.09,OK,null,OS
2021-05-13 05:00:00,10.35,OK,0.52,BDL,null,OS,null,OS,71057.34,OR,40.73,OK,null,OS
2021-05-13 06:00:00,15.96,OK,0.6,BDL,null,OS,null,OS,71173.13,OR,50.67,OK,null,OS
2021-05-13 07:00:00,26.84,OK,0.56,BDL,null,OS,null,OS,71232.84,OR,45.84,OK,null,OS
2021-05-13 08:00:00,38.86,OK,0.5,BDL,null,OS,null,OS,71290.81,OR,51.42,OK,null,OS
2021-05-13 09:00:00,51.25,OK,0.43,BDL,null,OS,null,OS,71314.7,OR,41.99,OK,null,OS
2021-05-13 10:00:00,57.35,OK,0.41,BDL,null,OS,null,OS,71354.15,OR,38.3,OK,null,OS
2021-05-13 11:00:00,50.55,OK,0.39,BDL,null,OS,null,OS,71399.44,OR,41.48,OK,null,OS
2021-05-13 12:00:00,36.26,OK,0.43,BDL,null,OS,null,OS,71399.58,OR,51.12,OK,null,OS
2021-05-13 13:00:00,34.5,OK,0.43,BDL,null,OS,null,OS,71453.75,OR,43.38,OK,null,OS
2021-05-13 14:00:00,32.45,OK,0.41,BDL,null,OS,null,OS,71561.09,OR,56.37,OK,null,OS
2021-05-13 15:00:00,30.59,OK,0.42,BDL,null,OS,null,OS,71614.68,OR,68.09,OK,null,OS
2021-05-13 16:00:00,31.13,OK,0.44,BDL,null,OS,null,OS,71648.9,OR,42.97,OK,null,OS
2021-05-13 17:00:00,26.52,OK,0.36,BDL,null,OS,null,OS,71625.74,OR,36.91,OK,null,OS
2021-05-13 18:00:00,22.14,OK,0.4,BDL,null,OS,null,OS,71535.74,OR,33.11,OK,null,OS
2021-05-13 19:00:00,23.07,OK,0.41,BDL,null,OS,null,OS,71447.92,OR,28.0,OK,null,OS
2021-05-13 20:00:00,16.48,OK,0.42,BDL,null,OS,null,OS,71406.42,OR,28.9,OK,null,OS
2021-05-13 21:00:00,21.19,OK,0.35,BDL,null,OS,null,OS,71402.5,OR,21.85,OK,null,OS
2021-05-13 22:00:00,25.61,OK,0.36,BDL,null,OS,null,OS,71389.39,OR,23.54,OK,null,OS
2021-05-13 23:00:00,24.52,OK,0.33,BDL,null,OS,null,OS,71371.92,OR,17.97,OK,null,OS
2021-05-14 00:00:00,12.16,OK,0.45,BDL,null,OS,null,OS,71292.41,OR,30.27,OK,null,OS
2021-05-14 01:00:00,11.55,OK,0.46,BDL,null,OS,null,OS,71345.12,OR,54.52,OK,null,OS
2021-05-14 02:00:00,4.94,OK,0.43,BDL,null,OS,null,OS,71350.22,OR,43.51,OK,null,OS
2021-05-14 03:00:00,7.2,OK,0.47,BDL,null,OS,null,OS,71343.08,OR,29.17,OK,null,OS
2021-05-14 04:00:00,6.11,OK,0.69,BDL,null,OS,null,OS,71312.37,OR,35.71,OK,null,OS
2021-05-14 05:00:00,6.48,OK,0.8,BDL,null,OS,null,OS,71284.84,OR,33.79,OK,null,OS
2021-05-14 06:00:00,16.05,OK,0.76,BDL,null,OS,null,OS,71324.6,OR,27.17,OK,null,OS
2021-05-14 07:00:00,20.05,OK,1.09,OK,null,OS,null,OS,71372.5,OR,9.55,OK,null,OS
2021-05-14 08:00:00,41.05,OK,0.56,BDL,null,OS,null,OS,71438.17,OR,44.93,OK,null,OS
2021-05-14 09:00:00,47.67,OK,0.48,BDL,null,OS,null,OS,71512.73,OR,47.73,OK,null,OS
2021-05-14 10:00:00,37.63,OK,0.51,BDL,null,OS,null,OS,71533.41,OR,44.85,OK,null,OS
2021-05-14 11:00:00,33.27,OK,0.39,BDL,null,OS,null,OS,71566.47,OR,40.09,OK,null,OS
2021-05-14 12:00:00,30.89,OK,0.42,BDL,null,OS,null,OS,71577.98,OR,39.81,OK,null,OS
2021-05-14 13:00:00,31.76,OK,0.4,BDL,null,OS,null,OS,71646.0,OR,61.04,OK,null,OS
2021-05-14 14:00:00,25.98,OK,0.38,BDL,null,OS,null,OS,71697.7,OR,69.3,OK,null,OS
2021-05-14 15:00:00,20.18,OK,0.35,BDL,null,OS,null,OS,71711.39,OR,97.64,OK,null,OS
2021-05-14 16:00:00,16.79,OK,0.34,BDL,null,OS,null,OS,71670.17,OR,67.84,OK,null,OS
2021-05-14 17:00:00,16.26,OK,0.32,BDL,null,OS,null,OS,71637.4,OR,44.45,OK,null,OS
2021-05-14 18:00:00,18.38,OK,0.34,BDL,null,OS,null,OS,71594.0,OR,32.2,OK,null,OS
2021-05-14 19:00:00,14.51,OK,0.32,BDL,null,OS,null,OS,71464.54,OR,12.7,OK,null,OS
2021-05-14 20:00:00,12.97,OK,0.37,BDL,null,OS,null,OS,71419.25,OR,35.6,OK,null,OS
2021-05-14 21:00:00,13.33,OK,0.36,BDL,null,OS,null,OS,71426.53,OR,30.28,OK,null,OS
2021-05-14 22:00:00,14.16,OK,0.31,BDL,null,OS,null,OS,71413.28,OR,14.03,OK,null,OS
2021-05-14 23:00:00,12.54,OK,0.38,BDL,null,OS,null,OS,71334.78,OR,27.0,OK,null,OS
2021-05-15 00:00:00,14.44,OK,0.34,BDL,null,OS,null,OS,71361.14,OR,37.63,OK,null,OS
2021-05-15 01:00:00,16.96,OK,0.33,BDL,null,OS,null,OS,71374.11,OR,22.67,OK,null,OS
2021-05-15 02:00:00,17.16,OK,0.31,BDL,null,OS,null,OS,71383.57,OR,9.49,OK,null,OS
2021-05-15 03:00:00,15.37,OK,0.3,BDL,null,OS,null,OS,71373.37,OR,20.55,OK,null,OS
2021-05-15 04:00:00,11.56,OK,0.28,BDL,null,OS,null,OS,71409.64,OR,11.72,OK,null,OS
2021-05-15 05:00:00,8.86,OK,0.33,BDL,null,OS,null,OS,71391.29,OR,27.74,OK,null,OS
2021-05-15 06:00:00,16.33,OK,0.38,BDL,null,OS,null,OS,71436.28,OR,9.17,OK,null,OS
2021-05-15 07:00:00,22.25,OK,0.35,BDL,null,OS,null,OS,71445.6,OR,3.63,BDL,null,OS
2021-05-15 08:00:00,28.36,OK,0.37,BDL,null,OS,null,OS,71478.66,OR,41.56,OK,null,OS
2021-05-15 09:00:00,26.46,OK,0.39,BDL,null,OS,null,OS,71482.88,OR,39.37,OK,null,OS
2021-05-15 10:00:00,28.17,OK,0.32,BDL,null,OS,null,OS,71503.56,OR,20.5,OK,null,OS
2021-05-15 11:00:00,30.95,OK,0.3,BDL,null,OS,null,OS,71573.03,OR,34.13,OK,null,OS
2021-05-15 12:00:00,30.87,OK,0.28,BDL,null,OS,null,OS,71584.53,OR,39.72,OK,null,OS
2021-05-15 13:00:00,32.83,OK,0.34,BDL,null,OS,null,OS,71662.75,OR,70.51,OK,null,OS
2021-05-15 14:00:00,26.73,OK,0.28,BDL,null,OS,null,OS,71704.98,OR,68.11,OK,null,OS
2021-05-15 15:00:00,24.93,OK,0.34,BDL,null,OS,null,OS,71734.99,OR,95.52,OK,null,OS
2021-05-15 16:00:00,27.22,OK,0.26,BDL,null,OS,null,OS,71705.72,OR,59.24,OK,null,OS
2021-05-15 17:00:00,28.89,OK,0.29,BDL,null,OS,null,OS,71629.68,OR,39.36,OK,null,OS
2021-05-15 18:00:00,25.76,OK,0.27,BDL,null,OS,null,OS,71531.96,OR,27.16,OK,null,OS
2021-05-15 19:00:00,22.27,OK,0.26,BDL,null,OS,null,OS,71438.03,OR,18.58,OK,null,OS
2021-05-15 20:00:00,15.22,OK,0.32,BDL,null,OS,null,OS,71369.15,OR,26.77,OK,null,OS
2021-05-15 21:00:00,14.05,OK,0.3,BDL,null,OS,null,OS,71350.51,OR,30.89,OK,null,OS
2021-05-15 22:00:00,13.01,OK,0.36,BDL,null,OS,null,OS,71250.62,OR,40.14,OK,null,OS
2021-05-15 23:00:00,14.1,OK,0.28,BDL,null,OS,null,OS,71308.72,OR,53.87,OK,null,OS
2021-05-16 00:00:00,16.98,OK,0.27,BDL,null,OS,null,OS,71294.63,OR,36.99,OK,null,OS
2021-05-16 01:00:00,25.02,OK,0.28,BDL,null,OS,null,OS,71259.34,OR,20.91,OK,null,OS
2021-05-16 02:00:00,24.67,OK,0.3,BDL,null,OS,null,OS,71232.83,OR,23.01,OK,null,OS
2021-05-16 03:00:00,15.41,OK,0.25,BDL,null,OS,null,OS,71210.12,OR,26.49,OK,null,OS
2021-05-16 04:00:00,8.84,OK,0.33,BDL,null,OS,null,OS,71186.67,OR,27.16,OK,null,OS
2021-05-16 05:00:00,9.91,OK,0.37,BDL,null,OS,null,OS,71235.02,OR,35.19,OK,null,OS
2021-05-16 06:00:00,16.71,OK,0.5,BDL,null,OS,null,OS,71248.42,OR,42.31,OK,null,OS
2021-05-16 07:00:00,28.89,OK,0.35,BDL,null,OS,null,OS,71284.84,OR,2.84,BDL,null,OS
2021-05-16 08:00:00,27.14,OK,0.46,BDL,null,OS,null,OS,71301.3,OR,16.41,OK,null,OS
2021-05-16 09:00:00,34.46,OK,0.36,BDL,null,OS,null,OS,71321.39,OR,21.03,OK,null,OS
2021-05-16 10:00:00,37.99,OK,0.4,BDL,null,OS,null,OS,71343.82,OR,22.04,OK,null,OS
2021-05-16 11:00:00,43.15,OK,0.33,BDL,null,OS,null,OS,71373.52,OR,24.04,OK,null,OS
2021-05-16 12:00:00,43.97,OK,0.37,BDL,null,OS,null,OS,71433.51,OR,21.82,OK,null,OS
2021-05-16 13:00:00,44.71,OK,0.33,BDL,null,OS,null,OS,71500.36,OR,28.35,OK,null,OS
2021-05-16 14:00:00,45.95,OK,0.25,BDL,null,OS,null,OS,71549.73,OR,28.48,OK,null,OS
2021-05-16 15:00:00,43.7,OK,0.23,BDL,null,OS,null,OS,71614.09,OR,38.84,OK,null,OS
2021-05-16 16:00:00,43.18,OK,0.24,BDL,null,OS,null,OS,71574.05,OR,28.78,OK,null,OS
2021-05-16 17:00:00,42.95,OK,0.28,BDL,null,OS,null,OS,71594.29,OR,57.16,OK,null,OS
2021-05-16 18:00:00,34.28,OK,0.3,BDL,null,OS,null,OS,71461.92,OR,31.28,OK,null,OS
2021-05-16 19:00:00,28.6,OK,0.42,BDL,null,OS,null,OS,71383.57,OR,39.23,OK,null,OS
2021-05-16 20:00:00,19.74,OK,0.4,BDL,null,OS,null,OS,71350.08,OR,40.68,OK,null,OS
2021-05-16 21:00:00,26.22,OK,0.51,BDL,null,OS,null,OS,71293.99,OR,74.84,OK,null,OS
2021-05-16 22:00:00,28.64,OK,0.38,BDL,null,OS,null,OS,71281.78,OR,42.14,OK,null,OS
2021-05-16 23:00:00,30.48,OK,0.3,BDL,null,OS,null,OS,71344.25,OR,27.86,OK,null,OS
2021-05-17 00:00:00,30.67,OK,0.32,BDL,null,OS,null,OS,71332.88,OR,20.62,OK,null,OS
2021-05-17 01:00:00,31.02,OK,0.25,BDL,null,OS,null,OS,71344.98,OR,13.29,OK,null,OS
2021-05-17 02:00:00,30.69,OK,0.27,BDL,null,OS,null,OS,71326.77,OR,35.4,OK,null,OS
2021-05-17 03:00:00,28.88,OK,0.29,BDL,null,OS,null,OS,71288.91,OR,4.54,OK,null,OS
2021-05-17 04:00:00,20.38,OK,0.31,BDL,null,OS,null,OS,71268.95,OR,14.3,OK,null,OS
2021-05-17 05:00:00,11.76,OK,0.36,BDL,null,OS,null,OS,71307.12,OR,63.33,OK,null,OS
2021-05-17 06:00:00,19.47,OK,0.35,BDL,null,OS,null,OS,71322.41,OR,38.69,OK,null,OS
2021-05-17 07:00:00,27.68,OK,0.41,BDL,null,OS,null,OS,71331.44,OR,3.44,BDL,null,OS
2021-05-17 08:00:00,41.5,OK,0.45,BDL,null,OS,null,OS,71343.67,OR,25.5,OK,null,OS
2021-05-17 09:00:00,47.29,OK,0.38,BDL,null,OS,null,OS,71332.46,OR,40.75,OK,null,OS
2021-05-17 10:00:00,48.54,OK,0.36,BDL,null,OS,null,OS,71365.95,OR,16.76,OK,null,OS
2021-05-17 11:00:00,47.26,OK,0.36,BDL,null,OS,null,OS,71424.2,OR,32.02,OK,null,OS
2021-05-17 12:00:00,47.06,OK,0.32,BDL,null,OS,null,OS,71487.39,OR,26.47,OK,null,OS
2021-05-17 13:00:00,45.86,OK,0.32,BDL,null,OS,null,OS,71559.63,OR,100.09,OK,null,OS
2021-05-17 14:00:00,47.33,OK,0.34,BDL,null,OS,null,OS,71609.29,OR,52.43,OK,null,OS
2021-05-17 15:00:00,47.25,OK,0.29,BDL,null,OS,null,OS,71642.94,OR,41.98,OK,null,OS
2021-05-17 16:00:00,44.33,OK,0.34,BDL,null,OS,null,OS,71657.21,OR,44.6,OK,null,OS
2021-05-17 17:00:00,40.99,OK,0.33,BDL,null,OS,null,OS,71591.09,OR,50.97,OK,null,OS
2021-05-17 18:00:00,36.7,OK,0.33,BDL,null,OS,null,OS,71432.06,OR,51.71,OK,null,OS
2021-05-17 19:00:00,35.14,OK,0.35,BDL,null,OS,null,OS,71351.97,OR,46.52,OK,null,OS
2021-05-17 20:00:00,35.54,OK,0.37,BDL,null,OS,null,OS,71248.57,OR,33.73,OK,null,OS
2021-05-17 21:00:00,35.26,OK,0.29,BDL,null,OS,null,OS,71292.99,OR,31.01,OK,null,OS
2021-05-17 22:00:00,35.46,OK,0.36,BDL,null,OS,null,OS,71246.67,OR,51.25,OK,null,OS
2021-05-17 23:00:00,34.72,OK,0.26,BDL,null,OS,null,OS,71281.92,OR,23.75,OK,null,OS
2021-05-18 00:00:00,32.86,OK,0.27,BDL,null,OS,null,OS,71263.86,OR,29.91,OK,null,OS
2021-05-18 01:00:00,30.17,OK,0.28,BDL,null,OS,null,OS,71286.28,OR,24.63,OK,null,OS
2021-05-18 02:00:00,27.4,OK,0.32,BDL,null,OS,null,OS,71303.47,OR,24.09,OK,null,OS
2021-05-18 03:00:00,27.19,OK,0.32,BDL,null,OS,null,OS,71298.66,OR,32.4,OK,null,OS
2021-05-18 04:00:00,18.14,OK,0.35,BDL,null,OS,null,OS,71265.89,OR,84.21,OK,null,OS
2021-05-18 05:00:00,13.41,OK,0.42,BDL,null,OS,null,OS,71314.83,OR,46.83,OK,null,OS
2021-05-18 06:00:00,20.14,OK,0.44,BDL,null,OS,null,OS,71337.84,OR,49.22,OK,null,OS
2021-05-18 07:00:00,30.69,OK,0.44,BDL,null,OS,null,OS,71358.67,OR,13.57,OK,null,OS
2021-05-18 08:00:00,38.65,OK,0.44,BDL,null,OS,null,OS,71406.43,OR,35.44,OK,null,OS
2021-05-18 09:00:00,49.29,OK,0.45,BDL,null,OS,null,OS,71460.16,OR,25.07,OK,null,OS
2021-05-18 10:00:00,70.66,OK,0.36,BDL,null,OS,null,OS,71542.88,OR,32.05,OK,null,OS
2021-05-18 11:00:00,63.23,OK,0.45,BDL,null,OS,null,OS,71597.79,OR,40.72,OK,null,OS
2021-05-18 12:00:00,56.55,OK,0.49,BDL,null,OS,null,OS,71669.3,OR,34.85,OK,null,OS
2021-05-18 13:00:00,52.88,OK,0.44,BDL,null,OS,null,OS,71768.93,OR,34.65,OK,null,OS
2021-05-18 14:00:00,53.07,OK,0.37,BDL,null,OS,null,OS,71817.59,OR,27.04,OK,null,OS
2021-05-18 15:00:00,49.27,OK,0.34,BDL,null,OS,null,OS,71835.94,OR,35.1,OK,null,OS
2021-05-18 16:00:00,46.11,OK,0.39,BDL,null,OS,null,OS,71840.74,OR,60.64,OK,null,OS
2021-05-18 17:00:00,42.95,OK,0.36,BDL,null,OS,null,OS,71812.63,OR,101.24,OK,null,OS
2021-05-18 18:00:00,37.02,OK,0.35,BDL,null,OS,null,OS,71658.08,OR,53.55,OK,null,OS
2021-05-18 19:00:00,34.96,OK,0.38,BDL,null,OS,null,OS,71468.61,OR,44.89,OK,null,OS
2021-05-18 20:00:00,34.96,OK,0.33,BDL,null,OS,null,OS,71451.87,OR,24.2,OK,null,OS
2021-05-18 21:00:00,34.15,OK,0.38,BDL,null,OS,null,OS,71419.98,OR,28.07,OK,null,OS
2021-05-18 22:00:00,33.62,OK,0.35,BDL,null,OS,null,OS,71403.95,OR,30.88,OK,null,OS
2021-05-18 23:00:00,33.7,OK,0.32,BDL,null,OS,null,OS,71440.36,OR,21.28,OK,null,OS
2021-05-19 00:00:00,32.64,OK,0.32,BDL,null,OS,null,OS,71389.24,OR,2.86,BDL,null,OS
2021-05-19 01:00:00,29.97,OK,0.26,BDL,null,OS,null,OS,71424.35,OR,7.76,OK,null,OS
2021-05-19 02:00:00,27.58,OK,0.23,BDL,null,OS,null,OS,71437.3,OR,30.41,OK,null,OS
2021-05-19 03:00:00,22.71,OK,0.31,BDL,null,OS,null,OS,71401.04,OR,36.44,OK,null,OS
2021-05-19 04:00:00,25.87,OK,0.22,BDL,null,OS,null,OS,71379.05,OR,16.01,OK,null,OS
2021-05-19 05:00:00,30.06,OK,0.26,BDL,null,OS,null,OS,71390.27,OR,17.98,OK,null,OS
2021-05-19 06:00:00,33.53,OK,0.24,BDL,null,OS,null,OS,71446.03,OR,20.92,OK,null,OS
2021-05-19 07:00:00,37.91,OK,0.26,BDL,null,OS,null,OS,71448.37,OR,4.71,OK,null,OS
2021-05-19 08:00:00,39.46,OK,0.32,BDL,null,OS,null,OS,71508.37,OR,20.49,OK,null,OS
2021-05-19 09:00:00,45.72,OK,0.43,BDL,null,OS,null,OS,71498.85,OR,45.84,OK,null,OS
2021-05-19 10:00:00,46.69,OK,0.44,BDL,null,OS,null,OS,71533.99,OR,43.39,OK,null,OS
2021-05-19 11:00:00,45.27,OK,0.36,BDL,null,OS,null,OS,71593.41,OR,43.88,OK,null,OS
2021-05-19 12:00:00,45.37,OK,0.3,BDL,null,OS,null,OS,71692.02,OR,52.3,OK,null,OS
2021-05-19 13:00:00,45.83,OK,0.36,BDL,null,OS,null,OS,71745.76,OR,45.76,OK,null,OS
2021-05-19 14:00:00,45.42,OK,0.29,BDL,null,OS,null,OS,71777.24,OR,72.21,OK,null,OS
2021-05-19 15:00:00,45.1,OK,0.28,BDL,null,OS,null,OS,71810.16,OR,63.82,OK,null,OS
2021-05-19 16:00:00,45.8,OK,0.34,BDL,null,OS,null,OS,71821.08,OR,63.64,OK,null,OS
2021-05-19 17:00:00,43.77,OK,0.3,BDL,null,OS,null,OS,71812.49,OR,41.38,OK,null,OS
2021-05-19 18:00:00,38.55,OK,0.33,BDL,null,OS,null,OS,71691.29,OR,46.45,OK,null,OS
2021-05-19 19:00:00,35.01,OK,0.34,BDL,null,OS,null,OS,71678.18,OR,30.09,OK,null,OS
2021-05-19 20:00:00,27.42,OK,0.32,BDL,null,OS,null,OS,71570.41,OR,38.17,OK,null,OS
2021-05-19 21:00:00,22.76,OK,0.35,BDL,null,OS,null,OS,71519.44,OR,57.2,OK,null,OS
2021-05-19 22:00:00,30.64,OK,0.34,BDL,null,OS,null,OS,71501.96,OR,47.03,OK,null,OS
2021-05-19 23:00:00,32.3,OK,0.34,BDL,null,OS,null,OS,71494.1,OR,36.51,OK,null,OS
2021-05-20 00:00:00,26.73,OK,0.39,BDL,null,OS,null,OS,71481.72,OR,13.48,OK,null,OS
2021-05-20 01:00:00,29.35,OK,0.32,BDL,null,OS,null,OS,71463.08,OR,32.25,OK,null,OS
2021-05-20 02:00:00,25.9,OK,0.3,BDL,null,OS,null,OS,71496.57,OR,49.99,OK,null,OS
2021-05-20 03:00:00,29.91,OK,0.27,BDL,null,OS,null,OS,71495.41,OR,23.47,OK,null,OS
2021-05-20 04:00:00,28.51,OK,0.26,BDL,null,OS,null,OS,71425.37,OR,25.51,OK,null,OS
2021-05-20 05:00:00,30.16,OK,0.31,BDL,null,OS,null,OS,71472.25,OR,23.97,OK,null,OS
2021-05-20 06:00:00,35.47,OK,0.39,BDL,null,OS,null,OS,71507.93,OR,32.79,OK,null,OS
2021-05-20 07:00:00,36.29,OK,0.41,BDL,null,OS,null,OS,71493.66,OR,12.66,OK,null,OS
2021-05-20 08:00:00,46.76,OK,0.4,BDL,null,OS,null,OS,71537.79,OR,42.56,OK,null,OS
2021-05-20 09:00:00,74.37,OK,0.38,BDL,null,OS,null,OS,71582.5,OR,25.1,OK,null,OS
2021-05-20 10:00:00,51.4,OK,0.28,BDL,null,OS,null,OS,71662.45,OR,13.45,OK,null,OS
2021-05-20 11:00:00,50.02,OK,0.34,BDL,null,OS,null,OS,71728.87,OR,35.07,OK,null,OS
2021-05-20 12:00:00,50.18,OK,0.35,BDL,null,OS,null,OS,71793.11,OR,36.08,OK,null,OS
2021-05-20 13:00:00,50.43,OK,0.36,BDL,null,OS,null,OS,71813.8,OR,46.41,OK,null,OS
2021-05-20 14:00:00,47.28,OK,0.41,BDL,null,OS,null,OS,71834.19,OR,87.59,OK,null,OS
2021-05-20 15:00:00,47.78,OK,0.32,BDL,null,OS,null,OS,71844.38,OR,190.44,OK,null,OS
2021-05-20 16:00:00,47.07,OK,0.34,BDL,null,OS,null,OS,71843.06,OR,123.65,OK,null,OS
2021-05-20 17:00:00,42.59,OK,0.35,BDL,null,OS,null,OS,71778.98,OR,64.24,OK,null,OS
2021-05-20 18:00:00,34.8,OK,0.37,BDL,null,OS,null,OS,71744.03,OR,42.02,OK,null,OS
2021-05-20 19:00:00,32.34,OK,0.36,BDL,null,OS,null,OS,71697.55,OR,38.34,OK,null,OS
2021-05-20 20:00:00,30.09,OK,0.34,BDL,null,OS,null,OS,71596.04,OR,36.59,OK,null,OS
2021-05-20 21:00:00,31.29,OK,0.29,BDL,null,OS,null,OS,71533.27,OR,42.61,OK,null,OS
2021-05-20 22:00:00,32.71,OK,0.3,BDL,null,OS,null,OS,71520.17,OR,19.34,OK,null,OS
2021-05-20 23:00:00,30.52,OK,0.32,BDL,null,OS,null,OS,71503.12,OR,41.39,OK,null,OS
2021-05-21 00:00:00,27.0,OK,0.29,BDL,null,OS,null,OS,71558.32,OR,41.45,OK,null,OS
2021-05-21 01:00:00,27.12,OK,0.31,BDL,null,OS,null,OS,71525.56,OR,35.9,OK,null,OS
2021-05-21 02:00:00,22.91,OK,0.26,BDL,null,OS,null,OS,71482.59,OR,27.94,OK,null,OS
2021-05-21 03:00:00,16.32,OK,0.28,BDL,null,OS,null,OS,71460.01,OR,50.26,OK,null,OS
2021-05-21 04:00:00,17.9,OK,0.34,BDL,null,OS,null,OS,71401.92,OR,46.13,OK,null,OS
2021-05-21 05:00:00,19.54,OK,0.36,BDL,null,OS,null,OS,71326.78,OR,36.69,OK,null,OS
2021-05-21 06:00:00,26.6,OK,0.28,BDL,null,OS,null,OS,71302.76,OR,44.91,OK,null,OS
2021-05-21 07:00:00,33.14,OK,0.31,BDL,null,OS,null,OS,71353.86,OR,32.04,OK,null,OS
2021-05-21 08:00:00,36.1,OK,0.29,BDL,null,OS,null,OS,71339.3,OR,22.98,OK,null,OS
2021-05-21 09:00:00,38.96,OK,0.32,BDL,null,OS,null,OS,71328.09,OR,24.01,OK,null,OS
2021-05-21 10:00:00,37.07,OK,0.31,BDL,null,OS,null,OS,71324.02,OR,28.6,OK,null,OS
2021-05-21 11:00:00,40.86,OK,0.42,BDL,null,OS,null,OS,71314.55,OR,35.08,OK,null,OS
2021-05-21 12:00:00,35.6,OK,0.38,BDL,null,OS,null,OS,71373.37,OR,44.25,OK,null,OS
2021-05-21 13:00:00,32.04,OK,0.34,BDL,null,OS,null,OS,71366.53,OR,53.29,OK,null,OS
2021-05-21 14:00:00,31.37,OK,0.27,BDL,null,OS,null,OS,71412.69,OR,50.48,OK,null,OS
2021-05-21 15:00:00,31.6,OK,0.24,BDL,null,OS,null,OS,71486.53,OR,61.88,OK,null,OS
2021-05-21 16:00:00,31.12,OK,0.4,BDL,null,OS,null,OS,71464.82,OR,52.47,OK,null,OS
2021-05-21 17:00:00,28.74,OK,0.25,BDL,null,OS,null,OS,71489.29,OR,61.0,OK,null,OS
2021-05-21 18:00:00,26.0,OK,0.3,BDL,null,OS,null,OS,71417.5,OR,45.21,OK,null,OS
2021-05-21 19:00:00,20.7,OK,0.38,BDL,null,OS,null,OS,71337.55,OR,32.88,OK,null,OS
2021-05-21 20:00:00,23.18,OK,0.29,BDL,null,OS,null,OS,71321.55,OR,48.34,OK,null,OS
2021-05-21 21:00:00,25.89,OK,0.3,BDL,null,OS,null,OS,71312.8,OR,40.68,OK,null,OS
2021-05-21 22:00:00,25.45,OK,0.31,BDL,null,OS,null,OS,71304.64,OR,24.85,OK,null,OS
2021-05-21 23:00:00,27.27,OK,0.26,BDL,null,OS,null,OS,71294.3,OR,26.61,OK,null,OS
2021-05-22 00:00:00,27.98,OK,0.3,BDL,null,OS,null,OS,71326.77,OR,10.54,OK,null,OS
2021-05-22 01:00:00,21.05,OK,0.28,BDL,null,OS,null,OS,71308.13,OR,29.44,OK,null,OS
2021-05-22 02:00:00,15.72,OK,0.33,BDL,null,OS,null,OS,71294.3,OR,29.71,OK,null,OS
2021-05-22 03:00:00,12.04,OK,0.3,BDL,null,OS,null,OS,71294.73,OR,26.82,OK,null,OS
2021-05-22 04:00:00,16.94,OK,0.29,BDL,null,OS,null,OS,71245.37,OR,35.37,OK,null,OS
2021-05-22 05:00:00,18.67,OK,0.27,BDL,null,OS,null,OS,71247.55,OR,14.88,OK,null,OS
2021-05-22 06:00:00,21.39,OK,0.27,BDL,null,OS,null,OS,71265.47,OR,37.31,OK,null,OS
2021-05-22 07:00:00,28.55,OK,0.24,BDL,null,OS,null,OS,71252.65,OR,13.19,OK,null,OS
2021-05-22 08:00:00,32.82,OK,0.28,BDL,null,OS,null,OS,71249.15,OR,30.32,OK,null,OS
2021-05-22 09:00:00,35.44,OK,0.22,BDL,null,OS,null,OS,71249.73,OR,45.04,OK,null,OS
2021-05-22 10:00:00,36.43,OK,0.25,BDL,null,OS,null,OS,71266.77,OR,36.76,OK,null,OS
2021-05-22 11:00:00,34.19,OK,0.31,BDL,null,OS,null,OS,71295.04,OR,42.24,OK,null,OS
2021-05-22 12:00:00,31.64,OK,0.29,BDL,null,OS,null,OS,71299.12,OR,45.24,OK,null,OS
2021-05-22 13:00:00,34.47,OK,0.3,BDL,null,OS,null,OS,71312.52,OR,53.71,OK,null,OS
2021-05-22 14:00:00,36.32,OK,0.27,BDL,null,OS,null,OS,71347.61,OR,47.55,OK,null,OS
2021-05-22 15:00:00,37.48,OK,0.37,BDL,null,OS,null,OS,71321.97,OR,59.95,OK,null,OS
2021-05-22 16:00:00,36.82,OK,0.32,BDL,null,OS,null,OS,71381.67,OR,52.28,OK,null,OS
2021-05-22 17:00:00,38.05,OK,0.36,BDL,null,OS,null,OS,71370.31,OR,25.57,OK,null,OS
2021-05-22 18:00:00,37.32,OK,0.32,BDL,null,OS,null,OS,71340.9,OR,22.28,OK,null,OS
2021-05-22 19:00:00,35.45,OK,0.3,BDL,null,OS,null,OS,71273.03,OR,31.71,OK,null,OS
2021-05-22 20:00:00,31.88,OK,0.32,BDL,null,OS,null,OS,71220.02,OR,38.32,OK,null,OS
2021-05-22 21:00:00,25.93,OK,0.43,BDL,null,OS,null,OS,71179.38,OR,63.71,OK,null,OS
2021-05-22 22:00:00,30.18,OK,0.4,BDL,null,OS,null,OS,71194.83,OR,52.05,OK,null,OS
2021-05-22 23:00:00,26.58,OK,0.41,BDL,null,OS,null,OS,71141.37,OR,67.19,OK,null,OS
2021-05-23 00:00:00,17.78,OK,0.39,BDL,null,OS,null,OS,71103.51,OR,65.17,OK,null,OS
2021-05-23 01:00:00,21.25,OK,0.42,BDL,null,OS,null,OS,71127.4,OR,75.92,OK,null,OS
2021-05-23 02:00:00,30.08,OK,0.47,BDL,null,OS,null,OS,71132.78,OR,34.39,OK,null,OS
2021-05-23 03:00:00,20.77,OK,0.57,BDL,null,OS,null,OS,71158.11,OR,48.97,OK,null,OS
2021-05-23 04:00:00,15.24,OK,0.53,BDL,null,OS,null,OS,71043.95,OR,57.6,OK,null,OS
2021-05-23 05:00:00,19.74,OK,0.46,BDL,null,OS,null,OS,71120.41,OR,50.1,OK,null,OS
2021-05-23 06:00:00,26.57,OK,0.6,BDL,null,OS,null,OS,71215.08,OR,28.54,OK,null,OS
2021-05-23 07:00:00,41.55,OK,0.47,BDL,null,OS,null,OS,71244.93,OR,17.39,OK,null,OS
2021-05-23 08:00:00,47.78,OK,0.5,BDL,null,OS,null,OS,71283.53,OR,11.37,OK,null,OS
2021-05-23 09:00:00,57.64,OK,0.39,BDL,null,OS,null,OS,71296.2,OR,31.09,OK,null,OS
2021-05-23 10:00:00,57.89,OK,0.48,BDL,null,OS,null,OS,71310.91,OR,26.01,OK,null,OS
2021-05-23 11:00:00,52.73,OK,0.43,BDL,null,OS,null,OS,71339.3,OR,26.4,OK,null,OS
2021-05-23 12:00:00,52.19,OK,0.38,BDL,null,OS,null,OS,71388.38,OR,12.28,OK,null,OS
2021-05-23 13:00:00,52.86,OK,0.34,BDL,null,OS,null,OS,71471.96,OR,28.18,OK,null,OS
2021-05-23 14:00:00,56.69,OK,0.38,BDL,null,OS,null,OS,71506.77,OR,30.76,OK,null,OS
2021-05-23 15:00:00,55.77,OK,0.34,BDL,null,OS,null,OS,71579.0,OR,28.58,OK,null,OS
2021-05-23 16:00:00,51.9,OK,0.32,BDL,null,OS,null,OS,71585.84,OR,21.56,OK,null,OS
2021-05-23 17:00:00,48.61,OK,0.35,BDL,null,OS,null,OS,71551.47,OR,27.86,OK,null,OS
2021-05-23 18:00:00,43.5,OK,0.38,BDL,null,OS,null,OS,71397.41,OR,47.15,OK,null,OS
2021-05-23 19:00:00,35.75,OK,0.36,BDL,null,OS,null,OS,71352.99,OR,24.7,OK,null,OS
2021-05-23 20:00:00,32.74,OK,0.44,BDL,null,OS,null,OS,71309.3,OR,16.68,OK,null,OS
2021-05-23 21:00:00,42.44,OK,0.4,BDL,null,OS,null,OS,71283.81,OR,26.5,OK,null,OS
2021-05-23 22:00:00,33.5,OK,0.41,BDL,null,OS,null,OS,71268.66,OR,32.43,OK,null,OS
2021-05-23 23:00:00,29.43,OK,0.46,BDL,null,OS,null,OS,71288.61,OR,68.43,OK,null,OS
2021-05-24 00:00:00,34.63,OK,0.44,BDL,null,OS,null,OS,71276.83,OR,42.97,OK,null,OS
2021-05-24 01:00:00,32.19,OK,0.51,BDL,null,OS,null,OS,71270.71,OR,52.21,OK,null,OS
2021-05-24 02:00:00,24.81,OK,0.64,BDL,null,OS,null,OS,71266.76,OR,43.81,OK,null,OS
2021-05-24 03:00:00,19.16,OK,0.66,BDL,null,OS,null,OS,71223.81,OR,36.32,OK,null,OS
2021-05-24 04:00:00,12.42,OK,0.61,BDL,null,OS,null,OS,71167.14,OR,51.69,OK,null,OS
2021-05-24 05:00:00,12.53,OK,0.71,BDL,null,OS,null,OS,71234.3,OR,40.56,OK,null,OS
2021-05-24 06:00:00,22.35,OK,0.57,BDL,null,OS,null,OS,71238.96,OR,51.47,OK,null,OS
2021-05-24 07:00:00,26.13,OK,0.61,BDL,null,OS,null,OS,71287.17,OR,41.29,OK,null,OS
2021-05-24 08:00:00,36.2,OK,0.57,BDL,null,OS,null,OS,71339.45,OR,50.05,OK,null,OS
2021-05-24 09:00:00,47.99,OK,0.57,BDL,null,OS,null,OS,71385.32,OR,57.26,OK,null,OS
2021-05-24 10:00:00,54.27,OK,0.58,BDL,null,OS,null,OS,71429.0,OR,61.43,OK,null,OS
2021-05-24 11:00:00,49.9,OK,0.52,BDL,null,OS,null,OS,71450.84,OR,53.76,OK,null,OS
2021-05-24 12:00:00,45.92,OK,0.45,BDL,null,OS,null,OS,71510.99,OR,40.44,OK,null,OS
2021-05-24 13:00:00,44.29,OK,0.51,BDL,null,OS,null,OS,71539.98,OR,44.43,OK,null,OS
2021-05-24 14:00:00,43.0,OK,0.45,BDL,null,OS,null,OS,71636.53,OR,46.22,OK,null,OS
2021-05-24 15:00:00,41.64,OK,0.45,BDL,null,OS,null,OS,71692.46,OR,59.11,OK,null,OS
2021-05-24 16:00:00,38.82,OK,0.48,BDL,null,OS,null,OS,71640.46,OR,45.79,OK,null,OS
2021-05-24 17:00:00,33.6,OK,0.45,BDL,null,OS,null,OS,71547.25,OR,36.45,OK,null,OS
2021-05-24 18:00:00,33.45,OK,0.45,BDL,null,OS,null,OS,71410.8,OR,52.22,OK,null,OS
2021-05-24 19:00:00,28.11,OK,0.44,BDL,null,OS,null,OS,71281.19,OR,47.65,OK,null,OS
2021-05-24 20:00:00,30.29,OK,0.45,BDL,null,OS,null,OS,71247.11,OR,64.22,OK,null,OS
2021-05-24 21:00:00,32.25,OK,0.46,BDL,null,OS,null,OS,71208.07,OR,44.01,OK,null,OS
2021-05-24 22:00:00,32.14,OK,0.55,BDL,null,OS,null,OS,71147.49,OR,55.4,OK,null,OS
2021-05-24 23:00:00,37.35,OK,0.6,BDL,null,OS,null,OS,71235.17,OR,34.69,OK,null,OS
2021-05-25 00:00:00,27.36,OK,0.64,BDL,null,OS,null,OS,71206.91,OR,62.7,OK,null,OS
2021-05-25 01:00:00,28.49,OK,0.67,BDL,null,OS,null,OS,71258.91,OR,35.7,OK,null,OS
2021-05-25 02:00:00,28.51,OK,0.72,BDL,null,OS,null,OS,71261.97,OR,20.56,OK,null,OS
2021-05-25 03:00:00,20.2,OK,0.59,BDL,null,OS,null,OS,71244.49,OR,29.97,OK,null,OS
2021-05-25 04:00:00,8.53,OK,0.67,BDL,null,OS,null,OS,71162.49,OR,47.12,OK,null,OS
2021-05-25 05:00:00,6.25,OK,0.81,BDL,null,OS,null,OS,71191.91,OR,39.46,OK,null,OS
2021-05-25 06:00:00,10.71,OK,0.8,BDL,null,OS,null,OS,71249.3,OR,64.59,OK,null,OS
2021-05-25 07:00:00,24.34,OK,0.72,BDL,null,OS,null,OS,71272.9,OR,61.62,OK,null,OS
2021-05-25 08:00:00,42.26,OK,0.61,BDL,null,OS,null,OS,71296.34,OR,46.73,OK,null,OS
2021-05-25 09:00:00,44.34,OK,0.6,BDL,null,OS,null,OS,71310.04,OR,37.2,OK,null,OS
2021-05-25 10:00:00,49.37,OK,0.5,BDL,null,OS,null,OS,71333.17,OR,37.08,OK,null,OS
2021-05-25 11:00:00,45.68,OK,0.42,BDL,null,OS,null,OS,71375.12,OR,20.1,OK,null,OS
2021-05-25 12:00:00,46.38,OK,0.47,BDL,null,OS,null,OS,71397.1,OR,29.2,OK,null,OS
2021-05-25 13:00:00,46.48,OK,0.47,BDL,null,OS,null,OS,71501.09,OR,35.5,OK,null,OS
2021-05-25 14:00:00,47.82,OK,0.53,BDL,null,OS,null,OS,71584.24,OR,43.23,OK,null,OS
2021-05-25 15:00:00,48.22,OK,0.51,BDL,null,OS,null,OS,71592.11,OR,64.68,OK,null,OS
2021-05-25 16:00:00,44.39,OK,0.53,BDL,null,OS,null,OS,71571.72,OR,74.05,OK,null,OS
2021-05-25 17:00:00,38.39,OK,0.52,BDL,null,OS,null,OS,71499.49,OR,43.55,OK,null,OS
2021-05-25 18:00:00,34.86,OK,0.5,BDL,null,OS,null,OS,71361.58,OR,47.18,OK,null,OS
2021-05-25 19:00:00,30.43,OK,0.7,BDL,null,OS,null,OS,71280.02,OR,40.06,OK,null,OS
2021-05-25 20:00:00,15.05,OK,0.78,BDL,null,OS,null,OS,71208.08,OR,49.49,OK,null,OS
2021-05-25 21:00:00,6.94,OK,0.84,BDL,null,OS,null,OS,71177.49,OR,56.66,OK,null,OS
2021-05-25 22:00:00,10.47,OK,0.9,BDL,null,OS,null,OS,71132.63,OR,65.62,OK,null,OS
2021-05-25 23:00:00,33.44,OK,0.63,BDL,null,OS,null,OS,71126.81,OR,62.21,OK,null,OS
2021-05-26 00:00:00,32.61,OK,0.65,BDL,null,OS,null,OS,71172.97,OR,37.94,OK,null,OS
2021-05-26 01:00:00,27.75,OK,0.64,BDL,null,OS,null,OS,71083.56,OR,37.88,OK,null,OS
2021-05-26 02:00:00,11.5,OK,0.57,BDL,null,OS,null,OS,71139.19,OR,58.03,OK,null,OS
2021-05-26 03:00:00,11.69,OK,0.63,BDL,null,OS,null,OS,71142.54,OR,46.0,OK,null,OS
2021-05-26 04:00:00,6.62,OK,0.59,BDL,null,OS,null,OS,71104.82,OR,50.44,OK,null,OS
2021-05-26 05:00:00,8.93,OK,0.69,BDL,null,OS,null,OS,71090.39,OR,46.27,OK,null,OS
2021-05-26 06:00:00,10.34,OK,0.81,BDL,null,OS,null,OS,71118.36,OR,50.98,OK,null,OS
2021-05-26 07:00:00,24.94,OK,0.83,BDL,null,OS,null,OS,71189.14,OR,53.17,OK,null,OS
2021-05-26 08:00:00,35.71,OK,0.64,BDL,null,OS,null,OS,71244.05,OR,50.86,OK,null,OS
2021-05-26 09:00:00,43.62,OK,0.9,BDL,null,OS,null,OS,71272.31,OR,14.78,OK,null,OS
2021-05-26 10:00:00,44.84,OK,0.74,BDL,null,OS,null,OS,71289.5,OR,27.23,OK,null,OS
2021-05-26 11:00:00,40.98,OK,0.54,BDL,null,OS,null,OS,71257.17,OR,31.62,OK,null,OS
2021-05-26 12:00:00,39.74,OK,0.43,BDL,null,OS,null,OS,71345.42,OR,30.05,OK,null,OS
2021-05-26 13:00:00,37.48,OK,0.56,BDL,null,OS,null,OS,71389.38,OR,34.2,OK,null,OS
2021-05-26 14:00:00,32.67,OK,0.56,BDL,null,OS,null,OS,71420.11,OR,77.52,OK,null,OS
2021-05-26 15:00:00,34.45,OK,0.44,BDL,null,OS,null,OS,71462.78,OR,79.19,OK,null,OS
2021-05-26 16:00:00,32.89,OK,0.55,BDL,null,OS,null,OS,71475.75,OR,41.79,OK,null,OS
2021-05-26 17:00:00,29.65,OK,0.61,BDL,null,OS,null,OS,71429.58,OR,47.06,OK,null,OS
2021-05-26 18:00:00,27.12,OK,0.61,BDL,null,OS,null,OS,71351.09,OR,35.93,OK,null,OS
2021-05-26 19:00:00,21.2,OK,0.64,BDL,null,OS,null,OS,71281.63,OR,38.06,OK,null,OS
2021-05-26 20:00:00,21.56,OK,0.61,BDL,null,OS,null,OS,71250.02,OR,45.16,OK,null,OS
2021-05-26 21:00:00,15.51,OK,0.61,BDL,null,OS,null,OS,71214.05,OR,45.84,OK,null,OS
2021-05-26 22:00:00,20.63,OK,0.65,BDL,null,OS,null,OS,71184.48,OR,29.46,OK,null,OS
2021-05-26 23:00:00,18.86,OK,0.54,BDL,null,OS,null,OS,71220.76,OR,31.35,OK,null,OS
2021-05-27 00:00:00,18.52,OK,0.59,BDL,null,OS,null,OS,71222.21,OR,53.43,OK,null,OS
2021-05-27 01:00:00,17.66,OK,0.55,BDL,null,OS,null,OS,71247.99,OR,45.48,OK,null,OS
2021-05-27 02:00:00,17.81,OK,0.57,BDL,null,OS,null,OS,71251.48,OR,43.19,OK,null,OS
2021-05-27 03:00:00,14.51,OK,0.59,BDL,null,OS,null,OS,71247.11,OR,31.31,OK,null,OS
2021-05-27 04:00:00,8.32,OK,0.58,BDL,null,OS,null,OS,71194.1,OR,40.58,OK,null,OS
2021-05-27 05:00:00,5.19,OK,0.65,BDL,null,OS,null,OS,71185.94,OR,45.41,OK,null,OS
2021-05-27 06:00:00,9.6,OK,0.82,BDL,null,OS,null,OS,71212.89,OR,55.24,OK,null,OS
2021-05-27 07:00:00,19.16,OK,0.87,BDL,null,OS,null,OS,71295.76,OR,46.97,OK,null,OS
2021-05-27 08:00:00,29.68,OK,0.89,BDL,null,OS,null,OS,71308.58,OR,51.95,OK,null,OS
2021-05-27 09:00:00,38.94,OK,0.67,BDL,null,OS,null,OS,71316.88,OR,38.92,OK,null,OS
2021-05-27 10:00:00,37.16,OK,0.6,BDL,null,OS,null,OS,71273.48,OR,48.18,OK,null,OS
2021-05-27 11:00:00,44.57,OK,0.49,BDL,null,OS,null,OS,71359.98,OR,26.79,OK,null,OS
2021-05-27 12:00:00,49.95,OK,0.48,BDL,null,OS,null,OS,71422.3,OR,20.19,OK,null,OS
2021-05-27 13:00:00,51.18,OK,0.45,BDL,null,OS,null,OS,71523.95,OR,36.66,OK,null,OS
2021-05-27 14:00:00,48.05,OK,0.45,BDL,null,OS,null,OS,71590.36,OR,38.95,OK,null,OS
2021-05-27 15:00:00,41.83,OK,0.48,BDL,null,OS,null,OS,71592.25,OR,40.27,OK,null,OS
2021-05-27 16:00:00,40.88,OK,0.52,BDL,null,OS,null,OS,71629.24,OR,60.71,OK,null,OS
2021-05-27 17:00:00,41.66,OK,0.44,BDL,null,OS,null,OS,71582.78,OR,35.88,OK,null,OS
2021-05-27 18:00:00,33.32,OK,0.63,BDL,null,OS,null,OS,71489.29,OR,52.46,OK,null,OS
2021-05-27 19:00:00,23.53,OK,0.52,BDL,null,OS,null,OS,71385.46,OR,45.26,OK,null,OS
2021-05-27 20:00:00,19.79,OK,0.49,BDL,null,OS,null,OS,71316.44,OR,55.6,OK,null,OS
2021-05-27 21:00:00,22.93,OK,0.59,BDL,null,OS,null,OS,71266.92,OR,52.47,OK,null,OS
2021-05-27 22:00:00,22.58,OK,0.53,BDL,null,OS,null,OS,71260.66,OR,46.59,OK,null,OS
2021-05-27 23:00:00,8.31,OK,0.62,BDL,null,OS,null,OS,71291.68,OR,44.68,OK,null,OS
2021-05-28 00:00:00,9.64,OK,0.58,BDL,null,OS,null,OS,71291.38,OR,48.44,OK,null,OS
2021-05-28 01:00:00,4.16,OK,0.59,BDL,null,OS,null,OS,71318.91,OR,57.35,OK,null,OS
2021-05-28 02:00:00,5.53,OK,0.65,BDL,null,OS,null,OS,71292.84,OR,53.78,OK,null,OS
2021-05-28 03:00:00,1.74,OK,0.76,BDL,null,OS,null,OS,71275.94,OR,75.9,OK,null,OS
2021-05-28 04:00:00,2.09,OK,0.62,BDL,null,OS,null,OS,71239.53,OR,64.68,OK,null,OS
2021-05-28 05:00:00,6.78,OK,0.69,BDL,null,OS,null,OS,71290.94,OR,55.07,OK,null,OS
2021-05-28 06:00:00,14.91,OK,0.65,BDL,null,OS,null,OS,71325.17,OR,62.63,OK,null,OS
2021-05-28 07:00:00,20.39,OK,0.62,BDL,null,OS,null,OS,71359.1,OR,51.94,OK,null,OS
2021-05-28 08:00:00,32.27,OK,0.61,BDL,null,OS,null,OS,71417.49,OR,23.36,OK,null,OS
2021-05-28 09:00:00,38.16,OK,0.65,BDL,null,OS,null,OS,71416.04,OR,24.87,OK,null,OS
2021-05-28 10:00:00,42.53,OK,0.51,BDL,null,OS,null,OS,71547.68,OR,34.47,OK,null,OS
2021-05-28 11:00:00,42.74,OK,0.43,BDL,null,OS,null,OS,71591.38,OR,24.34,OK,null,OS
2021-05-28 12:00:00,39.79,OK,0.47,BDL,null,OS,null,OS,71662.89,OR,32.02,OK,null,OS
2021-05-28 13:00:00,37.8,OK,0.5,BDL,null,OS,null,OS,71748.1,OR,34.3,OK,null,OS
2021-05-28 14:00:00,38.66,OK,0.58,BDL,null,OS,null,OS,71764.11,OR,40.61,OK,null,OS
2021-05-28 15:00:00,36.33,OK,0.52,BDL,null,OS,null,OS,71794.28,OR,96.79,OK,null,OS
2021-05-28 16:00:00,33.47,OK,0.45,BDL,null,OS,null,OS,71807.83,OR,90.43,OK,null,OS
2021-05-28 17:00:00,36.04,OK,0.43,BDL,null,OS,null,OS,71763.83,OR,55.8,OK,null,OS
2021-05-28 18:00:00,43.89,OK,0.42,BDL,null,OS,null,OS,71609.44,OR,33.33,OK,null,OS
2021-05-28 19:00:00,41.76,OK,0.6,BDL,null,OS,null,OS,71479.82,OR,24.56,OK,null,OS
2021-05-28 20:00:00,32.85,OK,0.57,BDL,null,OS,null,OS,71409.93,OR,30.83,OK,null,OS
2021-05-28 21:00:00,28.39,OK,0.58,BDL,null,OS,null,OS,71396.53,OR,36.19,OK,null,OS
2021-05-28 22:00:00,25.63,OK,0.86,BDL,null,OS,null,OS,71398.72,OR,38.13,OK,null,OS
2021-05-28 23:00:00,23.99,OK,0.72,BDL,null,OS,null,OS,71357.94,OR,26.43,OK,null,OS
2021-05-29 00:00:00,2.74,OK,0.69,BDL,null,OS,null,OS,71395.22,OR,59.12,OK,null,OS
2021-05-29 01:00:00,1.78,OK,0.84,BDL,null,OS,null,OS,71357.51,OR,54.29,OK,null,OS
2021-05-29 02:00:00,10.38,OK,0.79,BDL,null,OS,null,OS,71380.95,OR,52.14,OK,null,OS
2021-05-29 03:00:00,13.91,OK,0.83,BDL,null,OS,null,OS,71354.3,OR,41.34,OK,null,OS
2021-05-29 04:00:00,11.43,OK,0.9,BDL,null,OS,null,OS,71349.49,OR,44.77,OK,null,OS
2021-05-29 05:00:00,15.9,OK,0.75,BDL,null,OS,null,OS,71397.11,OR,37.43,OK,null,OS
2021-05-29 06:00:00,21.85,OK,0.65,BDL,null,OS,null,OS,71445.6,OR,41.48,OK,null,OS
2021-05-29 07:00:00,34.67,OK,0.58,BDL,null,OS,null,OS,71517.54,OR,25.1,OK,null,OS
2021-05-29 08:00:00,34.95,OK,0.68,BDL,null,OS,null,OS,71525.27,OR,18.14,OK,null,OS
2021-05-29 09:00:00,37.43,OK,0.5,BDL,null,OS,null,OS,71635.21,OR,31.42,OK,null,OS
2021-05-29 10:00:00,38.89,OK,0.4,BDL,null,OS,null,OS,71668.43,OR,13.93,OK,null,OS
2021-05-29 11:00:00,39.96,OK,0.45,BDL,null,OS,null,OS,71736.3,OR,-6.98,OR,null,OS
2021-05-29 12:00:00,42.16,OK,0.46,BDL,null,OS,null,OS,71798.64,OR,31.35,OK,null,OS
2021-05-29 13:00:00,42.18,OK,0.44,BDL,null,OS,null,OS,71818.46,OR,26.71,OK,null,OS
2021-05-29 14:00:00,43.21,OK,0.44,BDL,null,OS,null,OS,71841.04,OR,24.29,OK,null,OS
2021-05-29 15:00:00,35.86,OK,0.42,BDL,null,OS,null,OS,71846.56,OR,105.29,OK,null,OS
2021-05-29 16:00:00,37.52,OK,0.44,BDL,null,OS,null,OS,71825.16,OR,84.68,OK,null,OS
2021-05-29 17:00:00,45.72,OK,0.38,BDL,null,OS,null,OS,71790.78,OR,73.59,OK,null,OS
2021-05-29 18:00:00,52.31,OK,0.47,BDL,null,OS,null,OS,71718.97,OR,35.92,OK,null,OS
2021-05-29 19:00:00,50.72,OK,0.47,BDL,null,OS,null,OS,71597.64,OR,20.91,OK,null,OS
2021-05-29 20:00:00,46.7,OK,0.5,BDL,null,OS,null,OS,71527.01,OR,20.63,OK,null,OS
2021-05-29 21:00:00,41.87,OK,0.46,BDL,null,OS,null,OS,71500.65,OR,15.07,OK,null,OS
2021-05-29 22:00:00,35.67,OK,0.44,BDL,null,OS,null,OS,71511.72,OR,37.47,OK,null,OS
2021-05-29 23:00:00,29.25,OK,0.44,BDL,null,OS,null,OS,71511.72,OR,45.24,OK,null,OS
2021-05-30 00:00:00,13.9,OK,0.46,BDL,null,OS,null,OS,71495.7,OR,62.99,OK,null,OS
2021-05-30 01:00:00,16.56,OK,0.5,BDL,null,OS,null,OS,71526.29,OR,48.54,OK,null,OS
2021-05-30 02:00:00,18.58,OK,0.49,BDL,null,OS,null,OS,71544.77,OR,48.33,OK,null,OS
2021-05-30 03:00:00,19.25,OK,0.57,BDL,null,OS,null,OS,71499.78,OR,59.89,OK,null,OS
2021-05-30 04:00:00,16.44,OK,0.62,BDL,null,OS,null,OS,71446.19,OR,68.93,OK,null,OS
2021-05-30 05:00:00,15.97,OK,0.6,BDL,null,OS,null,OS,71448.81,OR,54.35,OK,null,OS
2021-05-30 06:00:00,24.75,OK,0.57,BDL,null,OS,null,OS,71466.29,OR,43.69,OK,null,OS
2021-05-30 07:00:00,34.95,OK,0.6,BDL,null,OS,null,OS,71462.93,OR,21.04,OK,null,OS
2021-05-30 08:00:00,46.11,OK,0.44,BDL,null,OS,null,OS,71548.41,OR,30.83,OK,null,OS
2021-05-30 09:00:00,52.36,OK,0.42,BDL,null,OS,null,OS,71602.89,OR,20.11,OK,null,OS
2021-05-30 10:00:00,53.5,OK,0.4,BDL,null,OS,null,OS,71639.01,OR,26.85,OK,null,OS
2021-05-30 11:00:00,45.5,OK,0.41,BDL,null,OS,null,OS,71702.22,OR,31.34,OK,null,OS
2021-05-30 12:00:00,46.2,OK,0.36,BDL,null,OS,null,OS,71745.59,OR,16.16,OK,null,OS
2021-05-30 13:00:00,45.92,OK,0.36,BDL,null,OS,null,OS,71793.11,OR,33.62,OK,null,OS
2021-05-30 14:00:00,44.42,OK,0.38,BDL,null,OS,null,OS,71807.68,OR,53.96,OK,null,OS
2021-05-30 15:00:00,47.47,OK,0.35,BDL,null,OS,null,OS,71805.93,OR,42.75,OK,null,OS
2021-05-30 16:00:00,44.72,OK,0.34,BDL,null,OS,null,OS,71819.34,OR,58.44,OK,null,OS
2021-05-30 17:00:00,41.58,OK,0.32,BDL,null,OS,null,OS,71751.02,OR,76.55,OK,null,OS
2021-05-30 18:00:00,38.47,OK,0.39,BDL,null,OS,null,OS,71627.5,OR,33.19,OK,null,OS
2021-05-30 19:00:00,33.86,OK,0.34,BDL,null,OS,null,OS,71470.36,OR,22.43,OK,null,OS
2021-05-30 20:00:00,29.41,OK,0.39,BDL,null,OS,null,OS,71404.68,OR,19.61,OK,null,OS
2021-05-30 21:00:00,27.77,OK,0.31,BDL,null,OS,null,OS,71371.49,OR,26.82,OK,null,OS
2021-05-30 22:00:00,24.25,OK,0.39,BDL,null,OS,null,OS,71371.19,OR,38.46,OK,null,OS
2021-05-30 23:00:00,24.93,OK,0.37,BDL,null,OS,null,OS,71342.21,OR,71.72,OK,null,OS
2021-05-31 00:00:00,15.38,OK,0.39,BDL,null,OS,null,OS,71354.44,OR,49.08,OK,null,OS
2021-05-31 01:00:00,12.76,OK,0.38,BDL,null,OS,null,OS,71288.61,OR,63.97,OK,null,OS
2021-05-31 02:00:00,13.88,OK,0.33,BDL,null,OS,null,OS,71295.02,OR,51.52,OK,null,OS
2021-05-31 03:00:00,13.11,OK,0.35,BDL,null,OS,null,OS,71252.65,OR,49.02,OK,null,OS
2021-05-31 04:00:00,11.54,OK,0.41,BDL,null,OS,null,OS,71199.78,OR,49.93,OK,null,OS
2021-05-31 05:00:00,14.87,OK,0.42,BDL,null,OS,null,OS,71219.88,OR,21.11,OK,null,OS
2021-05-31 06:00:00,25.18,OK,0.46,BDL,null,OS,null,OS,71183.91,OR,30.38,OK,null,OS
2021-05-31 07:00:00,29.68,OK,0.37,BDL,null,OS,null,OS,71281.35,OR,6.35,OK,null,OS
2021-05-31 08:00:00,36.81,OK,0.5,BDL,null,OS,null,OS,71300.71,OR,15.12,OK,null,OS
2021-05-31 09:00:00,42.18,OK,0.45,BDL,null,OS,null,OS,71308.43,OR,31.02,OK,null,OS
2021-05-31 10:00:00,43.23,OK,0.36,BDL,null,OS,null,OS,71321.25,OR,-4.92,OR,null,OS
2021-05-31 11:00:00,42.5,OK,0.37,BDL,null,OS,null,OS,71360.7,OR,29.14,OK,null,OS
2021-05-31 12:00:00,43.84,OK,0.38,BDL,-0.25,BDL,18.39,OK,71378.03,OR,6.94,OK,null,OS
2021-05-31 13:00:00,44.97,OK,0.4,BDL,-0.35,BDL,0.41,OK,71360.47,OR,47.12,OK,null,OS
2021-05-31 14:00:00,45.02,OK,0.37,BDL,-0.35,BDL,0.21,BDL,null,OS,12.81,OK,null,OS
2021-05-31 15:00:00,41.93,OK,0.4,BDL,-0.32,BDL,0.17,BDL,null,OS,39.39,OK,null,OS
2021-05-31 16:00:00,33.04,OK,0.31,BDL,-0.37,BDL,0.18,BDL,null,OS,62.9,OK,null,OS
2021-05-31 17:00:00,31.12,OK,0.28,BDL,null,OS,null,OS,null,OS,108.22,OK,null,OS
2021-05-31 18:00:00,28.13,OK,0.4,BDL,null,OS,null,OS,null,OS,60.84,OK,null,OS
2021-05-31 19:00:00,28.76,OK,0.37,BDL,null,OS,null,OS,null,OS,36.98,OK,null,OS
2021-05-31 20:00:00,24.65,OK,0.35,BDL,null,OS,null,OS,null,OS,35.94,OK,null,OS
2021-05-31 21:00:00,19.98,OK,0.34,BDL,null,OS,null,OS,null,OS,34.36,OK,null,OS
2021-05-31 22:00:00,14.4,OK,0.35,BDL,null,OS,null,OS,null,OS,48.15,OK,null,OS
2021-05-31 23:00:00,9.55,OK,0.34,BDL,null,OS,null,OS,null,OS,59.48,OK,null,OS
