Red Universitaria de Observatorios Atmosfericos (RUOA)
Atmospheric Observatory Hermosillo (erno), Sonora
Lat 29.0814 N, Lon 110.9706 W, Alt 154 masl
Time UTC-7h
Air Quality data
Flags: OK = Reliable data, BDL = Below Detection Limit, OR = Out of Range, OS = Out of Service 
 
Time,O3,O3_flag,SO2,SO2_flag,NO2,NO2_flag,NO,NO_flag,CO,CO_flag,PM10,PM10_flag,PM2.5,PM2.5_flag
yyyy-mm-dd HH:MM:SS,ppb,flag,ppb,flag,ppb,flag,ppb,flag,ppm,flag,ug/m^3,flag,ug/m^3,flag
2022-04-01 00:00:00,0.5,BDL,0.98,BDL,null,OS,null,OS,2.34,OK,60.79,OK,12.77,OK
2022-04-01 01:00:00,0.75,BDL,1.06,OK,null,OS,null,OS,2.25,OK,52.61,OK,9.63,OK
2022-04-01 02:00:00,3.53,OK,0.59,BDL,null,OS,null,OS,1.97,OK,55.87,OK,14.9,OK
2022-04-01 03:00:00,8.78,OK,0.62,BDL,null,OS,null,OS,1.92,OK,57.24,OK,24.35,OK
2022-04-01 04:00:00,8.73,OK,0.59,BDL,null,OS,null,OS,1.89,OK,34.65,OK,10.81,OK
2022-04-01 05:00:00,3.89,OK,0.67,BDL,null,OS,null,OS,2.1,OK,41.81,OK,3.85,BDL
2022-04-01 06:00:00,8.05,OK,0.83,BDL,null,OS,null,OS,2.21,OK,36.17,OK,-7.63,OR
2022-04-01 07:00:00,20.24,OK,0.76,BDL,null,OS,null,OS,2.15,OK,30.35,OK,2.49,BDL
2022-04-01 08:00:00,35.21,OK,0.58,BDL,null,OS,null,OS,2.0,OK,29.7,OK,19.86,OK
2022-04-01 09:00:00,38.16,OK,0.48,BDL,null,OS,null,OS,1.99,OK,27.79,OK,13.83,OK
2022-04-01 10:00:00,44.33,OK,0.53,BDL,null,OS,null,OS,2.03,OK,31.39,OK,13.49,OK
2022-04-01 11:00:00,45.94,OK,0.44,BDL,null,OS,null,OS,2.0,OK,-164.99,OR,19.83,OK
2022-04-01 12:00:00,47.43,OK,0.44,BDL,null,OS,null,OS,2.03,OK,-889.36,OR,14.03,OK
2022-04-01 13:00:00,45.96,OK,0.43,BDL,null,OS,null,OS,2.03,OK,30.15,OK,10.08,OK
2022-04-01 14:00:00,42.32,OK,0.51,BDL,null,OS,null,OS,2.09,OK,39.13,OK,18.81,OK
2022-04-01 15:00:00,43.6,OK,0.56,BDL,null,OS,null,OS,2.04,OK,43.94,OK,15.11,OK
2022-04-01 16:00:00,38.44,OK,0.51,BDL,null,OS,null,OS,2.06,OK,42.58,OK,4.91,OK
2022-04-01 17:00:00,35.21,OK,0.49,BDL,null,OS,null,OS,2.06,OK,56.7,OK,5.79,OK
2022-04-01 18:00:00,28.44,OK,0.57,BDL,null,OS,null,OS,2.25,OK,34.58,OK,-2.22,BDL
2022-04-01 19:00:00,25.45,OK,0.68,BDL,null,OS,null,OS,2.24,OK,34.31,OK,-6.05,OR
2022-04-01 20:00:00,17.26,OK,1.8,OK,null,OS,null,OS,2.32,OK,50.88,OK,21.88,OK
2022-04-01 21:00:00,14.77,OK,0.75,BDL,null,OS,null,OS,2.31,OK,58.58,OK,19.46,OK
2022-04-01 22:00:00,5.43,OK,0.72,BDL,null,OS,null,OS,2.31,OK,70.31,OK,16.64,OK
2022-04-01 23:00:00,23.55,OK,0.6,BDL,null,OS,null,OS,1.97,OK,45.15,OK,2.72,BDL
2022-04-02 00:00:00,31.81,OK,0.46,BDL,null,OS,null,OS,1.9,OK,18.69,OK,1.21,BDL
2022-04-02 01:00:00,32.78,OK,0.54,BDL,null,OS,null,OS,1.91,OK,24.83,OK,3.23,BDL
2022-04-02 02:00:00,31.7,OK,0.43,BDL,null,OS,null,OS,1.9,OK,20.01,OK,1.16,BDL
2022-04-02 03:00:00,26.96,OK,0.71,BDL,null,OS,null,OS,1.91,OK,44.69,OK,9.71,OK
2022-04-02 04:00:00,16.06,OK,0.61,BDL,null,OS,null,OS,1.97,OK,18.65,OK,3.26,BDL
2022-04-02 05:00:00,19.3,OK,0.73,BDL,null,OS,null,OS,1.97,OK,37.44,OK,10.9,OK
2022-04-02 06:00:00,26.17,OK,0.68,BDL,null,OS,null,OS,1.98,OK,20.21,OK,3.06,BDL
2022-04-02 07:00:00,32.9,OK,0.6,BDL,null,OS,null,OS,1.97,OK,14.2,OK,2.44,BDL
2022-04-02 08:00:00,38.33,OK,0.7,BDL,null,OS,null,OS,1.97,OK,27.33,OK,5.84,OK
2022-04-02 09:00:00,43.82,OK,0.72,BDL,null,OS,null,OS,1.95,OK,28.65,OK,10.0,OK
2022-04-02 10:00:00,48.35,OK,0.42,BDL,null,OS,null,OS,1.94,OK,26.35,OK,19.94,OK
2022-04-02 11:00:00,48.69,OK,0.45,BDL,null,OS,null,OS,1.96,OK,14.88,OK,13.66,OK
2022-04-02 12:00:00,46.78,OK,0.49,BDL,null,OS,null,OS,2.03,OK,24.74,OK,23.24,OK
2022-04-02 13:00:00,46.8,OK,0.56,BDL,null,OS,null,OS,2.04,OK,32.71,OK,17.37,OK
2022-04-02 14:00:00,45.93,OK,0.45,BDL,null,OS,null,OS,2.04,OK,21.74,OK,12.54,OK
2022-04-02 15:00:00,47.29,OK,0.45,BDL,null,OS,null,OS,2.0,OK,26.42,OK,25.72,OK
2022-04-02 16:00:00,42.88,OK,0.57,BDL,null,OS,null,OS,2.03,OK,37.89,OK,11.76,OK
2022-04-02 17:00:00,34.4,OK,0.54,BDL,null,OS,null,OS,2.06,OK,44.48,OK,11.8,OK
2022-04-02 18:00:00,29.58,OK,0.55,BDL,null,OS,null,OS,2.12,OK,43.23,OK,-2.63,BDL
2022-04-02 19:00:00,24.11,OK,0.52,BDL,null,OS,null,OS,2.12,OK,37.35,OK,-2.96,BDL
2022-04-02 20:00:00,21.26,OK,0.52,BDL,null,OS,null,OS,2.12,OK,48.74,OK,5.61,OK
2022-04-02 21:00:00,12.92,OK,0.6,BDL,null,OS,null,OS,2.23,OK,47.57,OK,4.48,OK
2022-04-02 22:00:00,8.81,OK,0.55,BDL,null,OS,null,OS,2.23,OK,54.94,OK,9.73,OK
2022-04-02 23:00:00,2.72,OK,0.54,BDL,null,OS,null,OS,2.37,OK,50.31,OK,8.11,OK
2022-04-03 00:00:00,0.99,BDL,0.7,BDL,null,OS,null,OS,2.46,OK,60.26,OK,6.55,OK
2022-04-03 01:00:00,6.04,OK,0.75,BDL,null,OS,null,OS,2.17,OK,62.57,OK,20.11,OK
2022-04-03 02:00:00,18.7,OK,0.8,BDL,null,OS,null,OS,2.0,OK,36.79,OK,4.06,OK
2022-04-03 03:00:00,18.18,OK,0.61,BDL,null,OS,null,OS,2.0,OK,35.92,OK,11.29,OK
2022-04-03 04:00:00,5.68,OK,0.54,BDL,null,OS,null,OS,2.07,OK,49.1,OK,11.17,OK
2022-04-03 05:00:00,5.68,OK,0.62,BDL,null,OS,null,OS,2.03,OK,64.12,OK,26.08,OK
2022-04-03 06:00:00,12.71,OK,0.71,BDL,null,OS,null,OS,2.02,OK,14.81,OK,-11.48,OR
2022-04-03 07:00:00,23.9,OK,0.74,BDL,null,OS,null,OS,2.02,OK,17.72,OK,-0.97,BDL
2022-04-03 08:00:00,38.18,OK,0.75,BDL,null,OS,null,OS,1.96,OK,13.62,OK,12.45,OK
2022-04-03 09:00:00,46.68,OK,1.35,OK,null,OS,null,OS,2.01,OK,19.32,OK,16.51,OK
2022-04-03 10:00:00,51.16,OK,0.76,BDL,null,OS,null,OS,1.96,OK,18.36,OK,24.4,OK
2022-04-03 11:00:00,50.05,OK,0.48,BDL,null,OS,null,OS,1.95,OK,24.5,OK,18.0,OK
2022-04-03 12:00:00,45.55,OK,0.46,BDL,null,OS,null,OS,1.99,OK,26.75,OK,18.42,OK
2022-04-03 13:00:00,45.27,OK,0.49,BDL,null,OS,null,OS,1.99,OK,25.41,OK,17.07,OK
2022-04-03 14:00:00,43.21,OK,0.48,BDL,null,OS,null,OS,1.98,OK,23.12,OK,8.81,OK
2022-04-03 15:00:00,39.93,OK,0.47,BDL,null,OS,null,OS,1.99,OK,45.76,OK,14.48,OK
2022-04-03 16:00:00,39.31,OK,0.42,BDL,null,OS,null,OS,1.98,OK,24.73,OK,8.88,OK
2022-04-03 17:00:00,37.59,OK,0.41,BDL,null,OS,null,OS,1.97,OK,37.87,OK,8.41,OK
2022-04-03 18:00:00,29.84,OK,0.42,BDL,null,OS,null,OS,2.04,OK,26.43,OK,-3.41,BDL
2022-04-03 19:00:00,27.17,OK,0.51,BDL,null,OS,null,OS,2.06,OK,21.38,OK,-1.3,BDL
2022-04-03 20:00:00,22.99,OK,0.39,BDL,null,OS,null,OS,2.08,OK,22.65,OK,2.49,BDL
2022-04-03 21:00:00,20.37,OK,0.52,BDL,null,OS,null,OS,2.11,OK,36.78,OK,6.4,OK
2022-04-03 22:00:00,26.04,OK,0.45,BDL,null,OS,null,OS,1.99,OK,30.01,OK,2.59,BDL
2022-04-03 23:00:00,26.89,OK,0.45,BDL,null,OS,null,OS,1.98,OK,15.3,OK,4.08,OK
2022-04-04 00:00:00,28.89,OK,0.39,BDL,null,OS,null,OS,1.96,OK,26.17,OK,11.25,OK
2022-04-04 01:00:00,29.13,OK,0.4,BDL,null,OS,null,OS,1.95,OK,9.77,OK,0.72,BDL
2022-04-04 02:00:00,27.39,OK,0.33,BDL,null,OS,null,OS,1.96,OK,26.89,OK,13.19,OK
2022-04-04 03:00:00,19.63,OK,0.35,BDL,null,OS,null,OS,2.0,OK,9.18,OK,1.64,BDL
2022-04-04 04:00:00,9.57,OK,0.44,BDL,null,OS,null,OS,2.06,OK,52.47,OK,16.17,OK
2022-04-04 05:00:00,6.44,OK,0.53,BDL,null,OS,null,OS,2.21,OK,53.71,OK,18.97,OK
2022-04-04 06:00:00,8.68,OK,1.03,OK,null,OS,null,OS,2.26,OK,60.69,OK,10.24,OK
2022-04-04 07:00:00,21.5,OK,0.95,BDL,null,OS,null,OS,2.16,OK,32.12,OK,1.43,BDL
2022-04-04 08:00:00,28.43,OK,0.79,BDL,null,OS,null,OS,2.08,OK,6.67,OK,6.21,OK
2022-04-04 09:00:00,34.16,OK,0.58,BDL,null,OS,null,OS,2.08,OK,16.59,OK,6.66,OK
2022-04-04 10:00:00,45.0,OK,0.5,BDL,null,OS,null,OS,2.03,OK,29.14,OK,14.32,OK
2022-04-04 11:00:00,43.71,OK,0.44,BDL,null,OS,null,OS,2.01,OK,16.42,OK,12.52,OK
2022-04-04 12:00:00,39.02,OK,0.43,BDL,null,OS,null,OS,2.05,OK,28.78,OK,24.92,OK
2022-04-04 13:00:00,39.65,OK,0.4,BDL,null,OS,null,OS,2.06,OK,22.64,OK,10.13,OK
2022-04-04 14:00:00,39.12,OK,0.51,BDL,null,OS,null,OS,2.05,OK,24.66,OK,8.66,OK
2022-04-04 15:00:00,39.89,OK,0.46,BDL,null,OS,null,OS,2.04,OK,28.62,OK,8.18,OK
2022-04-04 16:00:00,34.48,OK,0.48,BDL,null,OS,null,OS,2.1,OK,35.37,OK,7.87,OK
2022-04-04 17:00:00,30.92,OK,0.47,BDL,null,OS,null,OS,2.08,OK,49.17,OK,14.03,OK
2022-04-04 18:00:00,27.87,OK,0.47,BDL,null,OS,null,OS,2.09,OK,41.07,OK,0.23,BDL
2022-04-04 19:00:00,25.93,OK,0.42,BDL,null,OS,null,OS,2.06,OK,29.14,OK,-4.59,OR
2022-04-04 20:00:00,26.71,OK,0.66,BDL,null,OS,null,OS,2.03,OK,18.71,OK,-0.65,BDL
2022-04-04 21:00:00,24.61,OK,0.46,BDL,null,OS,null,OS,2.01,OK,22.8,OK,6.52,OK
2022-04-04 22:00:00,24.06,OK,0.39,BDL,null,OS,null,OS,2.01,OK,18.62,OK,-1.13,BDL
2022-04-04 23:00:00,18.65,OK,0.46,BDL,null,OS,null,OS,2.03,OK,22.49,OK,9.32,OK
2022-04-05 00:00:00,16.31,OK,0.46,BDL,null,OS,null,OS,2.0,OK,31.37,OK,2.72,BDL
2022-04-05 01:00:00,21.15,OK,0.47,BDL,null,OS,null,OS,1.94,OK,21.12,OK,3.83,BDL
2022-04-05 02:00:00,14.25,OK,0.43,BDL,null,OS,null,OS,1.98,OK,33.43,OK,13.54,OK
2022-04-05 03:00:00,8.87,OK,0.46,BDL,null,OS,null,OS,2.0,OK,18.59,OK,-1.43,BDL
2022-04-05 04:00:00,1.23,OK,0.45,BDL,null,OS,null,OS,2.02,OK,44.21,OK,23.08,OK
2022-04-05 05:00:00,2.16,OK,0.66,BDL,null,OS,null,OS,2.17,OK,49.56,OK,11.7,OK
2022-04-05 06:00:00,9.24,OK,0.68,BDL,null,OS,null,OS,2.22,OK,58.02,OK,14.28,OK
2022-04-05 07:00:00,22.04,OK,0.61,BDL,null,OS,null,OS,2.07,OK,32.5,OK,7.84,OK
2022-04-05 08:00:00,25.73,OK,0.6,BDL,null,OS,null,OS,2.09,OK,-61.4,OR,8.49,OK
2022-04-05 09:00:00,30.45,OK,0.53,BDL,null,OS,null,OS,2.09,OK,-362.65,OR,7.21,OK
2022-04-05 10:00:00,41.06,OK,0.59,BDL,null,OS,null,OS,2.08,OK,0.0,BDL,20.68,OK
2022-04-05 11:00:00,46.26,OK,0.55,BDL,null,OS,null,OS,2.07,OK,0.0,BDL,21.29,OK
2022-04-05 12:00:00,42.01,OK,0.54,BDL,null,OS,null,OS,2.08,OK,0.0,BDL,17.48,OK
2022-04-05 13:00:00,42.01,OK,0.52,BDL,null,OS,null,OS,2.11,OK,0.0,BDL,16.98,OK
2022-04-05 14:00:00,40.3,OK,0.47,BDL,null,OS,null,OS,2.09,OK,0.0,BDL,18.54,OK
2022-04-05 15:00:00,36.62,OK,0.52,BDL,null,OS,null,OS,2.04,OK,0.0,BDL,2.64,BDL
2022-04-05 16:00:00,34.68,OK,0.47,BDL,null,OS,null,OS,2.07,OK,0.0,BDL,-8.1,OR
2022-04-05 17:00:00,33.61,OK,0.5,BDL,null,OS,null,OS,2.06,OK,0.0,BDL,4.04,OK
2022-04-05 18:00:00,28.12,OK,0.43,BDL,null,OS,null,OS,2.09,OK,0.0,BDL,2.35,BDL
2022-04-05 19:00:00,27.43,OK,0.49,BDL,null,OS,null,OS,2.13,OK,0.0,BDL,2.45,BDL
2022-04-05 20:00:00,28.57,OK,0.49,BDL,null,OS,null,OS,2.09,OK,0.0,BDL,2.79,BDL
2022-04-05 21:00:00,25.17,OK,0.43,BDL,null,OS,null,OS,2.14,OK,0.0,BDL,4.67,OK
2022-04-05 22:00:00,21.77,OK,0.44,BDL,null,OS,null,OS,2.12,OK,0.0,BDL,11.41,OK
2022-04-05 23:00:00,17.08,OK,0.41,BDL,null,OS,null,OS,2.2,OK,0.0,BDL,15.62,OK
2022-04-06 00:00:00,10.71,OK,0.47,BDL,null,OS,null,OS,2.11,OK,0.0,BDL,12.69,OK
2022-04-06 01:00:00,11.85,OK,0.48,BDL,null,OS,null,OS,2.04,OK,0.0,BDL,15.87,OK
2022-04-06 02:00:00,9.98,OK,0.5,BDL,null,OS,null,OS,2.04,OK,0.0,BDL,22.35,OK
2022-04-06 03:00:00,8.55,OK,0.38,BDL,null,OS,null,OS,1.98,OK,0.0,BDL,9.96,OK
2022-04-06 04:00:00,4.67,OK,0.42,BDL,null,OS,null,OS,1.98,OK,0.0,BDL,8.49,OK
2022-04-06 05:00:00,2.38,OK,0.55,BDL,null,OS,null,OS,2.23,OK,0.0,BDL,14.97,OK
2022-04-06 06:00:00,5.36,OK,0.83,BDL,null,OS,null,OS,2.34,OK,0.0,BDL,32.22,OK
2022-04-06 07:00:00,13.6,OK,0.84,BDL,null,OS,null,OS,2.31,OK,0.0,BDL,10.22,OK
2022-04-06 08:00:00,23.64,OK,0.75,BDL,null,OS,null,OS,2.38,OK,0.0,BDL,10.09,OK
2022-04-06 09:00:00,38.72,OK,0.7,BDL,null,OS,null,OS,2.34,OK,0.0,BDL,28.04,OK
2022-04-06 10:00:00,47.27,OK,0.74,BDL,null,OS,null,OS,2.12,OK,0.0,BDL,29.82,OK
2022-04-06 11:00:00,43.05,OK,0.7,BDL,null,OS,null,OS,2.09,OK,0.0,BDL,49.03,OK
2022-04-06 12:00:00,43.0,OK,0.58,BDL,null,OS,null,OS,2.09,OK,0.0,BDL,15.07,OK
2022-04-06 13:00:00,41.12,OK,0.58,BDL,null,OS,null,OS,2.08,OK,0.0,BDL,17.43,OK
2022-04-06 14:00:00,38.62,OK,0.55,BDL,null,OS,null,OS,2.1,OK,0.0,BDL,21.91,OK
2022-04-06 15:00:00,38.36,OK,0.48,BDL,null,OS,null,OS,2.1,OK,0.0,BDL,18.66,OK
2022-04-06 16:00:00,36.29,OK,0.74,BDL,null,OS,null,OS,2.16,OK,0.0,BDL,14.21,OK
2022-04-06 17:00:00,34.13,OK,0.65,BDL,null,OS,null,OS,2.11,OK,0.0,BDL,14.4,OK
2022-04-06 18:00:00,30.3,OK,0.49,BDL,null,OS,null,OS,2.1,OK,0.0,BDL,0.37,BDL
2022-04-06 19:00:00,28.67,OK,0.5,BDL,null,OS,null,OS,2.08,OK,0.0,BDL,-7.39,OR
2022-04-06 20:00:00,26.29,OK,0.42,BDL,null,OS,null,OS,2.1,OK,0.0,BDL,4.06,OK
2022-04-06 21:00:00,27.85,OK,0.44,BDL,null,OS,null,OS,2.08,OK,0.0,BDL,4.82,OK
2022-04-06 22:00:00,21.86,OK,0.52,BDL,null,OS,null,OS,2.14,OK,0.0,BDL,9.84,OK
2022-04-06 23:00:00,14.74,OK,0.56,BDL,null,OS,null,OS,2.16,OK,0.0,BDL,10.31,OK
2022-04-07 00:00:00,5.84,OK,0.58,BDL,null,OS,null,OS,2.22,OK,0.0,BDL,5.73,OK
2022-04-07 01:00:00,13.82,OK,0.56,BDL,null,OS,null,OS,2.05,OK,0.0,BDL,15.65,OK
2022-04-07 02:00:00,24.12,OK,0.53,BDL,null,OS,null,OS,1.96,OK,0.0,BDL,5.14,OK
2022-04-07 03:00:00,20.35,OK,0.5,BDL,null,OS,null,OS,1.98,OK,0.0,BDL,15.32,OK
2022-04-07 04:00:00,20.05,OK,0.47,BDL,null,OS,null,OS,2.0,OK,0.0,BDL,1.61,BDL
2022-04-07 05:00:00,12.96,OK,0.5,BDL,null,OS,null,OS,2.11,OK,0.0,BDL,10.1,OK
2022-04-07 06:00:00,8.71,OK,0.79,BDL,null,OS,null,OS,2.41,OK,0.0,BDL,9.45,OK
2022-04-07 07:00:00,7.64,OK,1.28,OK,null,OS,null,OS,3.09,OK,0.0,BDL,12.37,OK
2022-04-07 08:00:00,31.82,OK,0.76,BDL,null,OS,null,OS,2.35,OK,0.0,BDL,33.01,OK
2022-04-07 09:00:00,48.87,OK,0.52,BDL,null,OS,null,OS,1.93,OK,0.0,BDL,23.74,OK
2022-04-07 10:00:00,53.08,OK,0.63,BDL,null,OS,null,OS,1.92,OK,0.0,BDL,15.95,OK
2022-04-07 11:00:00,56.2,OK,0.57,BDL,null,OS,null,OS,2.03,OK,0.0,BDL,24.09,OK
2022-04-07 12:00:00,58.6,OK,0.47,BDL,null,OS,null,OS,2.01,OK,0.0,BDL,26.96,OK
2022-04-07 13:00:00,57.55,OK,0.42,BDL,null,OS,null,OS,2.0,OK,0.0,BDL,21.26,OK
2022-04-07 14:00:00,52.95,OK,0.41,BDL,null,OS,null,OS,2.08,OK,0.0,BDL,22.2,OK
2022-04-07 15:00:00,51.67,OK,0.49,BDL,null,OS,null,OS,2.09,OK,0.0,BDL,15.64,OK
2022-04-07 16:00:00,42.11,OK,0.43,BDL,null,OS,null,OS,2.07,OK,0.0,BDL,-9.32,OR
2022-04-07 17:00:00,32.66,OK,0.47,BDL,null,OS,null,OS,2.19,OK,0.0,BDL,-1.81,BDL
2022-04-07 18:00:00,25.59,OK,0.54,BDL,null,OS,null,OS,2.2,OK,0.0,BDL,-1.92,BDL
2022-04-07 19:00:00,22.28,OK,0.53,BDL,null,OS,null,OS,2.17,OK,0.0,BDL,-7.59,OR
2022-04-07 20:00:00,23.22,OK,0.46,BDL,null,OS,null,OS,2.13,OK,0.0,BDL,5.73,OK
2022-04-07 21:00:00,16.49,OK,0.56,BDL,null,OS,null,OS,2.25,OK,0.0,BDL,2.99,BDL
2022-04-07 22:00:00,4.41,OK,0.64,BDL,null,OS,null,OS,2.43,OK,0.0,BDL,5.84,OK
2022-04-07 23:00:00,13.33,OK,1.07,OK,null,OS,null,OS,2.1,OK,0.0,BDL,14.84,OK
2022-04-08 00:00:00,20.47,OK,0.76,BDL,null,OS,null,OS,1.98,OK,0.0,BDL,8.81,OK
2022-04-08 01:00:00,17.14,OK,0.84,BDL,null,OS,null,OS,1.95,OK,0.0,BDL,8.03,OK
2022-04-08 02:00:00,21.94,OK,0.73,BDL,null,OS,null,OS,1.92,OK,0.0,BDL,2.14,BDL
2022-04-08 03:00:00,28.26,OK,0.63,BDL,null,OS,null,OS,1.92,OK,0.0,BDL,-0.38,BDL
2022-04-08 04:00:00,32.35,OK,0.53,BDL,null,OS,null,OS,1.91,OK,0.0,BDL,0.07,BDL
2022-04-08 05:00:00,10.95,OK,0.73,BDL,null,OS,null,OS,2.09,OK,0.0,BDL,15.31,OK
2022-04-08 06:00:00,7.95,OK,1.09,OK,null,OS,null,OS,2.46,OK,0.0,BDL,7.63,OK
2022-04-08 07:00:00,18.16,OK,1.1,OK,null,OS,null,OS,2.34,OK,0.0,BDL,25.22,OK
2022-04-08 08:00:00,41.41,OK,1.3,OK,null,OS,null,OS,2.03,OK,0.0,BDL,30.62,OK
2022-04-08 09:00:00,47.37,OK,1.06,OK,null,OS,null,OS,2.0,OK,0.0,BDL,11.01,OK
2022-04-08 10:00:00,49.39,OK,1.09,OK,null,OS,null,OS,2.08,OK,0.0,BDL,23.7,OK
2022-04-08 11:00:00,49.03,OK,0.97,BDL,null,OS,null,OS,2.15,OK,0.0,BDL,21.0,OK
2022-04-08 12:00:00,47.59,OK,0.92,BDL,null,OS,null,OS,2.18,OK,0.0,BDL,18.11,OK
2022-04-08 13:00:00,43.94,OK,0.84,BDL,null,OS,null,OS,2.24,OK,0.0,BDL,20.32,OK
2022-04-08 14:00:00,44.69,OK,0.9,BDL,null,OS,null,OS,2.19,OK,0.0,BDL,12.32,OK
2022-04-08 15:00:00,42.85,OK,0.83,BDL,null,OS,null,OS,2.22,OK,0.0,BDL,26.95,OK
2022-04-08 16:00:00,40.85,OK,1.08,OK,null,OS,null,OS,2.25,OK,0.0,BDL,21.01,OK
2022-04-08 17:00:00,37.94,OK,0.93,BDL,null,OS,null,OS,2.25,OK,0.0,BDL,7.13,OK
2022-04-08 18:00:00,32.25,OK,0.88,BDL,null,OS,null,OS,2.28,OK,0.0,BDL,-0.49,BDL
2022-04-08 19:00:00,26.04,OK,0.91,BDL,null,OS,null,OS,2.3,OK,0.0,BDL,10.98,OK
2022-04-08 20:00:00,18.08,OK,0.79,BDL,null,OS,null,OS,2.34,OK,0.0,BDL,14.88,OK
2022-04-08 21:00:00,19.72,OK,0.7,BDL,null,OS,null,OS,2.27,OK,0.0,BDL,9.82,OK
2022-04-08 22:00:00,15.62,OK,0.65,BDL,null,OS,null,OS,2.29,OK,0.0,BDL,4.7,OK
2022-04-08 23:00:00,1.59,OK,0.69,BDL,null,OS,null,OS,2.6,OK,0.0,BDL,13.37,OK
2022-04-09 00:00:00,0.37,BDL,0.76,BDL,null,OS,null,OS,2.74,OK,0.0,BDL,16.0,OK
2022-04-09 01:00:00,14.38,OK,0.65,BDL,null,OS,null,OS,2.18,OK,0.0,BDL,12.89,OK
2022-04-09 02:00:00,19.18,OK,0.6,BDL,null,OS,null,OS,2.06,OK,0.0,BDL,15.19,OK
2022-04-09 03:00:00,22.76,OK,0.69,BDL,null,OS,null,OS,2.04,OK,0.0,BDL,6.36,OK
2022-04-09 04:00:00,30.18,OK,0.84,BDL,null,OS,null,OS,2.03,OK,0.0,BDL,0.44,BDL
2022-04-09 05:00:00,24.08,OK,0.75,BDL,null,OS,null,OS,2.07,OK,0.0,BDL,7.13,OK
2022-04-09 06:00:00,30.48,OK,0.72,BDL,null,OS,null,OS,2.07,OK,0.0,BDL,10.0,OK
2022-04-09 07:00:00,33.76,OK,0.79,BDL,null,OS,null,OS,2.09,OK,0.0,BDL,-2.3,BDL
2022-04-09 08:00:00,37.6,OK,0.74,BDL,null,OS,null,OS,2.09,OK,0.0,BDL,4.12,OK
2022-04-09 09:00:00,45.86,OK,0.74,BDL,null,OS,null,OS,2.06,OK,0.0,BDL,15.45,OK
2022-04-09 10:00:00,48.06,OK,0.65,BDL,null,OS,null,OS,2.05,OK,0.0,BDL,7.77,OK
2022-04-09 11:00:00,48.22,OK,0.62,BDL,null,OS,null,OS,2.08,OK,0.0,BDL,12.02,OK
2022-04-09 12:00:00,46.18,OK,0.65,BDL,null,OS,null,OS,2.11,OK,0.0,BDL,23.95,OK
2022-04-09 13:00:00,45.94,OK,0.73,BDL,null,OS,null,OS,2.1,OK,0.0,BDL,11.59,OK
2022-04-09 14:00:00,46.59,OK,0.7,BDL,null,OS,null,OS,2.06,OK,0.0,BDL,15.53,OK
2022-04-09 15:00:00,41.55,OK,0.58,BDL,null,OS,null,OS,2.06,OK,0.0,BDL,14.31,OK
2022-04-09 16:00:00,39.68,OK,0.47,BDL,null,OS,null,OS,2.05,OK,0.0,BDL,12.32,OK
2022-04-09 17:00:00,36.06,OK,0.48,BDL,null,OS,null,OS,2.08,OK,0.0,BDL,10.09,OK
2022-04-09 18:00:00,32.61,OK,0.57,BDL,null,OS,null,OS,2.12,OK,0.0,BDL,3.49,BDL
2022-04-09 19:00:00,26.07,OK,0.67,BDL,null,OS,null,OS,2.21,OK,0.0,BDL,3.71,BDL
2022-04-09 20:00:00,22.28,OK,0.76,BDL,null,OS,null,OS,2.21,OK,0.0,BDL,9.64,OK
2022-04-09 21:00:00,15.63,OK,0.67,BDL,null,OS,null,OS,2.31,OK,0.0,BDL,9.73,OK
2022-04-09 22:00:00,27.63,OK,0.65,BDL,null,OS,null,OS,2.13,OK,0.0,BDL,10.03,OK
2022-04-09 23:00:00,34.28,OK,0.56,BDL,null,OS,null,OS,2.03,OK,0.0,BDL,2.46,BDL
2022-04-10 00:00:00,34.54,OK,0.54,BDL,null,OS,null,OS,2.02,OK,0.0,BDL,10.07,OK
2022-04-10 01:00:00,33.7,OK,0.48,BDL,null,OS,null,OS,2.03,OK,0.0,BDL,10.39,OK
2022-04-10 02:00:00,33.79,OK,0.49,BDL,null,OS,null,OS,2.01,OK,0.0,BDL,10.79,OK
2022-04-10 03:00:00,29.37,OK,0.45,BDL,null,OS,null,OS,2.02,OK,0.0,BDL,21.35,OK
2022-04-10 04:00:00,17.25,OK,0.42,BDL,null,OS,null,OS,2.03,OK,0.0,BDL,24.95,OK
2022-04-10 05:00:00,12.39,OK,0.41,BDL,null,OS,null,OS,2.04,OK,0.0,BDL,16.39,OK
2022-04-10 06:00:00,14.99,OK,0.44,BDL,null,OS,null,OS,2.05,OK,0.0,BDL,-0.31,BDL
2022-04-10 07:00:00,19.57,OK,0.46,BDL,null,OS,null,OS,2.05,OK,0.0,BDL,-1.2,BDL
2022-04-10 08:00:00,21.58,OK,0.45,BDL,null,OS,null,OS,2.05,OK,0.0,BDL,-3.96,BDL
2022-04-10 09:00:00,27.2,OK,0.46,BDL,null,OS,null,OS,2.04,OK,0.0,BDL,-6.26,OR
2022-04-10 10:00:00,33.1,OK,0.53,BDL,null,OS,null,OS,2.03,OK,0.0,BDL,4.16,OK
2022-04-10 11:00:00,32.75,OK,0.43,BDL,null,OS,null,OS,2.04,OK,0.0,BDL,9.69,OK
2022-04-10 12:00:00,31.11,OK,0.42,BDL,null,OS,null,OS,2.05,OK,0.0,BDL,17.84,OK
2022-04-10 13:00:00,32.45,OK,0.43,BDL,null,OS,null,OS,2.07,OK,0.0,BDL,14.28,OK
2022-04-10 14:00:00,33.57,OK,0.51,BDL,null,OS,null,OS,2.05,OK,0.0,BDL,18.36,OK
2022-04-10 15:00:00,32.99,OK,0.48,BDL,null,OS,null,OS,2.04,OK,0.0,BDL,1.02,BDL
2022-04-10 16:00:00,33.48,OK,0.41,BDL,null,OS,null,OS,2.03,OK,0.0,BDL,7.82,OK
2022-04-10 17:00:00,31.25,OK,0.42,BDL,null,OS,null,OS,2.06,OK,0.0,BDL,3.32,BDL
2022-04-10 18:00:00,25.14,OK,0.47,BDL,null,OS,null,OS,2.11,OK,0.0,BDL,1.5,BDL
2022-04-10 19:00:00,20.53,OK,0.43,BDL,null,OS,null,OS,2.14,OK,0.0,BDL,4.32,OK
2022-04-10 20:00:00,20.17,OK,0.46,BDL,null,OS,null,OS,2.15,OK,0.0,BDL,1.46,BDL
2022-04-10 21:00:00,23.91,OK,0.37,BDL,null,OS,null,OS,2.08,OK,0.0,BDL,10.29,OK
2022-04-10 22:00:00,25.26,OK,0.39,BDL,null,OS,null,OS,2.03,OK,0.0,BDL,7.17,OK
2022-04-10 23:00:00,24.6,OK,0.34,BDL,null,OS,null,OS,2.02,OK,0.0,BDL,9.62,OK
2022-04-11 00:00:00,25.03,OK,0.4,BDL,null,OS,null,OS,2.01,OK,0.0,BDL,6.08,OK
2022-04-11 01:00:00,26.85,OK,0.37,BDL,null,OS,null,OS,1.99,OK,0.0,BDL,3.54,BDL
2022-04-11 02:00:00,25.46,OK,0.42,BDL,null,OS,null,OS,1.99,OK,0.0,BDL,12.25,OK
2022-04-11 03:00:00,19.15,OK,0.43,BDL,null,OS,null,OS,2.0,OK,0.0,BDL,13.99,OK
2022-04-11 04:00:00,15.13,OK,0.34,BDL,null,OS,null,OS,2.02,OK,0.0,BDL,17.66,OK
2022-04-11 05:00:00,13.28,OK,0.39,BDL,null,OS,null,OS,2.06,OK,0.0,BDL,8.89,OK
2022-04-11 06:00:00,16.07,OK,0.38,BDL,null,OS,null,OS,2.1,OK,0.0,BDL,-14.94,OR
2022-04-11 07:00:00,20.98,OK,0.4,BDL,null,OS,null,OS,2.11,OK,0.0,BDL,2.86,BDL
2022-04-11 08:00:00,27.75,OK,0.46,BDL,null,OS,null,OS,2.09,OK,0.0,BDL,-2.95,BDL
2022-04-11 09:00:00,30.11,OK,0.47,BDL,null,OS,null,OS,2.11,OK,0.0,BDL,2.72,BDL
2022-04-11 10:00:00,31.57,OK,0.44,BDL,null,OS,null,OS,2.08,OK,0.0,BDL,8.08,OK
2022-04-11 11:00:00,33.4,OK,0.4,BDL,null,OS,null,OS,2.09,OK,0.0,BDL,14.01,OK
2022-04-11 12:00:00,34.38,OK,0.47,BDL,null,OS,null,OS,2.09,OK,0.0,BDL,10.82,OK
2022-04-11 13:00:00,37.15,OK,0.45,BDL,null,OS,null,OS,2.07,OK,0.0,BDL,28.8,OK
2022-04-11 14:00:00,35.58,OK,0.4,BDL,null,OS,null,OS,2.09,OK,0.0,BDL,20.41,OK
2022-04-11 15:00:00,34.51,OK,0.47,BDL,null,OS,null,OS,2.07,OK,0.0,BDL,25.35,OK
2022-04-11 16:00:00,35.13,OK,0.46,BDL,null,OS,null,OS,2.05,OK,0.0,BDL,10.04,OK
2022-04-11 17:00:00,27.91,OK,0.38,BDL,null,OS,null,OS,2.11,OK,0.0,BDL,8.0,OK
2022-04-11 18:00:00,25.64,OK,0.69,BDL,null,OS,null,OS,2.15,OK,0.0,BDL,7.87,OK
2022-04-11 19:00:00,21.42,OK,0.64,BDL,null,OS,null,OS,2.21,OK,0.0,BDL,11.54,OK
2022-04-11 20:00:00,19.25,OK,0.59,BDL,null,OS,null,OS,2.2,OK,0.0,BDL,6.45,OK
2022-04-11 21:00:00,12.59,OK,0.56,BDL,null,OS,null,OS,2.2,OK,0.0,BDL,9.96,OK
2022-04-11 22:00:00,4.4,OK,0.59,BDL,null,OS,null,OS,2.31,OK,0.0,BDL,14.67,OK
2022-04-11 23:00:00,19.96,OK,0.51,BDL,null,OS,null,OS,2.11,OK,0.0,BDL,9.42,OK
2022-04-12 00:00:00,22.32,OK,0.42,BDL,null,OS,null,OS,2.05,OK,0.0,BDL,10.77,OK
2022-04-12 01:00:00,20.64,OK,0.42,BDL,null,OS,null,OS,2.03,OK,0.0,BDL,3.59,BDL
2022-04-12 02:00:00,18.12,OK,0.43,BDL,null,OS,null,OS,2.04,OK,0.0,BDL,17.31,OK
2022-04-12 03:00:00,14.36,OK,0.43,BDL,null,OS,null,OS,2.05,OK,0.0,BDL,3.45,BDL
2022-04-12 04:00:00,7.66,OK,0.44,BDL,null,OS,null,OS,2.13,OK,0.0,BDL,25.02,OK
2022-04-12 05:00:00,7.54,OK,0.49,BDL,null,OS,null,OS,2.18,OK,0.0,BDL,15.04,OK
2022-04-12 06:00:00,12.5,OK,0.52,BDL,null,OS,null,OS,2.25,OK,0.0,BDL,10.96,OK
2022-04-12 07:00:00,23.47,OK,0.43,BDL,null,OS,null,OS,2.17,OK,0.0,BDL,15.38,OK
2022-04-12 08:00:00,28.92,OK,0.47,BDL,null,OS,null,OS,2.11,OK,0.0,BDL,2.26,BDL
2022-04-12 09:00:00,34.04,OK,0.48,BDL,null,OS,null,OS,2.07,OK,0.0,BDL,7.29,OK
2022-04-12 10:00:00,33.6,OK,0.45,BDL,null,OS,null,OS,2.1,OK,0.0,BDL,3.68,BDL
2022-04-12 11:00:00,37.78,OK,0.49,BDL,null,OS,null,OS,2.07,OK,0.0,BDL,10.06,OK
2022-04-12 12:00:00,37.07,OK,0.48,BDL,null,OS,null,OS,2.07,OK,0.0,BDL,10.14,OK
2022-04-12 13:00:00,36.58,OK,0.43,BDL,null,OS,null,OS,2.05,OK,0.0,BDL,5.69,OK
2022-04-12 14:00:00,33.49,OK,0.47,BDL,null,OS,null,OS,2.1,OK,0.0,BDL,13.33,OK
2022-04-12 15:00:00,34.52,OK,0.46,BDL,null,OS,null,OS,2.08,OK,0.0,BDL,14.43,OK
2022-04-12 16:00:00,34.46,OK,0.43,BDL,null,OS,null,OS,2.1,OK,0.0,BDL,7.57,OK
2022-04-12 17:00:00,32.64,OK,0.44,BDL,null,OS,null,OS,2.12,OK,0.0,BDL,8.17,OK
2022-04-12 18:00:00,26.77,OK,0.46,BDL,null,OS,null,OS,2.23,OK,0.0,BDL,-2.03,BDL
2022-04-12 19:00:00,26.25,OK,0.6,BDL,null,OS,null,OS,2.22,OK,0.0,BDL,5.64,OK
2022-04-12 20:00:00,25.01,OK,0.57,BDL,null,OS,null,OS,2.19,OK,0.0,BDL,4.58,OK
2022-04-12 21:00:00,21.64,OK,0.63,BDL,null,OS,null,OS,2.15,OK,0.0,BDL,12.09,OK
2022-04-12 22:00:00,15.71,OK,0.59,BDL,null,OS,null,OS,2.22,OK,0.0,BDL,11.44,OK
2022-04-12 23:00:00,22.58,OK,0.61,BDL,null,OS,null,OS,2.11,OK,0.0,BDL,10.76,OK
2022-04-13 00:00:00,27.0,OK,0.52,BDL,null,OS,null,OS,2.04,OK,0.0,BDL,18.09,OK
2022-04-13 01:00:00,26.49,OK,0.41,BDL,null,OS,null,OS,2.02,OK,0.0,BDL,13.96,OK
2022-04-13 02:00:00,26.3,OK,0.51,BDL,null,OS,null,OS,1.99,OK,0.0,BDL,1.87,BDL
2022-04-13 03:00:00,36.57,OK,0.52,BDL,null,OS,null,OS,1.95,OK,0.0,BDL,4.21,OK
2022-04-13 04:00:00,24.97,OK,0.5,BDL,null,OS,null,OS,1.99,OK,0.0,BDL,21.44,OK
2022-04-13 05:00:00,36.2,OK,0.44,BDL,null,OS,null,OS,1.98,OK,0.0,BDL,-9.42,OR
2022-04-13 06:00:00,24.9,OK,0.54,BDL,null,OS,null,OS,2.22,OK,0.0,BDL,8.91,OK
2022-04-13 07:00:00,32.76,OK,0.58,BDL,null,OS,null,OS,2.22,OK,0.0,BDL,-0.62,BDL
2022-04-13 08:00:00,44.73,OK,0.52,BDL,null,OS,null,OS,2.14,OK,0.0,BDL,24.41,OK
2022-04-13 09:00:00,55.55,OK,0.43,BDL,null,OS,null,OS,2.04,OK,0.0,BDL,19.67,OK
2022-04-13 10:00:00,60.59,OK,0.46,BDL,null,OS,null,OS,2.05,OK,0.0,BDL,8.48,OK
2022-04-13 11:00:00,57.8,OK,0.48,BDL,null,OS,null,OS,2.06,OK,0.0,BDL,13.36,OK
2022-04-13 12:00:00,53.48,OK,0.51,BDL,null,OS,null,OS,2.07,OK,0.0,BDL,12.38,OK
2022-04-13 13:00:00,53.33,OK,0.47,BDL,null,OS,null,OS,2.07,OK,0.0,BDL,14.57,OK
2022-04-13 14:00:00,53.89,OK,0.48,BDL,null,OS,null,OS,2.08,OK,0.0,BDL,10.99,OK
2022-04-13 15:00:00,53.21,OK,0.38,BDL,null,OS,null,OS,2.11,OK,0.0,BDL,4.09,OK
2022-04-13 16:00:00,52.44,OK,0.42,BDL,null,OS,null,OS,2.08,OK,0.0,BDL,15.04,OK
2022-04-13 17:00:00,45.14,OK,0.45,BDL,null,OS,null,OS,2.08,OK,0.0,BDL,12.52,OK
2022-04-13 18:00:00,36.71,OK,0.51,BDL,null,OS,null,OS,2.16,OK,0.0,BDL,8.53,OK
2022-04-13 19:00:00,33.45,OK,0.47,BDL,null,OS,null,OS,2.16,OK,0.0,BDL,3.03,BDL
2022-04-13 20:00:00,29.24,OK,0.43,BDL,null,OS,null,OS,2.18,OK,0.0,BDL,5.02,OK
2022-04-13 21:00:00,22.22,OK,0.57,BDL,null,OS,null,OS,2.27,OK,0.0,BDL,9.03,OK
2022-04-13 22:00:00,11.83,OK,0.59,BDL,null,OS,null,OS,2.37,OK,0.0,BDL,8.16,OK
2022-04-13 23:00:00,14.11,OK,0.76,BDL,null,OS,null,OS,2.3,OK,0.0,BDL,15.6,OK
2022-04-14 00:00:00,30.91,OK,0.68,BDL,null,OS,null,OS,2.09,OK,0.0,BDL,23.18,OK
2022-04-14 01:00:00,31.88,OK,0.58,BDL,null,OS,null,OS,2.05,OK,0.0,BDL,17.53,OK
2022-04-14 02:00:00,31.93,OK,0.55,BDL,null,OS,null,OS,2.02,OK,0.0,BDL,14.7,OK
2022-04-14 03:00:00,26.71,OK,0.53,BDL,null,OS,null,OS,2.08,OK,0.0,BDL,8.73,OK
2022-04-14 04:00:00,17.38,OK,0.67,BDL,null,OS,null,OS,2.03,OK,0.0,BDL,4.94,OK
2022-04-14 05:00:00,13.4,OK,0.74,BDL,null,OS,null,OS,2.04,OK,0.0,BDL,14.3,OK
2022-04-14 06:00:00,16.94,OK,0.85,BDL,null,OS,null,OS,2.1,OK,0.0,BDL,3.72,BDL
2022-04-14 07:00:00,25.26,OK,0.81,BDL,null,OS,null,OS,2.13,OK,0.0,BDL,15.75,OK
2022-04-14 08:00:00,31.97,OK,0.74,BDL,null,OS,null,OS,2.15,OK,0.0,BDL,14.61,OK
2022-04-14 09:00:00,43.55,OK,0.71,BDL,null,OS,null,OS,2.12,OK,0.0,BDL,12.74,OK
2022-04-14 10:00:00,54.03,OK,0.63,BDL,null,OS,null,OS,2.1,OK,0.0,BDL,16.98,OK
2022-04-14 11:00:00,62.77,OK,0.56,BDL,null,OS,null,OS,2.12,OK,0.0,BDL,19.16,OK
2022-04-14 12:00:00,65.04,OK,1.12,OK,null,OS,null,OS,2.07,OK,0.0,BDL,13.11,OK
2022-04-14 13:00:00,58.96,OK,0.65,BDL,null,OS,null,OS,2.06,OK,0.0,BDL,16.32,OK
2022-04-14 14:00:00,57.09,OK,0.5,BDL,null,OS,null,OS,2.07,OK,0.0,BDL,7.87,OK
2022-04-14 15:00:00,57.02,OK,0.45,BDL,null,OS,null,OS,2.06,OK,0.0,BDL,14.08,OK
2022-04-14 16:00:00,56.46,OK,0.48,BDL,null,OS,null,OS,2.07,OK,0.0,BDL,11.58,OK
2022-04-14 17:00:00,47.34,OK,0.54,BDL,null,OS,null,OS,2.14,OK,0.0,BDL,6.14,OK
2022-04-14 18:00:00,35.51,OK,0.59,BDL,null,OS,null,OS,2.21,OK,0.0,BDL,5.97,OK
2022-04-14 19:00:00,33.85,OK,0.63,BDL,null,OS,null,OS,2.24,OK,0.0,BDL,0.18,BDL
2022-04-14 20:00:00,36.68,OK,0.64,BDL,null,OS,null,OS,2.18,OK,0.0,BDL,3.21,BDL
2022-04-14 21:00:00,30.02,OK,0.62,BDL,null,OS,null,OS,2.23,OK,0.0,BDL,5.25,OK
2022-04-14 22:00:00,24.4,OK,0.69,BDL,null,OS,null,OS,2.24,OK,0.0,BDL,4.0,OK
2022-04-14 23:00:00,11.1,OK,0.94,BDL,null,OS,null,OS,2.39,OK,0.0,BDL,16.28,OK
2022-04-15 00:00:00,18.69,OK,1.02,OK,null,OS,null,OS,2.2,OK,0.0,BDL,10.97,OK
2022-04-15 01:00:00,23.86,OK,0.98,BDL,null,OS,null,OS,2.11,OK,0.0,BDL,15.75,OK
2022-04-15 02:00:00,20.02,OK,0.88,BDL,null,OS,null,OS,2.08,OK,0.0,BDL,11.71,OK
2022-04-15 03:00:00,22.15,OK,0.86,BDL,null,OS,null,OS,2.01,OK,0.0,BDL,18.89,OK
2022-04-15 04:00:00,14.88,OK,0.79,BDL,null,OS,null,OS,2.03,OK,0.0,BDL,18.44,OK
2022-04-15 05:00:00,15.3,OK,1.03,OK,null,OS,null,OS,2.04,OK,0.0,BDL,11.75,OK
2022-04-15 06:00:00,21.02,OK,0.92,BDL,null,OS,null,OS,2.07,OK,0.0,BDL,3.8,BDL
2022-04-15 07:00:00,35.04,OK,0.74,BDL,null,OS,null,OS,2.05,OK,0.0,BDL,6.02,OK
2022-04-15 08:00:00,38.18,OK,0.71,BDL,null,OS,null,OS,2.06,OK,0.0,BDL,11.12,OK
2022-04-15 09:00:00,51.01,OK,0.78,BDL,null,OS,null,OS,2.05,OK,0.0,BDL,7.71,OK
2022-04-15 10:00:00,57.15,OK,0.61,BDL,null,OS,null,OS,2.07,OK,0.0,BDL,14.71,OK
2022-04-15 11:00:00,64.94,OK,0.61,BDL,null,OS,null,OS,2.05,OK,0.0,BDL,18.98,OK
2022-04-15 12:00:00,62.9,OK,0.65,BDL,null,OS,null,OS,2.03,OK,0.0,BDL,22.1,OK
2022-04-15 13:00:00,61.44,OK,0.54,BDL,null,OS,null,OS,2.03,OK,0.0,BDL,12.08,OK
2022-04-15 14:00:00,60.79,OK,0.57,BDL,null,OS,null,OS,2.05,OK,0.0,BDL,7.75,OK
2022-04-15 15:00:00,58.05,OK,0.66,BDL,null,OS,null,OS,2.04,OK,0.0,BDL,-1.52,BDL
2022-04-15 16:00:00,54.65,OK,0.65,BDL,null,OS,null,OS,2.06,OK,0.0,BDL,8.97,OK
2022-04-15 17:00:00,49.92,OK,0.72,BDL,null,OS,null,OS,2.1,OK,0.0,BDL,0.78,BDL
2022-04-15 18:00:00,41.08,OK,1.26,OK,null,OS,null,OS,2.2,OK,0.0,BDL,2.8,BDL
2022-04-15 19:00:00,36.64,OK,0.94,BDL,null,OS,null,OS,2.25,OK,0.0,BDL,1.48,BDL
2022-04-15 20:00:00,22.68,OK,1.16,OK,null,OS,null,OS,2.35,OK,0.0,BDL,5.84,OK
2022-04-15 21:00:00,31.03,OK,0.78,BDL,null,OS,null,OS,2.2,OK,0.0,BDL,9.01,OK
2022-04-15 22:00:00,24.88,OK,0.86,BDL,null,OS,null,OS,2.23,OK,0.0,BDL,6.38,OK
2022-04-15 23:00:00,15.67,OK,0.85,BDL,null,OS,null,OS,2.37,OK,0.0,BDL,8.5,OK
2022-04-16 00:00:00,3.4,OK,0.89,BDL,null,OS,null,OS,2.51,OK,0.0,BDL,11.59,OK
2022-04-16 01:00:00,7.07,OK,1.02,OK,null,OS,null,OS,2.34,OK,0.0,BDL,15.98,OK
2022-04-16 02:00:00,14.53,OK,1.17,OK,null,OS,null,OS,2.21,OK,0.0,BDL,30.39,OK
2022-04-16 03:00:00,17.22,OK,0.92,BDL,null,OS,null,OS,2.11,OK,0.0,BDL,12.76,OK
2022-04-16 04:00:00,17.87,OK,0.94,BDL,null,OS,null,OS,2.08,OK,0.0,BDL,8.04,OK
2022-04-16 05:00:00,15.9,OK,0.95,BDL,null,OS,null,OS,2.07,OK,0.0,BDL,13.23,OK
2022-04-16 06:00:00,22.5,OK,1.01,OK,null,OS,null,OS,2.08,OK,0.0,BDL,9.59,OK
2022-04-16 07:00:00,28.01,OK,0.81,BDL,null,OS,null,OS,2.09,OK,0.0,BDL,12.01,OK
2022-04-16 08:00:00,40.81,OK,0.84,BDL,null,OS,null,OS,2.07,OK,0.0,BDL,14.26,OK
2022-04-16 09:00:00,48.83,OK,0.76,BDL,null,OS,null,OS,2.06,OK,0.0,BDL,13.29,OK
2022-04-16 10:00:00,50.42,OK,0.71,BDL,null,OS,null,OS,2.08,OK,0.0,BDL,14.44,OK
2022-04-16 11:00:00,55.99,OK,0.68,BDL,null,OS,null,OS,2.06,OK,0.0,BDL,27.48,OK
2022-04-16 12:00:00,56.77,OK,0.72,BDL,null,OS,null,OS,2.05,OK,0.0,BDL,18.85,OK
2022-04-16 13:00:00,50.52,OK,0.61,BDL,null,OS,null,OS,2.07,OK,0.0,BDL,11.94,OK
2022-04-16 14:00:00,48.6,OK,0.6,BDL,null,OS,null,OS,2.04,OK,0.0,BDL,7.74,OK
2022-04-16 15:00:00,47.65,OK,0.56,BDL,null,OS,null,OS,2.03,OK,0.0,BDL,9.37,OK
2022-04-16 16:00:00,44.55,OK,0.6,BDL,null,OS,null,OS,2.07,OK,0.0,BDL,7.31,OK
2022-04-16 17:00:00,43.38,OK,0.62,BDL,null,OS,null,OS,2.06,OK,0.0,BDL,7.22,OK
2022-04-16 18:00:00,33.92,OK,0.73,BDL,null,OS,null,OS,2.13,OK,0.0,BDL,-0.43,BDL
2022-04-16 19:00:00,28.58,OK,0.71,BDL,null,OS,null,OS,2.18,OK,0.0,BDL,0.2,BDL
2022-04-16 20:00:00,15.35,OK,1.05,OK,null,OS,null,OS,2.42,OK,0.0,BDL,0.44,BDL
2022-04-16 21:00:00,18.37,OK,1.0,OK,null,OS,null,OS,2.35,OK,0.0,BDL,19.6,OK
2022-04-16 22:00:00,24.3,OK,0.82,BDL,null,OS,null,OS,2.18,OK,0.0,BDL,7.26,OK
2022-04-16 23:00:00,8.77,OK,0.78,BDL,null,OS,null,OS,2.34,OK,0.0,BDL,3.98,BDL
2022-04-17 00:00:00,6.72,OK,0.93,BDL,null,OS,null,OS,2.37,OK,0.0,BDL,14.81,OK
2022-04-17 01:00:00,10.35,OK,0.97,BDL,null,OS,null,OS,2.18,OK,0.0,BDL,25.72,OK
2022-04-17 02:00:00,13.91,OK,0.9,BDL,null,OS,null,OS,2.07,OK,0.0,BDL,8.48,OK
2022-04-17 03:00:00,13.49,OK,0.8,BDL,null,OS,null,OS,2.05,OK,0.0,BDL,17.43,OK
2022-04-17 04:00:00,12.56,OK,0.74,BDL,null,OS,null,OS,2.04,OK,0.0,BDL,-1.93,BDL
2022-04-17 05:00:00,15.16,OK,0.79,BDL,null,OS,null,OS,2.03,OK,0.0,BDL,1.66,BDL
2022-04-17 06:00:00,18.47,OK,0.76,BDL,null,OS,null,OS,2.06,OK,0.0,BDL,10.76,OK
2022-04-17 07:00:00,26.46,OK,0.81,BDL,null,OS,null,OS,2.06,OK,0.0,BDL,1.55,BDL
2022-04-17 08:00:00,34.99,OK,0.83,BDL,null,OS,null,OS,2.11,OK,0.0,BDL,17.64,OK
2022-04-17 09:00:00,48.31,OK,0.79,BDL,null,OS,null,OS,2.11,OK,0.0,BDL,20.12,OK
2022-04-17 10:00:00,56.02,OK,0.76,BDL,null,OS,null,OS,2.07,OK,0.0,BDL,17.83,OK
2022-04-17 11:00:00,53.12,OK,0.62,BDL,null,OS,null,OS,2.03,OK,0.0,BDL,19.07,OK
2022-04-17 12:00:00,47.15,OK,0.6,BDL,null,OS,null,OS,2.04,OK,0.0,BDL,18.48,OK
2022-04-17 13:00:00,47.5,OK,0.54,BDL,null,OS,null,OS,2.03,OK,0.0,BDL,10.7,OK
2022-04-17 14:00:00,46.1,OK,0.55,BDL,null,OS,null,OS,2.04,OK,0.0,BDL,15.22,OK
2022-04-17 15:00:00,44.47,OK,0.53,BDL,null,OS,null,OS,2.04,OK,0.0,BDL,14.16,OK
2022-04-17 16:00:00,40.83,OK,0.55,BDL,null,OS,null,OS,2.07,OK,0.0,BDL,6.93,OK
2022-04-17 17:00:00,39.05,OK,0.59,BDL,null,OS,null,OS,2.1,OK,0.0,BDL,3.61,BDL
2022-04-17 18:00:00,34.96,OK,0.64,BDL,null,OS,null,OS,2.14,OK,0.0,BDL,5.41,OK
2022-04-17 19:00:00,28.91,OK,0.64,BDL,null,OS,null,OS,2.21,OK,0.0,BDL,-3.8,BDL
2022-04-17 20:00:00,28.69,OK,0.87,BDL,null,OS,null,OS,2.2,OK,0.0,BDL,5.58,OK
2022-04-17 21:00:00,22.43,OK,0.75,BDL,null,OS,null,OS,2.22,OK,0.0,BDL,1.87,BDL
2022-04-17 22:00:00,21.54,OK,1.76,OK,null,OS,null,OS,2.23,OK,0.0,BDL,5.56,OK
2022-04-17 23:00:00,20.42,OK,2.01,OK,null,OS,null,OS,2.26,OK,0.0,BDL,10.63,OK
2022-04-18 00:00:00,18.97,OK,0.98,BDL,null,OS,null,OS,2.2,OK,0.0,BDL,7.07,OK
2022-04-18 01:00:00,13.88,OK,0.71,BDL,null,OS,null,OS,2.19,OK,0.0,BDL,6.24,OK
2022-04-18 02:00:00,12.02,OK,1.4,OK,null,OS,null,OS,2.24,OK,0.0,BDL,12.73,OK
2022-04-18 03:00:00,12.14,OK,1.59,OK,null,OS,null,OS,2.26,OK,0.0,BDL,21.79,OK
2022-04-18 04:00:00,1.28,OK,1.0,OK,null,OS,null,OS,2.41,OK,0.0,BDL,13.94,OK
2022-04-18 05:00:00,8.5,OK,0.87,BDL,null,OS,null,OS,2.29,OK,0.0,BDL,6.49,OK
2022-04-18 06:00:00,9.52,OK,1.23,OK,null,OS,null,OS,2.45,OK,0.0,BDL,0.31,BDL
2022-04-18 07:00:00,16.36,OK,1.22,OK,null,OS,null,OS,2.59,OK,0.0,BDL,18.64,OK
2022-04-18 08:00:00,26.53,OK,1.09,OK,null,OS,null,OS,2.53,OK,0.0,BDL,19.68,OK
2022-04-18 09:00:00,45.35,OK,0.94,BDL,null,OS,null,OS,2.4,OK,0.0,BDL,31.08,OK
2022-04-18 10:00:00,55.32,OK,1.14,OK,null,OS,null,OS,2.23,OK,0.0,BDL,73.69,OK
2022-04-18 11:00:00,53.23,OK,1.09,OK,null,OS,null,OS,2.2,OK,0.0,BDL,50.01,OK
2022-04-18 12:00:00,51.82,OK,0.77,BDL,null,OS,null,OS,2.18,OK,0.0,BDL,33.08,OK
2022-04-18 13:00:00,48.48,OK,0.78,BDL,null,OS,null,OS,2.19,OK,0.0,BDL,22.11,OK
2022-04-18 14:00:00,48.01,OK,0.92,BDL,null,OS,null,OS,2.21,OK,0.0,BDL,25.22,OK
2022-04-18 15:00:00,45.9,OK,0.77,BDL,null,OS,null,OS,2.19,OK,0.0,BDL,18.04,OK
2022-04-18 16:00:00,44.94,OK,0.63,BDL,null,OS,null,OS,2.21,OK,0.0,BDL,15.54,OK
2022-04-18 17:00:00,41.39,OK,0.7,BDL,null,OS,null,OS,2.23,OK,0.0,BDL,12.04,OK
2022-04-18 18:00:00,34.64,OK,0.83,BDL,null,OS,null,OS,2.29,OK,0.0,BDL,20.7,OK
2022-04-18 19:00:00,36.22,OK,0.65,BDL,null,OS,null,OS,2.28,OK,0.0,BDL,-3.18,BDL
2022-04-18 20:00:00,34.77,OK,0.64,BDL,null,OS,null,OS,2.18,OK,0.0,BDL,3.4,BDL
2022-04-18 21:00:00,31.99,OK,0.67,BDL,null,OS,null,OS,2.2,OK,0.0,BDL,5.21,OK
2022-04-18 22:00:00,26.36,OK,0.88,BDL,null,OS,null,OS,2.24,OK,0.0,BDL,8.3,OK
2022-04-18 23:00:00,6.7,OK,0.87,BDL,null,OS,null,OS,2.46,OK,0.0,BDL,10.44,OK
2022-04-19 00:00:00,2.85,OK,1.18,OK,null,OS,null,OS,2.31,OK,0.0,BDL,15.51,OK
2022-04-19 01:00:00,18.26,OK,0.78,BDL,null,OS,null,OS,2.12,OK,0.0,BDL,24.53,OK
2022-04-19 02:00:00,22.73,OK,0.9,BDL,null,OS,null,OS,2.1,OK,0.0,BDL,7.8,OK
2022-04-19 03:00:00,21.94,OK,0.71,BDL,null,OS,null,OS,2.09,OK,0.0,BDL,8.95,OK
2022-04-19 04:00:00,18.44,OK,0.69,BDL,null,OS,null,OS,2.15,OK,0.0,BDL,10.28,OK
2022-04-19 05:00:00,13.78,OK,0.92,BDL,null,OS,null,OS,2.31,OK,0.0,BDL,9.34,OK
2022-04-19 06:00:00,21.11,OK,0.89,BDL,null,OS,null,OS,2.28,OK,0.0,BDL,17.6,OK
2022-04-19 07:00:00,28.93,OK,0.78,BDL,null,OS,null,OS,2.17,OK,0.0,BDL,13.39,OK
2022-04-19 08:00:00,27.0,OK,1.01,OK,null,OS,null,OS,2.14,OK,0.0,BDL,15.09,OK
2022-04-19 09:00:00,42.37,OK,0.78,BDL,null,OS,null,OS,2.2,OK,0.0,BDL,18.89,OK
2022-04-19 10:00:00,51.8,OK,0.67,BDL,null,OS,null,OS,2.2,OK,0.0,BDL,29.99,OK
2022-04-19 11:00:00,56.56,OK,0.68,BDL,null,OS,null,OS,2.2,OK,0.0,BDL,25.71,OK
2022-04-19 12:00:00,59.14,OK,0.71,BDL,null,OS,null,OS,2.21,OK,0.0,BDL,18.26,OK
2022-04-19 13:00:00,55.71,OK,0.66,BDL,null,OS,null,OS,2.23,OK,0.0,BDL,29.36,OK
2022-04-19 14:00:00,49.76,OK,0.76,BDL,null,OS,null,OS,2.28,OK,0.0,BDL,19.05,OK
2022-04-19 15:00:00,49.06,OK,0.86,BDL,null,OS,null,OS,2.25,OK,0.0,BDL,4.76,OK
2022-04-19 16:00:00,43.54,OK,0.78,BDL,null,OS,null,OS,2.25,OK,0.0,BDL,11.97,OK
2022-04-19 17:00:00,30.8,OK,0.76,BDL,null,OS,null,OS,2.31,OK,0.0,BDL,5.08,OK
2022-04-19 18:00:00,30.83,OK,1.11,OK,null,OS,null,OS,2.33,OK,0.0,BDL,3.5,BDL
2022-04-19 19:00:00,29.23,OK,0.79,BDL,null,OS,null,OS,2.32,OK,0.0,BDL,5.52,OK
2022-04-19 20:00:00,27.42,OK,0.95,BDL,null,OS,null,OS,2.32,OK,0.0,BDL,5.65,OK
2022-04-19 21:00:00,31.08,OK,0.87,BDL,null,OS,null,OS,2.3,OK,0.0,BDL,13.75,OK
2022-04-19 22:00:00,34.25,OK,0.85,BDL,null,OS,null,OS,2.2,OK,0.0,BDL,7.53,OK
2022-04-19 23:00:00,32.23,OK,0.81,BDL,null,OS,null,OS,2.15,OK,0.0,BDL,7.31,OK
2022-04-20 00:00:00,30.03,OK,0.84,BDL,null,OS,null,OS,2.15,OK,0.0,BDL,7.66,OK
2022-04-20 01:00:00,30.9,OK,0.85,BDL,null,OS,null,OS,2.14,OK,0.0,BDL,13.45,OK
2022-04-20 02:00:00,36.2,OK,0.88,BDL,null,OS,null,OS,2.08,OK,0.0,BDL,5.87,OK
2022-04-20 03:00:00,13.07,OK,1.08,OK,null,OS,null,OS,2.16,OK,0.0,BDL,11.77,OK
2022-04-20 04:00:00,13.86,OK,0.96,BDL,null,OS,null,OS,2.15,OK,0.0,BDL,10.67,OK
2022-04-20 05:00:00,12.96,OK,0.94,BDL,null,OS,null,OS,2.3,OK,0.0,BDL,8.01,OK
2022-04-20 06:00:00,13.12,OK,1.09,OK,null,OS,null,OS,2.36,OK,0.0,BDL,14.32,OK
2022-04-20 07:00:00,29.32,OK,1.02,OK,null,OS,null,OS,2.27,OK,0.0,BDL,18.45,OK
2022-04-20 08:00:00,37.76,OK,0.81,BDL,null,OS,null,OS,2.18,OK,0.0,BDL,14.62,OK
2022-04-20 09:00:00,46.17,OK,0.7,BDL,null,OS,null,OS,2.15,OK,0.0,BDL,13.96,OK
2022-04-20 10:00:00,49.92,OK,0.65,BDL,null,OS,null,OS,2.18,OK,0.0,BDL,20.34,OK
2022-04-20 11:00:00,49.14,OK,0.6,BDL,null,OS,null,OS,2.19,OK,0.0,BDL,22.3,OK
2022-04-20 12:00:00,46.98,OK,0.58,BDL,null,OS,null,OS,2.2,OK,0.0,BDL,14.19,OK
2022-04-20 13:00:00,47.96,OK,0.6,BDL,null,OS,null,OS,2.22,OK,0.0,BDL,13.8,OK
2022-04-20 14:00:00,46.93,OK,0.74,BDL,null,OS,null,OS,2.24,OK,0.0,BDL,17.02,OK
2022-04-20 15:00:00,42.8,OK,1.03,OK,null,OS,null,OS,2.21,OK,0.0,BDL,28.2,OK
2022-04-20 16:00:00,37.55,OK,0.93,BDL,null,OS,null,OS,2.25,OK,0.0,BDL,19.86,OK
2022-04-20 17:00:00,29.12,OK,0.88,BDL,null,OS,null,OS,2.33,OK,0.0,BDL,18.29,OK
2022-04-20 18:00:00,23.78,OK,0.71,BDL,null,OS,null,OS,2.34,OK,0.0,BDL,12.03,OK
2022-04-20 19:00:00,23.25,OK,0.71,BDL,null,OS,null,OS,2.32,OK,0.0,BDL,4.22,OK
2022-04-20 20:00:00,27.19,OK,0.74,BDL,null,OS,null,OS,2.23,OK,0.0,BDL,10.49,OK
2022-04-20 21:00:00,24.05,OK,0.64,BDL,null,OS,null,OS,2.23,OK,0.0,BDL,10.46,OK
2022-04-20 22:00:00,16.58,OK,0.61,BDL,null,OS,null,OS,2.25,OK,0.0,BDL,16.36,OK
2022-04-20 23:00:00,13.88,OK,0.6,BDL,null,OS,null,OS,2.25,OK,0.0,BDL,17.05,OK
2022-04-21 00:00:00,10.77,OK,0.53,BDL,null,OS,null,OS,2.32,OK,0.0,BDL,41.1,OK
2022-04-21 01:00:00,2.85,OK,0.69,BDL,null,OS,null,OS,2.25,OK,0.0,BDL,-17.14,OR
2022-04-21 02:00:00,3.59,OK,0.72,BDL,null,OS,null,OS,2.21,OK,0.0,BDL,9.18,OK
2022-04-21 03:00:00,6.23,OK,0.68,BDL,null,OS,null,OS,2.14,OK,0.0,BDL,11.28,OK
2022-04-21 04:00:00,3.83,OK,0.69,BDL,null,OS,null,OS,2.16,OK,0.0,BDL,11.19,OK
2022-04-21 05:00:00,4.5,OK,0.78,BDL,null,OS,null,OS,2.29,OK,0.0,BDL,0.09,BDL
2022-04-21 06:00:00,12.02,OK,0.9,BDL,null,OS,null,OS,2.36,OK,0.0,BDL,2.58,BDL
2022-04-21 07:00:00,27.53,OK,1.21,OK,null,OS,null,OS,2.21,OK,0.0,BDL,4.43,OK
2022-04-21 08:00:00,35.24,OK,1.0,OK,null,OS,null,OS,2.22,OK,0.0,BDL,14.32,OK
2022-04-21 09:00:00,46.37,OK,0.85,BDL,null,OS,null,OS,2.23,OK,0.0,BDL,8.13,OK
2022-04-21 10:00:00,45.29,OK,0.62,BDL,null,OS,null,OS,2.17,OK,0.0,BDL,19.37,OK
2022-04-21 11:00:00,46.59,OK,0.68,BDL,null,OS,null,OS,2.21,OK,0.0,BDL,25.2,OK
2022-04-21 12:00:00,41.78,OK,0.64,BDL,null,OS,null,OS,2.27,OK,0.0,BDL,22.77,OK
2022-04-21 13:00:00,39.89,OK,0.58,BDL,null,OS,null,OS,2.23,OK,0.0,BDL,8.21,OK
2022-04-21 14:00:00,37.71,OK,0.64,BDL,null,OS,null,OS,2.21,OK,0.0,BDL,9.17,OK
2022-04-21 15:00:00,38.96,OK,0.51,BDL,null,OS,null,OS,2.18,OK,0.0,BDL,-1.16,BDL
2022-04-21 16:00:00,38.36,OK,0.54,BDL,null,OS,null,OS,2.18,OK,0.0,BDL,7.54,OK
2022-04-21 17:00:00,32.6,OK,0.53,BDL,null,OS,null,OS,2.26,OK,0.0,BDL,5.69,OK
2022-04-21 18:00:00,21.76,OK,1.5,OK,null,OS,null,OS,2.47,OK,0.0,BDL,9.82,OK
2022-04-21 19:00:00,23.12,OK,0.78,BDL,null,OS,null,OS,2.26,OK,0.0,BDL,16.95,OK
2022-04-21 20:00:00,23.43,OK,0.56,BDL,null,OS,null,OS,2.28,OK,0.0,BDL,1.71,BDL
2022-04-21 21:00:00,16.7,OK,0.72,BDL,null,OS,null,OS,2.36,OK,0.0,BDL,9.93,OK
2022-04-21 22:00:00,21.65,OK,0.68,BDL,null,OS,null,OS,2.26,OK,0.0,BDL,7.18,OK
2022-04-21 23:00:00,25.32,OK,0.63,BDL,null,OS,null,OS,2.16,OK,0.0,BDL,6.25,OK
2022-04-22 00:00:00,20.02,OK,0.57,BDL,null,OS,null,OS,2.21,OK,0.0,BDL,10.78,OK
2022-04-22 01:00:00,24.59,OK,0.55,BDL,null,OS,null,OS,2.16,OK,0.0,BDL,15.93,OK
2022-04-22 02:00:00,23.81,OK,0.54,BDL,null,OS,null,OS,2.14,OK,0.0,BDL,17.09,OK
2022-04-22 03:00:00,17.1,OK,0.47,BDL,null,OS,null,OS,2.14,OK,0.0,BDL,12.22,OK
2022-04-22 04:00:00,13.23,OK,0.55,BDL,null,OS,null,OS,2.16,OK,0.0,BDL,3.97,BDL
2022-04-22 05:00:00,14.3,OK,0.58,BDL,null,OS,null,OS,2.27,OK,0.0,BDL,10.15,OK
2022-04-22 06:00:00,15.89,OK,0.66,BDL,null,OS,null,OS,2.38,OK,0.0,BDL,-7.29,OR
2022-04-22 07:00:00,27.1,OK,0.67,BDL,null,OS,null,OS,2.31,OK,0.0,BDL,17.61,OK
2022-04-22 08:00:00,34.13,OK,0.71,BDL,null,OS,null,OS,2.25,OK,0.0,BDL,9.1,OK
2022-04-22 09:00:00,37.33,OK,0.58,BDL,null,OS,null,OS,2.26,OK,0.0,BDL,8.09,OK
2022-04-22 10:00:00,39.4,OK,0.56,BDL,null,OS,null,OS,2.23,OK,0.0,BDL,8.25,OK
2022-04-22 11:00:00,40.22,OK,0.54,BDL,null,OS,null,OS,2.19,OK,30.13,OK,6.87,OK
2022-04-22 12:00:00,39.54,OK,0.57,BDL,null,OS,null,OS,2.23,OK,166.25,OK,13.32,OK
2022-04-22 13:00:00,39.32,OK,0.57,BDL,null,OS,null,OS,2.23,OK,93.76,OK,15.46,OK
2022-04-22 14:00:00,40.65,OK,0.53,BDL,null,OS,null,OS,2.2,OK,66.32,OK,14.12,OK
2022-04-22 15:00:00,39.47,OK,0.53,BDL,null,OS,null,OS,2.22,OK,49.27,OK,13.86,OK
2022-04-22 16:00:00,38.69,OK,0.48,BDL,null,OS,null,OS,2.2,OK,45.5,OK,11.51,OK
2022-04-22 17:00:00,31.14,OK,0.56,BDL,null,OS,null,OS,2.25,OK,53.58,OK,12.52,OK
2022-04-22 18:00:00,24.28,OK,0.44,BDL,null,OS,null,OS,2.24,OK,50.44,OK,2.61,BDL
2022-04-22 19:00:00,22.01,OK,0.48,BDL,null,OS,null,OS,2.24,OK,40.59,OK,7.19,OK
2022-04-22 20:00:00,22.37,OK,0.5,BDL,null,OS,null,OS,2.22,OK,37.05,OK,6.43,OK
2022-04-22 21:00:00,23.26,OK,0.39,BDL,null,OS,null,OS,2.23,OK,42.18,OK,2.77,BDL
2022-04-22 22:00:00,17.08,OK,0.47,BDL,null,OS,null,OS,2.29,OK,42.45,OK,8.22,OK
2022-04-22 23:00:00,18.02,OK,0.51,BDL,null,OS,null,OS,2.19,OK,41.0,OK,10.39,OK
2022-04-23 00:00:00,21.9,OK,0.49,BDL,null,OS,null,OS,2.18,OK,28.89,OK,4.29,OK
2022-04-23 01:00:00,23.15,OK,0.41,BDL,null,OS,null,OS,2.16,OK,20.72,OK,3.5,BDL
2022-04-23 02:00:00,20.05,OK,0.42,BDL,null,OS,null,OS,2.18,OK,24.12,OK,0.02,BDL
2022-04-23 03:00:00,4.5,OK,0.5,BDL,null,OS,null,OS,2.16,OK,43.22,OK,10.65,OK
2022-04-23 04:00:00,6.48,OK,0.56,BDL,null,OS,null,OS,2.13,OK,45.98,OK,8.41,OK
2022-04-23 05:00:00,7.47,OK,0.72,BDL,null,OS,null,OS,2.19,OK,28.89,OK,-0.73,BDL
2022-04-23 06:00:00,16.72,OK,0.94,BDL,null,OS,null,OS,2.24,OK,18.74,OK,4.33,OK
2022-04-23 07:00:00,23.19,OK,0.78,BDL,null,OS,null,OS,2.25,OK,22.91,OK,14.89,OK
2022-04-23 08:00:00,32.49,OK,0.67,BDL,null,OS,null,OS,2.27,OK,18.11,OK,12.84,OK
2022-04-23 09:00:00,43.35,OK,0.56,BDL,null,OS,null,OS,2.17,OK,38.85,OK,15.73,OK
2022-04-23 10:00:00,43.67,OK,0.59,BDL,null,OS,null,OS,2.17,OK,27.0,OK,7.05,OK
2022-04-23 11:00:00,46.64,OK,0.56,BDL,null,OS,null,OS,2.15,OK,23.45,OK,16.85,OK
2022-04-23 12:00:00,44.71,OK,0.51,BDL,null,OS,null,OS,2.22,OK,26.49,OK,9.5,OK
2022-04-23 13:00:00,46.44,OK,0.49,BDL,null,OS,null,OS,2.17,OK,32.4,OK,10.87,OK
2022-04-23 14:00:00,46.86,OK,0.49,BDL,null,OS,null,OS,2.15,OK,33.66,OK,7.9,OK
2022-04-23 15:00:00,46.97,OK,0.51,BDL,null,OS,null,OS,2.14,OK,77.48,OK,0.48,BDL
2022-04-23 16:00:00,47.85,OK,0.5,BDL,null,OS,null,OS,2.16,OK,53.52,OK,5.83,OK
2022-04-23 17:00:00,46.86,OK,0.48,BDL,null,OS,null,OS,2.17,OK,66.71,OK,5.87,OK
2022-04-23 18:00:00,43.41,OK,0.54,BDL,null,OS,null,OS,2.21,OK,50.93,OK,2.23,BDL
2022-04-23 19:00:00,42.61,OK,0.49,BDL,null,OS,null,OS,2.25,OK,37.35,OK,-1.02,BDL
2022-04-23 20:00:00,27.37,OK,0.57,BDL,null,OS,null,OS,2.37,OK,43.11,OK,7.48,OK
2022-04-23 21:00:00,27.7,OK,0.61,BDL,null,OS,null,OS,2.3,OK,58.37,OK,6.45,OK
2022-04-23 22:00:00,26.15,OK,0.64,BDL,null,OS,null,OS,2.3,OK,57.89,OK,9.72,OK
2022-04-23 23:00:00,31.26,OK,0.6,BDL,null,OS,null,OS,2.25,OK,59.96,OK,8.54,OK
2022-04-24 00:00:00,31.77,OK,0.62,BDL,null,OS,null,OS,2.24,OK,51.3,OK,7.76,OK
2022-04-24 01:00:00,27.88,OK,0.51,BDL,null,OS,null,OS,2.26,OK,63.73,OK,15.6,OK
2022-04-24 02:00:00,31.51,OK,0.59,BDL,null,OS,null,OS,2.19,OK,50.47,OK,16.39,OK
2022-04-24 03:00:00,7.09,OK,0.55,BDL,null,OS,null,OS,2.25,OK,46.57,OK,3.7,BDL
2022-04-24 04:00:00,7.97,OK,0.57,BDL,null,OS,null,OS,2.23,OK,68.64,OK,25.1,OK
2022-04-24 05:00:00,14.51,OK,1.05,OK,null,OS,null,OS,2.17,OK,56.55,OK,3.16,BDL
2022-04-24 06:00:00,20.17,OK,0.83,BDL,null,OS,null,OS,2.21,OK,28.2,OK,5.01,OK
2022-04-24 07:00:00,25.31,OK,0.88,BDL,null,OS,null,OS,2.32,OK,19.36,OK,3.43,BDL
2022-04-24 08:00:00,42.2,OK,0.77,BDL,null,OS,null,OS,2.23,OK,45.78,OK,23.78,OK
2022-04-24 09:00:00,54.46,OK,0.61,BDL,null,OS,null,OS,2.15,OK,24.27,OK,16.38,OK
2022-04-24 10:00:00,65.07,OK,0.59,BDL,null,OS,null,OS,2.17,OK,34.93,OK,16.71,OK
2022-04-24 11:00:00,76.22,OK,0.54,BDL,null,OS,null,OS,2.14,OK,23.19,OK,11.81,OK
2022-04-24 12:00:00,77.62,OK,0.54,BDL,null,OS,null,OS,2.12,OK,29.27,OK,17.54,OK
2022-04-24 13:00:00,81.66,OK,0.47,BDL,null,OS,null,OS,2.11,OK,21.39,OK,13.27,OK
2022-04-24 14:00:00,84.67,OK,0.65,BDL,null,OS,null,OS,2.13,OK,20.81,OK,23.91,OK
2022-04-24 15:00:00,78.5,OK,0.67,BDL,null,OS,null,OS,2.14,OK,34.78,OK,37.62,OK
2022-04-24 16:00:00,63.14,OK,0.58,BDL,null,OS,null,OS,2.15,OK,25.06,OK,17.28,OK
2022-04-24 17:00:00,50.35,OK,0.49,BDL,null,OS,null,OS,2.17,OK,41.47,OK,15.4,OK
2022-04-24 18:00:00,47.65,OK,0.44,BDL,null,OS,null,OS,2.15,OK,51.34,OK,-1.22,BDL
2022-04-24 19:00:00,44.88,OK,0.5,BDL,null,OS,null,OS,2.2,OK,30.97,OK,-7.1,OR
2022-04-24 20:00:00,37.01,OK,0.5,BDL,null,OS,null,OS,2.28,OK,27.72,OK,1.69,BDL
2022-04-24 21:00:00,31.26,OK,0.77,BDL,null,OS,null,OS,2.29,OK,32.66,OK,6.62,OK
2022-04-24 22:00:00,32.62,OK,0.58,BDL,null,OS,null,OS,2.27,OK,41.38,OK,0.93,BDL
2022-04-24 23:00:00,21.96,OK,0.58,BDL,null,OS,null,OS,2.31,OK,41.34,OK,3.92,BDL
2022-04-25 00:00:00,11.98,OK,0.87,BDL,null,OS,null,OS,2.28,OK,54.58,OK,16.62,OK
2022-04-25 01:00:00,22.96,OK,0.71,BDL,null,OS,null,OS,2.17,OK,49.03,OK,13.66,OK
2022-04-25 02:00:00,21.46,OK,0.73,BDL,null,OS,null,OS,2.14,OK,36.58,OK,8.72,OK
2022-04-25 03:00:00,20.86,OK,0.61,BDL,null,OS,null,OS,2.14,OK,34.18,OK,7.91,OK
2022-04-25 04:00:00,10.56,OK,0.65,BDL,null,OS,null,OS,2.15,OK,38.41,OK,6.32,OK
2022-04-25 05:00:00,13.22,OK,0.79,BDL,null,OS,null,OS,2.25,OK,55.18,OK,4.47,OK
2022-04-25 06:00:00,16.69,OK,0.81,BDL,null,OS,null,OS,2.48,OK,41.91,OK,3.39,BDL
2022-04-25 07:00:00,30.02,OK,0.75,BDL,null,OS,null,OS,2.34,OK,47.95,OK,17.46,OK
2022-04-25 08:00:00,44.52,OK,0.67,BDL,null,OS,null,OS,2.22,OK,54.61,OK,19.72,OK
2022-04-25 09:00:00,51.19,OK,0.79,BDL,null,OS,null,OS,2.28,OK,45.26,OK,15.54,OK
2022-04-25 10:00:00,62.46,OK,1.03,OK,null,OS,null,OS,2.28,OK,41.14,OK,23.35,OK
2022-04-25 11:00:00,64.7,OK,0.77,BDL,null,OS,null,OS,2.25,OK,27.0,OK,16.21,OK
2022-04-25 12:00:00,70.62,OK,0.83,BDL,null,OS,null,OS,2.23,OK,39.7,OK,24.2,OK
2022-04-25 13:00:00,73.39,OK,0.82,BDL,null,OS,null,OS,2.24,OK,24.7,OK,21.26,OK
2022-04-25 14:00:00,70.87,OK,0.81,BDL,null,OS,null,OS,2.25,OK,40.26,OK,22.41,OK
2022-04-25 15:00:00,63.2,OK,0.71,BDL,null,OS,null,OS,2.26,OK,48.39,OK,9.84,OK
2022-04-25 16:00:00,54.66,OK,0.72,BDL,null,OS,null,OS,2.33,OK,36.53,OK,9.11,OK
2022-04-25 17:00:00,49.5,OK,0.61,BDL,null,OS,null,OS,2.29,OK,36.25,OK,10.22,OK
2022-04-25 18:00:00,42.23,OK,0.56,BDL,null,OS,null,OS,2.4,OK,55.91,OK,17.27,OK
2022-04-25 19:00:00,37.76,OK,0.88,BDL,null,OS,null,OS,2.32,OK,33.43,OK,7.99,OK
2022-04-25 20:00:00,32.25,OK,1.88,OK,null,OS,null,OS,2.36,OK,52.9,OK,18.36,OK
2022-04-25 21:00:00,30.46,OK,1.42,OK,null,OS,null,OS,2.36,OK,55.42,OK,11.54,OK
2022-04-25 22:00:00,33.32,OK,1.29,OK,null,OS,null,OS,2.31,OK,62.01,OK,32.97,OK
2022-04-25 23:00:00,27.59,OK,0.76,BDL,null,OS,null,OS,2.28,OK,45.66,OK,9.98,OK
2022-04-26 00:00:00,18.51,OK,0.82,BDL,null,OS,null,OS,2.32,OK,53.37,OK,21.02,OK
2022-04-26 01:00:00,27.24,OK,0.78,BDL,null,OS,null,OS,2.15,OK,45.16,OK,16.57,OK
2022-04-26 02:00:00,31.19,OK,0.76,BDL,null,OS,null,OS,2.14,OK,33.51,OK,10.87,OK
2022-04-26 03:00:00,28.6,OK,1.26,OK,null,OS,null,OS,2.17,OK,37.22,OK,15.75,OK
2022-04-26 04:00:00,21.67,OK,0.62,BDL,null,OS,null,OS,2.17,OK,38.63,OK,21.32,OK
2022-04-26 05:00:00,12.65,OK,0.71,BDL,null,OS,null,OS,2.24,OK,56.5,OK,3.23,BDL
2022-04-26 06:00:00,14.0,OK,0.84,BDL,null,OS,null,OS,2.37,OK,54.73,OK,19.23,OK
2022-04-26 07:00:00,22.77,OK,0.84,BDL,null,OS,null,OS,2.44,OK,47.58,OK,11.53,OK
2022-04-26 08:00:00,36.66,OK,0.78,BDL,null,OS,null,OS,2.37,OK,51.97,OK,20.37,OK
2022-04-26 09:00:00,47.75,OK,0.73,BDL,null,OS,null,OS,2.41,OK,30.7,OK,25.21,OK
2022-04-26 10:00:00,56.91,OK,0.94,BDL,null,OS,null,OS,2.32,OK,52.93,OK,29.03,OK
2022-04-26 11:00:00,59.68,OK,1.02,OK,null,OS,null,OS,2.27,OK,45.57,OK,20.69,OK
2022-04-26 12:00:00,58.46,OK,0.68,BDL,null,OS,null,OS,2.25,OK,32.47,OK,24.62,OK
2022-04-26 13:00:00,53.67,OK,0.64,BDL,null,OS,null,OS,2.28,OK,39.92,OK,22.75,OK
2022-04-26 14:00:00,50.82,OK,0.65,BDL,null,OS,null,OS,2.29,OK,34.16,OK,12.59,OK
2022-04-26 15:00:00,48.66,OK,0.68,BDL,null,OS,null,OS,2.26,OK,37.87,OK,1.28,BDL
2022-04-26 16:00:00,48.04,OK,0.63,BDL,null,OS,null,OS,2.27,OK,44.48,OK,12.29,OK
2022-04-26 17:00:00,44.1,OK,0.66,BDL,null,OS,null,OS,2.31,OK,49.57,OK,4.13,OK
2022-04-26 18:00:00,33.84,OK,0.7,BDL,null,OS,null,OS,2.38,OK,40.96,OK,5.86,OK
2022-04-26 19:00:00,25.31,OK,0.74,BDL,null,OS,null,OS,2.51,OK,45.23,OK,3.7,BDL
2022-04-26 20:00:00,22.71,OK,0.7,BDL,null,OS,null,OS,2.42,OK,60.57,OK,4.65,OK
2022-04-26 21:00:00,32.7,OK,0.78,BDL,null,OS,null,OS,2.34,OK,72.29,OK,12.23,OK
2022-04-26 22:00:00,40.7,OK,0.61,BDL,null,OS,null,OS,2.21,OK,50.05,OK,10.8,OK
2022-04-26 23:00:00,36.78,OK,0.57,BDL,null,OS,null,OS,2.25,OK,28.04,OK,2.31,BDL
2022-04-27 00:00:00,29.86,OK,0.61,BDL,null,OS,null,OS,2.25,OK,35.69,OK,6.38,OK
2022-04-27 01:00:00,48.81,OK,0.55,BDL,null,OS,null,OS,2.11,OK,19.97,OK,2.62,BDL
2022-04-27 02:00:00,36.6,OK,0.57,BDL,null,OS,null,OS,2.15,OK,19.67,OK,6.26,OK
2022-04-27 03:00:00,34.63,OK,0.57,BDL,null,OS,null,OS,2.11,OK,31.19,OK,5.68,OK
2022-04-27 04:00:00,25.17,OK,0.67,BDL,null,OS,null,OS,2.16,OK,25.04,OK,11.63,OK
2022-04-27 05:00:00,12.83,OK,0.83,BDL,null,OS,null,OS,2.31,OK,62.32,OK,14.06,OK
2022-04-27 06:00:00,21.59,OK,0.84,BDL,null,OS,null,OS,2.37,OK,43.14,OK,15.7,OK
2022-04-27 07:00:00,36.72,OK,1.16,OK,null,OS,null,OS,2.27,OK,39.66,OK,9.52,OK
2022-04-27 08:00:00,48.03,OK,0.76,BDL,null,OS,null,OS,2.24,OK,18.68,OK,14.14,OK
2022-04-27 09:00:00,53.43,OK,0.7,BDL,null,OS,null,OS,2.23,OK,20.11,OK,16.82,OK
2022-04-27 10:00:00,52.28,OK,0.65,BDL,null,OS,null,OS,2.26,OK,26.97,OK,21.37,OK
2022-04-27 11:00:00,51.43,OK,0.58,BDL,null,OS,null,OS,2.28,OK,37.15,OK,22.16,OK
2022-04-27 12:00:00,50.2,OK,0.6,BDL,null,OS,null,OS,2.26,OK,31.0,OK,19.23,OK
2022-04-27 13:00:00,49.36,OK,0.62,BDL,null,OS,null,OS,2.23,OK,23.49,OK,17.8,OK
2022-04-27 14:00:00,46.71,OK,0.63,BDL,null,OS,null,OS,2.27,OK,32.16,OK,-5.62,OR
2022-04-27 15:00:00,48.74,OK,0.65,BDL,null,OS,null,OS,2.23,OK,46.38,OK,14.03,OK
2022-04-27 16:00:00,43.73,OK,0.65,BDL,null,OS,null,OS,2.24,OK,37.89,OK,7.14,OK
2022-04-27 17:00:00,37.06,OK,0.62,BDL,null,OS,null,OS,2.27,OK,41.93,OK,5.61,OK
2022-04-27 18:00:00,29.63,OK,0.68,BDL,null,OS,null,OS,2.38,OK,35.88,OK,5.75,OK
2022-04-27 19:00:00,28.14,OK,0.64,BDL,null,OS,null,OS,2.34,OK,47.39,OK,-0.28,BDL
2022-04-27 20:00:00,29.14,OK,0.73,BDL,null,OS,null,OS,2.31,OK,44.63,OK,4.65,OK
2022-04-27 21:00:00,35.26,OK,0.75,BDL,null,OS,null,OS,2.24,OK,49.23,OK,6.1,OK
2022-04-27 22:00:00,24.69,OK,0.85,BDL,null,OS,null,OS,2.3,OK,31.16,OK,6.81,OK
2022-04-27 23:00:00,25.45,OK,0.71,BDL,null,OS,null,OS,2.26,OK,45.78,OK,9.2,OK
2022-04-28 00:00:00,34.74,OK,0.62,BDL,null,OS,null,OS,2.2,OK,35.02,OK,8.41,OK
2022-04-28 01:00:00,27.14,OK,0.61,BDL,null,OS,null,OS,2.23,OK,31.44,OK,5.4,OK
2022-04-28 02:00:00,13.63,OK,0.7,BDL,null,OS,null,OS,2.23,OK,37.03,OK,8.68,OK
2022-04-28 03:00:00,18.64,OK,0.88,BDL,null,OS,null,OS,2.2,OK,41.07,OK,11.28,OK
2022-04-28 04:00:00,12.86,OK,0.84,BDL,null,OS,null,OS,2.21,OK,38.04,OK,19.28,OK
2022-04-28 05:00:00,10.05,OK,1.09,OK,null,OS,null,OS,2.29,OK,54.32,OK,12.5,OK
2022-04-28 06:00:00,12.74,OK,1.28,OK,null,OS,null,OS,2.42,OK,34.96,OK,36.39,OK
2022-04-28 07:00:00,26.22,OK,0.96,BDL,null,OS,null,OS,2.36,OK,49.15,OK,14.47,OK
2022-04-28 08:00:00,36.86,OK,0.7,BDL,null,OS,null,OS,2.26,OK,29.88,OK,16.85,OK
2022-04-28 09:00:00,44.43,OK,0.67,BDL,null,OS,null,OS,2.25,OK,30.3,OK,21.09,OK
2022-04-28 10:00:00,49.08,OK,0.58,BDL,null,OS,null,OS,2.2,OK,25.8,OK,17.56,OK
2022-04-28 11:00:00,47.7,OK,0.58,BDL,null,OS,null,OS,2.22,OK,31.13,OK,20.25,OK
2022-04-28 12:00:00,45.62,OK,0.59,BDL,null,OS,null,OS,2.21,OK,38.11,OK,14.97,OK
2022-04-28 13:00:00,45.47,OK,0.51,BDL,null,OS,null,OS,2.24,OK,58.52,OK,16.15,OK
2022-04-28 14:00:00,44.07,OK,0.55,BDL,null,OS,null,OS,2.21,OK,48.25,OK,12.37,OK
2022-04-28 15:00:00,44.67,OK,0.5,BDL,null,OS,null,OS,2.19,OK,46.49,OK,22.6,OK
2022-04-28 16:00:00,43.81,OK,0.52,BDL,null,OS,null,OS,2.24,OK,51.37,OK,12.25,OK
2022-04-28 17:00:00,41.72,OK,0.52,BDL,null,OS,null,OS,2.24,OK,40.18,OK,11.92,OK
2022-04-28 18:00:00,36.28,OK,0.54,BDL,null,OS,null,OS,2.32,OK,36.3,OK,6.66,OK
2022-04-28 19:00:00,31.34,OK,0.55,BDL,null,OS,null,OS,2.3,OK,46.49,OK,0.75,BDL
2022-04-28 20:00:00,28.69,OK,0.57,BDL,null,OS,null,OS,2.33,OK,44.85,OK,7.95,OK
2022-04-28 21:00:00,27.17,OK,0.58,BDL,null,OS,null,OS,2.35,OK,47.61,OK,9.38,OK
2022-04-28 22:00:00,28.48,OK,0.83,BDL,null,OS,null,OS,2.31,OK,52.46,OK,11.19,OK
2022-04-28 23:00:00,33.28,OK,0.63,BDL,null,OS,null,OS,2.23,OK,45.69,OK,12.84,OK
2022-04-29 00:00:00,33.28,OK,0.62,BDL,null,OS,null,OS,2.25,OK,34.98,OK,7.65,OK
2022-04-29 01:00:00,39.54,OK,0.58,BDL,null,OS,null,OS,2.17,OK,27.09,OK,9.53,OK
2022-04-29 02:00:00,31.27,OK,0.54,BDL,null,OS,null,OS,2.2,OK,26.61,OK,12.0,OK
2022-04-29 03:00:00,17.46,OK,0.61,BDL,null,OS,null,OS,2.27,OK,35.7,OK,7.34,OK
2022-04-29 04:00:00,12.14,OK,0.68,BDL,null,OS,null,OS,2.25,OK,48.62,OK,13.3,OK
2022-04-29 05:00:00,7.15,OK,0.81,BDL,null,OS,null,OS,2.36,OK,54.83,OK,20.42,OK
2022-04-29 06:00:00,10.14,OK,1.01,OK,null,OS,null,OS,2.48,OK,41.48,OK,12.8,OK
2022-04-29 07:00:00,21.69,OK,0.92,BDL,null,OS,null,OS,2.57,OK,35.6,OK,15.15,OK
2022-04-29 08:00:00,30.24,OK,0.87,BDL,null,OS,null,OS,2.53,OK,44.64,OK,18.07,OK
2022-04-29 09:00:00,43.39,OK,0.81,BDL,null,OS,null,OS,2.46,OK,61.28,OK,26.22,OK
2022-04-29 10:00:00,57.19,OK,0.65,BDL,null,OS,null,OS,2.35,OK,37.79,OK,22.65,OK
2022-04-29 11:00:00,70.05,OK,0.55,BDL,null,OS,null,OS,2.29,OK,29.71,OK,18.35,OK
2022-04-29 12:00:00,82.73,OK,0.61,BDL,null,OS,null,OS,2.33,OK,36.23,OK,19.8,OK
2022-04-29 13:00:00,80.6,OK,0.74,BDL,null,OS,null,OS,2.37,OK,39.55,OK,20.78,OK
2022-04-29 14:00:00,63.75,OK,0.88,BDL,null,OS,null,OS,2.27,OK,39.38,OK,30.52,OK
2022-04-29 15:00:00,53.54,OK,0.58,BDL,null,OS,null,OS,2.26,OK,22.52,OK,14.35,OK
2022-04-29 16:00:00,49.86,OK,0.62,BDL,null,OS,null,OS,2.3,OK,70.11,OK,13.97,OK
2022-04-29 17:00:00,48.02,OK,0.63,BDL,null,OS,null,OS,2.31,OK,70.51,OK,13.26,OK
2022-04-29 18:00:00,37.59,OK,0.78,BDL,null,OS,null,OS,2.42,OK,39.0,OK,4.56,OK
2022-04-29 19:00:00,31.55,OK,0.62,BDL,null,OS,null,OS,2.41,OK,52.02,OK,3.23,BDL
2022-04-29 20:00:00,28.5,OK,0.66,BDL,null,OS,null,OS,2.47,OK,61.39,OK,8.72,OK
2022-04-29 21:00:00,22.57,OK,0.68,BDL,null,OS,null,OS,2.45,OK,46.35,OK,13.19,OK
2022-04-29 22:00:00,25.0,OK,0.63,BDL,null,OS,null,OS,2.38,OK,50.69,OK,9.07,OK
2022-04-29 23:00:00,21.14,OK,0.73,BDL,null,OS,null,OS,2.45,OK,52.99,OK,10.73,OK
2022-04-30 00:00:00,19.02,OK,0.65,BDL,null,OS,null,OS,2.33,OK,66.72,OK,22.31,OK
2022-04-30 01:00:00,25.75,OK,0.64,BDL,null,OS,null,OS,2.23,OK,48.58,OK,8.31,OK
2022-04-30 02:00:00,27.24,OK,0.66,BDL,null,OS,null,OS,2.2,OK,34.39,OK,11.68,OK
2022-04-30 03:00:00,24.72,OK,0.61,BDL,null,OS,null,OS,2.19,OK,38.59,OK,15.05,OK
2022-04-30 04:00:00,20.07,OK,0.61,BDL,null,OS,null,OS,2.2,OK,38.43,OK,4.59,OK
2022-04-30 05:00:00,14.95,OK,0.68,BDL,null,OS,null,OS,2.27,OK,34.97,OK,6.64,OK
2022-04-30 06:00:00,18.39,OK,0.83,BDL,null,OS,null,OS,2.36,OK,36.92,OK,14.14,OK
2022-04-30 07:00:00,26.05,OK,0.88,BDL,null,OS,null,OS,2.52,OK,33.29,OK,12.72,OK
2022-04-30 08:00:00,39.21,OK,0.81,BDL,null,OS,null,OS,2.46,OK,45.13,OK,24.0,OK
2022-04-30 09:00:00,50.69,OK,0.78,BDL,null,OS,null,OS,2.37,OK,44.84,OK,25.85,OK
2022-04-30 10:00:00,58.89,OK,0.71,BDL,null,OS,null,OS,2.4,OK,42.45,OK,25.15,OK
2022-04-30 11:00:00,72.1,OK,0.72,BDL,null,OS,null,OS,2.32,OK,49.04,OK,26.52,OK
2022-04-30 12:00:00,70.42,OK,0.68,BDL,null,OS,null,OS,2.38,OK,41.16,OK,23.24,OK
2022-04-30 13:00:00,70.15,OK,0.7,BDL,null,OS,null,OS,2.32,OK,30.14,OK,21.04,OK
2022-04-30 14:00:00,69.43,OK,0.71,BDL,null,OS,null,OS,2.3,OK,31.62,OK,28.66,OK
2022-04-30 15:00:00,65.45,OK,0.64,BDL,null,OS,null,OS,2.28,OK,30.04,OK,14.33,OK
2022-04-30 16:00:00,55.98,OK,0.57,BDL,null,OS,null,OS,2.29,OK,44.03,OK,10.4,OK
2022-04-30 17:00:00,50.04,OK,0.59,BDL,null,OS,null,OS,2.29,OK,51.16,OK,9.02,OK
2022-04-30 18:00:00,43.7,OK,0.62,BDL,null,OS,null,OS,2.31,OK,51.22,OK,6.48,OK
2022-04-30 19:00:00,39.31,OK,0.69,BDL,null,OS,null,OS,2.39,OK,50.45,OK,5.04,OK
2022-04-30 20:00:00,32.27,OK,0.76,BDL,null,OS,null,OS,2.48,OK,59.46,OK,6.17,OK
2022-04-30 21:00:00,27.26,OK,0.94,BDL,null,OS,null,OS,2.6,OK,77.01,OK,12.92,OK
2022-04-30 22:00:00,33.41,OK,0.74,BDL,null,OS,null,OS,2.41,OK,47.84,OK,14.43,OK
2022-04-30 23:00:00,8.12,OK,0.88,BDL,null,OS,null,OS,2.66,OK,60.73,OK,9.85,OK
