Red Universitaria de Observatorios Atmosfericos (RUOA)
Atmospheric Observatory Hermosillo (erno), Sonora
Lat 29.0814 N, Lon 110.9706 W, Alt 154 masl
Time UTC-7h
Air Quality data
Flags: OK = Reliable data, BDL = Below Detection Limit, OR = Out of Range, OS = Out of Service 
 
Time,O3,O3_flag,SO2,SO2_flag,NO2,NO2_flag,NO,NO_flag,CO,CO_flag,PM10,PM10_flag,PM2.5,PM2.5_flag
yyyy-mm-dd HH:MM:SS,ppb,flag,ppb,flag,ppb,flag,ppb,flag,ppm,flag,ug/m^3,flag,ug/m^3,flag
2022-05-01 00:00:00,14.45,OK,0.72,BDL,null,OS,null,OS,2.38,OK,59.17,OK,17.89,OK
2022-05-01 01:00:00,8.9,OK,0.81,BDL,null,OS,null,OS,2.45,OK,54.34,OK,13.95,OK
2022-05-01 02:00:00,11.79,OK,0.76,BDL,null,OS,null,OS,2.4,OK,53.17,OK,13.38,OK
2022-05-01 03:00:00,17.12,OK,0.75,BDL,null,OS,null,OS,2.43,OK,43.69,OK,15.87,OK
2022-05-01 04:00:00,8.7,OK,0.8,BDL,null,OS,null,OS,2.43,OK,62.98,OK,18.03,OK
2022-05-01 05:00:00,17.48,OK,0.76,BDL,null,OS,null,OS,2.3,OK,64.29,OK,16.03,OK
2022-05-01 06:00:00,25.82,OK,0.92,BDL,null,OS,null,OS,2.31,OK,24.32,OK,14.52,OK
2022-05-01 07:00:00,36.31,OK,0.8,BDL,null,OS,null,OS,2.28,OK,38.15,OK,23.51,OK
2022-05-01 08:00:00,49.54,OK,0.76,BDL,null,OS,null,OS,2.27,OK,24.76,OK,10.78,OK
2022-05-01 09:00:00,61.03,OK,0.61,BDL,null,OS,null,OS,2.23,OK,32.91,OK,24.1,OK
2022-05-01 10:00:00,61.73,OK,0.6,BDL,null,OS,null,OS,2.2,OK,14.91,OK,10.11,OK
2022-05-01 11:00:00,59.84,OK,0.51,BDL,null,OS,null,OS,2.21,OK,31.98,OK,17.93,OK
2022-05-01 12:00:00,59.4,OK,0.59,BDL,null,OS,null,OS,2.2,OK,25.81,OK,17.09,OK
2022-05-01 13:00:00,61.34,OK,0.51,BDL,null,OS,null,OS,2.22,OK,25.05,OK,15.68,OK
2022-05-01 14:00:00,55.67,OK,0.57,BDL,null,OS,null,OS,2.25,OK,35.07,OK,18.18,OK
2022-05-01 15:00:00,51.37,OK,0.57,BDL,null,OS,null,OS,2.24,OK,81.34,OK,2.76,BDL
2022-05-01 16:00:00,49.75,OK,0.51,BDL,null,OS,null,OS,2.23,OK,109.09,OK,-9.71,OR
2022-05-01 17:00:00,45.37,OK,0.49,BDL,null,OS,null,OS,2.24,OK,49.31,OK,1.95,BDL
2022-05-01 18:00:00,38.65,OK,0.65,BDL,null,OS,null,OS,2.33,OK,45.37,OK,10.82,OK
2022-05-01 19:00:00,30.93,OK,0.64,BDL,null,OS,null,OS,2.4,OK,36.29,OK,2.46,BDL
2022-05-01 20:00:00,27.85,OK,0.67,BDL,null,OS,null,OS,2.46,OK,51.1,OK,6.8,OK
2022-05-01 21:00:00,13.37,OK,0.79,BDL,null,OS,null,OS,2.67,OK,53.01,OK,13.51,OK
2022-05-01 22:00:00,35.28,OK,0.62,BDL,null,OS,null,OS,2.34,OK,77.23,OK,12.9,OK
2022-05-01 23:00:00,32.25,OK,0.55,BDL,null,OS,null,OS,2.26,OK,27.33,OK,10.16,OK
2022-05-02 00:00:00,44.11,OK,0.56,BDL,null,OS,null,OS,2.19,OK,34.65,OK,5.91,OK
2022-05-02 01:00:00,46.23,OK,0.65,BDL,null,OS,null,OS,2.19,OK,32.21,OK,10.31,OK
2022-05-02 02:00:00,42.93,OK,0.63,BDL,null,OS,null,OS,2.2,OK,29.25,OK,14.84,OK
2022-05-02 03:00:00,27.59,OK,0.68,BDL,null,OS,null,OS,2.23,OK,36.92,OK,3.65,BDL
2022-05-02 04:00:00,21.51,OK,0.67,BDL,null,OS,null,OS,2.28,OK,47.52,OK,12.53,OK
2022-05-02 05:00:00,23.69,OK,0.72,BDL,null,OS,null,OS,2.37,OK,66.61,OK,18.08,OK
2022-05-02 06:00:00,33.19,OK,0.76,BDL,null,OS,null,OS,2.33,OK,50.75,OK,29.12,OK
2022-05-02 07:00:00,39.5,OK,0.72,BDL,null,OS,null,OS,2.31,OK,32.97,OK,8.52,OK
2022-05-02 08:00:00,46.32,OK,0.69,BDL,null,OS,null,OS,2.29,OK,23.71,OK,12.79,OK
2022-05-02 09:00:00,49.26,OK,0.67,BDL,null,OS,null,OS,2.3,OK,16.97,OK,13.91,OK
2022-05-02 10:00:00,49.27,OK,0.7,BDL,null,OS,null,OS,2.31,OK,22.93,OK,16.21,OK
2022-05-02 11:00:00,50.7,OK,0.6,BDL,null,OS,null,OS,2.3,OK,26.82,OK,22.67,OK
2022-05-02 12:00:00,47.99,OK,0.66,BDL,null,OS,null,OS,2.36,OK,32.46,OK,15.34,OK
2022-05-02 13:00:00,48.56,OK,0.67,BDL,null,OS,null,OS,2.35,OK,29.27,OK,16.42,OK
2022-05-02 14:00:00,48.89,OK,0.67,BDL,null,OS,null,OS,2.32,OK,25.89,OK,18.2,OK
2022-05-02 15:00:00,42.9,OK,0.74,BDL,null,OS,null,OS,2.33,OK,51.61,OK,22.65,OK
2022-05-02 16:00:00,42.84,OK,0.63,BDL,null,OS,null,OS,2.31,OK,56.91,OK,13.21,OK
2022-05-02 17:00:00,39.71,OK,0.62,BDL,null,OS,null,OS,2.38,OK,54.8,OK,12.52,OK
2022-05-02 18:00:00,34.68,OK,0.75,BDL,null,OS,null,OS,2.42,OK,43.09,OK,5.84,OK
2022-05-02 19:00:00,34.15,OK,0.58,BDL,null,OS,null,OS,2.41,OK,51.34,OK,1.21,BDL
2022-05-02 20:00:00,27.05,OK,0.69,BDL,null,OS,null,OS,2.44,OK,32.11,OK,7.18,OK
2022-05-02 21:00:00,26.41,OK,0.68,BDL,null,OS,null,OS,2.38,OK,48.37,OK,10.62,OK
2022-05-02 22:00:00,19.63,OK,0.65,BDL,null,OS,null,OS,2.44,OK,38.34,OK,8.53,OK
2022-05-02 23:00:00,14.45,OK,0.74,BDL,null,OS,null,OS,2.41,OK,55.63,OK,14.04,OK
2022-05-03 00:00:00,15.7,OK,0.7,BDL,null,OS,null,OS,2.31,OK,54.93,OK,16.6,OK
2022-05-03 01:00:00,16.51,OK,0.66,BDL,null,OS,null,OS,2.27,OK,50.52,OK,11.9,OK
2022-05-03 02:00:00,17.44,OK,0.58,BDL,null,OS,null,OS,2.24,OK,49.18,OK,7.5,OK
2022-05-03 03:00:00,14.81,OK,0.59,BDL,null,OS,null,OS,2.21,OK,35.91,OK,15.3,OK
2022-05-03 04:00:00,9.01,OK,0.62,BDL,null,OS,null,OS,2.25,OK,41.25,OK,7.8,OK
2022-05-03 05:00:00,9.66,OK,0.85,BDL,null,OS,null,OS,2.4,OK,57.7,OK,11.22,OK
2022-05-03 06:00:00,17.91,OK,0.8,BDL,null,OS,null,OS,2.43,OK,61.69,OK,23.25,OK
2022-05-03 07:00:00,24.53,OK,0.82,BDL,null,OS,null,OS,2.49,OK,63.51,OK,19.2,OK
2022-05-03 08:00:00,37.09,OK,0.65,BDL,null,OS,null,OS,2.34,OK,29.83,OK,3.67,BDL
2022-05-03 09:00:00,42.21,OK,0.66,BDL,null,OS,null,OS,2.38,OK,39.54,OK,28.72,OK
2022-05-03 10:00:00,47.14,OK,0.68,BDL,null,OS,null,OS,2.34,OK,53.94,OK,21.32,OK
2022-05-03 11:00:00,47.59,OK,0.66,BDL,null,OS,null,OS,2.37,OK,57.79,OK,11.74,OK
2022-05-03 12:00:00,46.29,OK,0.61,BDL,null,OS,null,OS,2.36,OK,20.54,OK,13.34,OK
2022-05-03 13:00:00,45.75,OK,0.71,BDL,null,OS,null,OS,2.38,OK,26.42,OK,7.55,OK
2022-05-03 14:00:00,43.31,OK,0.77,BDL,null,OS,null,OS,2.4,OK,29.78,OK,4.33,OK
2022-05-03 15:00:00,40.42,OK,0.68,BDL,null,OS,null,OS,2.37,OK,45.88,OK,11.05,OK
2022-05-03 16:00:00,32.67,OK,0.68,BDL,null,OS,null,OS,2.44,OK,40.86,OK,5.77,OK
2022-05-03 17:00:00,27.47,OK,0.72,BDL,null,OS,null,OS,2.49,OK,55.28,OK,16.46,OK
2022-05-03 18:00:00,28.57,OK,0.67,BDL,null,OS,null,OS,2.45,OK,47.99,OK,6.65,OK
2022-05-03 19:00:00,32.53,OK,0.62,BDL,null,OS,null,OS,2.38,OK,57.2,OK,10.3,OK
2022-05-03 20:00:00,33.07,OK,0.63,BDL,null,OS,null,OS,2.34,OK,32.44,OK,11.07,OK
2022-05-03 21:00:00,36.21,OK,0.5,BDL,null,OS,null,OS,2.33,OK,31.48,OK,-1.33,BDL
2022-05-03 22:00:00,35.36,OK,0.65,BDL,null,OS,null,OS,2.28,OK,34.81,OK,8.94,OK
2022-05-03 23:00:00,37.38,OK,0.53,BDL,null,OS,null,OS,2.25,OK,31.1,OK,13.57,OK
2022-05-04 00:00:00,38.29,OK,0.52,BDL,null,OS,null,OS,2.26,OK,20.45,OK,4.34,OK
2022-05-04 01:00:00,34.69,OK,0.61,BDL,null,OS,null,OS,2.27,OK,27.14,OK,5.47,OK
2022-05-04 02:00:00,22.48,OK,0.62,BDL,null,OS,null,OS,2.29,OK,38.3,OK,13.78,OK
2022-05-04 03:00:00,18.88,OK,0.56,BDL,null,OS,null,OS,2.28,OK,41.22,OK,11.84,OK
2022-05-04 04:00:00,21.82,OK,0.61,BDL,null,OS,null,OS,2.25,OK,35.54,OK,11.75,OK
2022-05-04 05:00:00,8.75,OK,0.69,BDL,null,OS,null,OS,2.36,OK,38.73,OK,15.4,OK
2022-05-04 06:00:00,14.04,OK,1.18,OK,50.52,OK,732.17,OR,2.62,OK,-197.42,OR,20.74,OK
2022-05-04 07:00:00,26.96,OK,0.76,BDL,-0.28,BDL,1.06,OK,2.47,OK,-437.42,OR,196.71,OK
2022-05-04 08:00:00,40.72,OK,0.73,BDL,-0.3,BDL,0.55,OK,2.38,OK,-86.52,OR,114.35,OK
2022-05-04 09:00:00,45.66,OK,0.68,BDL,-0.32,BDL,0.4,OK,2.35,OK,-22.4,OR,37.79,OK
2022-05-04 10:00:00,46.91,OK,0.7,BDL,-0.28,BDL,0.38,BDL,2.38,OK,24.68,OK,21.96,OK
2022-05-04 11:00:00,45.75,OK,0.77,BDL,-0.26,BDL,0.39,BDL,2.4,OK,9.9,OK,18.55,OK
2022-05-04 12:00:00,46.17,OK,0.72,BDL,-0.27,BDL,0.37,BDL,2.42,OK,19.64,OK,8.87,OK
2022-05-04 13:00:00,45.72,OK,0.8,BDL,-0.27,BDL,0.35,BDL,2.42,OK,20.17,OK,14.49,OK
2022-05-04 14:00:00,39.51,OK,0.71,BDL,-0.31,BDL,0.36,BDL,2.45,OK,40.37,OK,21.36,OK
2022-05-04 15:00:00,39.68,OK,0.71,BDL,-0.25,BDL,0.33,BDL,2.4,OK,35.27,OK,9.9,OK
2022-05-04 16:00:00,37.71,OK,0.72,BDL,-0.29,BDL,0.38,BDL,2.39,OK,42.64,OK,8.88,OK
2022-05-04 17:00:00,36.7,OK,0.68,BDL,-0.19,BDL,0.25,BDL,2.44,OK,35.32,OK,8.76,OK
2022-05-04 18:00:00,29.58,OK,0.72,BDL,-0.3,BDL,0.32,BDL,2.48,OK,44.87,OK,4.31,OK
2022-05-04 19:00:00,28.9,OK,0.75,BDL,-0.36,BDL,0.47,OK,2.44,OK,45.03,OK,3.75,BDL
2022-05-04 20:00:00,28.11,OK,0.64,BDL,-0.26,BDL,0.43,OK,2.44,OK,42.5,OK,5.4,OK
2022-05-04 21:00:00,20.82,OK,0.7,BDL,-0.23,BDL,0.39,BDL,2.49,OK,41.65,OK,8.03,OK
2022-05-04 22:00:00,15.38,OK,0.72,BDL,-0.32,BDL,0.38,BDL,2.51,OK,36.83,OK,10.39,OK
2022-05-04 23:00:00,8.94,OK,0.63,BDL,-0.24,BDL,0.37,BDL,2.63,OK,61.41,OK,5.2,OK
2022-05-05 00:00:00,3.47,OK,0.73,BDL,-0.34,BDL,0.43,OK,2.61,OK,51.52,OK,18.25,OK
2022-05-05 01:00:00,8.82,OK,0.93,BDL,-0.36,BDL,0.36,BDL,2.36,OK,56.63,OK,8.9,OK
2022-05-05 02:00:00,11.96,OK,0.72,BDL,-0.23,BDL,0.38,BDL,2.33,OK,45.3,OK,12.54,OK
2022-05-05 03:00:00,12.45,OK,0.65,BDL,-0.2,BDL,0.46,OK,2.29,OK,36.21,OK,10.88,OK
2022-05-05 04:00:00,11.16,OK,0.63,BDL,-0.3,BDL,0.43,OK,2.28,OK,37.08,OK,6.72,OK
2022-05-05 05:00:00,7.31,OK,0.76,BDL,-0.26,BDL,0.49,OK,2.54,OK,69.93,OK,5.81,OK
2022-05-05 06:00:00,11.19,OK,0.95,BDL,-0.32,BDL,0.49,OK,2.46,OK,63.7,OK,12.78,OK
2022-05-05 07:00:00,22.57,OK,0.87,BDL,-0.25,BDL,0.43,OK,2.52,OK,39.21,OK,9.19,OK
2022-05-05 08:00:00,41.87,OK,1.0,OK,-0.34,BDL,0.33,BDL,2.43,OK,44.55,OK,12.71,OK
2022-05-05 09:00:00,49.02,OK,0.9,BDL,-0.28,BDL,0.33,BDL,2.46,OK,27.78,OK,28.19,OK
2022-05-05 10:00:00,53.2,OK,0.64,BDL,-0.2,BDL,0.18,BDL,2.37,OK,43.5,OK,24.91,OK
2022-05-05 11:00:00,55.32,OK,0.67,BDL,-0.22,BDL,0.22,BDL,2.33,OK,43.24,OK,24.56,OK
2022-05-05 12:00:00,53.85,OK,0.62,BDL,-0.29,BDL,0.19,BDL,2.33,OK,43.95,OK,22.32,OK
2022-05-05 13:00:00,54.6,OK,0.59,BDL,-0.26,BDL,0.13,BDL,2.31,OK,28.11,OK,11.92,OK
2022-05-05 14:00:00,51.37,OK,0.67,BDL,-0.24,BDL,0.22,BDL,2.32,OK,26.24,OK,13.57,OK
2022-05-05 15:00:00,50.21,OK,0.62,BDL,-0.23,BDL,0.1,BDL,2.3,OK,26.7,OK,-238.15,OR
2022-05-05 16:00:00,39.93,OK,0.67,BDL,-0.19,BDL,0.16,BDL,2.38,OK,58.05,OK,0.0,BDL
2022-05-05 17:00:00,36.6,OK,0.65,BDL,-0.27,BDL,0.13,BDL,2.42,OK,52.62,OK,0.0,BDL
2022-05-05 18:00:00,31.24,OK,0.61,BDL,-0.23,BDL,0.08,BDL,2.48,OK,37.81,OK,0.0,BDL
2022-05-05 19:00:00,27.79,OK,0.68,BDL,-0.25,BDL,0.03,BDL,2.45,OK,36.78,OK,0.0,BDL
2022-05-05 20:00:00,26.72,OK,0.56,BDL,-0.17,BDL,0.05,BDL,2.38,OK,48.83,OK,0.0,BDL
2022-05-05 21:00:00,24.58,OK,0.65,BDL,-0.1,BDL,0.1,BDL,2.44,OK,46.34,OK,0.0,BDL
2022-05-05 22:00:00,15.89,OK,0.67,BDL,-0.33,BDL,0.21,BDL,2.51,OK,41.25,OK,0.0,BDL
2022-05-05 23:00:00,5.56,OK,0.67,BDL,-0.23,BDL,0.29,BDL,2.6,OK,51.47,OK,0.0,BDL
2022-05-06 00:00:00,3.51,OK,0.71,BDL,-0.31,BDL,0.33,BDL,2.64,OK,51.64,OK,0.0,BDL
2022-05-06 01:00:00,5.12,OK,0.79,BDL,-0.26,BDL,0.28,BDL,2.48,OK,58.88,OK,0.0,BDL
2022-05-06 02:00:00,12.82,OK,0.73,BDL,-0.35,BDL,0.39,BDL,2.28,OK,61.03,OK,0.0,BDL
2022-05-06 03:00:00,20.11,OK,0.76,BDL,-0.25,BDL,0.4,OK,2.25,OK,39.61,OK,0.0,BDL
2022-05-06 04:00:00,19.59,OK,0.8,BDL,-0.2,BDL,0.3,BDL,2.25,OK,24.73,OK,0.0,BDL
2022-05-06 05:00:00,10.54,OK,0.81,BDL,-0.34,BDL,0.43,OK,2.42,OK,50.36,OK,0.0,BDL
2022-05-06 06:00:00,15.36,OK,0.86,BDL,-0.28,BDL,0.35,BDL,2.47,OK,56.63,OK,0.0,BDL
2022-05-06 07:00:00,32.05,OK,0.72,BDL,-0.25,BDL,0.33,BDL,2.39,OK,37.69,OK,0.0,BDL
2022-05-06 08:00:00,40.06,OK,0.71,BDL,-0.29,BDL,0.29,BDL,2.37,OK,27.27,OK,0.0,BDL
2022-05-06 09:00:00,47.51,OK,0.76,BDL,-0.24,BDL,0.17,BDL,2.52,OK,35.04,OK,0.0,BDL
2022-05-06 10:00:00,null,OS,0.89,BDL,-0.25,BDL,0.2,BDL,2.5,OK,52.75,OK,0.0,BDL
2022-05-06 11:00:00,null,OS,0.98,BDL,-0.19,BDL,0.13,BDL,2.35,OK,49.27,OK,0.0,BDL
2022-05-06 12:00:00,null,OS,0.66,BDL,-0.25,BDL,0.02,BDL,2.35,OK,31.02,OK,0.0,BDL
2022-05-06 13:00:00,null,OS,0.59,BDL,-0.4,BDL,0.09,BDL,2.38,OK,28.46,OK,0.0,BDL
2022-05-06 14:00:00,null,OS,0.58,BDL,-0.25,BDL,0.15,BDL,2.39,OK,38.72,OK,0.0,BDL
2022-05-06 15:00:00,null,OS,0.58,BDL,-0.21,BDL,0.09,BDL,2.41,OK,47.34,OK,0.0,BDL
2022-05-06 16:00:00,null,OS,0.67,BDL,-0.3,BDL,0.11,BDL,2.44,OK,50.57,OK,0.0,BDL
2022-05-06 17:00:00,null,OS,0.67,BDL,-0.25,BDL,0.09,BDL,2.4,OK,31.73,OK,0.0,BDL
2022-05-06 18:00:00,null,OS,0.67,BDL,-0.25,BDL,0.06,BDL,2.55,OK,45.1,OK,0.0,BDL
2022-05-06 19:00:00,null,OS,0.68,BDL,-0.15,BDL,0.05,BDL,2.64,OK,59.66,OK,0.0,BDL
2022-05-06 20:00:00,null,OS,0.76,BDL,-0.18,BDL,0.08,BDL,2.8,OK,63.33,OK,0.0,BDL
2022-05-06 21:00:00,null,OS,1.28,OK,-0.28,BDL,0.22,BDL,2.88,OK,54.76,OK,0.0,BDL
2022-05-06 22:00:00,null,OS,1.01,OK,-0.21,BDL,0.12,BDL,2.88,OK,70.55,OK,0.0,BDL
2022-05-06 23:00:00,null,OS,1.16,OK,-0.19,BDL,0.13,BDL,2.91,OK,74.24,OK,0.0,BDL
2022-05-07 00:00:00,null,OS,1.14,OK,-0.24,BDL,0.16,BDL,3.14,OK,91.78,OK,0.0,BDL
2022-05-07 01:00:00,null,OS,1.07,OK,-0.33,BDL,0.3,BDL,2.94,OK,75.85,OK,0.0,BDL
2022-05-07 02:00:00,null,OS,0.77,BDL,-0.25,BDL,0.28,BDL,2.41,OK,68.9,OK,0.0,BDL
2022-05-07 03:00:00,null,OS,0.82,BDL,-0.37,BDL,0.31,BDL,2.35,OK,58.64,OK,0.0,BDL
2022-05-07 04:00:00,null,OS,0.88,BDL,-0.21,BDL,0.22,BDL,2.3,OK,53.14,OK,0.0,BDL
2022-05-07 05:00:00,null,OS,1.38,OK,-0.31,BDL,0.2,BDL,2.36,OK,51.87,OK,0.0,BDL
2022-05-07 06:00:00,null,OS,1.18,OK,-0.36,BDL,0.31,BDL,2.4,OK,97.36,OK,0.0,BDL
2022-05-07 07:00:00,null,OS,0.96,BDL,-0.31,BDL,0.23,BDL,2.36,OK,46.67,OK,0.0,BDL
2022-05-07 08:00:00,null,OS,0.87,BDL,-0.26,BDL,0.19,BDL,2.35,OK,31.5,OK,0.0,BDL
2022-05-07 09:00:00,null,OS,0.66,BDL,-0.16,BDL,0.22,BDL,2.37,OK,29.17,OK,0.0,BDL
2022-05-07 10:00:00,null,OS,0.58,BDL,-0.24,BDL,0.11,BDL,2.31,OK,38.08,OK,0.0,BDL
2022-05-07 11:00:00,null,OS,0.6,BDL,-0.2,BDL,0.01,BDL,2.36,OK,27.25,OK,0.0,BDL
2022-05-07 12:00:00,null,OS,0.63,BDL,-0.16,BDL,-0.04,BDL,2.35,OK,26.73,OK,0.0,BDL
2022-05-07 13:00:00,null,OS,0.64,BDL,-0.24,BDL,-0.11,BDL,2.35,OK,31.7,OK,0.0,BDL
2022-05-07 14:00:00,null,OS,0.61,BDL,-0.31,BDL,-0.1,BDL,2.36,OK,48.61,OK,0.0,BDL
2022-05-07 15:00:00,null,OS,0.6,BDL,-0.18,BDL,-0.17,BDL,2.33,OK,45.31,OK,0.0,BDL
2022-05-07 16:00:00,null,OS,0.57,BDL,-0.21,BDL,-0.09,BDL,2.3,OK,45.53,OK,0.0,BDL
2022-05-07 17:00:00,null,OS,0.56,BDL,-0.26,BDL,-0.02,BDL,2.31,OK,54.42,OK,0.0,BDL
2022-05-07 18:00:00,null,OS,0.59,BDL,-0.36,BDL,0.07,BDL,2.37,OK,44.09,OK,0.0,BDL
2022-05-07 19:00:00,null,OS,0.61,BDL,-0.22,BDL,-0.1,BDL,2.46,OK,42.01,OK,0.0,BDL
2022-05-07 20:00:00,null,OS,0.68,BDL,-0.3,BDL,-0.09,BDL,2.49,OK,37.08,OK,0.0,BDL
2022-05-07 21:00:00,null,OS,0.85,BDL,-0.26,BDL,-0.0,BDL,2.85,OK,43.79,OK,0.0,BDL
2022-05-07 22:00:00,null,OS,0.93,BDL,-0.22,BDL,-0.09,BDL,2.98,OK,60.86,OK,0.0,BDL
2022-05-07 23:00:00,null,OS,0.95,BDL,-0.21,BDL,-0.07,BDL,2.85,OK,57.94,OK,0.0,BDL
2022-05-08 00:00:00,null,OS,0.72,BDL,-0.26,BDL,0.05,BDL,2.5,OK,61.44,OK,0.0,BDL
2022-05-08 01:00:00,null,OS,0.71,BDL,-0.25,BDL,0.06,BDL,2.56,OK,63.22,OK,0.0,BDL
2022-05-08 02:00:00,null,OS,0.75,BDL,-0.2,BDL,-0.01,BDL,2.42,OK,60.76,OK,0.0,BDL
2022-05-08 03:00:00,null,OS,0.95,BDL,-0.22,BDL,0.05,BDL,2.39,OK,54.84,OK,0.0,BDL
2022-05-08 04:00:00,null,OS,1.09,OK,-0.33,BDL,0.09,BDL,2.34,OK,58.81,OK,0.0,BDL
2022-05-08 05:00:00,null,OS,1.01,OK,-0.3,BDL,0.06,BDL,2.33,OK,39.66,OK,0.0,BDL
2022-05-08 06:00:00,null,OS,0.92,BDL,-0.26,BDL,-0.02,BDL,2.37,OK,26.09,OK,0.0,BDL
2022-05-08 07:00:00,null,OS,0.82,BDL,-0.28,BDL,-0.12,BDL,2.3,OK,17.47,OK,0.0,BDL
2022-05-08 08:00:00,null,OS,0.75,BDL,-0.33,BDL,-0.17,BDL,2.3,OK,52.22,OK,0.0,BDL
2022-05-08 09:00:00,null,OS,0.59,BDL,-0.19,BDL,-0.21,BDL,2.3,OK,29.14,OK,0.0,BDL
2022-05-08 10:00:00,null,OS,0.64,BDL,-0.18,BDL,-0.27,BDL,2.3,OK,36.85,OK,0.0,BDL
2022-05-08 11:00:00,null,OS,0.52,BDL,-0.27,BDL,-0.31,BDL,2.3,OK,30.0,OK,0.0,BDL
2022-05-08 12:00:00,null,OS,0.56,BDL,-0.14,BDL,-0.37,BDL,2.29,OK,14.1,OK,0.0,BDL
2022-05-08 13:00:00,null,OS,0.53,BDL,-0.28,BDL,-0.27,BDL,2.28,OK,25.88,OK,0.0,BDL
2022-05-08 14:00:00,null,OS,0.54,BDL,-0.24,BDL,-0.23,BDL,2.31,OK,43.42,OK,0.0,BDL
2022-05-08 15:00:00,null,OS,0.6,BDL,-0.28,BDL,-0.16,BDL,2.32,OK,44.29,OK,0.0,BDL
2022-05-08 16:00:00,null,OS,0.56,BDL,-0.36,BDL,-0.15,BDL,2.32,OK,47.43,OK,0.0,BDL
2022-05-08 17:00:00,null,OS,0.55,BDL,-0.3,BDL,-0.13,BDL,2.31,OK,50.9,OK,0.0,BDL
2022-05-08 18:00:00,null,OS,0.56,BDL,-0.27,BDL,-0.15,BDL,2.36,OK,31.2,OK,0.0,BDL
2022-05-08 19:00:00,null,OS,0.65,BDL,-0.3,BDL,-0.19,BDL,2.39,OK,32.15,OK,0.0,BDL
2022-05-08 20:00:00,null,OS,0.68,BDL,-0.29,BDL,-0.18,BDL,2.42,OK,46.03,OK,0.0,BDL
2022-05-08 21:00:00,null,OS,0.63,BDL,-0.29,BDL,-0.23,BDL,2.43,OK,33.6,OK,0.0,BDL
2022-05-08 22:00:00,null,OS,0.65,BDL,-0.24,BDL,-0.32,BDL,2.37,OK,23.9,OK,0.0,BDL
2022-05-08 23:00:00,null,OS,0.61,BDL,-0.2,BDL,-0.29,BDL,2.37,OK,27.6,OK,0.0,BDL
2022-05-09 00:00:00,null,OS,0.59,BDL,-0.21,BDL,-0.35,BDL,2.32,OK,26.69,OK,0.0,BDL
2022-05-09 01:00:00,null,OS,0.65,BDL,-0.27,BDL,-0.33,BDL,2.34,OK,36.02,OK,0.0,BDL
2022-05-09 02:00:00,null,OS,0.74,BDL,-0.25,BDL,-0.28,BDL,2.3,OK,39.95,OK,0.0,BDL
2022-05-09 03:00:00,null,OS,1.3,OK,-0.26,BDL,-0.23,BDL,2.35,OK,42.46,OK,0.0,BDL
2022-05-09 04:00:00,null,OS,0.63,BDL,-0.37,BDL,-0.14,BDL,2.33,OK,32.86,OK,0.0,BDL
2022-05-09 05:00:00,null,OS,0.75,BDL,-0.32,BDL,-0.07,BDL,2.46,OK,47.73,OK,0.0,BDL
2022-05-09 06:00:00,null,OS,0.95,BDL,-0.19,BDL,-0.13,BDL,2.58,OK,44.7,OK,0.0,BDL
2022-05-09 07:00:00,null,OS,0.74,BDL,-0.22,BDL,-0.3,BDL,2.48,OK,31.56,OK,0.0,BDL
2022-05-09 08:00:00,null,OS,0.7,BDL,-0.22,BDL,-0.44,OR,2.39,OK,28.89,OK,0.0,BDL
2022-05-09 09:00:00,null,OS,0.56,BDL,-0.2,BDL,-0.6,OR,2.32,OK,30.17,OK,0.0,BDL
2022-05-09 10:00:00,null,OS,0.53,BDL,-0.3,BDL,-0.61,OR,2.36,OK,15.67,OK,0.0,BDL
2022-05-09 11:00:00,null,OS,0.49,BDL,-0.14,BDL,-0.56,OR,2.35,OK,29.78,OK,0.0,BDL
2022-05-09 12:00:00,null,OS,0.53,BDL,-0.25,BDL,-0.57,OR,2.36,OK,35.03,OK,0.0,BDL
2022-05-09 13:00:00,null,OS,0.54,BDL,-0.09,BDL,-0.6,OR,2.39,OK,40.19,OK,0.0,BDL
2022-05-09 14:00:00,null,OS,0.47,BDL,-0.23,BDL,-0.63,OR,2.35,OK,34.77,OK,0.0,BDL
2022-05-09 15:00:00,null,OS,0.53,BDL,-0.26,BDL,-0.57,OR,2.38,OK,33.05,OK,0.0,BDL
2022-05-09 16:00:00,null,OS,0.6,BDL,-0.26,BDL,-0.62,OR,2.39,OK,36.45,OK,0.0,BDL
2022-05-09 17:00:00,null,OS,0.63,BDL,-0.3,BDL,-0.64,OR,2.4,OK,27.32,OK,0.0,BDL
2022-05-09 18:00:00,null,OS,0.69,BDL,-0.32,BDL,-0.52,OR,2.51,OK,42.58,OK,0.0,BDL
2022-05-09 19:00:00,null,OS,2.24,OK,-0.26,BDL,-0.5,OR,2.53,OK,49.96,OK,0.0,BDL
2022-05-09 20:00:00,null,OS,1.29,OK,-0.3,BDL,-0.48,OR,2.45,OK,76.81,OK,0.0,BDL
2022-05-09 21:00:00,null,OS,0.96,BDL,-0.31,BDL,-0.45,OR,2.45,OK,43.66,OK,0.0,BDL
2022-05-09 22:00:00,null,OS,1.07,OK,-0.18,BDL,-0.58,OR,2.54,OK,57.91,OK,0.0,BDL
2022-05-09 23:00:00,null,OS,1.03,OK,-0.16,BDL,-0.48,OR,2.67,OK,56.8,OK,0.0,BDL
2022-05-10 00:00:00,null,OS,0.93,BDL,-0.28,BDL,-0.48,OR,2.53,OK,63.87,OK,0.0,BDL
2022-05-10 01:00:00,null,OS,1.29,OK,-0.16,BDL,-0.46,OR,2.46,OK,63.98,OK,0.0,BDL
2022-05-10 02:00:00,null,OS,1.94,OK,-0.16,BDL,-0.43,OR,2.41,OK,77.65,OK,0.0,BDL
2022-05-10 03:00:00,null,OS,1.02,OK,-0.27,BDL,-0.43,OR,2.36,OK,43.85,OK,0.0,BDL
2022-05-10 04:00:00,null,OS,1.04,OK,-0.3,BDL,-0.44,OR,2.37,OK,40.11,OK,0.0,BDL
2022-05-10 05:00:00,null,OS,1.06,OK,-0.19,BDL,-0.42,OR,2.48,OK,45.41,OK,0.0,BDL
2022-05-10 06:00:00,null,OS,1.03,OK,-0.28,BDL,-0.46,OR,2.55,OK,52.83,OK,0.0,BDL
2022-05-10 07:00:00,null,OS,1.58,OK,-0.23,BDL,-0.53,OR,2.51,OK,35.7,OK,0.0,BDL
2022-05-10 08:00:00,null,OS,1.56,OK,-0.2,BDL,-0.59,OR,2.5,OK,53.74,OK,0.0,BDL
2022-05-10 09:00:00,null,OS,0.67,BDL,-0.25,BDL,-0.59,OR,2.42,OK,23.44,OK,0.0,BDL
2022-05-10 10:00:00,null,OS,0.6,BDL,-0.28,BDL,-0.59,OR,2.37,OK,29.94,OK,0.0,BDL
2022-05-10 11:00:00,null,OS,0.56,BDL,-0.25,BDL,-0.5,OR,2.36,OK,23.54,OK,0.0,BDL
2022-05-10 12:00:00,null,OS,0.63,BDL,-0.2,BDL,-0.54,OR,2.42,OK,25.57,OK,0.0,BDL
2022-05-10 13:00:00,null,OS,0.65,BDL,-0.28,BDL,-0.54,OR,2.41,OK,23.84,OK,0.0,BDL
2022-05-10 14:00:00,null,OS,0.56,BDL,-0.21,BDL,-0.53,OR,2.36,OK,24.75,OK,0.0,BDL
2022-05-10 15:00:00,null,OS,0.6,BDL,-0.11,BDL,-0.62,OR,2.35,OK,30.79,OK,0.0,BDL
2022-05-10 16:00:00,null,OS,0.56,BDL,-0.19,BDL,-0.61,OR,2.36,OK,46.77,OK,0.0,BDL
2022-05-10 17:00:00,null,OS,0.56,BDL,-0.13,BDL,-0.61,OR,2.35,OK,28.25,OK,0.0,BDL
2022-05-10 18:00:00,null,OS,0.66,BDL,-0.32,BDL,-0.42,OR,2.39,OK,29.85,OK,0.0,BDL
2022-05-10 19:00:00,null,OS,0.59,BDL,-0.25,BDL,-0.45,OR,2.49,OK,40.27,OK,0.0,BDL
2022-05-10 20:00:00,null,OS,0.59,BDL,-0.31,BDL,-0.38,BDL,2.43,OK,40.78,OK,0.0,BDL
2022-05-10 21:00:00,null,OS,0.63,BDL,-0.21,BDL,-0.46,OR,2.43,OK,45.74,OK,0.0,BDL
2022-05-10 22:00:00,null,OS,0.72,BDL,-0.18,BDL,-0.48,OR,2.47,OK,52.96,OK,0.0,BDL
2022-05-10 23:00:00,null,OS,0.76,BDL,-0.39,BDL,-0.2,BDL,2.44,OK,55.34,OK,0.0,BDL
2022-05-11 00:00:00,null,OS,0.74,BDL,-0.28,BDL,-0.4,BDL,2.5,OK,60.77,OK,0.0,BDL
2022-05-11 01:00:00,null,OS,0.76,BDL,-0.3,BDL,-0.27,BDL,2.5,OK,57.98,OK,0.0,BDL
2022-05-11 02:00:00,null,OS,0.69,BDL,-0.23,BDL,-0.29,BDL,2.4,OK,52.07,OK,0.0,BDL
2022-05-11 03:00:00,null,OS,0.67,BDL,-0.25,BDL,-0.31,BDL,2.37,OK,49.1,OK,0.0,BDL
2022-05-11 04:00:00,null,OS,0.71,BDL,-0.23,BDL,-0.32,BDL,2.36,OK,44.82,OK,0.0,BDL
2022-05-11 05:00:00,null,OS,0.91,BDL,-0.15,BDL,-0.38,BDL,2.56,OK,51.0,OK,0.0,BDL
2022-05-11 06:00:00,null,OS,1.33,OK,-0.18,BDL,-0.42,OR,2.68,OK,67.5,OK,0.0,BDL
2022-05-11 07:00:00,null,OS,1.08,OK,-0.17,BDL,-0.56,OR,2.7,OK,39.9,OK,0.0,BDL
2022-05-11 08:00:00,null,OS,0.99,BDL,-0.22,BDL,-0.55,OR,2.69,OK,53.44,OK,0.0,BDL
2022-05-11 09:00:00,null,OS,0.96,BDL,-0.25,BDL,-0.43,OR,2.42,OK,61.26,OK,0.0,BDL
2022-05-11 10:00:00,null,OS,0.95,BDL,-0.16,BDL,-0.41,OR,2.37,OK,35.93,OK,0.0,BDL
2022-05-11 11:00:00,null,OS,0.62,BDL,-0.24,BDL,-0.46,OR,2.4,OK,21.16,OK,0.0,BDL
2022-05-11 12:00:00,null,OS,0.56,BDL,-0.19,BDL,-0.49,OR,2.35,OK,22.82,OK,0.0,BDL
2022-05-11 13:00:00,null,OS,0.55,BDL,-0.27,BDL,-0.49,OR,2.36,OK,24.98,OK,0.0,BDL
2022-05-11 14:00:00,null,OS,0.53,BDL,-0.3,BDL,-0.39,BDL,2.36,OK,25.16,OK,0.0,BDL
2022-05-11 15:00:00,null,OS,0.59,BDL,-0.31,BDL,-0.48,OR,2.37,OK,73.53,OK,0.0,BDL
2022-05-11 16:00:00,null,OS,0.54,BDL,-0.29,BDL,-0.39,BDL,2.4,OK,40.46,OK,0.0,BDL
2022-05-11 17:00:00,null,OS,0.59,BDL,-0.23,BDL,-0.46,OR,2.41,OK,42.42,OK,0.0,BDL
2022-05-11 18:00:00,null,OS,0.85,BDL,-0.09,BDL,-0.55,OR,2.54,OK,35.45,OK,0.0,BDL
2022-05-11 19:00:00,null,OS,0.64,BDL,-0.24,BDL,-0.46,OR,2.53,OK,30.11,OK,0.0,BDL
2022-05-11 20:00:00,null,OS,0.61,BDL,-0.29,BDL,-0.38,BDL,2.44,OK,31.88,OK,0.0,BDL
2022-05-11 21:00:00,null,OS,0.86,BDL,-0.3,BDL,-0.32,BDL,2.44,OK,28.82,OK,0.0,BDL
2022-05-11 22:00:00,null,OS,1.82,OK,-0.29,BDL,-0.35,BDL,2.43,OK,31.01,OK,0.0,BDL
2022-05-11 23:00:00,null,OS,1.81,OK,-0.25,BDL,-0.35,BDL,2.36,OK,49.11,OK,0.0,BDL
2022-05-12 00:00:00,null,OS,1.55,OK,-0.22,BDL,-0.3,BDL,2.32,OK,49.37,OK,0.0,BDL
2022-05-12 01:00:00,null,OS,1.58,OK,-0.3,BDL,-0.21,BDL,2.3,OK,37.66,OK,0.0,BDL
2022-05-12 02:00:00,null,OS,1.84,OK,-0.2,BDL,-0.2,BDL,2.3,OK,37.57,OK,0.0,BDL
2022-05-12 03:00:00,null,OS,1.31,OK,-0.24,BDL,-0.23,BDL,2.27,OK,21.11,OK,0.0,BDL
2022-05-12 04:00:00,null,OS,0.95,BDL,-0.39,BDL,-0.15,BDL,2.39,OK,32.6,OK,0.0,BDL
2022-05-12 05:00:00,null,OS,0.9,BDL,-0.19,BDL,-0.23,BDL,2.52,OK,36.9,OK,0.0,BDL
2022-05-12 06:00:00,null,OS,1.8,OK,-0.27,BDL,-0.19,BDL,2.67,OK,74.54,OK,0.0,BDL
2022-05-12 07:00:00,null,OS,1.25,OK,-0.28,BDL,-0.35,BDL,2.65,OK,61.14,OK,0.0,BDL
2022-05-12 08:00:00,null,OS,0.9,BDL,-0.26,BDL,-0.34,BDL,2.48,OK,51.82,OK,0.0,BDL
2022-05-12 09:00:00,null,OS,0.92,BDL,-0.21,BDL,-0.41,OR,2.41,OK,44.19,OK,0.0,BDL
2022-05-12 10:00:00,null,OS,0.79,BDL,-0.19,BDL,-0.4,BDL,2.37,OK,39.85,OK,0.0,BDL
2022-05-12 11:00:00,null,OS,0.73,BDL,-0.22,BDL,-0.56,OR,2.43,OK,34.12,OK,0.0,BDL
2022-05-12 12:00:00,null,OS,0.7,BDL,-0.13,BDL,-0.66,OR,2.41,OK,22.22,OK,0.0,BDL
2022-05-12 13:00:00,null,OS,0.81,BDL,-0.15,BDL,-0.5,OR,2.43,OK,25.12,OK,0.0,BDL
2022-05-12 14:00:00,null,OS,0.57,BDL,-0.23,BDL,-0.46,OR,2.39,OK,19.87,OK,0.0,BDL
2022-05-12 15:00:00,null,OS,0.56,BDL,-0.25,BDL,-0.52,OR,2.44,OK,32.29,OK,0.0,BDL
2022-05-12 16:00:00,null,OS,0.59,BDL,-0.18,BDL,-0.48,OR,2.46,OK,140.26,OK,0.0,BDL
2022-05-12 17:00:00,null,OS,0.58,BDL,-0.22,BDL,-0.51,OR,2.47,OK,98.67,OK,0.0,BDL
2022-05-12 18:00:00,null,OS,0.6,BDL,-0.16,BDL,-0.46,OR,2.41,OK,83.95,OK,0.0,BDL
2022-05-12 19:00:00,null,OS,0.6,BDL,-0.34,BDL,-0.33,BDL,2.44,OK,59.37,OK,0.0,BDL
2022-05-12 20:00:00,null,OS,0.68,BDL,-0.24,BDL,-0.21,BDL,2.47,OK,67.87,OK,0.0,BDL
2022-05-12 21:00:00,null,OS,0.69,BDL,-0.19,BDL,-0.33,BDL,2.41,OK,56.68,OK,0.0,BDL
2022-05-12 22:00:00,null,OS,1.0,OK,-0.21,BDL,-0.37,BDL,2.39,OK,66.06,OK,0.0,BDL
2022-05-12 23:00:00,null,OS,0.84,BDL,-0.25,BDL,-0.27,BDL,2.35,OK,59.37,OK,0.0,BDL
2022-05-13 00:00:00,null,OS,0.55,BDL,-0.25,BDL,-0.24,BDL,2.32,OK,44.7,OK,0.0,BDL
2022-05-13 01:00:00,null,OS,0.55,BDL,-0.2,BDL,-0.2,BDL,2.36,OK,37.6,OK,0.0,BDL
2022-05-13 02:00:00,null,OS,0.56,BDL,-0.14,BDL,-0.16,BDL,2.29,OK,61.03,OK,0.0,BDL
2022-05-13 03:00:00,null,OS,0.57,BDL,-0.15,BDL,-0.24,BDL,2.28,OK,32.26,OK,0.0,BDL
2022-05-13 04:00:00,null,OS,0.62,BDL,-0.2,BDL,-0.06,BDL,2.38,OK,54.75,OK,0.0,BDL
2022-05-13 05:00:00,null,OS,0.68,BDL,-0.21,BDL,-0.21,BDL,2.49,OK,31.87,OK,0.0,BDL
2022-05-13 06:00:00,null,OS,0.79,BDL,-0.27,BDL,-0.03,BDL,2.61,OK,67.88,OK,0.0,BDL
2022-05-13 07:00:00,null,OS,1.02,OK,-0.25,BDL,-0.28,BDL,2.81,OK,55.3,OK,0.0,BDL
2022-05-13 08:00:00,null,OS,0.85,BDL,-0.2,BDL,-0.27,BDL,2.67,OK,80.75,OK,0.0,BDL
2022-05-13 09:00:00,null,OS,0.76,BDL,-0.27,BDL,-0.35,BDL,2.47,OK,98.29,OK,0.0,BDL
2022-05-13 10:00:00,null,OS,1.23,OK,-0.3,BDL,-0.44,OR,2.45,OK,71.06,OK,0.0,BDL
2022-05-13 11:00:00,null,OS,1.39,OK,-0.2,BDL,-0.38,BDL,2.44,OK,60.08,OK,0.0,BDL
2022-05-13 12:00:00,null,OS,0.74,BDL,-0.26,BDL,-0.55,OR,2.4,OK,39.44,OK,0.0,BDL
2022-05-13 13:00:00,null,OS,0.87,BDL,-0.29,BDL,-0.37,BDL,2.44,OK,43.03,OK,0.0,BDL
2022-05-13 14:00:00,null,OS,0.71,BDL,-0.27,BDL,-0.46,OR,2.43,OK,42.24,OK,44.89,OK
2022-05-13 15:00:00,null,OS,0.63,BDL,-0.27,BDL,-0.45,OR,2.46,OK,31.09,OK,49.05,OK
2022-05-13 16:00:00,null,OS,0.53,BDL,-0.15,BDL,-0.56,OR,2.47,OK,43.2,OK,34.82,OK
2022-05-13 17:00:00,null,OS,0.57,BDL,-0.19,BDL,-0.54,OR,2.5,OK,51.25,OK,15.79,OK
2022-05-13 18:00:00,null,OS,0.59,BDL,-0.34,BDL,-0.48,OR,2.48,OK,42.26,OK,8.99,OK
2022-05-13 19:00:00,null,OS,0.93,BDL,-0.3,BDL,-0.51,OR,2.44,OK,31.37,OK,-3.62,BDL
2022-05-13 20:00:00,null,OS,1.4,OK,-0.37,BDL,-0.52,OR,2.54,OK,56.12,OK,1.89,BDL
2022-05-13 21:00:00,null,OS,0.98,BDL,-0.28,BDL,-0.52,OR,2.61,OK,35.45,OK,3.63,BDL
2022-05-13 22:00:00,null,OS,0.74,BDL,-0.22,BDL,-0.51,OR,2.54,OK,58.27,OK,4.25,OK
2022-05-13 23:00:00,null,OS,0.78,BDL,-0.28,BDL,-0.43,OR,2.71,OK,48.48,OK,9.15,OK
2022-05-14 00:00:00,null,OS,0.91,BDL,-0.27,BDL,-0.45,OR,2.8,OK,68.03,OK,10.66,OK
2022-05-14 01:00:00,null,OS,0.71,BDL,-0.17,BDL,-0.55,OR,2.4,OK,70.53,OK,21.25,OK
2022-05-14 02:00:00,null,OS,0.9,BDL,-0.2,BDL,-0.48,OR,2.35,OK,55.77,OK,14.15,OK
2022-05-14 03:00:00,null,OS,0.77,BDL,-0.18,BDL,-0.41,OR,2.31,OK,41.6,OK,2.74,BDL
2022-05-14 04:00:00,null,OS,0.58,BDL,-0.22,BDL,-0.34,BDL,2.31,OK,38.95,OK,11.12,OK
2022-05-14 05:00:00,null,OS,0.54,BDL,-0.31,BDL,-0.41,OR,2.34,OK,34.2,OK,-5.85,OR
2022-05-14 06:00:00,null,OS,0.74,BDL,-0.27,BDL,-0.42,OR,2.43,OK,38.28,OK,8.93,OK
2022-05-14 07:00:00,null,OS,0.93,BDL,-0.2,BDL,-0.5,OR,2.52,OK,56.05,OK,16.84,OK
2022-05-14 08:00:00,null,OS,0.77,BDL,-0.24,BDL,-0.63,OR,2.55,OK,48.1,OK,23.42,OK
2022-05-14 09:00:00,null,OS,0.74,BDL,-0.23,BDL,-0.73,OR,2.56,OK,53.33,OK,29.15,OK
2022-05-14 10:00:00,null,OS,0.67,BDL,-0.24,BDL,-0.77,OR,2.5,OK,48.26,OK,24.54,OK
2022-05-14 11:00:00,null,OS,0.65,BDL,-0.19,BDL,-0.76,OR,2.46,OK,36.95,OK,21.29,OK
2022-05-14 12:00:00,null,OS,0.97,BDL,-0.35,BDL,-0.76,OR,2.51,OK,46.29,OK,14.42,OK
2022-05-14 13:00:00,null,OS,0.66,BDL,-0.2,BDL,-0.82,OR,2.4,OK,44.02,OK,26.16,OK
2022-05-14 14:00:00,null,OS,0.68,BDL,-0.44,OR,-0.72,OR,2.39,OK,35.0,OK,27.54,OK
2022-05-14 15:00:00,null,OS,0.67,BDL,-0.32,BDL,-0.79,OR,2.39,OK,36.09,OK,25.33,OK
2022-05-14 16:00:00,null,OS,0.63,BDL,-0.21,BDL,-0.89,OR,2.43,OK,22.68,OK,-2.52,BDL
2022-05-14 17:00:00,null,OS,0.66,BDL,-0.21,BDL,-0.86,OR,2.44,OK,32.3,OK,0.53,BDL
2022-05-14 18:00:00,null,OS,1.06,OK,-0.36,BDL,-0.92,OR,2.58,OK,43.29,OK,10.62,OK
2022-05-14 19:00:00,null,OS,1.02,OK,-0.24,BDL,-0.92,OR,2.64,OK,41.97,OK,-2.38,BDL
2022-05-14 20:00:00,null,OS,0.79,BDL,-0.26,BDL,-0.92,OR,2.65,OK,35.71,OK,1.74,BDL
2022-05-14 21:00:00,null,OS,0.81,BDL,-0.23,BDL,-0.88,OR,2.86,OK,35.16,OK,2.62,BDL
2022-05-14 22:00:00,null,OS,1.0,OK,-0.21,BDL,-0.89,OR,3.24,OK,61.67,OK,7.35,OK
2022-05-14 23:00:00,null,OS,1.04,OK,-0.25,BDL,-0.85,OR,3.26,OK,81.77,OK,14.72,OK
2022-05-15 00:00:00,null,OS,0.76,BDL,-0.23,BDL,-0.84,OR,2.75,OK,64.82,OK,11.35,OK
2022-05-15 01:00:00,null,OS,0.83,BDL,-0.28,BDL,-0.78,OR,2.51,OK,63.33,OK,13.37,OK
2022-05-15 02:00:00,null,OS,0.69,BDL,-0.2,BDL,-0.81,OR,2.39,OK,53.82,OK,11.55,OK
2022-05-15 03:00:00,null,OS,0.84,BDL,-0.24,BDL,-0.74,OR,2.43,OK,46.31,OK,7.48,OK
2022-05-15 04:00:00,null,OS,1.14,OK,-0.32,BDL,-0.74,OR,2.49,OK,48.94,OK,9.46,OK
2022-05-15 05:00:00,null,OS,0.93,BDL,-0.23,BDL,-0.72,OR,2.39,OK,47.63,OK,7.14,OK
2022-05-15 06:00:00,null,OS,0.85,BDL,-0.27,BDL,-0.74,OR,2.37,OK,44.41,OK,11.76,OK
2022-05-15 07:00:00,null,OS,0.68,BDL,-0.22,BDL,-0.72,OR,2.34,OK,21.08,OK,12.05,OK
2022-05-15 08:00:00,null,OS,0.82,BDL,-0.25,BDL,-0.75,OR,2.34,OK,8.19,OK,6.25,OK
2022-05-15 09:00:00,null,OS,0.64,BDL,-0.35,BDL,-0.85,OR,2.35,OK,35.72,OK,23.55,OK
2022-05-15 10:00:00,null,OS,0.62,BDL,-0.3,BDL,-0.88,OR,2.36,OK,15.56,OK,9.2,OK
2022-05-15 11:00:00,null,OS,0.62,BDL,-0.2,BDL,-0.99,OR,2.36,OK,28.58,OK,19.63,OK
2022-05-15 12:00:00,null,OS,0.56,BDL,-0.17,BDL,-1.0,OR,2.35,OK,22.37,OK,11.5,OK
2022-05-15 13:00:00,null,OS,0.65,BDL,-0.19,BDL,-1.03,OR,2.41,OK,19.32,OK,17.35,OK
2022-05-15 14:00:00,null,OS,0.61,BDL,-0.27,BDL,-1.0,OR,2.41,OK,19.91,OK,-0.51,BDL
2022-05-15 15:00:00,null,OS,0.6,BDL,-0.32,BDL,-0.97,OR,2.35,OK,23.4,OK,0.92,BDL
2022-05-15 16:00:00,null,OS,0.58,BDL,-0.25,BDL,-1.01,OR,2.38,OK,33.15,OK,11.96,OK
2022-05-15 17:00:00,null,OS,0.64,BDL,-0.24,BDL,-0.94,OR,2.41,OK,27.01,OK,4.51,OK
2022-05-15 18:00:00,null,OS,0.64,BDL,-0.22,BDL,-1.05,OR,2.4,OK,38.09,OK,-2.57,BDL
2022-05-15 19:00:00,null,OS,0.75,BDL,-0.3,BDL,-0.91,OR,2.6,OK,31.97,OK,-3.75,BDL
2022-05-15 20:00:00,null,OS,0.73,BDL,-0.21,BDL,-0.89,OR,2.46,OK,35.08,OK,-0.03,BDL
2022-05-15 21:00:00,null,OS,0.73,BDL,-0.22,BDL,-0.86,OR,2.46,OK,43.73,OK,5.92,OK
2022-05-15 22:00:00,null,OS,0.66,BDL,-0.26,BDL,-0.84,OR,2.47,OK,36.37,OK,8.56,OK
2022-05-15 23:00:00,null,OS,0.65,BDL,-0.25,BDL,-0.81,OR,2.41,OK,36.64,OK,-6.04,OR
2022-05-16 00:00:00,null,OS,0.75,BDL,-0.21,BDL,-0.8,OR,2.4,OK,21.63,OK,2.43,BDL
2022-05-16 01:00:00,null,OS,0.75,BDL,-0.31,BDL,-0.67,OR,2.48,OK,35.1,OK,3.18,BDL
2022-05-16 02:00:00,null,OS,0.71,BDL,-0.22,BDL,-0.67,OR,2.36,OK,40.2,OK,2.05,BDL
2022-05-16 03:00:00,null,OS,0.68,BDL,-0.22,BDL,-0.68,OR,2.34,OK,28.32,OK,3.86,BDL
2022-05-16 04:00:00,null,OS,0.99,BDL,-0.24,BDL,-0.73,OR,2.36,OK,37.7,OK,5.26,OK
2022-05-16 05:00:00,null,OS,1.47,OK,-0.09,BDL,-0.77,OR,2.67,OK,54.45,OK,9.54,OK
2022-05-16 06:00:00,null,OS,1.31,OK,-0.39,BDL,-0.71,OR,2.66,OK,79.62,OK,25.7,OK
2022-05-16 07:00:00,null,OS,1.31,OK,-0.17,BDL,-0.9,OR,2.58,OK,68.53,OK,29.39,OK
2022-05-16 08:00:00,null,OS,0.8,BDL,-0.23,BDL,-0.89,OR,2.39,OK,49.95,OK,21.1,OK
2022-05-16 09:00:00,null,OS,0.71,BDL,-0.25,BDL,-0.88,OR,2.41,OK,19.68,OK,13.2,OK
2022-05-16 10:00:00,null,OS,0.78,BDL,-0.17,BDL,-0.96,OR,2.44,OK,44.99,OK,19.44,OK
2022-05-16 11:00:00,null,OS,0.55,BDL,-0.16,BDL,-0.97,OR,2.39,OK,28.16,OK,17.04,OK
2022-05-16 12:00:00,null,OS,0.57,BDL,-0.24,BDL,-0.97,OR,2.44,OK,20.9,OK,11.76,OK
2022-05-16 13:00:00,null,OS,0.65,BDL,-0.17,BDL,-0.97,OR,2.47,OK,25.34,OK,4.71,OK
2022-05-16 14:00:00,null,OS,0.67,BDL,-0.2,BDL,-1.08,OR,2.43,OK,42.23,OK,16.9,OK
2022-05-16 15:00:00,null,OS,0.65,BDL,-0.26,BDL,-1.01,OR,2.44,OK,51.27,OK,10.48,OK
2022-05-16 16:00:00,null,OS,1.11,OK,-0.23,BDL,-1.06,OR,2.47,OK,49.87,OK,10.31,OK
2022-05-16 17:00:00,null,OS,0.72,BDL,-0.2,BDL,-1.13,OR,2.5,OK,54.54,OK,9.29,OK
2022-05-16 18:00:00,null,OS,0.78,BDL,-0.23,BDL,-1.07,OR,2.53,OK,51.18,OK,3.34,BDL
2022-05-16 19:00:00,null,OS,0.94,BDL,-0.24,BDL,-1.01,OR,2.56,OK,53.54,OK,0.81,BDL
2022-05-16 20:00:00,null,OS,1.05,OK,-0.27,BDL,-1.01,OR,2.45,OK,50.44,OK,4.49,OK
2022-05-16 21:00:00,null,OS,0.91,BDL,-0.15,BDL,-0.95,OR,2.46,OK,42.07,OK,4.59,OK
2022-05-16 22:00:00,null,OS,1.2,OK,-0.3,BDL,-0.89,OR,2.57,OK,57.88,OK,5.37,OK
2022-05-16 23:00:00,null,OS,0.79,BDL,-0.19,BDL,-0.99,OR,2.41,OK,46.83,OK,4.56,OK
2022-05-17 00:00:00,null,OS,0.96,BDL,-0.17,BDL,-1.06,OR,2.35,OK,37.31,OK,7.15,OK
2022-05-17 01:00:00,null,OS,1.15,OK,-0.33,BDL,-1.03,OR,2.32,OK,38.78,OK,9.02,OK
2022-05-17 02:00:00,null,OS,1.07,OK,-0.28,BDL,-0.99,OR,2.3,OK,27.56,OK,-0.82,BDL
2022-05-17 03:00:00,null,OS,1.02,OK,-0.21,BDL,-1.01,OR,2.33,OK,30.94,OK,9.52,OK
2022-05-17 04:00:00,null,OS,0.91,BDL,-0.17,BDL,-1.06,OR,2.34,OK,37.7,OK,10.74,OK
2022-05-17 05:00:00,null,OS,0.88,BDL,-0.21,BDL,-0.98,OR,2.45,OK,46.71,OK,1.27,BDL
2022-05-17 06:00:00,null,OS,0.86,BDL,-0.29,BDL,-1.02,OR,2.4,OK,48.96,OK,7.89,OK
2022-05-17 07:00:00,null,OS,0.76,BDL,-0.25,BDL,-1.09,OR,2.42,OK,27.22,OK,10.0,OK
2022-05-17 08:00:00,null,OS,0.8,BDL,-0.24,BDL,-1.05,OR,2.4,OK,31.66,OK,13.71,OK
2022-05-17 09:00:00,null,OS,0.76,BDL,-0.36,BDL,-1.02,OR,2.42,OK,29.89,OK,25.02,OK
2022-05-17 10:00:00,null,OS,0.82,BDL,-0.18,BDL,-1.08,OR,2.41,OK,27.06,OK,18.81,OK
2022-05-17 11:00:00,null,OS,0.79,BDL,-0.32,BDL,-1.08,OR,2.41,OK,26.86,OK,28.31,OK
2022-05-17 12:00:00,null,OS,0.81,BDL,-0.3,BDL,-0.98,OR,2.41,OK,18.87,OK,21.64,OK
2022-05-17 13:00:00,null,OS,0.71,BDL,-0.2,BDL,-1.14,OR,2.43,OK,60.43,OK,25.37,OK
2022-05-17 14:00:00,null,OS,0.61,BDL,-0.19,BDL,-1.21,OR,2.43,OK,46.94,OK,16.61,OK
2022-05-17 15:00:00,null,OS,0.63,BDL,-0.3,BDL,-1.15,OR,2.43,OK,47.55,OK,13.82,OK
2022-05-17 16:00:00,null,OS,0.61,BDL,-0.18,BDL,-1.19,OR,2.45,OK,77.43,OK,15.76,OK
2022-05-17 17:00:00,null,OS,0.66,BDL,-0.18,BDL,-1.26,OR,2.46,OK,78.24,OK,10.61,OK
2022-05-17 18:00:00,null,OS,0.7,BDL,-0.25,BDL,-1.2,OR,2.56,OK,69.94,OK,6.16,OK
2022-05-17 19:00:00,null,OS,0.68,BDL,-0.23,BDL,-1.2,OR,2.54,OK,44.19,OK,5.7,OK
2022-05-17 20:00:00,null,OS,0.64,BDL,-0.24,BDL,-1.1,OR,2.52,OK,47.3,OK,13.24,OK
2022-05-17 21:00:00,null,OS,0.72,BDL,-0.25,BDL,-1.12,OR,2.59,OK,46.51,OK,8.23,OK
2022-05-17 22:00:00,null,OS,0.7,BDL,-0.28,BDL,-1.12,OR,2.58,OK,54.09,OK,13.06,OK
2022-05-17 23:00:00,null,OS,0.7,BDL,-0.31,BDL,-0.98,OR,2.43,OK,51.25,OK,-10.84,OR
2022-05-18 00:00:00,null,OS,0.77,BDL,-0.24,BDL,-0.96,OR,2.43,OK,36.98,OK,9.31,OK
2022-05-18 01:00:00,null,OS,0.75,BDL,-0.26,BDL,-1.11,OR,2.38,OK,39.35,OK,12.61,OK
2022-05-18 02:00:00,null,OS,0.66,BDL,-0.24,BDL,-1.05,OR,2.37,OK,37.15,OK,17.76,OK
2022-05-18 03:00:00,null,OS,0.63,BDL,-0.23,BDL,-1.08,OR,2.34,OK,38.57,OK,2.25,BDL
2022-05-18 04:00:00,null,OS,0.68,BDL,-0.32,BDL,-0.9,OR,2.37,OK,28.64,OK,4.28,OK
2022-05-18 05:00:00,null,OS,0.99,BDL,-0.3,BDL,-0.82,OR,2.43,OK,34.58,OK,2.51,BDL
2022-05-18 06:00:00,null,OS,0.7,BDL,-0.28,BDL,-0.92,OR,2.48,OK,43.88,OK,7.14,OK
2022-05-18 07:00:00,null,OS,0.65,BDL,-0.19,BDL,-0.96,OR,2.46,OK,19.77,OK,2.48,BDL
2022-05-18 08:00:00,null,OS,0.6,BDL,-0.2,BDL,-0.97,OR,2.39,OK,28.94,OK,16.28,OK
2022-05-18 09:00:00,null,OS,0.59,BDL,-0.28,BDL,-1.04,OR,2.36,OK,262.95,OK,12.63,OK
2022-05-18 10:00:00,null,OS,0.55,BDL,-0.15,BDL,-1.14,OR,2.39,OK,100.56,OK,10.05,OK
2022-05-18 11:00:00,null,OS,0.59,BDL,-0.28,BDL,-1.06,OR,2.38,OK,23.79,OK,13.58,OK
2022-05-18 12:00:00,null,OS,0.55,BDL,-0.24,BDL,-1.16,OR,2.4,OK,53.65,OK,20.91,OK
2022-05-18 13:00:00,null,OS,0.56,BDL,-0.13,BDL,-1.25,OR,2.39,OK,27.25,OK,16.33,OK
2022-05-18 14:00:00,null,OS,0.77,BDL,-0.4,BDL,-1.1,OR,2.47,OK,31.01,OK,17.4,OK
2022-05-18 15:00:00,null,OS,0.71,BDL,-0.36,BDL,-1.12,OR,2.49,OK,74.96,OK,16.56,OK
2022-05-18 16:00:00,null,OS,0.7,BDL,-0.25,BDL,-1.25,OR,2.52,OK,87.52,OK,19.17,OK
2022-05-18 17:00:00,null,OS,0.7,BDL,-0.26,BDL,-1.17,OR,2.53,OK,65.55,OK,9.5,OK
2022-05-18 18:00:00,null,OS,0.64,BDL,-0.3,BDL,-1.13,OR,2.57,OK,54.81,OK,9.28,OK
2022-05-18 19:00:00,null,OS,0.9,BDL,-0.26,BDL,-1.08,OR,2.52,OK,42.93,OK,2.3,BDL
2022-05-18 20:00:00,null,OS,1.23,OK,-0.33,BDL,-0.94,OR,2.48,OK,38.8,OK,9.95,OK
2022-05-18 21:00:00,null,OS,1.22,OK,-0.26,BDL,-1.02,OR,2.51,OK,39.42,OK,11.77,OK
2022-05-18 22:00:00,null,OS,0.87,BDL,-0.31,BDL,-0.95,OR,2.47,OK,51.74,OK,25.75,OK
2022-05-18 23:00:00,null,OS,0.8,BDL,-0.22,BDL,-0.94,OR,2.54,OK,62.43,OK,8.42,OK
2022-05-19 00:00:00,null,OS,0.73,BDL,-0.31,BDL,-0.87,OR,2.49,OK,55.65,OK,12.95,OK
2022-05-19 01:00:00,null,OS,0.73,BDL,-0.19,BDL,-0.88,OR,2.5,OK,63.44,OK,5.68,OK
2022-05-19 02:00:00,null,OS,0.72,BDL,-0.2,BDL,-0.8,OR,2.52,OK,68.08,OK,0.72,BDL
2022-05-19 03:00:00,null,OS,0.71,BDL,-0.23,BDL,-0.78,OR,2.55,OK,82.86,OK,11.84,OK
2022-05-19 04:00:00,null,OS,0.74,BDL,-0.27,BDL,-0.7,OR,2.51,OK,65.48,OK,12.39,OK
2022-05-19 05:00:00,null,OS,0.87,BDL,-0.18,BDL,-0.78,OR,2.62,OK,52.84,OK,0.54,BDL
2022-05-19 06:00:00,null,OS,0.91,BDL,-0.3,BDL,-0.8,OR,2.73,OK,61.88,OK,6.5,OK
2022-05-19 07:00:00,null,OS,0.88,BDL,-0.17,BDL,-0.88,OR,2.51,OK,30.97,OK,6.07,OK
2022-05-19 08:00:00,null,OS,0.73,BDL,-0.35,BDL,-0.58,OR,2.45,OK,26.85,OK,2.47,BDL
2022-05-19 09:00:00,null,OS,0.64,BDL,-0.2,BDL,-0.7,OR,2.43,OK,29.2,OK,12.75,OK
2022-05-19 10:00:00,null,OS,0.54,BDL,-0.25,BDL,-0.74,OR,2.4,OK,46.23,OK,22.21,OK
2022-05-19 11:00:00,null,OS,0.56,BDL,-0.19,BDL,-0.71,OR,2.42,OK,27.64,OK,15.94,OK
2022-05-19 12:00:00,null,OS,0.53,BDL,-0.21,BDL,-0.61,OR,2.48,OK,27.13,OK,13.39,OK
2022-05-19 13:00:00,null,OS,0.55,BDL,-0.36,BDL,-0.56,OR,2.44,OK,29.05,OK,11.86,OK
2022-05-19 14:00:00,null,OS,0.55,BDL,-0.19,BDL,-0.65,OR,2.46,OK,28.38,OK,15.54,OK
2022-05-19 15:00:00,null,OS,0.63,BDL,-0.15,BDL,-0.72,OR,2.47,OK,42.72,OK,14.8,OK
2022-05-19 16:00:00,null,OS,0.56,BDL,-0.19,BDL,-0.58,OR,2.49,OK,63.53,OK,17.8,OK
2022-05-19 17:00:00,null,OS,0.56,BDL,-0.28,BDL,-0.54,OR,2.53,OK,61.29,OK,12.75,OK
2022-05-19 18:00:00,null,OS,0.56,BDL,-0.26,BDL,-0.54,OR,2.5,OK,46.12,OK,10.72,OK
2022-05-19 19:00:00,null,OS,0.61,BDL,-0.19,BDL,-0.64,OR,2.51,OK,71.53,OK,-1.45,BDL
2022-05-19 20:00:00,null,OS,0.52,BDL,-0.38,BDL,-0.42,OR,2.49,OK,53.66,OK,12.25,OK
2022-05-19 21:00:00,null,OS,0.55,BDL,-0.3,BDL,-0.49,OR,2.45,OK,39.84,OK,5.03,OK
2022-05-19 22:00:00,null,OS,0.53,BDL,-0.29,BDL,-0.48,OR,2.51,OK,38.69,OK,1.65,BDL
2022-05-19 23:00:00,null,OS,0.54,BDL,-0.24,BDL,-0.49,OR,2.42,OK,44.62,OK,12.93,OK
2022-05-20 00:00:00,null,OS,0.56,BDL,-0.15,BDL,-0.56,OR,2.4,OK,30.79,OK,12.93,OK
2022-05-20 01:00:00,null,OS,0.47,BDL,-0.32,BDL,-0.39,BDL,2.42,OK,38.99,OK,26.74,OK
2022-05-20 02:00:00,null,OS,0.49,BDL,-0.25,BDL,-0.36,BDL,2.41,OK,32.56,OK,16.57,OK
2022-05-20 03:00:00,null,OS,0.48,BDL,-0.3,BDL,-0.34,BDL,2.4,OK,45.09,OK,83.61,OK
2022-05-20 04:00:00,null,OS,0.49,BDL,-0.27,BDL,-0.33,BDL,2.44,OK,37.33,OK,-24.34,OR
2022-05-20 05:00:00,null,OS,0.55,BDL,-0.28,BDL,-0.27,BDL,2.49,OK,42.25,OK,-31.41,OR
2022-05-20 06:00:00,null,OS,0.61,BDL,-0.2,BDL,-0.29,BDL,2.51,OK,31.79,OK,-30.5,OR
2022-05-20 07:00:00,null,OS,0.6,BDL,-0.31,BDL,-0.34,BDL,2.55,OK,29.62,OK,-15.91,OR
2022-05-20 08:00:00,null,OS,0.55,BDL,-0.18,BDL,-0.41,OR,2.46,OK,13.28,OK,-7.29,OR
2022-05-20 09:00:00,null,OS,0.53,BDL,-0.11,BDL,-0.43,OR,2.43,OK,26.14,OK,-14.43,OR
2022-05-20 10:00:00,null,OS,0.55,BDL,-0.35,BDL,-0.29,BDL,2.42,OK,88.55,OK,2.41,BDL
2022-05-20 11:00:00,null,OS,0.49,BDL,-0.31,BDL,-0.3,BDL,2.41,OK,39.22,OK,4.89,OK
2022-05-20 12:00:00,null,OS,0.53,BDL,-0.35,BDL,-0.24,BDL,2.44,OK,28.08,OK,11.78,OK
2022-05-20 13:00:00,null,OS,0.52,BDL,-0.22,BDL,-0.34,BDL,2.41,OK,57.1,OK,8.55,OK
2022-05-20 14:00:00,null,OS,0.46,BDL,-0.16,BDL,-0.31,BDL,2.41,OK,59.85,OK,15.22,OK
2022-05-20 15:00:00,null,OS,0.44,BDL,-0.24,BDL,-0.3,BDL,2.39,OK,45.11,OK,4.22,OK
2022-05-20 16:00:00,null,OS,0.39,BDL,-0.26,BDL,-0.3,BDL,2.39,OK,35.89,OK,8.28,OK
2022-05-20 17:00:00,null,OS,0.42,BDL,-0.28,BDL,-0.24,BDL,2.42,OK,23.83,OK,4.4,OK
2022-05-20 18:00:00,null,OS,0.47,BDL,-0.3,BDL,-0.22,BDL,2.43,OK,30.46,OK,-0.55,BDL
2022-05-20 19:00:00,null,OS,0.59,BDL,-0.27,BDL,-0.2,BDL,2.53,OK,32.09,OK,0.24,BDL
2022-05-20 20:00:00,null,OS,0.54,BDL,-0.19,BDL,-0.33,BDL,2.54,OK,40.22,OK,2.84,BDL
2022-05-20 21:00:00,null,OS,0.45,BDL,-0.12,BDL,-0.32,BDL,2.38,OK,54.0,OK,-2.26,BDL
2022-05-20 22:00:00,null,OS,0.42,BDL,-0.3,BDL,-0.28,BDL,2.36,OK,46.93,OK,2.06,BDL
2022-05-20 23:00:00,null,OS,0.42,BDL,-0.36,BDL,-0.22,BDL,2.36,OK,28.76,OK,8.69,OK
2022-05-21 00:00:00,null,OS,0.43,BDL,-0.17,BDL,-0.24,BDL,2.34,OK,29.38,OK,13.74,OK
2022-05-21 01:00:00,null,OS,0.45,BDL,-0.33,BDL,-0.16,BDL,2.34,OK,25.7,OK,4.59,OK
2022-05-21 02:00:00,null,OS,0.47,BDL,-0.14,BDL,-0.27,BDL,2.32,OK,24.39,OK,9.25,OK
2022-05-21 03:00:00,null,OS,0.52,BDL,-0.32,BDL,-0.21,BDL,2.32,OK,36.85,OK,1.31,BDL
2022-05-21 04:00:00,null,OS,0.53,BDL,-0.34,BDL,-0.2,BDL,2.31,OK,20.16,OK,-6.75,OR
2022-05-21 05:00:00,null,OS,0.59,BDL,-0.27,BDL,-0.18,BDL,2.36,OK,14.73,OK,-7.49,OR
2022-05-21 06:00:00,null,OS,0.61,BDL,-0.22,BDL,-0.21,BDL,2.39,OK,40.08,OK,4.45,OK
2022-05-21 07:00:00,null,OS,0.68,BDL,-0.23,BDL,-0.19,BDL,2.38,OK,-1.0,BDL,-4.42,OR
2022-05-21 08:00:00,null,OS,0.55,BDL,-0.19,BDL,-0.3,BDL,2.38,OK,21.2,OK,13.39,OK
2022-05-21 09:00:00,null,OS,0.56,BDL,-0.31,BDL,-0.2,BDL,2.38,OK,21.76,OK,9.68,OK
2022-05-21 10:00:00,null,OS,0.52,BDL,-0.16,BDL,-0.22,BDL,2.42,OK,22.4,OK,6.59,OK
2022-05-21 11:00:00,null,OS,0.5,BDL,-0.2,BDL,-0.27,BDL,2.43,OK,28.77,OK,14.66,OK
2022-05-21 12:00:00,null,OS,0.51,BDL,-0.32,BDL,-0.28,BDL,2.42,OK,30.28,OK,10.61,OK
2022-05-21 13:00:00,null,OS,0.52,BDL,-0.24,BDL,-0.24,BDL,2.41,OK,22.18,OK,15.23,OK
2022-05-21 14:00:00,null,OS,0.45,BDL,-0.25,BDL,-0.31,BDL,2.42,OK,27.48,OK,16.43,OK
2022-05-21 15:00:00,null,OS,0.48,BDL,-0.24,BDL,-0.28,BDL,2.44,OK,35.62,OK,22.31,OK
2022-05-21 16:00:00,null,OS,0.56,BDL,-0.24,BDL,-0.34,BDL,2.4,OK,47.07,OK,4.58,OK
2022-05-21 17:00:00,null,OS,0.56,BDL,-0.27,BDL,-0.25,BDL,2.4,OK,44.74,OK,9.64,OK
2022-05-21 18:00:00,null,OS,0.51,BDL,-0.3,BDL,-0.2,BDL,2.41,OK,42.08,OK,-0.19,BDL
2022-05-21 19:00:00,null,OS,0.61,BDL,-0.13,BDL,-0.25,BDL,2.56,OK,35.34,OK,-1.84,BDL
2022-05-21 20:00:00,null,OS,0.54,BDL,-0.18,BDL,-0.2,BDL,2.55,OK,42.14,OK,-0.87,BDL
2022-05-21 21:00:00,null,OS,0.58,BDL,-0.16,BDL,-0.2,BDL,2.71,OK,38.73,OK,11.11,OK
2022-05-21 22:00:00,null,OS,0.6,BDL,-0.2,BDL,-0.14,BDL,2.66,OK,53.17,OK,8.64,OK
2022-05-21 23:00:00,null,OS,0.61,BDL,-0.19,BDL,-0.21,BDL,2.8,OK,45.66,OK,9.42,OK
2022-05-22 00:00:00,null,OS,0.73,BDL,-0.28,BDL,-0.07,BDL,3.03,OK,54.42,OK,9.64,OK
2022-05-22 01:00:00,null,OS,0.72,BDL,-0.39,BDL,-0.06,BDL,2.84,OK,88.81,OK,15.1,OK
2022-05-22 02:00:00,null,OS,0.68,BDL,-0.25,BDL,-0.09,BDL,2.73,OK,91.48,OK,17.48,OK
2022-05-22 03:00:00,null,OS,0.57,BDL,-0.22,BDL,-0.16,BDL,2.45,OK,79.73,OK,14.29,OK
2022-05-22 04:00:00,null,OS,0.54,BDL,-0.24,BDL,-0.09,BDL,2.39,OK,66.53,OK,15.21,OK
2022-05-22 05:00:00,null,OS,0.65,BDL,-0.29,BDL,-0.01,BDL,2.39,OK,59.98,OK,11.73,OK
2022-05-22 06:00:00,null,OS,0.83,BDL,-0.31,BDL,0.05,BDL,2.43,OK,40.72,OK,3.48,BDL
2022-05-22 07:00:00,null,OS,0.65,BDL,-0.23,BDL,-0.13,BDL,2.38,OK,27.08,OK,3.69,BDL
2022-05-22 08:00:00,null,OS,0.61,BDL,-0.38,BDL,-0.1,BDL,2.36,OK,15.38,OK,6.18,OK
2022-05-22 09:00:00,null,OS,1.17,OK,-0.24,BDL,-0.17,BDL,2.37,OK,17.87,OK,14.42,OK
2022-05-22 10:00:00,null,OS,0.43,BDL,-0.27,BDL,-0.21,BDL,2.3,OK,35.18,OK,21.99,OK
2022-05-22 11:00:00,null,OS,0.52,BDL,-0.27,BDL,-0.2,BDL,2.36,OK,12.0,OK,17.59,OK
2022-05-22 12:00:00,null,OS,0.47,BDL,-0.32,BDL,-0.16,BDL,2.33,OK,14.06,OK,6.74,OK
2022-05-22 13:00:00,null,OS,0.46,BDL,-0.17,BDL,-0.23,BDL,2.36,OK,14.49,OK,9.86,OK
2022-05-22 14:00:00,null,OS,0.48,BDL,-0.23,BDL,-0.33,BDL,2.36,OK,21.09,OK,12.66,OK
2022-05-22 15:00:00,null,OS,0.51,BDL,-0.27,BDL,-0.28,BDL,2.37,OK,40.01,OK,10.39,OK
2022-05-22 16:00:00,null,OS,0.51,BDL,-0.23,BDL,-0.32,BDL,2.36,OK,28.1,OK,11.93,OK
2022-05-22 17:00:00,null,OS,0.54,BDL,-0.13,BDL,-0.32,BDL,2.35,OK,31.58,OK,6.62,OK
2022-05-22 18:00:00,null,OS,0.52,BDL,-0.35,BDL,-0.27,BDL,2.39,OK,57.16,OK,0.61,BDL
2022-05-22 19:00:00,null,OS,0.4,BDL,-0.21,BDL,-0.19,BDL,2.43,OK,49.53,OK,-6.43,OR
2022-05-22 20:00:00,null,OS,0.46,BDL,-0.17,BDL,-0.24,BDL,2.54,OK,25.03,OK,-8.06,OR
2022-05-22 21:00:00,null,OS,0.71,BDL,-0.29,BDL,-0.16,BDL,2.6,OK,33.32,OK,1.4,BDL
2022-05-22 22:00:00,null,OS,0.65,BDL,-0.21,BDL,-0.16,BDL,2.46,OK,30.14,OK,12.59,OK
2022-05-22 23:00:00,null,OS,0.63,BDL,-0.28,BDL,-0.04,BDL,2.47,OK,39.49,OK,1.06,BDL
2022-05-23 00:00:00,null,OS,0.61,BDL,-0.13,BDL,-0.17,BDL,2.37,OK,35.73,OK,22.5,OK
2022-05-23 01:00:00,null,OS,0.68,BDL,-0.23,BDL,-0.07,BDL,2.46,OK,31.48,OK,-1.47,BDL
2022-05-23 02:00:00,null,OS,1.02,OK,-0.31,BDL,-0.02,BDL,2.5,OK,52.35,OK,-4.0,BDL
2022-05-23 03:00:00,null,OS,0.75,BDL,-0.25,BDL,-0.0,BDL,2.46,OK,51.12,OK,13.5,OK
2022-05-23 04:00:00,null,OS,0.61,BDL,-0.2,BDL,-0.09,BDL,2.43,OK,50.82,OK,21.52,OK
2022-05-23 05:00:00,null,OS,0.81,BDL,-0.26,BDL,0.07,BDL,2.58,OK,57.53,OK,9.89,OK
2022-05-23 06:00:00,null,OS,0.86,BDL,-0.26,BDL,-0.12,BDL,2.69,OK,62.11,OK,2.01,BDL
2022-05-23 07:00:00,null,OS,0.76,BDL,-0.24,BDL,-0.07,BDL,2.54,OK,35.64,OK,10.67,OK
2022-05-23 08:00:00,null,OS,0.98,BDL,-0.28,BDL,-0.08,BDL,2.55,OK,22.79,OK,7.73,OK
2022-05-23 09:00:00,null,OS,1.03,OK,-0.28,BDL,-0.04,BDL,2.51,OK,50.51,OK,24.54,OK
2022-05-23 10:00:00,null,OS,0.58,BDL,-0.33,BDL,0.03,BDL,2.42,OK,36.53,OK,21.64,OK
2022-05-23 11:00:00,null,OS,0.46,BDL,-0.31,BDL,-0.01,BDL,2.4,OK,18.84,OK,8.99,OK
2022-05-23 12:00:00,null,OS,0.52,BDL,-0.23,BDL,-0.05,BDL,2.44,OK,23.41,OK,12.18,OK
2022-05-23 13:00:00,null,OS,0.58,BDL,-0.3,BDL,-0.03,BDL,2.44,OK,22.05,OK,11.45,OK
2022-05-23 14:00:00,null,OS,0.57,BDL,-0.37,BDL,-0.05,BDL,2.47,OK,38.13,OK,15.52,OK
2022-05-23 15:00:00,null,OS,0.55,BDL,-0.3,BDL,-0.08,BDL,2.45,OK,36.56,OK,10.73,OK
2022-05-23 16:00:00,null,OS,0.57,BDL,-0.21,BDL,-0.23,BDL,2.46,OK,49.91,OK,14.29,OK
2022-05-23 17:00:00,null,OS,0.54,BDL,-0.21,BDL,-0.13,BDL,2.46,OK,42.4,OK,7.24,OK
2022-05-23 18:00:00,null,OS,0.49,BDL,-0.2,BDL,-0.3,BDL,2.46,OK,41.73,OK,1.28,BDL
2022-05-23 19:00:00,null,OS,0.49,BDL,-0.24,BDL,-0.18,BDL,2.48,OK,35.18,OK,-1.95,BDL
2022-05-23 20:00:00,null,OS,0.5,BDL,-0.29,BDL,-0.17,BDL,2.46,OK,37.31,OK,6.68,OK
2022-05-23 21:00:00,null,OS,0.5,BDL,-0.31,BDL,-0.1,BDL,2.45,OK,38.29,OK,20.3,OK
2022-05-23 22:00:00,null,OS,0.58,BDL,-0.19,BDL,-0.2,BDL,2.47,OK,39.03,OK,18.56,OK
2022-05-23 23:00:00,null,OS,0.59,BDL,-0.35,BDL,-0.22,BDL,2.43,OK,39.38,OK,23.85,OK
2022-05-24 00:00:00,null,OS,0.54,BDL,-0.25,BDL,-0.19,BDL,2.36,OK,44.82,OK,-17.64,OR
2022-05-24 01:00:00,null,OS,0.51,BDL,-0.28,BDL,-0.31,BDL,2.36,OK,22.8,OK,5.3,OK
2022-05-24 02:00:00,null,OS,0.48,BDL,-0.26,BDL,-0.49,OR,2.37,OK,27.63,OK,3.93,BDL
2022-05-24 03:00:00,null,OS,0.54,BDL,-0.24,BDL,-0.72,OR,2.4,OK,39.45,OK,-11.09,OR
2022-05-24 04:00:00,null,OS,0.53,BDL,-0.23,BDL,-0.71,OR,2.4,OK,30.82,OK,25.57,OK
2022-05-24 05:00:00,null,OS,0.65,BDL,-0.33,BDL,-0.68,OR,2.54,OK,25.78,OK,-26.05,OR
2022-05-24 06:00:00,null,OS,0.74,BDL,-0.2,BDL,-0.8,OR,2.56,OK,55.95,OK,-9.71,OR
2022-05-24 07:00:00,null,OS,0.6,BDL,-0.28,BDL,-0.71,OR,2.44,OK,24.44,OK,-0.32,BDL
2022-05-24 08:00:00,null,OS,0.65,BDL,-0.14,BDL,-0.75,OR,2.42,OK,21.99,OK,2.91,BDL
2022-05-24 09:00:00,null,OS,0.51,BDL,-0.26,BDL,-0.77,OR,2.38,OK,24.72,OK,10.64,OK
2022-05-24 10:00:00,null,OS,0.54,BDL,-0.24,BDL,-0.86,OR,2.41,OK,21.23,OK,13.25,OK
2022-05-24 11:00:00,null,OS,0.48,BDL,-0.23,BDL,-0.81,OR,2.38,OK,22.9,OK,5.4,OK
2022-05-24 12:00:00,null,OS,0.52,BDL,-0.16,BDL,-0.83,OR,2.38,OK,24.59,OK,10.92,OK
2022-05-24 13:00:00,null,OS,0.5,BDL,-0.27,BDL,-0.79,OR,2.41,OK,19.09,OK,16.83,OK
2022-05-24 14:00:00,null,OS,0.5,BDL,-0.28,BDL,-0.86,OR,2.42,OK,29.77,OK,22.99,OK
2022-05-24 15:00:00,null,OS,0.43,BDL,-0.31,BDL,-0.92,OR,2.47,OK,46.49,OK,22.65,OK
2022-05-24 16:00:00,null,OS,0.58,BDL,-0.24,BDL,-0.93,OR,2.52,OK,66.9,OK,13.59,OK
2022-05-24 17:00:00,null,OS,0.54,BDL,-0.31,BDL,-0.9,OR,2.52,OK,42.33,OK,9.59,OK
2022-05-24 18:00:00,null,OS,0.55,BDL,-0.22,BDL,-0.9,OR,2.54,OK,48.4,OK,14.69,OK
2022-05-24 19:00:00,null,OS,0.55,BDL,-0.18,BDL,-0.94,OR,2.5,OK,33.34,OK,2.26,BDL
2022-05-24 20:00:00,null,OS,0.52,BDL,-0.43,OR,-0.82,OR,2.44,OK,28.22,OK,-0.57,BDL
2022-05-24 21:00:00,null,OS,0.51,BDL,-0.27,BDL,-0.82,OR,2.43,OK,37.59,OK,15.39,OK
2022-05-24 22:00:00,null,OS,0.51,BDL,-0.21,BDL,-0.79,OR,2.48,OK,33.16,OK,16.59,OK
2022-05-24 23:00:00,null,OS,0.5,BDL,-0.28,BDL,-0.82,OR,2.49,OK,40.7,OK,4.77,OK
2022-05-25 00:00:00,null,OS,0.61,BDL,-0.21,BDL,-0.8,OR,2.49,OK,37.32,OK,10.71,OK
2022-05-25 01:00:00,null,OS,0.53,BDL,-0.19,BDL,-0.78,OR,2.47,OK,49.05,OK,1.23,BDL
2022-05-25 02:00:00,null,OS,0.58,BDL,-0.21,BDL,-0.86,OR,2.44,OK,44.53,OK,-2.76,BDL
2022-05-25 03:00:00,null,OS,0.55,BDL,-0.21,BDL,-0.82,OR,2.49,OK,45.13,OK,14.34,OK
2022-05-25 04:00:00,null,OS,0.62,BDL,-0.28,BDL,-0.81,OR,2.47,OK,50.89,OK,9.87,OK
2022-05-25 05:00:00,null,OS,0.66,BDL,-0.33,BDL,-0.77,OR,2.61,OK,54.46,OK,-3.18,BDL
2022-05-25 06:00:00,null,OS,0.69,BDL,-0.17,BDL,-0.89,OR,2.59,OK,48.63,OK,-9.87,OR
2022-05-25 07:00:00,null,OS,0.62,BDL,-0.19,BDL,-0.89,OR,2.53,OK,14.45,OK,-6.16,OR
2022-05-25 08:00:00,null,OS,0.63,BDL,-0.4,BDL,-0.78,OR,2.6,OK,25.07,OK,6.17,OK
2022-05-25 09:00:00,null,OS,0.68,BDL,-0.22,BDL,-0.82,OR,2.56,OK,43.82,OK,15.16,OK
2022-05-25 10:00:00,null,OS,0.67,BDL,-0.31,BDL,-0.89,OR,2.48,OK,44.8,OK,15.34,OK
2022-05-25 11:00:00,null,OS,0.64,BDL,-0.12,BDL,-0.86,OR,2.44,OK,45.91,OK,13.05,OK
2022-05-25 12:00:00,null,OS,0.62,BDL,-0.27,BDL,-0.79,OR,2.43,OK,38.95,OK,17.33,OK
2022-05-25 13:00:00,null,OS,0.66,BDL,-0.24,BDL,-0.83,OR,2.43,OK,65.27,OK,11.64,OK
2022-05-25 14:00:00,null,OS,0.61,BDL,-0.2,BDL,-0.88,OR,2.44,OK,35.15,OK,23.66,OK
2022-05-25 15:00:00,null,OS,0.58,BDL,-0.41,OR,-0.81,OR,2.48,OK,59.31,OK,20.83,OK
2022-05-25 16:00:00,null,OS,0.51,BDL,-0.32,BDL,-0.88,OR,2.47,OK,70.52,OK,18.77,OK
2022-05-25 17:00:00,null,OS,0.49,BDL,-0.2,BDL,-0.92,OR,2.46,OK,54.92,OK,8.89,OK
2022-05-25 18:00:00,null,OS,0.52,BDL,-0.26,BDL,-0.93,OR,2.47,OK,43.52,OK,-7.86,OR
2022-05-25 19:00:00,null,OS,0.46,BDL,-0.27,BDL,-0.96,OR,2.44,OK,27.24,OK,-10.47,OR
2022-05-25 20:00:00,null,OS,0.52,BDL,-0.17,BDL,-0.91,OR,2.46,OK,29.96,OK,-3.32,BDL
2022-05-25 21:00:00,null,OS,0.58,BDL,-0.25,BDL,-0.84,OR,2.51,OK,32.54,OK,-2.59,BDL
2022-05-25 22:00:00,null,OS,0.57,BDL,-0.2,BDL,-0.82,OR,2.63,OK,40.91,OK,5.61,OK
2022-05-25 23:00:00,null,OS,0.61,BDL,-0.31,BDL,-0.86,OR,2.51,OK,58.36,OK,6.99,OK
2022-05-26 00:00:00,null,OS,0.61,BDL,-0.1,BDL,-0.91,OR,2.45,OK,41.38,OK,3.7,BDL
2022-05-26 01:00:00,null,OS,0.55,BDL,-0.3,BDL,-0.87,OR,2.45,OK,41.83,OK,10.42,OK
2022-05-26 02:00:00,null,OS,0.57,BDL,-0.25,BDL,-0.83,OR,2.36,OK,35.35,OK,16.16,OK
2022-05-26 03:00:00,null,OS,0.57,BDL,-0.24,BDL,-0.79,OR,2.42,OK,41.58,OK,-1.28,BDL
2022-05-26 04:00:00,null,OS,0.52,BDL,-0.24,BDL,-0.77,OR,2.37,OK,42.52,OK,6.16,OK
2022-05-26 05:00:00,null,OS,0.7,BDL,-0.31,BDL,-0.65,OR,2.57,OK,27.36,OK,-1.61,BDL
2022-05-26 06:00:00,null,OS,0.82,BDL,-0.23,BDL,-0.7,OR,2.64,OK,52.24,OK,12.75,OK
2022-05-26 07:00:00,null,OS,0.93,BDL,-0.22,BDL,-0.76,OR,2.81,OK,33.74,OK,12.06,OK
2022-05-26 08:00:00,null,OS,0.76,BDL,-0.28,BDL,-0.72,OR,2.6,OK,64.17,OK,22.01,OK
2022-05-26 09:00:00,null,OS,0.8,BDL,-0.31,BDL,-0.64,OR,2.46,OK,52.96,OK,23.58,OK
2022-05-26 10:00:00,null,OS,0.73,BDL,-0.29,BDL,-0.74,OR,2.46,OK,41.55,OK,18.15,OK
2022-05-26 11:00:00,null,OS,0.64,BDL,-0.35,BDL,-0.67,OR,2.45,OK,36.9,OK,16.84,OK
2022-05-26 12:00:00,null,OS,0.66,BDL,-0.21,BDL,-0.78,OR,2.49,OK,41.59,OK,23.74,OK
2022-05-26 13:00:00,null,OS,0.59,BDL,-0.32,BDL,-0.76,OR,2.45,OK,38.85,OK,16.71,OK
2022-05-26 14:00:00,null,OS,0.64,BDL,-0.36,BDL,-0.74,OR,2.47,OK,40.48,OK,23.33,OK
2022-05-26 15:00:00,null,OS,0.52,BDL,-0.27,BDL,-0.84,OR,2.45,OK,48.32,OK,16.89,OK
2022-05-26 16:00:00,null,OS,0.55,BDL,-0.28,BDL,-0.81,OR,2.44,OK,50.57,OK,9.02,OK
2022-05-26 17:00:00,null,OS,0.53,BDL,-0.22,BDL,-0.92,OR,2.49,OK,27.84,OK,6.31,OK
2022-05-26 18:00:00,null,OS,0.54,BDL,-0.24,BDL,-0.92,OR,2.55,OK,36.52,OK,1.76,BDL
2022-05-26 19:00:00,null,OS,0.69,BDL,-0.17,BDL,-0.94,OR,2.5,OK,40.22,OK,-6.34,OR
2022-05-26 20:00:00,null,OS,0.74,BDL,-0.27,BDL,-0.86,OR,2.58,OK,45.96,OK,-3.87,BDL
2022-05-26 21:00:00,null,OS,0.65,BDL,-0.23,BDL,-0.85,OR,2.46,OK,53.02,OK,2.34,BDL
2022-05-26 22:00:00,null,OS,0.67,BDL,-0.16,BDL,-0.9,OR,2.49,OK,46.52,OK,13.1,OK
2022-05-26 23:00:00,null,OS,0.58,BDL,-0.22,BDL,-0.86,OR,2.52,OK,46.98,OK,43.36,OK
2022-05-27 00:00:00,null,OS,0.52,BDL,-0.15,BDL,-1.0,OR,2.46,OK,49.21,OK,33.0,OK
2022-05-27 01:00:00,null,OS,0.46,BDL,-0.25,BDL,-0.87,OR,2.43,OK,20.42,OK,36.72,OK
2022-05-27 02:00:00,null,OS,0.54,BDL,-0.31,BDL,-0.82,OR,2.53,OK,44.05,OK,-16.31,OR
2022-05-27 03:00:00,null,OS,0.55,BDL,-0.27,BDL,-0.78,OR,2.42,OK,35.49,OK,-10.5,OR
2022-05-27 04:00:00,null,OS,0.56,BDL,-0.24,BDL,-0.8,OR,2.42,OK,39.84,OK,-11.94,OR
2022-05-27 05:00:00,null,OS,0.73,BDL,-0.21,BDL,-0.72,OR,2.51,OK,50.91,OK,-16.55,OR
2022-05-27 06:00:00,null,OS,0.87,BDL,-0.3,BDL,-0.72,OR,2.59,OK,46.79,OK,-12.12,OR
2022-05-27 07:00:00,null,OS,0.68,BDL,-0.31,BDL,-0.81,OR,2.47,OK,29.61,OK,1.39,BDL
2022-05-27 08:00:00,null,OS,0.69,BDL,-0.26,BDL,-0.67,OR,2.46,OK,28.0,OK,-2.59,BDL
2022-05-27 09:00:00,null,OS,0.68,BDL,-0.21,BDL,-0.81,OR,2.45,OK,20.82,OK,12.0,OK
2022-05-27 10:00:00,null,OS,0.67,BDL,-0.22,BDL,-0.8,OR,2.42,OK,46.21,OK,-3.39,BDL
2022-05-27 11:00:00,null,OS,0.59,BDL,-0.34,BDL,-0.77,OR,2.41,OK,48.3,OK,-8.42,OR
2022-05-27 12:00:00,null,OS,0.56,BDL,-0.26,BDL,-0.77,OR,2.39,OK,30.44,OK,1.07,BDL
2022-05-27 13:00:00,null,OS,0.56,BDL,-0.24,BDL,-0.87,OR,2.44,OK,18.73,OK,10.63,OK
2022-05-27 14:00:00,null,OS,0.52,BDL,-0.23,BDL,-0.81,OR,2.44,OK,29.9,OK,11.95,OK
2022-05-27 15:00:00,null,OS,0.49,BDL,-0.23,BDL,-0.82,OR,2.42,OK,51.44,OK,13.79,OK
2022-05-27 16:00:00,null,OS,0.47,BDL,-0.25,BDL,-0.87,OR,2.39,OK,27.2,OK,13.85,OK
2022-05-27 17:00:00,null,OS,0.47,BDL,-0.33,BDL,-0.76,OR,2.43,OK,28.16,OK,2.98,BDL
2022-05-27 18:00:00,null,OS,0.58,BDL,-0.19,BDL,-0.95,OR,2.45,OK,49.62,OK,-0.53,BDL
2022-05-27 19:00:00,null,OS,0.77,BDL,-0.27,BDL,-0.86,OR,2.6,OK,27.58,OK,-10.13,OR
2022-05-27 20:00:00,null,OS,0.65,BDL,-0.32,BDL,-0.79,OR,2.71,OK,43.43,OK,3.02,BDL
2022-05-27 21:00:00,null,OS,0.62,BDL,-0.12,BDL,-0.89,OR,2.69,OK,61.62,OK,3.01,BDL
2022-05-27 22:00:00,null,OS,0.68,BDL,-0.25,BDL,-0.81,OR,2.53,OK,44.62,OK,4.74,OK
2022-05-27 23:00:00,null,OS,0.74,BDL,-0.13,BDL,-0.9,OR,2.67,OK,21.62,OK,3.23,BDL
2022-05-28 00:00:00,null,OS,0.97,BDL,-0.24,BDL,-0.79,OR,2.98,OK,61.45,OK,13.84,OK
2022-05-28 01:00:00,null,OS,0.77,BDL,-0.28,BDL,-0.82,OR,2.59,OK,47.21,OK,6.84,OK
2022-05-28 02:00:00,null,OS,0.76,BDL,-0.27,BDL,-0.72,OR,2.42,OK,55.94,OK,15.0,OK
2022-05-28 03:00:00,null,OS,0.83,BDL,-0.33,BDL,-0.76,OR,2.39,OK,43.8,OK,9.05,OK
2022-05-28 04:00:00,null,OS,1.2,OK,-0.31,BDL,-0.78,OR,2.37,OK,40.1,OK,6.96,OK
2022-05-28 05:00:00,null,OS,1.02,OK,-0.31,BDL,-0.73,OR,2.4,OK,32.85,OK,6.28,OK
2022-05-28 06:00:00,null,OS,0.89,BDL,-0.32,BDL,-0.75,OR,2.43,OK,39.5,OK,6.34,OK
2022-05-28 07:00:00,null,OS,0.99,BDL,-0.3,BDL,-0.91,OR,2.52,OK,39.64,OK,14.42,OK
2022-05-28 08:00:00,null,OS,0.84,BDL,-0.23,BDL,-0.87,OR,2.42,OK,45.3,OK,16.9,OK
2022-05-28 09:00:00,null,OS,0.72,BDL,-0.18,BDL,-0.86,OR,2.41,OK,13.3,OK,20.01,OK
2022-05-28 10:00:00,null,OS,0.61,BDL,-0.22,BDL,-0.82,OR,2.36,OK,28.64,OK,21.37,OK
2022-05-28 11:00:00,null,OS,0.57,BDL,-0.26,BDL,-0.82,OR,2.4,OK,18.18,OK,11.56,OK
2022-05-28 12:00:00,null,OS,0.54,BDL,-0.25,BDL,-0.78,OR,2.42,OK,37.39,OK,19.51,OK
2022-05-28 13:00:00,null,OS,0.52,BDL,-0.27,BDL,-0.84,OR,2.38,OK,16.77,OK,9.12,OK
2022-05-28 14:00:00,null,OS,0.47,BDL,-0.32,BDL,-0.91,OR,2.36,OK,34.65,OK,9.85,OK
2022-05-28 15:00:00,null,OS,0.48,BDL,-0.21,BDL,-0.96,OR,2.36,OK,33.42,OK,11.17,OK
2022-05-28 16:00:00,null,OS,0.45,BDL,-0.18,BDL,-1.0,OR,2.34,OK,37.93,OK,10.61,OK
2022-05-28 17:00:00,null,OS,0.54,BDL,-0.21,BDL,-0.96,OR,2.36,OK,58.48,OK,2.95,BDL
2022-05-28 18:00:00,null,OS,0.71,BDL,-0.28,BDL,-0.88,OR,2.48,OK,31.04,OK,3.44,BDL
2022-05-28 19:00:00,null,OS,0.68,BDL,-0.31,BDL,-0.84,OR,2.58,OK,35.74,OK,-8.76,OR
2022-05-28 20:00:00,null,OS,0.74,BDL,-0.37,BDL,-0.84,OR,2.64,OK,46.95,OK,3.42,BDL
2022-05-28 21:00:00,null,OS,0.82,BDL,-0.24,BDL,-0.82,OR,2.57,OK,49.16,OK,6.97,OK
2022-05-28 22:00:00,null,OS,0.61,BDL,-0.27,BDL,-0.81,OR,2.42,OK,31.54,OK,5.11,OK
2022-05-28 23:00:00,null,OS,0.57,BDL,-0.32,BDL,-0.78,OR,2.46,OK,37.26,OK,4.47,OK
2022-05-29 00:00:00,null,OS,0.66,BDL,-0.23,BDL,-0.84,OR,2.43,OK,32.22,OK,10.87,OK
2022-05-29 01:00:00,null,OS,0.67,BDL,-0.21,BDL,-0.79,OR,2.39,OK,39.75,OK,6.27,OK
2022-05-29 02:00:00,null,OS,0.6,BDL,-0.23,BDL,-0.81,OR,2.38,OK,25.66,OK,9.6,OK
2022-05-29 03:00:00,null,OS,0.72,BDL,-0.2,BDL,-0.84,OR,2.35,OK,27.22,OK,7.28,OK
2022-05-29 04:00:00,null,OS,0.58,BDL,-0.24,BDL,-0.92,OR,2.37,OK,31.37,OK,6.23,OK
2022-05-29 05:00:00,null,OS,0.56,BDL,-0.29,BDL,-0.9,OR,2.39,OK,30.0,OK,6.16,OK
2022-05-29 06:00:00,null,OS,0.58,BDL,-0.18,BDL,-0.92,OR,2.38,OK,23.11,OK,6.53,OK
2022-05-29 07:00:00,null,OS,0.52,BDL,-0.22,BDL,-0.98,OR,2.37,OK,9.63,OK,9.82,OK
2022-05-29 08:00:00,null,OS,0.6,BDL,-0.22,BDL,-0.89,OR,2.38,OK,6.92,OK,3.86,BDL
2022-05-29 09:00:00,null,OS,0.58,BDL,-0.23,BDL,-0.95,OR,2.37,OK,24.06,OK,12.52,OK
2022-05-29 10:00:00,null,OS,0.76,BDL,-0.25,BDL,-0.88,OR,2.41,OK,21.7,OK,10.82,OK
2022-05-29 11:00:00,null,OS,1.15,OK,-0.4,BDL,-0.87,OR,2.42,OK,46.35,OK,35.83,OK
2022-05-29 12:00:00,null,OS,1.02,OK,-0.28,BDL,-0.95,OR,2.41,OK,47.84,OK,27.15,OK
2022-05-29 13:00:00,null,OS,0.74,BDL,-0.36,BDL,-0.89,OR,2.4,OK,37.19,OK,18.56,OK
2022-05-29 14:00:00,null,OS,0.69,BDL,-0.28,BDL,-0.88,OR,2.38,OK,36.96,OK,15.25,OK
2022-05-29 15:00:00,null,OS,0.58,BDL,-0.31,BDL,-0.95,OR,2.37,OK,54.46,OK,13.12,OK
2022-05-29 16:00:00,null,OS,0.5,BDL,-0.2,BDL,-0.94,OR,2.38,OK,41.39,OK,10.64,OK
2022-05-29 17:00:00,null,OS,0.5,BDL,-0.27,BDL,-0.9,OR,2.39,OK,44.33,OK,1.54,BDL
2022-05-29 18:00:00,null,OS,0.76,BDL,-0.24,BDL,-0.96,OR,2.47,OK,25.16,OK,6.31,OK
2022-05-29 19:00:00,null,OS,0.69,BDL,-0.27,BDL,-0.91,OR,2.5,OK,40.39,OK,4.64,OK
2022-05-29 20:00:00,null,OS,0.55,BDL,-0.17,BDL,-0.85,OR,2.51,OK,34.51,OK,2.49,BDL
2022-05-29 21:00:00,null,OS,0.56,BDL,-0.23,BDL,-0.89,OR,2.44,OK,35.06,OK,1.26,BDL
2022-05-29 22:00:00,null,OS,0.55,BDL,-0.23,BDL,-0.89,OR,2.42,OK,26.73,OK,1.46,BDL
2022-05-29 23:00:00,null,OS,0.54,BDL,-0.24,BDL,-0.79,OR,2.39,OK,28.53,OK,-3.38,BDL
2022-05-30 00:00:00,null,OS,0.57,BDL,-0.1,BDL,-0.93,OR,2.42,OK,38.09,OK,6.86,OK
2022-05-30 01:00:00,null,OS,0.59,BDL,-0.17,BDL,-0.93,OR,2.44,OK,30.58,OK,6.73,OK
2022-05-30 02:00:00,null,OS,0.62,BDL,-0.29,BDL,-0.78,OR,2.45,OK,42.33,OK,2.88,BDL
2022-05-30 03:00:00,null,OS,0.6,BDL,-0.27,BDL,-0.72,OR,2.41,OK,50.96,OK,12.48,OK
2022-05-30 04:00:00,null,OS,0.68,BDL,-0.35,BDL,-0.72,OR,2.46,OK,35.77,OK,4.08,OK
2022-05-30 05:00:00,null,OS,0.72,BDL,-0.27,BDL,-0.83,OR,2.54,OK,53.96,OK,14.91,OK
2022-05-30 06:00:00,null,OS,0.77,BDL,-0.21,BDL,-0.82,OR,2.57,OK,52.76,OK,15.02,OK
2022-05-30 07:00:00,null,OS,0.7,BDL,-0.22,BDL,-0.94,OR,2.52,OK,26.74,OK,5.15,OK
2022-05-30 08:00:00,null,OS,0.76,BDL,-0.26,BDL,-0.97,OR,2.56,OK,29.4,OK,12.17,OK
2022-05-30 09:00:00,null,OS,0.61,BDL,-0.26,BDL,-0.92,OR,2.43,OK,31.37,OK,11.93,OK
2022-05-30 10:00:00,null,OS,0.59,BDL,-0.21,BDL,-0.89,OR,2.43,OK,30.87,OK,16.99,OK
2022-05-30 11:00:00,null,OS,0.62,BDL,-0.25,BDL,-1.04,OR,2.45,OK,15.58,OK,11.9,OK
2022-05-30 12:00:00,null,OS,0.6,BDL,-0.21,BDL,-1.0,OR,2.49,OK,25.62,OK,10.36,OK
2022-05-30 13:00:00,null,OS,0.68,BDL,-0.31,BDL,-0.96,OR,2.49,OK,26.94,OK,12.6,OK
2022-05-30 14:00:00,null,OS,0.64,BDL,-0.04,BDL,-1.18,OR,2.5,OK,48.94,OK,35.36,OK
2022-05-30 15:00:00,null,OS,0.61,BDL,-0.27,BDL,-1.09,OR,2.51,OK,32.36,OK,11.77,OK
2022-05-30 16:00:00,null,OS,0.66,BDL,-0.28,BDL,-1.04,OR,2.51,OK,48.03,OK,12.69,OK
2022-05-30 17:00:00,null,OS,0.61,BDL,-0.38,BDL,-0.96,OR,2.51,OK,43.97,OK,9.35,OK
2022-05-30 18:00:00,null,OS,0.63,BDL,-0.32,BDL,-1.0,OR,2.5,OK,42.17,OK,10.77,OK
2022-05-30 19:00:00,null,OS,0.55,BDL,-0.24,BDL,-0.88,OR,2.5,OK,41.98,OK,0.76,BDL
2022-05-30 20:00:00,null,OS,0.52,BDL,-0.25,BDL,-0.82,OR,2.51,OK,46.44,OK,7.39,OK
2022-05-30 21:00:00,null,OS,0.52,BDL,-0.21,BDL,-0.88,OR,2.44,OK,41.31,OK,6.15,OK
2022-05-30 22:00:00,null,OS,0.53,BDL,-0.19,BDL,-0.91,OR,2.42,OK,41.36,OK,9.57,OK
2022-05-30 23:00:00,null,OS,0.53,BDL,-0.38,BDL,-0.76,OR,2.43,OK,32.52,OK,13.06,OK
2022-05-31 00:00:00,null,OS,0.5,BDL,-0.3,BDL,-0.82,OR,2.39,OK,39.38,OK,36.29,OK
2022-05-31 01:00:00,null,OS,0.48,BDL,-0.35,BDL,-0.74,OR,2.41,OK,30.55,OK,48.73,OK
2022-05-31 02:00:00,null,OS,0.5,BDL,-0.19,BDL,-0.84,OR,2.41,OK,34.83,OK,50.22,OK
2022-05-31 03:00:00,null,OS,0.53,BDL,-0.17,BDL,-0.89,OR,2.4,OK,22.19,OK,52.61,OK
2022-05-31 04:00:00,null,OS,0.49,BDL,-0.29,BDL,-0.6,OR,2.45,OK,20.39,OK,45.11,OK
2022-05-31 05:00:00,null,OS,0.56,BDL,-0.18,BDL,-0.72,OR,2.5,OK,6.04,OK,-43.43,OR
2022-05-31 06:00:00,null,OS,0.56,BDL,-0.19,BDL,-0.68,OR,2.59,OK,18.43,OK,-105.96,OR
2022-05-31 07:00:00,null,OS,0.69,BDL,-0.27,BDL,-0.67,OR,2.68,OK,34.92,OK,-19.95,OR
2022-05-31 08:00:00,null,OS,0.73,BDL,-0.26,BDL,-0.68,OR,2.5,OK,49.3,OK,-10.2,OR
2022-05-31 09:00:00,null,OS,0.78,BDL,-0.29,BDL,-0.6,OR,2.43,OK,38.19,OK,-5.61,OR
2022-05-31 10:00:00,null,OS,0.74,BDL,-0.2,BDL,-0.69,OR,2.44,OK,15.08,OK,6.85,OK
2022-05-31 11:00:00,null,OS,0.69,BDL,-0.28,BDL,-0.64,OR,2.47,OK,26.53,OK,19.11,OK
2022-05-31 12:00:00,null,OS,0.65,BDL,-0.31,BDL,-0.66,OR,2.43,OK,30.95,OK,13.33,OK
2022-05-31 13:00:00,null,OS,0.59,BDL,-0.2,BDL,-0.64,OR,2.44,OK,21.11,OK,15.75,OK
2022-05-31 14:00:00,null,OS,0.63,BDL,-0.21,BDL,-0.55,OR,2.46,OK,39.32,OK,-25.55,OR
2022-05-31 15:00:00,null,OS,0.63,BDL,-0.16,BDL,-0.65,OR,2.48,OK,33.04,OK,-1384.89,OR
2022-05-31 16:00:00,null,OS,0.55,BDL,-0.25,BDL,-0.64,OR,2.49,OK,48.84,OK,0.0,BDL
2022-05-31 17:00:00,null,OS,0.57,BDL,-0.19,BDL,-0.76,OR,2.52,OK,43.66,OK,0.0,BDL
2022-05-31 18:00:00,null,OS,0.53,BDL,-0.28,BDL,-0.72,OR,2.48,OK,49.8,OK,0.0,BDL
2022-05-31 19:00:00,null,OS,0.61,BDL,-0.31,BDL,-0.7,OR,2.53,OK,34.6,OK,0.0,BDL
2022-05-31 20:00:00,null,OS,0.57,BDL,-0.16,BDL,-0.76,OR,2.44,OK,38.51,OK,0.0,BDL
2022-05-31 21:00:00,null,OS,0.57,BDL,-0.11,BDL,-0.71,OR,2.48,OK,33.16,OK,0.0,BDL
2022-05-31 22:00:00,null,OS,0.55,BDL,-0.25,BDL,-0.58,OR,2.47,OK,41.41,OK,0.0,BDL
2022-05-31 23:00:00,null,OS,0.58,BDL,-0.22,BDL,-0.63,OR,2.39,OK,37.25,OK,0.0,BDL
