Red Universitaria de Observatorios Atmosfericos (RUOA)
Atmospheric Observatory Hermosillo (erno), Sonora
Lat 29.0814 N, Lon 110.9706 W, Alt 154 masl
Time UTC-7h
Air Quality data
Flags: OK = Reliable data, BDL = Below Detection Limit, OR = Out of Range, OS = Out of Service 
 
Time,O3,O3_flag,SO2,SO2_flag,NO2,NO2_flag,NO,NO_flag,CO,CO_flag,PM10,PM10_flag,PM2.5,PM2.5_flag
yyyy-mm-dd HH:MM:SS,ppb,flag,ppb,flag,ppb,flag,ppb,flag,ppm,flag,ug/m^3,flag,ug/m^3,flag
2023-07-01 00:00:00,15.03,OK,-0.51,BDL,null,OS,null,OS,0.29,OK,41.0,OK,null,OS
2023-07-01 01:00:00,12.38,OK,-0.5,BDL,null,OS,null,OS,0.28,OK,33.93,OK,null,OS
2023-07-01 02:00:00,13.5,OK,-0.56,BDL,null,OS,null,OS,0.26,OK,24.8,OK,null,OS
2023-07-01 03:00:00,14.48,OK,-0.52,BDL,null,OS,null,OS,0.26,OK,23.89,OK,null,OS
2023-07-01 04:00:00,11.5,OK,-0.49,BDL,null,OS,null,OS,0.25,OK,30.33,OK,null,OS
2023-07-01 05:00:00,11.74,OK,-0.47,BDL,null,OS,null,OS,0.27,OK,43.76,OK,null,OS
2023-07-01 06:00:00,18.14,OK,-0.52,BDL,null,OS,null,OS,0.27,OK,33.01,OK,null,OS
2023-07-01 07:00:00,25.05,OK,-0.43,BDL,null,OS,null,OS,0.27,OK,37.09,OK,null,OS
2023-07-01 08:00:00,29.57,OK,-0.29,BDL,null,OS,null,OS,0.25,OK,37.78,OK,null,OS
2023-07-01 09:00:00,37.79,OK,-0.37,BDL,null,OS,null,OS,0.26,OK,38.34,OK,null,OS
2023-07-01 10:00:00,46.85,OK,-0.39,BDL,null,OS,null,OS,0.3,OK,44.86,OK,null,OS
2023-07-01 11:00:00,37.53,OK,-0.34,BDL,null,OS,null,OS,0.32,OK,53.12,OK,null,OS
2023-07-01 12:00:00,38.17,OK,-0.28,BDL,null,OS,null,OS,0.27,OK,39.25,OK,null,OS
2023-07-01 13:00:00,38.45,OK,-0.39,BDL,null,OS,null,OS,0.26,OK,31.77,OK,null,OS
2023-07-01 14:00:00,38.7,OK,-0.4,BDL,null,OS,null,OS,0.28,OK,34.8,OK,null,OS
2023-07-01 15:00:00,30.01,OK,-0.49,BDL,null,OS,null,OS,0.31,OK,62.19,OK,null,OS
2023-07-01 16:00:00,27.83,OK,-0.47,BDL,null,OS,null,OS,0.27,OK,66.57,OK,null,OS
2023-07-01 17:00:00,28.8,OK,-0.33,BDL,null,OS,null,OS,0.28,OK,39.73,OK,null,OS
2023-07-01 18:00:00,27.38,OK,-0.32,BDL,null,OS,null,OS,0.26,OK,32.29,OK,null,OS
2023-07-01 19:00:00,19.19,OK,-0.43,BDL,null,OS,null,OS,0.34,OK,38.41,OK,null,OS
2023-07-01 20:00:00,14.08,OK,-0.5,BDL,null,OS,null,OS,0.35,OK,50.08,OK,null,OS
2023-07-01 21:00:00,10.79,OK,-0.49,BDL,null,OS,null,OS,0.35,OK,45.63,OK,null,OS
2023-07-01 22:00:00,14.92,OK,-0.49,BDL,null,OS,null,OS,0.29,OK,48.8,OK,null,OS
2023-07-01 23:00:00,15.4,OK,-0.47,BDL,null,OS,null,OS,0.27,OK,34.92,OK,null,OS
2023-07-02 00:00:00,17.57,OK,-0.46,BDL,null,OS,null,OS,0.25,OK,28.0,OK,null,OS
2023-07-02 01:00:00,13.84,OK,-0.48,BDL,null,OS,null,OS,0.27,OK,28.66,OK,null,OS
2023-07-02 02:00:00,14.46,OK,-0.5,BDL,null,OS,null,OS,0.25,OK,36.85,OK,null,OS
2023-07-02 03:00:00,15.21,OK,-0.51,BDL,null,OS,null,OS,0.23,OK,29.09,OK,null,OS
2023-07-02 04:00:00,16.13,OK,-0.56,BDL,null,OS,null,OS,0.22,OK,24.26,OK,null,OS
2023-07-02 05:00:00,14.53,OK,-0.55,BDL,null,OS,null,OS,0.23,OK,24.25,OK,null,OS
2023-07-02 06:00:00,20.21,OK,-0.57,BDL,null,OS,null,OS,0.23,OK,24.36,OK,null,OS
2023-07-02 07:00:00,26.6,OK,-0.54,BDL,null,OS,null,OS,0.22,OK,27.27,OK,null,OS
2023-07-02 08:00:00,34.02,OK,-0.53,BDL,null,OS,null,OS,0.22,OK,21.27,OK,null,OS
2023-07-02 09:00:00,38.97,OK,-0.51,BDL,null,OS,null,OS,0.25,OK,27.15,OK,null,OS
2023-07-02 10:00:00,40.57,OK,-0.47,BDL,null,OS,null,OS,0.24,OK,40.32,OK,null,OS
2023-07-02 11:00:00,42.64,OK,-0.51,BDL,null,OS,null,OS,0.23,OK,32.14,OK,null,OS
2023-07-02 12:00:00,43.67,OK,-0.44,BDL,null,OS,null,OS,0.22,OK,24.13,OK,null,OS
2023-07-02 13:00:00,43.43,OK,-0.43,BDL,null,OS,null,OS,0.22,OK,20.64,OK,null,OS
2023-07-02 14:00:00,40.38,OK,-0.48,BDL,null,OS,null,OS,0.23,OK,25.17,OK,null,OS
2023-07-02 15:00:00,34.0,OK,-0.48,BDL,null,OS,null,OS,0.24,OK,34.73,OK,null,OS
2023-07-02 16:00:00,31.69,OK,-0.46,BDL,null,OS,null,OS,0.24,OK,45.32,OK,null,OS
2023-07-02 17:00:00,30.04,OK,-0.49,BDL,null,OS,null,OS,0.22,OK,38.53,OK,null,OS
2023-07-02 18:00:00,26.16,OK,-0.49,BDL,null,OS,null,OS,0.23,OK,41.53,OK,null,OS
2023-07-02 19:00:00,17.44,OK,-0.55,BDL,null,OS,null,OS,0.26,OK,31.81,OK,null,OS
2023-07-02 20:00:00,16.7,OK,-0.55,BDL,null,OS,null,OS,0.3,OK,28.14,OK,null,OS
2023-07-02 21:00:00,16.36,OK,-0.46,BDL,null,OS,null,OS,0.3,OK,29.49,OK,null,OS
2023-07-02 22:00:00,27.72,OK,-0.48,BDL,null,OS,null,OS,0.22,OK,27.63,OK,null,OS
2023-07-02 23:00:00,28.19,OK,-0.52,BDL,null,OS,null,OS,0.21,OK,15.24,OK,null,OS
2023-07-03 00:00:00,18.56,OK,-0.44,BDL,null,OS,null,OS,0.23,OK,20.1,OK,null,OS
2023-07-03 01:00:00,17.81,OK,-0.42,BDL,null,OS,null,OS,0.22,OK,26.37,OK,null,OS
2023-07-03 02:00:00,17.03,OK,-0.46,BDL,null,OS,null,OS,0.2,OK,23.08,OK,null,OS
2023-07-03 03:00:00,17.31,OK,-0.52,BDL,null,OS,null,OS,0.2,OK,17.23,OK,null,OS
2023-07-03 04:00:00,12.05,OK,-0.51,BDL,null,OS,null,OS,0.22,OK,25.12,OK,null,OS
2023-07-03 05:00:00,14.51,OK,-0.46,BDL,null,OS,null,OS,0.24,OK,28.45,OK,null,OS
2023-07-03 06:00:00,19.24,OK,-0.45,BDL,null,OS,null,OS,0.27,OK,25.45,OK,null,OS
2023-07-03 07:00:00,25.39,OK,-0.44,BDL,null,OS,null,OS,0.26,OK,35.71,OK,null,OS
2023-07-03 08:00:00,34.41,OK,-0.5,BDL,null,OS,null,OS,0.25,OK,14.66,OK,null,OS
2023-07-03 09:00:00,44.24,OK,-0.46,BDL,null,OS,null,OS,0.26,OK,22.31,OK,null,OS
2023-07-03 10:00:00,44.43,OK,-0.43,BDL,null,OS,null,OS,0.25,OK,25.3,OK,null,OS
2023-07-03 11:00:00,44.31,OK,-0.48,BDL,null,OS,null,OS,0.27,OK,18.86,OK,null,OS
2023-07-03 12:00:00,46.37,OK,-0.43,BDL,null,OS,null,OS,0.25,OK,20.23,OK,null,OS
2023-07-03 13:00:00,44.73,OK,-0.36,BDL,null,OS,null,OS,0.27,OK,26.73,OK,null,OS
2023-07-03 14:00:00,37.63,OK,-0.43,BDL,null,OS,null,OS,0.31,OK,39.53,OK,null,OS
2023-07-03 15:00:00,41.76,OK,-0.49,BDL,null,OS,null,OS,0.29,OK,72.99,OK,null,OS
2023-07-03 16:00:00,41.66,OK,-0.46,BDL,null,OS,null,OS,0.28,OK,46.86,OK,null,OS
2023-07-03 17:00:00,35.78,OK,-0.51,BDL,null,OS,null,OS,0.28,OK,36.26,OK,null,OS
2023-07-03 18:00:00,39.0,OK,-0.54,BDL,null,OS,null,OS,0.28,OK,360.26,OK,null,OS
2023-07-03 19:00:00,44.31,OK,-0.45,BDL,null,OS,null,OS,0.21,OK,320.12,OK,null,OS
2023-07-03 20:00:00,45.73,OK,-0.44,BDL,null,OS,null,OS,0.2,OK,32.25,OK,null,OS
2023-07-03 21:00:00,42.73,OK,-0.45,BDL,null,OS,null,OS,0.2,OK,116.28,OK,null,OS
2023-07-03 22:00:00,39.85,OK,-0.49,BDL,null,OS,null,OS,0.16,OK,29.65,OK,null,OS
2023-07-03 23:00:00,35.15,OK,-0.47,BDL,null,OS,null,OS,0.17,OK,10.99,OK,null,OS
2023-07-04 00:00:00,27.27,OK,-0.52,BDL,null,OS,null,OS,0.18,OK,16.08,OK,null,OS
2023-07-04 01:00:00,32.82,OK,-0.5,BDL,null,OS,null,OS,0.16,OK,23.26,OK,null,OS
2023-07-04 02:00:00,30.78,OK,-0.49,BDL,null,OS,null,OS,0.16,OK,13.25,OK,null,OS
2023-07-04 03:00:00,28.28,OK,-0.44,BDL,null,OS,null,OS,0.17,OK,22.79,OK,null,OS
2023-07-04 04:00:00,14.92,OK,-0.52,BDL,null,OS,null,OS,0.19,OK,25.27,OK,null,OS
2023-07-04 05:00:00,16.09,OK,-0.52,BDL,null,OS,null,OS,0.22,OK,28.97,OK,null,OS
2023-07-04 06:00:00,20.15,OK,-0.52,BDL,null,OS,null,OS,0.27,OK,28.62,OK,null,OS
2023-07-04 07:00:00,25.02,OK,-0.43,BDL,null,OS,null,OS,0.26,OK,35.85,OK,null,OS
2023-07-04 08:00:00,36.23,OK,-0.45,BDL,null,OS,null,OS,0.27,OK,29.7,OK,null,OS
2023-07-04 09:00:00,49.23,OK,-0.49,BDL,null,OS,null,OS,0.23,OK,26.08,OK,null,OS
2023-07-04 10:00:00,59.63,OK,-0.43,BDL,null,OS,null,OS,0.26,OK,21.49,OK,null,OS
2023-07-04 11:00:00,61.06,OK,-0.45,BDL,null,OS,null,OS,0.24,OK,23.37,OK,null,OS
2023-07-04 12:00:00,61.23,OK,-0.45,BDL,null,OS,null,OS,0.25,OK,21.33,OK,null,OS
2023-07-04 13:00:00,58.52,OK,-0.42,BDL,null,OS,null,OS,0.23,OK,22.57,OK,null,OS
2023-07-04 14:00:00,53.25,OK,-0.36,BDL,null,OS,null,OS,0.23,OK,26.31,OK,null,OS
2023-07-04 15:00:00,43.08,OK,-0.42,BDL,null,OS,null,OS,0.28,OK,43.75,OK,null,OS
2023-07-04 16:00:00,37.94,OK,-0.54,BDL,null,OS,null,OS,0.28,OK,97.1,OK,null,OS
2023-07-04 17:00:00,30.8,OK,-0.46,BDL,null,OS,null,OS,0.29,OK,79.74,OK,null,OS
2023-07-04 18:00:00,29.56,OK,-0.46,BDL,null,OS,null,OS,0.25,OK,65.39,OK,null,OS
2023-07-04 19:00:00,28.0,OK,-0.49,BDL,null,OS,null,OS,0.25,OK,41.15,OK,null,OS
2023-07-04 20:00:00,25.23,OK,-0.48,BDL,null,OS,null,OS,0.24,OK,26.68,OK,null,OS
2023-07-04 21:00:00,21.88,OK,-0.45,BDL,null,OS,null,OS,0.25,OK,28.04,OK,null,OS
2023-07-04 22:00:00,23.58,OK,-0.51,BDL,null,OS,null,OS,0.2,OK,21.38,OK,null,OS
2023-07-04 23:00:00,21.95,OK,-0.48,BDL,null,OS,null,OS,0.19,OK,20.22,OK,null,OS
2023-07-05 00:00:00,18.31,OK,-0.39,BDL,null,OS,null,OS,0.2,OK,23.46,OK,null,OS
2023-07-05 01:00:00,14.78,OK,-0.47,BDL,null,OS,null,OS,0.17,OK,29.42,OK,null,OS
2023-07-05 02:00:00,20.01,OK,-0.44,BDL,null,OS,null,OS,0.15,OK,18.51,OK,null,OS
2023-07-05 03:00:00,21.74,OK,-0.5,BDL,null,OS,null,OS,0.14,OK,8.15,OK,null,OS
2023-07-05 04:00:00,19.38,OK,-0.52,BDL,null,OS,null,OS,0.16,OK,6.95,OK,null,OS
2023-07-05 05:00:00,15.05,OK,-0.47,BDL,null,OS,null,OS,0.2,OK,10.12,OK,null,OS
2023-07-05 06:00:00,14.6,OK,-0.47,BDL,null,OS,null,OS,0.24,OK,14.84,OK,null,OS
2023-07-05 07:00:00,22.83,OK,-0.45,BDL,null,OS,null,OS,0.23,OK,16.25,OK,null,OS
2023-07-05 08:00:00,33.07,OK,-0.48,BDL,null,OS,null,OS,0.2,OK,8.59,OK,null,OS
2023-07-05 09:00:00,42.04,OK,-0.5,BDL,null,OS,null,OS,0.24,OK,20.26,OK,null,OS
2023-07-05 10:00:00,49.02,OK,-0.47,BDL,null,OS,null,OS,0.24,OK,22.75,OK,null,OS
2023-07-05 11:00:00,51.66,OK,-0.47,BDL,null,OS,null,OS,0.24,OK,25.23,OK,null,OS
2023-07-05 12:00:00,52.31,OK,-0.47,BDL,null,OS,null,OS,0.21,OK,21.16,OK,null,OS
2023-07-05 13:00:00,51.66,OK,-0.44,BDL,null,OS,null,OS,0.23,OK,24.56,OK,null,OS
2023-07-05 14:00:00,43.53,OK,-0.44,BDL,null,OS,null,OS,0.22,OK,27.41,OK,null,OS
2023-07-05 15:00:00,32.73,OK,-0.42,BDL,null,OS,null,OS,0.28,OK,33.05,OK,null,OS
2023-07-05 16:00:00,27.6,OK,-0.49,BDL,null,OS,null,OS,0.25,OK,67.77,OK,null,OS
2023-07-05 17:00:00,27.87,OK,-0.36,BDL,null,OS,null,OS,0.24,OK,49.96,OK,null,OS
2023-07-05 18:00:00,23.4,OK,-0.41,BDL,null,OS,null,OS,0.24,OK,52.74,OK,null,OS
2023-07-05 19:00:00,23.91,OK,-0.44,BDL,null,OS,null,OS,0.21,OK,32.26,OK,null,OS
2023-07-05 20:00:00,24.65,OK,-0.44,BDL,null,OS,null,OS,0.18,OK,26.66,OK,null,OS
2023-07-05 21:00:00,25.01,OK,-0.44,BDL,null,OS,null,OS,0.18,OK,21.98,OK,null,OS
2023-07-05 22:00:00,21.1,OK,-0.45,BDL,null,OS,null,OS,0.22,OK,28.88,OK,null,OS
2023-07-05 23:00:00,17.11,OK,-0.37,BDL,null,OS,null,OS,0.2,OK,28.46,OK,null,OS
2023-07-06 00:00:00,20.15,OK,-0.48,BDL,null,OS,null,OS,0.15,OK,30.97,OK,null,OS
2023-07-06 01:00:00,22.68,OK,-0.46,BDL,null,OS,null,OS,0.16,OK,14.49,OK,null,OS
2023-07-06 02:00:00,21.04,OK,-0.42,BDL,null,OS,null,OS,0.13,OK,18.17,OK,null,OS
2023-07-06 03:00:00,22.7,OK,-0.42,BDL,null,OS,null,OS,0.13,OK,11.45,OK,null,OS
2023-07-06 04:00:00,18.37,OK,-0.42,BDL,null,OS,null,OS,0.15,OK,19.38,OK,null,OS
2023-07-06 05:00:00,15.18,OK,-0.46,BDL,null,OS,null,OS,0.2,OK,17.77,OK,null,OS
2023-07-06 06:00:00,23.02,OK,-0.45,BDL,null,OS,null,OS,0.2,OK,31.79,OK,null,OS
2023-07-06 07:00:00,27.76,OK,-0.44,BDL,null,OS,null,OS,0.2,OK,22.28,OK,null,OS
2023-07-06 08:00:00,34.4,OK,-0.49,BDL,null,OS,null,OS,0.21,OK,23.41,OK,null,OS
2023-07-06 09:00:00,43.62,OK,-0.45,BDL,null,OS,null,OS,0.17,OK,14.18,OK,null,OS
2023-07-06 10:00:00,53.24,OK,-0.39,BDL,null,OS,null,OS,0.18,OK,26.36,OK,null,OS
2023-07-06 11:00:00,57.04,OK,-0.32,BDL,null,OS,null,OS,0.21,OK,26.39,OK,null,OS
2023-07-06 12:00:00,54.48,OK,-0.34,BDL,null,OS,null,OS,0.18,OK,28.24,OK,null,OS
2023-07-06 13:00:00,46.96,OK,-0.34,BDL,null,OS,null,OS,0.21,OK,23.55,OK,null,OS
2023-07-06 14:00:00,42.04,OK,-0.32,BDL,null,OS,null,OS,0.26,OK,28.44,OK,null,OS
2023-07-06 15:00:00,38.0,OK,-0.4,BDL,null,OS,null,OS,0.21,OK,37.72,OK,null,OS
2023-07-06 16:00:00,33.22,OK,-0.41,BDL,null,OS,null,OS,0.24,OK,58.91,OK,null,OS
2023-07-06 17:00:00,32.24,OK,-0.42,BDL,null,OS,null,OS,0.21,OK,45.9,OK,null,OS
2023-07-06 18:00:00,28.32,OK,-0.36,BDL,null,OS,null,OS,0.23,OK,42.23,OK,null,OS
2023-07-06 19:00:00,22.32,OK,-0.39,BDL,null,OS,null,OS,0.22,OK,30.4,OK,null,OS
2023-07-06 20:00:00,23.74,OK,-0.41,BDL,null,OS,null,OS,0.19,OK,32.26,OK,null,OS
2023-07-06 21:00:00,26.92,OK,-0.4,BDL,null,OS,null,OS,0.19,OK,24.97,OK,null,OS
2023-07-06 22:00:00,24.85,OK,-0.43,BDL,null,OS,null,OS,0.17,OK,18.28,OK,null,OS
2023-07-06 23:00:00,30.22,OK,-0.41,BDL,null,OS,null,OS,0.12,OK,17.42,OK,null,OS
2023-07-07 00:00:00,27.34,OK,-0.42,BDL,null,OS,null,OS,0.12,OK,15.35,OK,null,OS
2023-07-07 01:00:00,25.67,OK,-0.42,BDL,null,OS,null,OS,0.12,OK,11.07,OK,null,OS
2023-07-07 02:00:00,21.51,OK,-0.44,BDL,null,OS,null,OS,0.15,OK,16.68,OK,null,OS
2023-07-07 03:00:00,22.26,OK,-0.5,BDL,null,OS,null,OS,0.13,OK,26.44,OK,null,OS
2023-07-07 04:00:00,17.24,OK,-0.42,BDL,null,OS,null,OS,0.14,OK,15.48,OK,null,OS
2023-07-07 05:00:00,17.06,OK,-0.38,BDL,null,OS,null,OS,0.21,OK,20.6,OK,null,OS
2023-07-07 06:00:00,21.46,OK,-0.4,BDL,null,OS,null,OS,0.27,OK,29.36,OK,null,OS
2023-07-07 07:00:00,39.12,OK,-0.31,BDL,null,OS,null,OS,0.24,OK,26.02,OK,null,OS
2023-07-07 08:00:00,47.48,OK,-0.38,BDL,null,OS,null,OS,0.2,OK,16.87,OK,null,OS
2023-07-07 09:00:00,51.43,OK,-0.38,BDL,null,OS,null,OS,0.2,OK,22.06,OK,null,OS
2023-07-07 10:00:00,52.49,OK,-0.42,BDL,null,OS,null,OS,0.21,OK,13.38,OK,null,OS
2023-07-07 11:00:00,54.75,OK,-0.38,BDL,null,OS,null,OS,0.18,OK,12.74,OK,null,OS
2023-07-07 12:00:00,49.98,OK,-0.42,BDL,null,OS,null,OS,0.23,OK,13.3,OK,null,OS
2023-07-07 13:00:00,50.24,OK,-0.37,BDL,null,OS,null,OS,0.22,OK,19.68,OK,null,OS
2023-07-07 14:00:00,44.87,OK,-0.44,BDL,null,OS,null,OS,0.28,OK,28.65,OK,null,OS
2023-07-07 15:00:00,40.3,OK,-0.39,BDL,null,OS,null,OS,0.27,OK,46.9,OK,null,OS
2023-07-07 16:00:00,33.52,OK,-0.46,BDL,null,OS,null,OS,0.23,OK,60.89,OK,null,OS
2023-07-07 17:00:00,28.56,OK,-0.34,BDL,null,OS,null,OS,0.21,OK,44.71,OK,null,OS
2023-07-07 18:00:00,25.16,OK,-0.37,BDL,null,OS,null,OS,0.21,OK,35.07,OK,null,OS
2023-07-07 19:00:00,21.2,OK,-0.41,BDL,null,OS,null,OS,0.23,OK,30.83,OK,null,OS
2023-07-07 20:00:00,20.52,OK,-0.39,BDL,null,OS,null,OS,0.23,OK,28.03,OK,null,OS
2023-07-07 21:00:00,14.59,OK,-0.31,BDL,null,OS,null,OS,0.3,OK,29.93,OK,null,OS
2023-07-07 22:00:00,11.97,OK,-0.39,BDL,null,OS,null,OS,0.3,OK,35.57,OK,null,OS
2023-07-07 23:00:00,19.42,OK,-0.42,BDL,null,OS,null,OS,0.16,OK,34.06,OK,null,OS
2023-07-08 00:00:00,20.52,OK,-0.39,BDL,null,OS,null,OS,0.14,OK,19.84,OK,null,OS
2023-07-08 01:00:00,18.72,OK,-0.43,BDL,null,OS,null,OS,0.13,OK,22.12,OK,null,OS
2023-07-08 02:00:00,21.3,OK,-0.42,BDL,null,OS,null,OS,0.1,OK,16.2,OK,null,OS
2023-07-08 03:00:00,15.09,OK,-0.43,BDL,null,OS,null,OS,0.08,OK,21.97,OK,null,OS
2023-07-08 04:00:00,17.91,OK,-0.33,BDL,null,OS,null,OS,0.09,OK,17.87,OK,null,OS
2023-07-08 05:00:00,18.19,OK,-0.39,BDL,null,OS,null,OS,0.14,OK,18.08,OK,null,OS
2023-07-08 06:00:00,20.05,OK,-0.38,BDL,null,OS,null,OS,0.15,OK,22.3,OK,null,OS
2023-07-08 07:00:00,21.8,OK,-0.44,BDL,null,OS,null,OS,0.19,OK,26.86,OK,null,OS
2023-07-08 08:00:00,30.13,OK,-0.43,BDL,null,OS,null,OS,0.18,OK,25.74,OK,null,OS
2023-07-08 09:00:00,35.84,OK,-0.45,BDL,null,OS,null,OS,0.19,OK,23.53,OK,null,OS
2023-07-08 10:00:00,38.41,OK,-0.46,BDL,null,OS,null,OS,0.2,OK,21.16,OK,null,OS
2023-07-08 11:00:00,38.59,OK,-0.39,BDL,null,OS,null,OS,0.21,OK,14.1,OK,null,OS
2023-07-08 12:00:00,37.42,OK,-0.38,BDL,null,OS,null,OS,0.2,OK,22.61,OK,null,OS
2023-07-08 13:00:00,37.45,OK,-0.38,BDL,null,OS,null,OS,0.2,OK,17.12,OK,null,OS
2023-07-08 14:00:00,36.62,OK,-0.4,BDL,null,OS,null,OS,0.2,OK,19.2,OK,null,OS
2023-07-08 15:00:00,30.06,OK,-0.4,BDL,null,OS,null,OS,0.18,OK,55.59,OK,null,OS
2023-07-08 16:00:00,28.46,OK,-0.36,BDL,null,OS,null,OS,0.18,OK,77.13,OK,null,OS
2023-07-08 17:00:00,27.45,OK,-0.34,BDL,null,OS,null,OS,0.18,OK,47.99,OK,null,OS
2023-07-08 18:00:00,24.75,OK,-0.32,BDL,null,OS,null,OS,0.17,OK,33.09,OK,null,OS
2023-07-08 19:00:00,23.24,OK,-0.31,BDL,null,OS,null,OS,0.17,OK,29.07,OK,null,OS
2023-07-08 20:00:00,22.26,OK,-0.29,BDL,null,OS,null,OS,0.16,OK,28.35,OK,null,OS
2023-07-08 21:00:00,30.03,OK,-0.32,BDL,null,OS,null,OS,0.13,OK,55.95,OK,null,OS
2023-07-08 22:00:00,37.46,OK,-0.44,BDL,null,OS,null,OS,0.14,OK,29.62,OK,null,OS
2023-07-08 23:00:00,36.85,OK,-0.42,BDL,null,OS,null,OS,0.12,OK,14.36,OK,null,OS
2023-07-09 00:00:00,31.96,OK,-0.4,BDL,null,OS,null,OS,0.12,OK,19.24,OK,null,OS
2023-07-09 01:00:00,31.31,OK,-0.4,BDL,null,OS,null,OS,0.12,OK,18.02,OK,null,OS
2023-07-09 02:00:00,37.01,OK,-0.48,BDL,null,OS,null,OS,0.1,OK,11.38,OK,null,OS
2023-07-09 03:00:00,31.76,OK,-0.41,BDL,null,OS,null,OS,0.1,OK,8.56,OK,null,OS
2023-07-09 04:00:00,26.06,OK,-0.46,BDL,null,OS,null,OS,0.1,OK,13.72,OK,null,OS
2023-07-09 05:00:00,22.67,OK,-0.4,BDL,null,OS,null,OS,0.11,OK,7.37,OK,null,OS
2023-07-09 06:00:00,22.76,OK,-0.44,BDL,null,OS,null,OS,0.11,OK,11.46,OK,null,OS
2023-07-09 07:00:00,26.91,OK,-0.49,BDL,null,OS,null,OS,0.11,OK,16.44,OK,null,OS
2023-07-09 08:00:00,31.89,OK,-0.42,BDL,null,OS,null,OS,0.13,OK,16.01,OK,null,OS
2023-07-09 09:00:00,37.6,OK,-0.43,BDL,null,OS,null,OS,0.13,OK,16.61,OK,null,OS
2023-07-09 10:00:00,41.48,OK,-0.38,BDL,null,OS,null,OS,0.11,OK,18.08,OK,null,OS
2023-07-09 11:00:00,43.78,OK,-0.36,BDL,null,OS,null,OS,0.11,OK,7.48,OK,null,OS
2023-07-09 12:00:00,42.8,OK,-0.37,BDL,null,OS,null,OS,0.12,OK,13.42,OK,null,OS
2023-07-09 13:00:00,41.31,OK,-0.33,BDL,null,OS,null,OS,0.13,OK,16.75,OK,null,OS
2023-07-09 14:00:00,40.84,OK,-0.4,BDL,null,OS,null,OS,0.14,OK,15.36,OK,null,OS
2023-07-09 15:00:00,33.96,OK,-0.4,BDL,null,OS,null,OS,0.13,OK,49.64,OK,null,OS
2023-07-09 16:00:00,29.07,OK,-0.43,BDL,null,OS,null,OS,0.12,OK,60.6,OK,null,OS
2023-07-09 17:00:00,24.15,OK,-0.37,BDL,null,OS,null,OS,0.12,OK,44.06,OK,null,OS
2023-07-09 18:00:00,20.43,OK,-0.39,BDL,null,OS,null,OS,0.12,OK,29.12,OK,null,OS
2023-07-09 19:00:00,17.57,OK,-0.39,BDL,null,OS,null,OS,0.12,OK,20.36,OK,null,OS
2023-07-09 20:00:00,16.19,OK,-0.36,BDL,null,OS,null,OS,0.13,OK,19.21,OK,null,OS
2023-07-09 21:00:00,14.19,OK,-0.4,BDL,null,OS,null,OS,0.12,OK,23.21,OK,null,OS
2023-07-09 22:00:00,12.34,OK,-0.44,BDL,null,OS,null,OS,0.12,OK,21.97,OK,null,OS
2023-07-09 23:00:00,10.68,OK,-0.37,BDL,null,OS,null,OS,0.16,OK,8.28,OK,null,OS
2023-07-10 00:00:00,14.42,OK,-0.4,BDL,null,OS,null,OS,0.13,OK,16.98,OK,null,OS
2023-07-10 01:00:00,22.36,OK,-0.4,BDL,null,OS,null,OS,0.09,OK,10.61,OK,null,OS
2023-07-10 02:00:00,14.41,OK,-0.45,BDL,null,OS,null,OS,0.11,OK,9.03,OK,null,OS
2023-07-10 03:00:00,15.5,OK,-0.42,BDL,null,OS,null,OS,0.1,OK,11.68,OK,null,OS
2023-07-10 04:00:00,20.2,OK,-0.41,BDL,null,OS,null,OS,0.09,OK,7.55,OK,null,OS
2023-07-10 05:00:00,14.96,OK,-0.39,BDL,null,OS,null,OS,0.14,OK,12.96,OK,null,OS
2023-07-10 06:00:00,12.17,OK,-0.43,BDL,null,OS,null,OS,0.21,OK,24.68,OK,null,OS
2023-07-10 07:00:00,14.52,OK,-0.44,BDL,null,OS,null,OS,0.21,OK,17.26,OK,null,OS
2023-07-10 08:00:00,16.74,OK,-0.41,BDL,null,OS,null,OS,0.24,OK,10.9,OK,null,OS
2023-07-10 09:00:00,21.57,OK,-0.41,BDL,null,OS,null,OS,0.29,OK,46.55,OK,null,OS
2023-07-10 10:00:00,35.56,OK,-0.41,BDL,null,OS,null,OS,0.22,OK,26.18,OK,null,OS
2023-07-10 11:00:00,46.76,OK,-0.44,BDL,null,OS,null,OS,0.14,OK,22.12,OK,null,OS
2023-07-10 12:00:00,44.58,OK,-0.43,BDL,null,OS,null,OS,0.16,OK,20.46,OK,null,OS
2023-07-10 13:00:00,39.73,OK,-0.46,BDL,null,OS,null,OS,0.14,OK,18.9,OK,null,OS
2023-07-10 14:00:00,36.79,OK,-0.45,BDL,null,OS,null,OS,0.14,OK,9.82,OK,null,OS
2023-07-10 15:00:00,31.18,OK,-0.4,BDL,null,OS,null,OS,0.17,OK,11.48,OK,null,OS
2023-07-10 16:00:00,23.7,OK,-0.37,BDL,null,OS,null,OS,0.21,OK,15.63,OK,null,OS
2023-07-10 17:00:00,16.7,OK,-0.44,BDL,null,OS,null,OS,0.2,OK,41.4,OK,null,OS
2023-07-10 18:00:00,10.63,OK,-0.37,BDL,null,OS,null,OS,0.23,OK,23.36,OK,null,OS
2023-07-10 19:00:00,10.62,OK,-0.4,BDL,null,OS,null,OS,0.12,OK,25.89,OK,null,OS
2023-07-10 20:00:00,11.34,OK,-0.42,BDL,null,OS,null,OS,0.1,OK,22.12,OK,null,OS
2023-07-10 21:00:00,14.29,OK,-0.42,BDL,null,OS,null,OS,0.09,OK,15.61,OK,null,OS
2023-07-10 22:00:00,15.47,OK,-0.41,BDL,null,OS,null,OS,0.07,OK,18.27,OK,null,OS
2023-07-10 23:00:00,12.01,OK,-0.36,BDL,null,OS,null,OS,0.08,OK,9.99,OK,null,OS
2023-07-11 00:00:00,14.02,OK,-0.36,BDL,null,OS,null,OS,0.05,OK,12.95,OK,null,OS
2023-07-11 01:00:00,14.9,OK,-0.41,BDL,null,OS,null,OS,0.05,OK,9.67,OK,null,OS
2023-07-11 02:00:00,16.41,OK,-0.34,BDL,null,OS,null,OS,0.03,BDL,10.73,OK,null,OS
2023-07-11 03:00:00,15.31,OK,-0.38,BDL,null,OS,null,OS,0.04,OK,6.0,OK,null,OS
2023-07-11 04:00:00,10.84,OK,-0.35,BDL,null,OS,null,OS,0.06,OK,8.87,OK,null,OS
2023-07-11 05:00:00,6.7,OK,-0.37,BDL,null,OS,null,OS,0.11,OK,18.58,OK,null,OS
2023-07-11 06:00:00,14.44,OK,-0.34,BDL,null,OS,null,OS,0.11,OK,15.21,OK,null,OS
2023-07-11 07:00:00,18.13,OK,-0.33,BDL,null,OS,null,OS,0.21,OK,20.29,OK,null,OS
2023-07-11 08:00:00,24.94,OK,-0.31,BDL,null,OS,null,OS,0.17,OK,16.18,OK,null,OS
2023-07-11 09:00:00,36.6,OK,-0.29,BDL,null,OS,null,OS,0.15,OK,26.11,OK,null,OS
2023-07-11 10:00:00,36.48,OK,-0.35,BDL,null,OS,null,OS,0.12,OK,26.19,OK,null,OS
2023-07-11 11:00:00,39.4,OK,-0.34,BDL,null,OS,null,OS,0.12,OK,17.54,OK,null,OS
2023-07-11 12:00:00,35.88,OK,-0.32,BDL,null,OS,null,OS,0.13,OK,20.02,OK,null,OS
2023-07-11 13:00:00,30.25,OK,-0.28,BDL,null,OS,null,OS,0.14,OK,22.81,OK,null,OS
2023-07-11 14:00:00,24.5,OK,-0.32,BDL,null,OS,null,OS,0.15,OK,26.23,OK,null,OS
2023-07-11 15:00:00,22.42,OK,-0.36,BDL,null,OS,null,OS,0.18,OK,40.45,OK,null,OS
2023-07-11 16:00:00,26.19,OK,-0.38,BDL,null,OS,null,OS,0.15,OK,25.1,OK,null,OS
2023-07-11 17:00:00,26.16,OK,-0.3,BDL,null,OS,null,OS,0.14,OK,23.01,OK,null,OS
2023-07-11 18:00:00,27.56,OK,-0.32,BDL,null,OS,null,OS,0.15,OK,22.53,OK,null,OS
2023-07-11 19:00:00,25.98,OK,-0.36,BDL,null,OS,null,OS,0.12,OK,16.81,OK,null,OS
2023-07-11 20:00:00,25.21,OK,-0.35,BDL,null,OS,null,OS,0.1,OK,22.26,OK,null,OS
2023-07-11 21:00:00,24.54,OK,-0.33,BDL,null,OS,null,OS,0.11,OK,19.0,OK,null,OS
2023-07-11 22:00:00,21.82,OK,-0.37,BDL,null,OS,null,OS,0.1,OK,22.38,OK,null,OS
2023-07-11 23:00:00,15.32,OK,-0.37,BDL,null,OS,null,OS,0.04,OK,24.26,OK,null,OS
2023-07-12 00:00:00,13.2,OK,-0.38,BDL,null,OS,null,OS,0.03,BDL,17.9,OK,null,OS
2023-07-12 01:00:00,11.18,OK,-0.37,BDL,null,OS,null,OS,0.05,OK,12.87,OK,null,OS
2023-07-12 02:00:00,12.17,OK,-0.36,BDL,null,OS,null,OS,0.04,OK,11.53,OK,null,OS
2023-07-12 03:00:00,11.49,OK,-0.42,BDL,null,OS,null,OS,0.05,OK,22.32,OK,null,OS
2023-07-12 04:00:00,16.27,OK,-0.39,BDL,null,OS,null,OS,0.06,OK,15.95,OK,null,OS
2023-07-12 05:00:00,16.54,OK,-0.39,BDL,null,OS,null,OS,0.08,OK,12.26,OK,null,OS
2023-07-12 06:00:00,10.54,OK,-0.41,BDL,null,OS,null,OS,0.2,OK,6.07,OK,null,OS
2023-07-12 07:00:00,9.37,OK,-0.34,BDL,null,OS,null,OS,0.18,OK,22.45,OK,null,OS
2023-07-12 08:00:00,15.16,OK,-0.36,BDL,null,OS,null,OS,0.13,OK,10.17,OK,null,OS
2023-07-12 09:00:00,24.77,OK,-0.36,BDL,null,OS,null,OS,0.1,OK,16.34,OK,null,OS
2023-07-12 10:00:00,33.22,OK,-0.39,BDL,null,OS,null,OS,0.08,OK,25.3,OK,null,OS
2023-07-12 11:00:00,41.43,OK,-0.4,BDL,null,OS,null,OS,0.16,OK,23.0,OK,null,OS
2023-07-12 12:00:00,43.41,OK,-0.4,BDL,null,OS,null,OS,0.21,OK,18.77,OK,null,OS
2023-07-12 13:00:00,38.83,OK,-0.4,BDL,null,OS,null,OS,0.11,OK,15.12,OK,null,OS
2023-07-12 14:00:00,32.62,OK,-0.34,BDL,null,OS,null,OS,0.12,OK,13.46,OK,null,OS
2023-07-12 15:00:00,29.84,OK,-0.34,BDL,null,OS,null,OS,0.15,OK,20.16,OK,null,OS
2023-07-12 16:00:00,24.73,OK,-0.28,BDL,null,OS,null,OS,0.18,OK,36.41,OK,null,OS
2023-07-12 17:00:00,22.29,OK,-0.35,BDL,null,OS,null,OS,0.15,OK,38.28,OK,null,OS
2023-07-12 18:00:00,19.93,OK,-0.39,BDL,null,OS,null,OS,0.12,OK,40.38,OK,null,OS
2023-07-12 19:00:00,18.48,OK,-0.34,BDL,null,OS,null,OS,0.11,OK,22.41,OK,null,OS
2023-07-12 20:00:00,17.71,OK,-0.34,BDL,null,OS,null,OS,0.1,OK,24.41,OK,null,OS
2023-07-12 21:00:00,17.49,OK,-0.37,BDL,null,OS,null,OS,0.09,OK,18.58,OK,null,OS
2023-07-12 22:00:00,20.41,OK,-0.36,BDL,null,OS,null,OS,0.06,OK,16.29,OK,null,OS
2023-07-12 23:00:00,19.53,OK,-0.41,BDL,null,OS,null,OS,0.04,OK,16.81,OK,null,OS
2023-07-13 00:00:00,17.44,OK,-0.4,BDL,null,OS,null,OS,0.02,BDL,12.52,OK,null,OS
2023-07-13 01:00:00,15.63,OK,-0.37,BDL,null,OS,null,OS,0.03,BDL,17.83,OK,null,OS
2023-07-13 02:00:00,14.41,OK,-0.38,BDL,null,OS,null,OS,0.03,BDL,14.4,OK,null,OS
2023-07-13 03:00:00,17.89,OK,-0.37,BDL,null,OS,null,OS,0.01,BDL,14.59,OK,null,OS
2023-07-13 04:00:00,20.24,OK,-0.34,BDL,null,OS,null,OS,0.03,BDL,13.94,OK,null,OS
2023-07-13 05:00:00,22.14,OK,-0.35,BDL,null,OS,null,OS,0.06,OK,18.71,OK,null,OS
2023-07-13 06:00:00,18.56,OK,-0.31,BDL,null,OS,null,OS,0.09,OK,14.33,OK,null,OS
2023-07-13 07:00:00,26.04,OK,-0.3,BDL,null,OS,null,OS,0.14,OK,24.91,OK,null,OS
2023-07-13 08:00:00,37.07,OK,-0.32,BDL,null,OS,null,OS,0.18,OK,26.26,OK,null,OS
2023-07-13 09:00:00,51.62,OK,-0.33,BDL,null,OS,null,OS,0.2,OK,28.53,OK,null,OS
2023-07-13 10:00:00,52.66,OK,-0.37,BDL,null,OS,null,OS,0.19,OK,31.91,OK,null,OS
2023-07-13 11:00:00,35.98,OK,-0.31,BDL,null,OS,null,OS,0.06,OK,23.83,OK,null,OS
2023-07-13 12:00:00,31.51,OK,-0.24,BDL,null,OS,null,OS,0.11,OK,20.55,OK,null,OS
2023-07-13 13:00:00,30.77,OK,-0.23,BDL,null,OS,null,OS,0.09,OK,18.8,OK,null,OS
2023-07-13 14:00:00,28.96,OK,-0.24,BDL,null,OS,null,OS,0.1,OK,23.06,OK,null,OS
2023-07-13 15:00:00,24.42,OK,-0.21,BDL,null,OS,null,OS,0.11,OK,68.33,OK,null,OS
2023-07-13 16:00:00,29.98,OK,-0.25,BDL,null,OS,null,OS,0.14,OK,56.64,OK,null,OS
2023-07-13 17:00:00,26.84,OK,-0.33,BDL,null,OS,null,OS,0.1,OK,76.1,OK,null,OS
2023-07-13 18:00:00,22.94,OK,-0.29,BDL,null,OS,null,OS,0.14,OK,41.87,OK,null,OS
2023-07-13 19:00:00,16.05,OK,-0.36,BDL,null,OS,null,OS,0.06,OK,66.28,OK,null,OS
2023-07-13 20:00:00,15.31,OK,-0.38,BDL,null,OS,null,OS,0.07,OK,35.34,OK,null,OS
2023-07-13 21:00:00,14.49,OK,-0.31,BDL,null,OS,null,OS,0.07,OK,11.24,OK,null,OS
2023-07-13 22:00:00,22.6,OK,-0.37,BDL,null,OS,null,OS,0.02,BDL,9.63,OK,null,OS
2023-07-13 23:00:00,26.61,OK,-0.36,BDL,null,OS,null,OS,0.01,BDL,6.44,OK,null,OS
2023-07-14 00:00:00,17.35,OK,-0.36,BDL,null,OS,null,OS,0.04,OK,13.62,OK,null,OS
2023-07-14 01:00:00,17.01,OK,-0.33,BDL,null,OS,null,OS,0.02,BDL,6.0,OK,null,OS
2023-07-14 02:00:00,15.22,OK,-0.33,BDL,null,OS,null,OS,0.02,BDL,14.95,OK,null,OS
2023-07-14 03:00:00,11.11,OK,-0.35,BDL,null,OS,null,OS,0.04,OK,13.07,OK,null,OS
2023-07-14 04:00:00,12.66,OK,-0.3,BDL,null,OS,null,OS,0.02,BDL,16.61,OK,null,OS
2023-07-14 05:00:00,12.35,OK,-0.33,BDL,null,OS,null,OS,0.06,OK,12.25,OK,null,OS
2023-07-14 06:00:00,19.41,OK,-0.33,BDL,null,OS,null,OS,0.1,OK,15.57,OK,null,OS
2023-07-14 07:00:00,26.74,OK,-0.35,BDL,null,OS,null,OS,0.07,OK,19.42,OK,null,OS
2023-07-14 08:00:00,32.75,OK,-0.35,BDL,null,OS,null,OS,0.08,OK,9.36,OK,null,OS
2023-07-14 09:00:00,45.56,OK,-0.33,BDL,null,OS,null,OS,0.03,BDL,17.26,OK,null,OS
2023-07-14 10:00:00,53.73,OK,-0.28,BDL,null,OS,null,OS,0.06,OK,9.29,OK,null,OS
2023-07-14 11:00:00,60.77,OK,-0.27,BDL,null,OS,null,OS,0.07,OK,20.4,OK,null,OS
2023-07-14 12:00:00,65.75,OK,-0.29,BDL,null,OS,null,OS,0.09,OK,22.67,OK,null,OS
2023-07-14 13:00:00,61.79,OK,-0.26,BDL,null,OS,null,OS,0.1,OK,14.65,OK,null,OS
2023-07-14 14:00:00,56.3,OK,-0.17,BDL,null,OS,null,OS,0.12,OK,16.79,OK,null,OS
2023-07-14 15:00:00,54.57,OK,-0.26,BDL,null,OS,null,OS,0.05,OK,20.29,OK,null,OS
2023-07-14 16:00:00,39.92,OK,-0.16,BDL,null,OS,null,OS,0.15,OK,24.6,OK,null,OS
2023-07-14 17:00:00,27.8,OK,-0.27,BDL,null,OS,null,OS,0.11,OK,39.26,OK,null,OS
2023-07-14 18:00:00,18.33,OK,-0.22,BDL,null,OS,null,OS,0.11,OK,36.66,OK,null,OS
2023-07-14 19:00:00,13.56,OK,-0.24,BDL,null,OS,null,OS,0.16,OK,29.18,OK,null,OS
2023-07-14 20:00:00,15.92,OK,-0.34,BDL,null,OS,null,OS,0.09,OK,25.3,OK,null,OS
2023-07-14 21:00:00,14.87,OK,-0.28,BDL,null,OS,null,OS,0.12,OK,25.62,OK,null,OS
2023-07-14 22:00:00,20.2,OK,-0.22,BDL,null,OS,null,OS,0.05,OK,28.04,OK,null,OS
2023-07-14 23:00:00,21.1,OK,-0.31,BDL,null,OS,null,OS,0.03,BDL,25.33,OK,null,OS
2023-07-15 00:00:00,17.59,OK,-0.29,BDL,null,OS,null,OS,-0.01,BDL,16.83,OK,null,OS
2023-07-15 01:00:00,20.36,OK,-0.31,BDL,null,OS,null,OS,-0.0,BDL,13.24,OK,null,OS
2023-07-15 02:00:00,25.54,OK,-0.36,BDL,null,OS,null,OS,-0.0,BDL,10.58,OK,null,OS
2023-07-15 03:00:00,26.68,OK,-0.3,BDL,null,OS,null,OS,0.0,BDL,10.45,OK,null,OS
2023-07-15 04:00:00,21.43,OK,-0.33,BDL,null,OS,null,OS,0.02,BDL,14.76,OK,null,OS
2023-07-15 05:00:00,19.89,OK,-0.31,BDL,null,OS,null,OS,0.04,OK,14.31,OK,null,OS
2023-07-15 06:00:00,23.34,OK,-0.32,BDL,null,OS,null,OS,0.05,OK,13.69,OK,null,OS
2023-07-15 07:00:00,26.03,OK,-0.3,BDL,null,OS,null,OS,0.09,OK,20.36,OK,null,OS
2023-07-15 08:00:00,28.14,OK,-0.34,BDL,null,OS,null,OS,0.09,OK,20.74,OK,null,OS
2023-07-15 09:00:00,34.31,OK,-0.3,BDL,null,OS,null,OS,0.09,OK,30.83,OK,null,OS
2023-07-15 10:00:00,40.32,OK,-0.33,BDL,null,OS,null,OS,0.07,OK,31.6,OK,null,OS
2023-07-15 11:00:00,39.89,OK,-0.28,BDL,null,OS,null,OS,0.06,OK,24.79,OK,null,OS
2023-07-15 12:00:00,40.89,OK,-0.3,BDL,null,OS,null,OS,0.11,OK,13.26,OK,null,OS
2023-07-15 13:00:00,41.99,OK,-0.3,BDL,null,OS,null,OS,0.07,OK,17.41,OK,null,OS
2023-07-15 14:00:00,45.32,OK,-0.29,BDL,null,OS,null,OS,0.06,OK,15.51,OK,null,OS
2023-07-15 15:00:00,43.96,OK,-0.24,BDL,null,OS,null,OS,0.06,OK,15.07,OK,null,OS
2023-07-15 16:00:00,35.9,OK,-0.3,BDL,null,OS,null,OS,0.09,OK,23.74,OK,null,OS
2023-07-15 17:00:00,30.37,OK,-0.35,BDL,null,OS,null,OS,0.1,OK,33.51,OK,null,OS
2023-07-15 18:00:00,26.7,OK,-0.36,BDL,null,OS,null,OS,0.08,OK,39.71,OK,null,OS
2023-07-15 19:00:00,19.43,OK,-0.26,BDL,null,OS,null,OS,0.1,OK,26.21,OK,null,OS
2023-07-15 20:00:00,18.68,OK,-0.32,BDL,null,OS,null,OS,0.1,OK,27.81,OK,null,OS
2023-07-15 21:00:00,29.42,OK,-0.28,BDL,null,OS,null,OS,0.03,BDL,54.46,OK,null,OS
2023-07-15 22:00:00,38.44,OK,-0.35,BDL,null,OS,null,OS,0.04,OK,80.72,OK,null,OS
2023-07-15 23:00:00,36.36,OK,-0.32,BDL,null,OS,null,OS,0.01,BDL,27.26,OK,null,OS
2023-07-16 00:00:00,42.26,OK,-0.26,BDL,null,OS,null,OS,-0.01,BDL,10.35,OK,null,OS
2023-07-16 01:00:00,31.16,OK,-0.32,BDL,null,OS,null,OS,0.02,BDL,5.97,OK,null,OS
2023-07-16 02:00:00,25.66,OK,-0.34,BDL,null,OS,null,OS,0.04,OK,9.47,OK,null,OS
2023-07-16 03:00:00,30.64,OK,-0.33,BDL,null,OS,null,OS,0.01,BDL,2.11,BDL,null,OS
2023-07-16 04:00:00,19.83,OK,-0.33,BDL,null,OS,null,OS,0.01,BDL,13.9,OK,null,OS
2023-07-16 05:00:00,26.28,OK,-0.31,BDL,null,OS,null,OS,0.0,BDL,11.68,OK,null,OS
2023-07-16 06:00:00,31.69,OK,-0.3,BDL,null,OS,null,OS,0.02,BDL,0.09,BDL,null,OS
2023-07-16 07:00:00,36.54,OK,-0.28,BDL,null,OS,null,OS,-0.0,BDL,10.81,OK,null,OS
2023-07-16 08:00:00,42.99,OK,-0.32,BDL,null,OS,null,OS,0.01,BDL,7.17,OK,null,OS
2023-07-16 09:00:00,50.16,OK,-0.33,BDL,null,OS,null,OS,0.03,BDL,11.38,OK,null,OS
2023-07-16 10:00:00,58.05,OK,-0.32,BDL,null,OS,null,OS,-0.0,BDL,10.63,OK,null,OS
2023-07-16 11:00:00,63.94,OK,-0.25,BDL,null,OS,null,OS,0.02,BDL,12.67,OK,null,OS
2023-07-16 12:00:00,67.01,OK,-0.25,BDL,null,OS,null,OS,0.0,BDL,7.58,OK,null,OS
2023-07-16 13:00:00,74.53,OK,-0.24,BDL,null,OS,null,OS,0.0,BDL,5.26,OK,null,OS
2023-07-16 14:00:00,76.19,OK,-0.23,BDL,null,OS,null,OS,0.01,BDL,0.7,BDL,null,OS
2023-07-16 15:00:00,69.95,OK,-0.26,BDL,null,OS,null,OS,0.0,BDL,1.44,BDL,null,OS
2023-07-16 16:00:00,73.1,OK,-0.25,BDL,null,OS,null,OS,0.02,BDL,7.54,OK,null,OS
2023-07-16 17:00:00,65.12,OK,-0.3,BDL,null,OS,null,OS,0.05,OK,15.77,OK,null,OS
2023-07-16 18:00:00,50.84,OK,-0.32,BDL,null,OS,null,OS,0.06,OK,50.72,OK,null,OS
2023-07-16 19:00:00,37.18,OK,-0.28,BDL,null,OS,null,OS,0.1,OK,16.48,OK,null,OS
2023-07-16 20:00:00,27.93,OK,-0.29,BDL,null,OS,null,OS,0.15,OK,26.9,OK,null,OS
2023-07-16 21:00:00,27.93,OK,-0.35,BDL,null,OS,null,OS,0.09,OK,11.83,OK,null,OS
2023-07-16 22:00:00,26.43,OK,-0.24,BDL,null,OS,null,OS,0.13,OK,27.87,OK,null,OS
2023-07-16 23:00:00,26.77,OK,-0.25,BDL,null,OS,null,OS,0.04,OK,19.09,OK,null,OS
2023-07-17 00:00:00,25.97,OK,-0.26,BDL,null,OS,null,OS,0.03,BDL,10.86,OK,null,OS
2023-07-17 01:00:00,18.76,OK,-0.31,BDL,null,OS,null,OS,0.01,BDL,15.67,OK,null,OS
2023-07-17 02:00:00,16.4,OK,-0.28,BDL,null,OS,null,OS,0.02,BDL,9.74,OK,null,OS
2023-07-17 03:00:00,17.71,OK,-0.34,BDL,null,OS,null,OS,0.01,BDL,18.42,OK,null,OS
2023-07-17 04:00:00,21.28,OK,-0.27,BDL,null,OS,null,OS,0.01,BDL,9.44,OK,null,OS
2023-07-17 05:00:00,18.95,OK,-0.3,BDL,null,OS,null,OS,0.03,BDL,15.07,OK,null,OS
2023-07-17 06:00:00,19.83,OK,-0.25,BDL,null,OS,null,OS,0.12,OK,18.32,OK,null,OS
2023-07-17 07:00:00,30.57,OK,-0.27,BDL,null,OS,null,OS,0.12,OK,20.98,OK,null,OS
2023-07-17 08:00:00,45.64,OK,-0.29,BDL,null,OS,null,OS,0.18,OK,49.98,OK,null,OS
2023-07-17 09:00:00,58.52,OK,-0.24,BDL,null,OS,null,OS,0.14,OK,34.36,OK,null,OS
2023-07-17 10:00:00,60.14,OK,-0.26,BDL,null,OS,null,OS,0.05,OK,15.84,OK,null,OS
2023-07-17 11:00:00,55.32,OK,-0.25,BDL,null,OS,null,OS,0.04,OK,12.8,OK,null,OS
2023-07-17 12:00:00,59.34,OK,-0.25,BDL,null,OS,null,OS,0.03,BDL,12.04,OK,null,OS
2023-07-17 13:00:00,60.46,OK,-0.25,BDL,null,OS,null,OS,0.02,BDL,11.72,OK,null,OS
2023-07-17 14:00:00,61.17,OK,-0.28,BDL,null,OS,null,OS,0.07,OK,15.26,OK,null,OS
2023-07-17 15:00:00,63.41,OK,-0.27,BDL,null,OS,null,OS,0.07,OK,28.47,OK,null,OS
2023-07-17 16:00:00,56.94,OK,-0.28,BDL,null,OS,null,OS,0.08,OK,24.73,OK,null,OS
2023-07-17 17:00:00,43.62,OK,-0.32,BDL,null,OS,null,OS,0.06,OK,23.69,OK,null,OS
2023-07-17 18:00:00,34.58,OK,-0.28,BDL,null,OS,null,OS,0.06,OK,24.36,OK,null,OS
2023-07-17 19:00:00,29.76,OK,-0.29,BDL,null,OS,null,OS,0.04,OK,16.99,OK,null,OS
2023-07-17 20:00:00,26.1,OK,-0.27,BDL,null,OS,null,OS,0.04,OK,20.77,OK,null,OS
2023-07-17 21:00:00,23.19,OK,-0.31,BDL,null,OS,null,OS,0.01,BDL,23.82,OK,null,OS
2023-07-17 22:00:00,19.97,OK,-0.28,BDL,null,OS,null,OS,-0.0,BDL,15.73,OK,null,OS
2023-07-17 23:00:00,20.89,OK,-0.28,BDL,null,OS,null,OS,-0.01,BDL,18.62,OK,null,OS
2023-07-18 00:00:00,20.61,OK,-0.28,BDL,null,OS,null,OS,-0.01,BDL,11.84,OK,null,OS
2023-07-18 01:00:00,21.6,OK,-0.25,BDL,null,OS,null,OS,-0.02,BDL,13.29,OK,null,OS
2023-07-18 02:00:00,21.03,OK,-0.26,BDL,null,OS,null,OS,-0.02,BDL,7.86,OK,null,OS
2023-07-18 03:00:00,20.53,OK,-0.32,BDL,null,OS,null,OS,-0.02,BDL,14.7,OK,null,OS
2023-07-18 04:00:00,7.52,OK,-0.27,BDL,null,OS,null,OS,-0.0,BDL,18.6,OK,null,OS
2023-07-18 05:00:00,7.0,OK,-0.2,BDL,null,OS,null,OS,0.04,OK,14.41,OK,null,OS
2023-07-18 06:00:00,14.35,OK,-0.19,BDL,null,OS,null,OS,0.08,OK,27.72,OK,null,OS
2023-07-18 07:00:00,25.58,OK,-0.26,BDL,null,OS,null,OS,0.14,OK,30.92,OK,null,OS
2023-07-18 08:00:00,37.69,OK,-0.23,BDL,null,OS,null,OS,0.06,OK,30.59,OK,null,OS
2023-07-18 09:00:00,40.9,OK,-0.23,BDL,null,OS,null,OS,0.05,OK,20.27,OK,null,OS
2023-07-18 10:00:00,44.26,OK,-0.23,BDL,null,OS,null,OS,0.0,BDL,19.49,OK,null,OS
2023-07-18 11:00:00,47.62,OK,-0.23,BDL,null,OS,null,OS,0.04,OK,19.39,OK,null,OS
2023-07-18 12:00:00,49.54,OK,-0.25,BDL,null,OS,null,OS,0.03,BDL,21.79,OK,null,OS
2023-07-18 13:00:00,52.23,OK,-0.26,BDL,null,OS,null,OS,0.03,BDL,17.88,OK,null,OS
2023-07-18 14:00:00,51.72,OK,-0.28,BDL,null,OS,null,OS,0.03,BDL,29.45,OK,null,OS
2023-07-18 15:00:00,48.32,OK,-0.29,BDL,null,OS,null,OS,0.05,OK,28.94,OK,null,OS
2023-07-18 16:00:00,41.18,OK,-0.23,BDL,null,OS,null,OS,0.05,OK,28.0,OK,null,OS
2023-07-18 17:00:00,31.24,OK,-0.26,BDL,null,OS,null,OS,0.05,OK,28.16,OK,null,OS
2023-07-18 18:00:00,26.82,OK,-0.28,BDL,null,OS,null,OS,0.04,OK,36.02,OK,null,OS
2023-07-18 19:00:00,27.46,OK,-0.23,BDL,null,OS,null,OS,0.04,OK,31.16,OK,null,OS
2023-07-18 20:00:00,28.5,OK,-0.22,BDL,null,OS,null,OS,0.02,BDL,19.4,OK,null,OS
2023-07-18 21:00:00,26.52,OK,-0.18,BDL,null,OS,null,OS,0.03,BDL,24.39,OK,null,OS
2023-07-18 22:00:00,28.39,OK,-0.24,BDL,null,OS,null,OS,-0.02,BDL,25.18,OK,null,OS
2023-07-18 23:00:00,27.68,OK,-0.25,BDL,null,OS,null,OS,-0.0,BDL,14.73,OK,null,OS
2023-07-19 00:00:00,26.46,OK,-0.19,BDL,null,OS,null,OS,-0.01,BDL,24.26,OK,null,OS
2023-07-19 01:00:00,24.68,OK,-0.24,BDL,null,OS,null,OS,0.02,BDL,21.88,OK,null,OS
2023-07-19 02:00:00,29.59,OK,-0.31,BDL,null,OS,null,OS,-0.05,OR,24.63,OK,null,OS
2023-07-19 03:00:00,21.69,OK,-0.24,BDL,null,OS,null,OS,-0.05,OR,17.58,OK,null,OS
2023-07-19 04:00:00,17.71,OK,-0.28,BDL,null,OS,null,OS,-0.03,BDL,18.8,OK,null,OS
2023-07-19 05:00:00,16.05,OK,-0.26,BDL,null,OS,null,OS,-0.0,BDL,22.67,OK,null,OS
2023-07-19 06:00:00,18.87,OK,-0.29,BDL,null,OS,null,OS,0.05,OK,26.88,OK,null,OS
2023-07-19 07:00:00,27.32,OK,-0.26,BDL,null,OS,null,OS,0.05,OK,30.09,OK,null,OS
2023-07-19 08:00:00,31.52,OK,-0.26,BDL,null,OS,null,OS,0.07,OK,22.83,OK,null,OS
2023-07-19 09:00:00,39.16,OK,-0.2,BDL,null,OS,null,OS,0.02,BDL,26.02,OK,null,OS
2023-07-19 10:00:00,41.55,OK,-0.23,BDL,null,OS,null,OS,0.03,BDL,25.89,OK,null,OS
2023-07-19 11:00:00,44.41,OK,-0.27,BDL,null,OS,null,OS,0.05,OK,22.62,OK,null,OS
2023-07-19 12:00:00,52.1,OK,-0.29,BDL,null,OS,null,OS,0.03,BDL,16.36,OK,null,OS
2023-07-19 13:00:00,54.37,OK,-0.22,BDL,null,OS,null,OS,0.0,BDL,22.69,OK,null,OS
2023-07-19 14:00:00,50.91,OK,-0.29,BDL,null,OS,null,OS,0.03,BDL,27.18,OK,null,OS
2023-07-19 15:00:00,47.36,OK,-0.23,BDL,null,OS,null,OS,0.03,BDL,29.41,OK,null,OS
2023-07-19 16:00:00,38.97,OK,-0.24,BDL,null,OS,null,OS,0.07,OK,60.96,OK,null,OS
2023-07-19 17:00:00,34.93,OK,-0.24,BDL,null,OS,null,OS,0.07,OK,37.86,OK,null,OS
2023-07-19 18:00:00,29.47,OK,-0.26,BDL,null,OS,null,OS,0.05,OK,29.94,OK,null,OS
2023-07-19 19:00:00,23.61,OK,-0.22,BDL,null,OS,null,OS,0.05,OK,26.83,OK,null,OS
2023-07-19 20:00:00,20.86,OK,-0.2,BDL,null,OS,null,OS,0.03,BDL,28.66,OK,null,OS
2023-07-19 21:00:00,21.27,OK,-0.22,BDL,null,OS,null,OS,0.01,BDL,27.78,OK,null,OS
2023-07-19 22:00:00,20.47,OK,-0.24,BDL,null,OS,null,OS,0.01,BDL,31.04,OK,null,OS
2023-07-19 23:00:00,21.51,OK,-0.26,BDL,null,OS,null,OS,-0.01,BDL,33.59,OK,null,OS
2023-07-20 00:00:00,22.47,OK,-0.26,BDL,null,OS,null,OS,-0.02,BDL,16.78,OK,null,OS
2023-07-20 01:00:00,24.07,OK,-0.23,BDL,null,OS,null,OS,-0.04,BDL,34.03,OK,null,OS
2023-07-20 02:00:00,25.7,OK,-0.25,BDL,null,OS,null,OS,-0.07,OR,9.18,OK,null,OS
2023-07-20 03:00:00,20.27,OK,-0.26,BDL,null,OS,null,OS,-0.05,OR,17.16,OK,null,OS
2023-07-20 04:00:00,27.14,OK,-0.2,BDL,null,OS,null,OS,-0.07,OR,17.72,OK,null,OS
2023-07-20 05:00:00,29.24,OK,-0.23,BDL,null,OS,null,OS,-0.06,OR,10.29,OK,null,OS
2023-07-20 06:00:00,26.67,OK,-0.27,BDL,null,OS,null,OS,-0.01,BDL,37.74,OK,null,OS
2023-07-20 07:00:00,27.44,OK,-0.24,BDL,null,OS,null,OS,0.09,OK,26.14,OK,null,OS
2023-07-20 08:00:00,32.04,OK,-0.21,BDL,null,OS,null,OS,0.03,BDL,24.8,OK,null,OS
2023-07-20 09:00:00,39.02,OK,-0.26,BDL,null,OS,null,OS,0.02,BDL,19.94,OK,null,OS
2023-07-20 10:00:00,44.49,OK,-0.21,BDL,null,OS,null,OS,0.0,BDL,22.79,OK,null,OS
2023-07-20 11:00:00,48.38,OK,-0.19,BDL,null,OS,null,OS,0.02,BDL,25.33,OK,null,OS
2023-07-20 12:00:00,49.33,OK,-0.19,BDL,null,OS,null,OS,0.01,BDL,24.75,OK,null,OS
2023-07-20 13:00:00,49.57,OK,-0.2,BDL,null,OS,null,OS,0.01,BDL,18.38,OK,null,OS
2023-07-20 14:00:00,48.41,OK,-0.21,BDL,null,OS,null,OS,0.04,OK,19.81,OK,null,OS
2023-07-20 15:00:00,51.31,OK,-0.22,BDL,null,OS,null,OS,0.03,BDL,23.6,OK,null,OS
2023-07-20 16:00:00,39.89,OK,-0.22,BDL,null,OS,null,OS,0.02,BDL,61.34,OK,null,OS
2023-07-20 17:00:00,32.89,OK,-0.23,BDL,null,OS,null,OS,-0.0,BDL,40.83,OK,null,OS
2023-07-20 18:00:00,36.34,OK,-0.24,BDL,null,OS,null,OS,-0.03,BDL,184.57,OK,null,OS
2023-07-20 19:00:00,51.16,OK,-0.22,BDL,null,OS,null,OS,-0.06,OR,698.89,OR,null,OS
2023-07-20 20:00:00,45.29,OK,-0.22,BDL,null,OS,null,OS,-0.08,OR,20.99,OK,null,OS
2023-07-20 21:00:00,46.27,OK,-0.19,BDL,null,OS,null,OS,-0.06,OR,17.2,OK,null,OS
2023-07-20 22:00:00,40.71,OK,-0.2,BDL,null,OS,null,OS,-0.05,OR,-2.44,BDL,null,OS
2023-07-20 23:00:00,34.48,OK,-0.26,BDL,null,OS,null,OS,-0.02,BDL,9.06,OK,null,OS
2023-07-21 00:00:00,32.76,OK,-0.2,BDL,null,OS,null,OS,-0.02,BDL,13.0,OK,null,OS
2023-07-21 01:00:00,31.95,OK,-0.28,BDL,null,OS,null,OS,-0.08,OR,14.3,OK,null,OS
2023-07-21 02:00:00,31.8,OK,-0.26,BDL,null,OS,null,OS,-0.1,OR,12.84,OK,null,OS
2023-07-21 03:00:00,26.73,OK,-0.23,BDL,null,OS,null,OS,-0.08,OR,8.34,OK,null,OS
2023-07-21 04:00:00,22.86,OK,-0.21,BDL,null,OS,null,OS,-0.03,BDL,10.25,OK,null,OS
2023-07-21 05:00:00,26.8,OK,-0.18,BDL,null,OS,null,OS,-0.04,BDL,12.05,OK,null,OS
2023-07-21 06:00:00,30.69,OK,-0.16,BDL,null,OS,null,OS,-0.02,BDL,16.88,OK,null,OS
2023-07-21 07:00:00,31.99,OK,-0.2,BDL,null,OS,null,OS,-0.01,BDL,9.72,OK,null,OS
2023-07-21 08:00:00,41.98,OK,-0.22,BDL,null,OS,null,OS,0.01,BDL,13.41,OK,null,OS
2023-07-21 09:00:00,49.88,OK,-0.2,BDL,null,OS,null,OS,-0.0,BDL,17.93,OK,null,OS
2023-07-21 10:00:00,64.83,OK,-0.16,BDL,null,OS,null,OS,-0.03,BDL,17.25,OK,null,OS
2023-07-21 11:00:00,66.34,OK,-0.18,BDL,null,OS,null,OS,0.01,BDL,19.67,OK,null,OS
2023-07-21 12:00:00,70.29,OK,-0.14,BDL,null,OS,null,OS,-0.03,BDL,16.22,OK,null,OS
2023-07-21 13:00:00,69.04,OK,-0.21,BDL,null,OS,null,OS,-0.05,OR,11.33,OK,null,OS
2023-07-21 14:00:00,64.85,OK,-0.19,BDL,null,OS,null,OS,-0.04,BDL,11.49,OK,null,OS
2023-07-21 15:00:00,67.18,OK,-0.18,BDL,null,OS,null,OS,-0.0,BDL,17.58,OK,null,OS
2023-07-21 16:00:00,63.72,OK,-0.23,BDL,null,OS,null,OS,0.01,BDL,29.01,OK,null,OS
2023-07-21 17:00:00,52.21,OK,-0.27,BDL,null,OS,null,OS,-0.01,BDL,20.44,OK,null,OS
2023-07-21 18:00:00,44.5,OK,-0.18,BDL,null,OS,null,OS,0.0,BDL,22.15,OK,null,OS
2023-07-21 19:00:00,33.05,OK,-0.19,BDL,null,OS,null,OS,0.11,OK,22.04,OK,null,OS
2023-07-21 20:00:00,37.1,OK,-0.22,BDL,null,OS,null,OS,0.02,BDL,21.8,OK,null,OS
2023-07-21 21:00:00,33.88,OK,-0.21,BDL,null,OS,null,OS,-0.01,BDL,16.03,OK,null,OS
2023-07-21 22:00:00,25.85,OK,-0.18,BDL,null,OS,null,OS,0.05,OK,18.36,OK,null,OS
2023-07-21 23:00:00,26.04,OK,-0.22,BDL,null,OS,null,OS,-0.0,BDL,26.05,OK,null,OS
2023-07-22 00:00:00,20.38,OK,-0.19,BDL,null,OS,null,OS,-0.04,BDL,18.46,OK,null,OS
2023-07-22 01:00:00,30.38,OK,-0.23,BDL,null,OS,null,OS,-0.08,OR,20.57,OK,null,OS
2023-07-22 02:00:00,20.86,OK,-0.26,BDL,null,OS,null,OS,-0.08,OR,14.78,OK,null,OS
2023-07-22 03:00:00,34.39,OK,-0.23,BDL,null,OS,null,OS,-0.09,OR,14.62,OK,null,OS
2023-07-22 04:00:00,22.09,OK,-0.16,BDL,null,OS,null,OS,-0.07,OR,15.25,OK,null,OS
2023-07-22 05:00:00,8.54,OK,-0.19,BDL,null,OS,null,OS,-0.01,BDL,22.66,OK,null,OS
2023-07-22 06:00:00,17.85,OK,-0.12,BDL,null,OS,null,OS,0.01,BDL,28.26,OK,null,OS
2023-07-22 07:00:00,26.74,OK,-0.18,BDL,null,OS,null,OS,0.02,BDL,30.63,OK,null,OS
2023-07-22 08:00:00,31.57,OK,-0.19,BDL,null,OS,null,OS,0.01,BDL,27.78,OK,null,OS
2023-07-22 09:00:00,41.39,OK,-0.17,BDL,null,OS,null,OS,0.04,OK,26.48,OK,null,OS
2023-07-22 10:00:00,57.93,OK,-0.23,BDL,null,OS,null,OS,0.03,BDL,34.84,OK,null,OS
2023-07-22 11:00:00,71.88,OK,-0.21,BDL,null,OS,null,OS,-0.01,BDL,29.05,OK,null,OS
2023-07-22 12:00:00,67.85,OK,-0.22,BDL,null,OS,null,OS,0.01,BDL,21.24,OK,null,OS
2023-07-22 13:00:00,65.49,OK,-0.2,BDL,null,OS,null,OS,-0.0,BDL,19.63,OK,null,OS
2023-07-22 14:00:00,61.34,OK,-0.29,BDL,null,OS,null,OS,-0.0,BDL,19.61,OK,null,OS
2023-07-22 15:00:00,60.12,OK,-0.2,BDL,null,OS,null,OS,-0.03,BDL,31.88,OK,null,OS
2023-07-22 16:00:00,55.95,OK,-0.21,BDL,null,OS,null,OS,-0.03,BDL,17.09,OK,null,OS
2023-07-22 17:00:00,50.63,OK,-0.15,BDL,null,OS,null,OS,-0.05,OR,17.59,OK,null,OS
2023-07-22 18:00:00,51.32,OK,-0.18,BDL,null,OS,null,OS,-0.06,OR,67.52,OK,null,OS
2023-07-22 19:00:00,45.47,OK,-0.24,BDL,null,OS,null,OS,-0.03,BDL,5.43,OK,null,OS
2023-07-22 20:00:00,34.06,OK,-0.19,BDL,null,OS,null,OS,0.06,OK,15.24,OK,null,OS
2023-07-22 21:00:00,36.46,OK,-0.17,BDL,null,OS,null,OS,-0.05,OR,20.21,OK,null,OS
2023-07-22 22:00:00,49.22,OK,-0.25,BDL,null,OS,null,OS,-0.11,OR,7.0,OK,null,OS
2023-07-22 23:00:00,49.64,OK,-0.2,BDL,null,OS,null,OS,-0.12,OR,8.81,OK,null,OS
2023-07-23 00:00:00,49.84,OK,-0.18,BDL,null,OS,null,OS,-0.13,OR,2.62,BDL,null,OS
2023-07-23 01:00:00,37.6,OK,-0.18,BDL,null,OS,null,OS,-0.11,OR,11.7,OK,null,OS
2023-07-23 02:00:00,40.26,OK,-0.2,BDL,null,OS,null,OS,-0.13,OR,7.98,OK,null,OS
2023-07-23 03:00:00,29.21,OK,-0.21,BDL,null,OS,null,OS,-0.11,OR,8.55,OK,null,OS
2023-07-23 04:00:00,21.88,OK,-0.16,BDL,null,OS,null,OS,-0.1,OR,14.4,OK,null,OS
2023-07-23 05:00:00,22.34,OK,-0.16,BDL,null,OS,null,OS,-0.09,OR,10.87,OK,null,OS
2023-07-23 06:00:00,27.44,OK,-0.2,BDL,null,OS,null,OS,-0.08,OR,2.83,BDL,null,OS
2023-07-23 07:00:00,29.87,OK,-0.18,BDL,null,OS,null,OS,-0.06,OR,22.92,OK,null,OS
2023-07-23 08:00:00,32.7,OK,-0.22,BDL,null,OS,null,OS,-0.04,BDL,19.83,OK,null,OS
2023-07-23 09:00:00,39.08,OK,-0.2,BDL,null,OS,null,OS,-0.06,OR,19.5,OK,null,OS
2023-07-23 10:00:00,44.4,OK,-0.21,BDL,null,OS,null,OS,-0.06,OR,22.77,OK,null,OS
2023-07-23 11:00:00,53.1,OK,-0.15,BDL,null,OS,null,OS,-0.05,OR,23.59,OK,null,OS
2023-07-23 12:00:00,62.09,OK,-0.26,BDL,null,OS,null,OS,-0.05,OR,24.53,OK,null,OS
2023-07-23 13:00:00,69.4,OK,-0.21,BDL,null,OS,null,OS,-0.04,BDL,22.58,OK,null,OS
2023-07-23 14:00:00,69.07,OK,-0.25,BDL,null,OS,null,OS,-0.04,BDL,20.06,OK,null,OS
2023-07-23 15:00:00,59.87,OK,-0.27,BDL,null,OS,null,OS,-0.02,BDL,21.08,OK,null,OS
2023-07-23 16:00:00,50.71,OK,-0.23,BDL,null,OS,null,OS,-0.05,OR,30.14,OK,null,OS
2023-07-23 17:00:00,49.53,OK,-0.24,BDL,null,OS,null,OS,-0.06,OR,15.62,OK,null,OS
2023-07-23 18:00:00,47.31,OK,-0.12,BDL,null,OS,null,OS,-0.09,OR,17.66,OK,null,OS
2023-07-23 19:00:00,45.27,OK,-0.15,BDL,null,OS,null,OS,-0.1,OR,13.02,OK,null,OS
2023-07-23 20:00:00,42.52,OK,-0.2,BDL,null,OS,null,OS,-0.05,OR,22.82,OK,null,OS
2023-07-23 21:00:00,37.61,OK,-0.24,BDL,null,OS,null,OS,-0.04,BDL,25.62,OK,null,OS
2023-07-23 22:00:00,37.23,OK,-0.19,BDL,null,OS,null,OS,-0.08,OR,19.98,OK,null,OS
2023-07-23 23:00:00,37.9,OK,-0.24,BDL,null,OS,null,OS,-0.09,OR,22.31,OK,null,OS
2023-07-24 00:00:00,38.81,OK,-0.21,BDL,null,OS,null,OS,-0.1,OR,22.67,OK,null,OS
2023-07-24 01:00:00,44.05,OK,-0.19,BDL,null,OS,null,OS,-0.14,OR,20.86,OK,null,OS
2023-07-24 02:00:00,45.88,OK,-0.21,BDL,null,OS,null,OS,-0.14,OR,11.11,OK,null,OS
2023-07-24 03:00:00,41.35,OK,-0.18,BDL,null,OS,null,OS,-0.14,OR,12.13,OK,null,OS
2023-07-24 04:00:00,35.13,OK,-0.21,BDL,null,OS,null,OS,-0.11,OR,14.49,OK,null,OS
2023-07-24 05:00:00,33.41,OK,-0.21,BDL,null,OS,null,OS,-0.08,OR,18.58,OK,null,OS
2023-07-24 06:00:00,35.62,OK,-0.16,BDL,null,OS,null,OS,-0.07,OR,15.21,OK,null,OS
2023-07-24 07:00:00,38.53,OK,-0.17,BDL,null,OS,null,OS,-0.06,OR,22.5,OK,null,OS
2023-07-24 08:00:00,41.94,OK,-0.18,BDL,null,OS,null,OS,-0.07,OR,18.31,OK,null,OS
2023-07-24 09:00:00,50.48,OK,-0.18,BDL,null,OS,null,OS,-0.04,BDL,18.08,OK,null,OS
2023-07-24 10:00:00,56.65,OK,-0.13,BDL,null,OS,null,OS,0.01,BDL,23.59,OK,null,OS
2023-07-24 11:00:00,76.95,OK,-0.12,BDL,null,OS,null,OS,-0.0,BDL,30.89,OK,null,OS
2023-07-24 12:00:00,65.37,OK,-0.16,BDL,null,OS,null,OS,-0.03,BDL,27.58,OK,null,OS
2023-07-24 13:00:00,54.0,OK,-0.18,BDL,null,OS,null,OS,-0.05,OR,17.35,OK,null,OS
2023-07-24 14:00:00,54.19,OK,-0.23,BDL,null,OS,null,OS,-0.03,BDL,15.63,OK,null,OS
2023-07-24 15:00:00,53.24,OK,-0.2,BDL,null,OS,null,OS,-0.02,BDL,22.73,OK,null,OS
2023-07-24 16:00:00,45.17,OK,-0.22,BDL,null,OS,null,OS,-0.03,BDL,33.28,OK,null,OS
2023-07-24 17:00:00,36.37,OK,-0.2,BDL,null,OS,null,OS,-0.01,BDL,28.78,OK,null,OS
2023-07-24 18:00:00,33.53,OK,-0.17,BDL,null,OS,null,OS,-0.01,BDL,26.1,OK,null,OS
2023-07-24 19:00:00,41.16,OK,-0.19,BDL,null,OS,null,OS,-0.03,BDL,54.1,OK,null,OS
2023-07-24 20:00:00,30.2,OK,-0.2,BDL,null,OS,null,OS,0.06,OK,101.6,OK,null,OS
2023-07-24 21:00:00,31.96,OK,-0.16,BDL,null,OS,null,OS,-0.0,BDL,32.65,OK,null,OS
2023-07-24 22:00:00,34.89,OK,-0.14,BDL,null,OS,null,OS,-0.06,OR,27.0,OK,null,OS
2023-07-24 23:00:00,34.2,OK,-0.17,BDL,null,OS,null,OS,-0.12,OR,14.62,OK,null,OS
2023-07-25 00:00:00,27.16,OK,-0.18,BDL,null,OS,null,OS,-0.11,OR,18.28,OK,null,OS
2023-07-25 01:00:00,24.23,OK,-0.21,BDL,null,OS,null,OS,-0.12,OR,20.04,OK,null,OS
2023-07-25 02:00:00,21.14,OK,-0.18,BDL,null,OS,null,OS,-0.11,OR,17.72,OK,null,OS
2023-07-25 03:00:00,17.58,OK,-0.16,BDL,null,OS,null,OS,-0.11,OR,19.24,OK,null,OS
2023-07-25 04:00:00,12.05,OK,-0.19,BDL,null,OS,null,OS,-0.07,OR,18.29,OK,null,OS
2023-07-25 05:00:00,9.86,OK,-0.12,BDL,null,OS,null,OS,-0.01,BDL,23.44,OK,null,OS
2023-07-25 06:00:00,25.02,OK,-0.18,BDL,null,OS,null,OS,0.01,BDL,32.39,OK,null,OS
2023-07-25 07:00:00,28.79,OK,-0.12,BDL,null,OS,null,OS,-0.02,BDL,19.31,OK,null,OS
2023-07-25 08:00:00,37.67,OK,-0.11,BDL,null,OS,null,OS,-0.06,OR,27.29,OK,null,OS
2023-07-25 09:00:00,52.64,OK,-0.19,BDL,null,OS,null,OS,-0.03,BDL,21.35,OK,null,OS
2023-07-25 10:00:00,64.42,OK,-0.19,BDL,null,OS,null,OS,-0.04,BDL,29.86,OK,null,OS
2023-07-25 11:00:00,64.56,OK,-0.16,BDL,null,OS,null,OS,-0.05,OR,28.41,OK,null,OS
2023-07-25 12:00:00,62.74,OK,-0.14,BDL,null,OS,null,OS,-0.05,OR,26.65,OK,null,OS
2023-07-25 13:00:00,62.88,OK,-0.19,BDL,null,OS,null,OS,-0.06,OR,20.76,OK,null,OS
2023-07-25 14:00:00,55.73,OK,-0.14,BDL,null,OS,null,OS,-0.02,BDL,29.14,OK,null,OS
2023-07-25 15:00:00,49.79,OK,-0.14,BDL,null,OS,null,OS,-0.04,BDL,29.08,OK,null,OS
2023-07-25 16:00:00,43.76,OK,-0.15,BDL,null,OS,null,OS,-0.04,BDL,36.03,OK,null,OS
2023-07-25 17:00:00,38.86,OK,-0.2,BDL,null,OS,null,OS,-0.02,BDL,35.32,OK,null,OS
2023-07-25 18:00:00,35.39,OK,-0.18,BDL,null,OS,null,OS,-0.02,BDL,29.55,OK,null,OS
2023-07-25 19:00:00,28.5,OK,-0.17,BDL,null,OS,null,OS,-0.03,BDL,31.4,OK,null,OS
2023-07-25 20:00:00,25.9,OK,-0.18,BDL,null,OS,null,OS,-0.05,OR,30.41,OK,null,OS
2023-07-25 21:00:00,26.4,OK,-0.18,BDL,null,OS,null,OS,-0.08,OR,24.39,OK,null,OS
2023-07-25 22:00:00,21.21,OK,-0.2,BDL,null,OS,null,OS,-0.08,OR,25.08,OK,null,OS
2023-07-25 23:00:00,19.35,OK,-0.14,BDL,null,OS,null,OS,-0.1,OR,23.59,OK,null,OS
2023-07-26 00:00:00,22.73,OK,-0.17,BDL,null,OS,null,OS,-0.11,OR,22.31,OK,null,OS
2023-07-26 01:00:00,24.98,OK,-0.21,BDL,null,OS,null,OS,-0.12,OR,17.12,OK,null,OS
2023-07-26 02:00:00,33.26,OK,-0.16,BDL,null,OS,null,OS,-0.15,OR,27.81,OK,null,OS
2023-07-26 03:00:00,44.22,OK,-0.14,BDL,null,OS,null,OS,-0.19,OR,42.41,OK,null,OS
2023-07-26 04:00:00,46.46,OK,-0.12,BDL,null,OS,null,OS,-0.19,OR,13.98,OK,null,OS
2023-07-26 05:00:00,39.06,OK,-0.12,BDL,null,OS,null,OS,-0.16,OR,4.46,OK,null,OS
2023-07-26 06:00:00,40.28,OK,-0.19,BDL,null,OS,null,OS,-0.14,OR,24.06,OK,null,OS
2023-07-26 07:00:00,41.53,OK,-0.13,BDL,null,OS,null,OS,-0.11,OR,27.15,OK,null,OS
2023-07-26 08:00:00,47.03,OK,-0.15,BDL,null,OS,null,OS,-0.11,OR,28.25,OK,null,OS
2023-07-26 09:00:00,51.73,OK,-0.2,BDL,null,OS,null,OS,-0.1,OR,23.99,OK,null,OS
2023-07-26 10:00:00,57.1,OK,-0.12,BDL,null,OS,null,OS,-0.11,OR,19.74,OK,null,OS
2023-07-26 11:00:00,63.01,OK,-0.16,BDL,null,OS,null,OS,-0.06,OR,26.67,OK,null,OS
2023-07-26 12:00:00,68.89,OK,-0.15,BDL,null,OS,null,OS,-0.04,BDL,21.49,OK,null,OS
2023-07-26 13:00:00,67.7,OK,-0.18,BDL,null,OS,null,OS,-0.07,OR,26.9,OK,null,OS
2023-07-26 14:00:00,61.21,OK,-0.15,BDL,null,OS,null,OS,-0.07,OR,26.0,OK,null,OS
2023-07-26 15:00:00,50.13,OK,-0.19,BDL,null,OS,null,OS,-0.07,OR,48.93,OK,null,OS
2023-07-26 16:00:00,40.97,OK,-0.18,BDL,null,OS,null,OS,-0.03,BDL,53.2,OK,null,OS
2023-07-26 17:00:00,38.59,OK,-0.17,BDL,null,OS,null,OS,-0.03,BDL,42.22,OK,null,OS
2023-07-26 18:00:00,37.4,OK,-0.18,BDL,null,OS,null,OS,-0.06,OR,33.92,OK,null,OS
2023-07-26 19:00:00,28.08,OK,-0.16,BDL,null,OS,null,OS,-0.07,OR,24.98,OK,null,OS
2023-07-26 20:00:00,26.15,OK,-0.22,BDL,null,OS,null,OS,-0.08,OR,23.81,OK,null,OS
2023-07-26 21:00:00,27.27,OK,-0.17,BDL,null,OS,null,OS,-0.12,OR,20.54,OK,null,OS
2023-07-26 22:00:00,27.0,OK,-0.13,BDL,null,OS,null,OS,-0.13,OR,22.93,OK,null,OS
2023-07-26 23:00:00,25.4,OK,-0.18,BDL,null,OS,null,OS,-0.14,OR,21.11,OK,null,OS
2023-07-27 00:00:00,22.34,OK,-0.17,BDL,null,OS,null,OS,-0.14,OR,17.0,OK,null,OS
2023-07-27 01:00:00,23.86,OK,-0.11,BDL,null,OS,null,OS,-0.16,OR,17.86,OK,null,OS
2023-07-27 02:00:00,29.48,OK,-0.14,BDL,null,OS,null,OS,-0.18,OR,15.07,OK,null,OS
2023-07-27 03:00:00,27.5,OK,-0.16,BDL,null,OS,null,OS,-0.16,OR,8.93,OK,null,OS
2023-07-27 04:00:00,24.88,OK,-0.18,BDL,null,OS,null,OS,-0.14,OR,17.61,OK,null,OS
2023-07-27 05:00:00,21.19,OK,-0.17,BDL,null,OS,null,OS,-0.1,OR,17.94,OK,null,OS
2023-07-27 06:00:00,23.61,OK,-0.12,BDL,null,OS,null,OS,-0.07,OR,21.15,OK,null,OS
2023-07-27 07:00:00,30.52,OK,-0.16,BDL,null,OS,null,OS,-0.06,OR,18.12,OK,null,OS
2023-07-27 08:00:00,33.69,OK,-0.15,BDL,null,OS,null,OS,-0.06,OR,17.71,OK,null,OS
2023-07-27 09:00:00,37.71,OK,-0.19,BDL,null,OS,null,OS,-0.07,OR,18.38,OK,null,OS
2023-07-27 10:00:00,40.81,OK,-0.14,BDL,null,OS,null,OS,-0.09,OR,20.17,OK,null,OS
2023-07-27 11:00:00,42.92,OK,-0.19,BDL,null,OS,null,OS,-0.08,OR,18.02,OK,null,OS
2023-07-27 12:00:00,49.83,OK,-0.16,BDL,null,OS,null,OS,-0.13,OR,19.74,OK,null,OS
2023-07-27 13:00:00,44.85,OK,-0.15,BDL,null,OS,null,OS,-0.09,OR,16.56,OK,null,OS
2023-07-27 14:00:00,43.82,OK,-0.15,BDL,null,OS,null,OS,-0.05,OR,24.23,OK,null,OS
2023-07-27 15:00:00,38.42,OK,-0.15,BDL,null,OS,null,OS,-0.01,BDL,24.58,OK,null,OS
2023-07-27 16:00:00,31.61,OK,-0.16,BDL,null,OS,null,OS,-0.03,BDL,35.71,OK,null,OS
2023-07-27 17:00:00,29.09,OK,-0.17,BDL,null,OS,null,OS,-0.07,OR,38.98,OK,null,OS
2023-07-27 18:00:00,25.52,OK,-0.18,BDL,null,OS,null,OS,-0.06,OR,31.18,OK,null,OS
2023-07-27 19:00:00,22.68,OK,-0.17,BDL,null,OS,null,OS,-0.09,OR,24.34,OK,null,OS
2023-07-27 20:00:00,25.51,OK,-0.12,BDL,null,OS,null,OS,-0.13,OR,24.35,OK,null,OS
2023-07-27 21:00:00,22.27,OK,-0.11,BDL,null,OS,null,OS,-0.1,OR,23.14,OK,null,OS
2023-07-27 22:00:00,21.78,OK,-0.12,BDL,null,OS,null,OS,-0.1,OR,20.15,OK,null,OS
2023-07-27 23:00:00,22.07,OK,-0.09,BDL,null,OS,null,OS,-0.15,OR,20.72,OK,null,OS
2023-07-28 00:00:00,21.25,OK,-0.1,BDL,null,OS,null,OS,-0.15,OR,29.41,OK,null,OS
2023-07-28 01:00:00,39.36,OK,-0.07,BDL,null,OS,null,OS,-0.17,OR,112.9,OK,null,OS
2023-07-28 02:00:00,47.63,OK,-0.16,BDL,null,OS,null,OS,-0.2,OR,11.52,OK,null,OS
2023-07-28 03:00:00,49.44,OK,-0.14,BDL,null,OS,null,OS,-0.21,OR,12.33,OK,null,OS
2023-07-28 04:00:00,44.03,OK,-0.16,BDL,null,OS,null,OS,-0.19,OR,15.66,OK,null,OS
2023-07-28 05:00:00,30.05,OK,-0.18,BDL,null,OS,null,OS,-0.14,OR,17.35,OK,null,OS
2023-07-28 06:00:00,32.79,OK,-0.13,BDL,null,OS,null,OS,-0.09,OR,11.96,OK,null,OS
2023-07-28 07:00:00,38.48,OK,-0.12,BDL,null,OS,null,OS,-0.1,OR,13.49,OK,null,OS
2023-07-28 08:00:00,49.6,OK,-0.11,BDL,null,OS,null,OS,-0.12,OR,14.05,OK,null,OS
2023-07-28 09:00:00,61.23,OK,-0.14,BDL,null,OS,null,OS,-0.18,OR,3.38,BDL,null,OS
2023-07-28 10:00:00,75.14,OK,-0.09,BDL,null,OS,null,OS,-0.12,OR,10.58,OK,null,OS
2023-07-28 11:00:00,88.33,OK,-0.09,BDL,null,OS,null,OS,-0.1,OR,18.54,OK,null,OS
2023-07-28 12:00:00,82.35,OK,-0.04,BDL,null,OS,null,OS,-0.09,OR,14.16,OK,null,OS
2023-07-28 13:00:00,76.73,OK,-0.12,BDL,null,OS,null,OS,-0.08,OR,16.15,OK,null,OS
2023-07-28 14:00:00,68.12,OK,-0.11,BDL,null,OS,null,OS,-0.09,OR,20.95,OK,null,OS
2023-07-28 15:00:00,61.53,OK,-0.15,BDL,null,OS,null,OS,-0.08,OR,32.36,OK,null,OS
2023-07-28 16:00:00,55.85,OK,-0.17,BDL,null,OS,null,OS,-0.05,OR,33.7,OK,null,OS
2023-07-28 17:00:00,50.58,OK,-0.14,BDL,null,OS,null,OS,-0.06,OR,25.64,OK,null,OS
2023-07-28 18:00:00,43.75,OK,-0.16,BDL,null,OS,null,OS,-0.03,BDL,21.91,OK,null,OS
2023-07-28 19:00:00,37.21,OK,-0.19,BDL,null,OS,null,OS,-0.02,BDL,24.11,OK,null,OS
2023-07-28 20:00:00,34.48,OK,-0.14,BDL,null,OS,null,OS,-0.05,OR,22.77,OK,null,OS
2023-07-28 21:00:00,42.61,OK,-0.14,BDL,null,OS,null,OS,-0.09,OR,21.02,OK,null,OS
2023-07-28 22:00:00,40.27,OK,-0.17,BDL,null,OS,null,OS,-0.09,OR,25.03,OK,null,OS
2023-07-28 23:00:00,39.52,OK,-0.16,BDL,null,OS,null,OS,-0.15,OR,19.52,OK,null,OS
2023-07-29 00:00:00,41.56,OK,-0.13,BDL,null,OS,null,OS,-0.17,OR,10.59,OK,null,OS
2023-07-29 01:00:00,43.83,OK,-0.13,BDL,null,OS,null,OS,-0.18,OR,8.07,OK,null,OS
2023-07-29 02:00:00,45.17,OK,-0.18,BDL,null,OS,null,OS,-0.2,OR,10.82,OK,null,OS
2023-07-29 03:00:00,23.61,OK,-0.15,BDL,null,OS,null,OS,-0.17,OR,9.03,OK,null,OS
2023-07-29 04:00:00,16.02,OK,-0.15,BDL,null,OS,null,OS,-0.16,OR,14.91,OK,null,OS
2023-07-29 05:00:00,15.27,OK,-0.17,BDL,null,OS,null,OS,-0.14,OR,13.53,OK,null,OS
2023-07-29 06:00:00,17.24,OK,-0.15,BDL,null,OS,null,OS,-0.14,OR,10.8,OK,null,OS
2023-07-29 07:00:00,22.59,OK,-0.13,BDL,null,OS,null,OS,-0.13,OR,11.56,OK,null,OS
2023-07-29 08:00:00,33.23,OK,-0.16,BDL,null,OS,null,OS,-0.15,OR,19.37,OK,null,OS
2023-07-29 09:00:00,40.0,OK,-0.13,BDL,null,OS,null,OS,-0.15,OR,15.92,OK,null,OS
2023-07-29 10:00:00,51.98,OK,-0.06,BDL,null,OS,null,OS,-0.09,OR,24.6,OK,null,OS
2023-07-29 11:00:00,62.69,OK,-0.12,BDL,null,OS,null,OS,-0.13,OR,21.06,OK,null,OS
2023-07-29 12:00:00,57.88,OK,-0.1,BDL,null,OS,null,OS,-0.12,OR,24.18,OK,null,OS
2023-07-29 13:00:00,59.52,OK,-0.09,BDL,null,OS,null,OS,-0.11,OR,15.01,OK,null,OS
2023-07-29 14:00:00,50.33,OK,-0.13,BDL,null,OS,null,OS,-0.11,OR,28.04,OK,null,OS
2023-07-29 15:00:00,40.14,OK,-0.15,BDL,null,OS,null,OS,-0.1,OR,29.55,OK,null,OS
2023-07-29 16:00:00,35.25,OK,-0.18,BDL,null,OS,null,OS,-0.06,OR,38.05,OK,null,OS
2023-07-29 17:00:00,32.81,OK,-0.15,BDL,null,OS,null,OS,-0.13,OR,24.34,OK,null,OS
2023-07-29 18:00:00,29.53,OK,-0.13,BDL,null,OS,null,OS,-0.13,OR,55.79,OK,null,OS
2023-07-29 19:00:00,10.57,OK,-0.2,BDL,null,OS,null,OS,-0.12,OR,733.41,OR,null,OS
2023-07-29 20:00:00,null,OS,null,OS,null,OS,null,OS,null,OS,null,OS,null,OS
2023-07-29 21:00:00,-888.39,OR,0.77,BDL,null,OS,null,OS,0.17,OK,1072.03,OR,null,OS
2023-07-29 22:00:00,40.52,OK,-0.1,BDL,null,OS,null,OS,-0.04,BDL,-116.59,OR,null,OS
2023-07-29 23:00:00,47.97,OK,-0.1,BDL,null,OS,null,OS,-0.09,OR,-107.8,OR,null,OS
2023-07-30 00:00:00,45.74,OK,-0.11,BDL,null,OS,null,OS,-0.12,OR,-42.99,OR,null,OS
2023-07-30 01:00:00,39.37,OK,-0.13,BDL,null,OS,null,OS,-0.11,OR,-47.82,OR,null,OS
2023-07-30 02:00:00,41.38,OK,-0.16,BDL,null,OS,null,OS,-0.13,OR,-19.1,OR,null,OS
2023-07-30 03:00:00,42.65,OK,-0.09,BDL,null,OS,null,OS,-0.17,OR,-5.78,OR,null,OS
2023-07-30 04:00:00,32.49,OK,-0.1,BDL,null,OS,null,OS,-0.16,OR,1.93,BDL,null,OS
2023-07-30 05:00:00,31.54,OK,-0.19,BDL,null,OS,null,OS,-0.14,OR,-20.79,OR,null,OS
2023-07-30 06:00:00,32.49,OK,-0.2,BDL,null,OS,null,OS,-0.13,OR,-8.57,OR,null,OS
2023-07-30 07:00:00,35.56,OK,-0.18,BDL,null,OS,null,OS,-0.12,OR,-1.75,BDL,null,OS
2023-07-30 08:00:00,46.2,OK,-0.13,BDL,null,OS,null,OS,-0.12,OR,4.7,OK,null,OS
2023-07-30 09:00:00,57.35,OK,-0.13,BDL,null,OS,null,OS,-0.1,OR,8.4,OK,null,OS
2023-07-30 10:00:00,68.72,OK,-0.12,BDL,null,OS,null,OS,-0.13,OR,18.02,OK,null,OS
2023-07-30 11:00:00,72.92,OK,-0.06,BDL,null,OS,null,OS,-0.14,OR,5.09,OK,null,OS
2023-07-30 12:00:00,74.79,OK,-0.1,BDL,null,OS,null,OS,-0.14,OR,6.56,OK,null,OS
2023-07-30 13:00:00,74.52,OK,-0.13,BDL,null,OS,null,OS,-0.14,OR,8.33,OK,null,OS
2023-07-30 14:00:00,70.81,OK,-0.12,BDL,null,OS,null,OS,-0.12,OR,8.23,OK,null,OS
2023-07-30 15:00:00,71.34,OK,-0.16,BDL,null,OS,null,OS,-0.13,OR,9.31,OK,null,OS
2023-07-30 16:00:00,71.47,OK,-0.15,BDL,null,OS,null,OS,-0.13,OR,12.18,OK,null,OS
2023-07-30 17:00:00,60.47,OK,-0.09,BDL,null,OS,null,OS,-0.13,OR,14.54,OK,null,OS
2023-07-30 18:00:00,52.7,OK,-0.1,BDL,null,OS,null,OS,-0.07,OR,25.83,OK,null,OS
2023-07-30 19:00:00,41.35,OK,-0.16,BDL,null,OS,null,OS,-0.01,BDL,20.37,OK,null,OS
2023-07-30 20:00:00,45.45,OK,-0.1,BDL,null,OS,null,OS,-0.12,OR,15.82,OK,null,OS
2023-07-30 21:00:00,42.88,OK,-0.14,BDL,null,OS,null,OS,-0.09,OR,15.72,OK,null,OS
2023-07-30 22:00:00,46.66,OK,-0.18,BDL,null,OS,null,OS,-0.18,OR,18.3,OK,null,OS
2023-07-30 23:00:00,49.84,OK,-0.09,BDL,null,OS,null,OS,-0.21,OR,5.57,OK,null,OS
2023-07-31 00:00:00,47.68,OK,-0.14,BDL,null,OS,null,OS,-0.21,OR,2.5,BDL,null,OS
2023-07-31 01:00:00,43.7,OK,0.17,BDL,null,OS,null,OS,-0.2,OR,10.56,OK,null,OS
