Red Universitaria de Observatorios Atmosfericos (RUOA)
Atmospheric Observatory Hermosillo (erno), Sonora
Lat 29.0814 N, Lon 110.9706 W, Alt 154 masl
Time UTC-7h
Air Quality data
Flags: OK = Reliable data, BDL = Below Detection Limit, OR = Out of Range, OS = Out of Service 
 
Time,O3,O3_flag,SO2,SO2_flag,NO2,NO2_flag,NO,NO_flag,CO,CO_flag,PM10,PM10_flag,PM2.5,PM2.5_flag
yyyy-mm-dd HH:MM:SS,ppb,flag,ppb,flag,ppb,flag,ppb,flag,ppm,flag,ug/m^3,flag,ug/m^3,flag
2023-10-01 00:00:00,18.35,OK,0.32,BDL,null,OS,null,OS,0.06,OK,21.52,OK,null,OS
2023-10-01 01:00:00,14.36,OK,0.27,BDL,null,OS,null,OS,0.08,OK,12.1,OK,null,OS
2023-10-01 02:00:00,-0.02,BDL,0.43,BDL,null,OS,null,OS,0.21,OK,25.4,OK,null,OS
2023-10-01 03:00:00,0.02,BDL,0.34,BDL,null,OS,null,OS,0.13,OK,29.54,OK,null,OS
2023-10-01 04:00:00,2.34,OK,0.37,BDL,null,OS,null,OS,0.08,OK,29.35,OK,null,OS
2023-10-01 05:00:00,4.46,OK,0.27,BDL,null,OS,null,OS,0.08,OK,28.49,OK,null,OS
2023-10-01 06:00:00,9.85,OK,0.27,BDL,null,OS,null,OS,0.12,OK,17.4,OK,null,OS
2023-10-01 07:00:00,20.45,OK,0.3,BDL,null,OS,null,OS,0.1,OK,21.71,OK,null,OS
2023-10-01 08:00:00,27.83,OK,0.18,BDL,null,OS,null,OS,0.09,OK,18.96,OK,null,OS
2023-10-01 09:00:00,31.6,OK,0.21,BDL,null,OS,null,OS,0.08,OK,26.18,OK,null,OS
2023-10-01 10:00:00,34.84,OK,0.24,BDL,null,OS,null,OS,0.06,OK,20.16,OK,null,OS
2023-10-01 11:00:00,35.47,OK,0.28,BDL,null,OS,null,OS,0.06,OK,18.16,OK,null,OS
2023-10-01 12:00:00,35.5,OK,0.37,BDL,null,OS,null,OS,0.04,OK,20.09,OK,null,OS
2023-10-01 13:00:00,34.47,OK,0.26,BDL,null,OS,null,OS,0.06,OK,23.02,OK,null,OS
2023-10-01 14:00:00,32.31,OK,0.3,BDL,null,OS,null,OS,0.05,OK,25.84,OK,null,OS
2023-10-01 15:00:00,31.0,OK,0.33,BDL,null,OS,null,OS,0.01,BDL,37.61,OK,null,OS
2023-10-01 16:00:00,29.38,OK,0.39,BDL,null,OS,null,OS,0.0,BDL,34.92,OK,null,OS
2023-10-01 17:00:00,25.78,OK,0.37,BDL,null,OS,null,OS,0.08,OK,25.93,OK,null,OS
2023-10-01 18:00:00,24.18,OK,0.34,BDL,null,OS,null,OS,0.09,OK,21.32,OK,null,OS
2023-10-01 19:00:00,24.71,OK,0.33,BDL,null,OS,null,OS,0.11,OK,25.51,OK,null,OS
2023-10-01 20:00:00,24.74,OK,0.3,BDL,null,OS,null,OS,0.09,OK,15.0,OK,null,OS
2023-10-01 21:00:00,26.65,OK,0.35,BDL,null,OS,null,OS,0.04,OK,11.79,OK,null,OS
2023-10-01 22:00:00,26.27,OK,0.33,BDL,null,OS,null,OS,0.01,BDL,13.38,OK,null,OS
2023-10-01 23:00:00,25.61,OK,0.29,BDL,null,OS,null,OS,0.0,BDL,14.24,OK,null,OS
2023-10-02 00:00:00,24.77,OK,0.25,BDL,null,OS,null,OS,0.01,BDL,15.35,OK,null,OS
2023-10-02 01:00:00,25.93,OK,0.24,BDL,null,OS,null,OS,0.01,BDL,16.88,OK,null,OS
2023-10-02 02:00:00,23.6,OK,0.31,BDL,null,OS,null,OS,-0.0,BDL,15.52,OK,null,OS
2023-10-02 03:00:00,20.56,OK,0.24,BDL,null,OS,null,OS,0.01,BDL,17.93,OK,null,OS
2023-10-02 04:00:00,16.88,OK,0.31,BDL,null,OS,null,OS,0.06,OK,19.13,OK,null,OS
2023-10-02 05:00:00,9.09,OK,0.4,BDL,null,OS,null,OS,0.21,OK,38.3,OK,null,OS
2023-10-02 06:00:00,5.45,OK,0.67,BDL,null,OS,null,OS,0.53,OK,52.42,OK,null,OS
2023-10-02 07:00:00,13.22,OK,1.0,OK,null,OS,null,OS,0.48,OK,76.08,OK,null,OS
2023-10-02 08:00:00,16.02,OK,0.93,BDL,null,OS,null,OS,0.35,OK,41.28,OK,null,OS
2023-10-02 09:00:00,27.5,OK,0.66,BDL,null,OS,null,OS,0.11,OK,35.07,OK,null,OS
2023-10-02 10:00:00,27.88,OK,0.53,BDL,null,OS,null,OS,0.14,OK,22.74,OK,null,OS
2023-10-02 11:00:00,28.94,OK,0.44,BDL,null,OS,null,OS,0.15,OK,17.92,OK,null,OS
2023-10-02 12:00:00,27.57,OK,0.38,BDL,null,OS,null,OS,0.15,OK,24.35,OK,null,OS
2023-10-02 13:00:00,26.02,OK,0.39,BDL,null,OS,null,OS,0.16,OK,18.66,OK,null,OS
2023-10-02 14:00:00,26.79,OK,0.47,BDL,null,OS,null,OS,0.13,OK,31.38,OK,null,OS
2023-10-02 15:00:00,25.7,OK,0.39,BDL,null,OS,null,OS,0.13,OK,27.82,OK,null,OS
2023-10-02 16:00:00,22.5,OK,0.43,BDL,null,OS,null,OS,0.17,OK,30.52,OK,null,OS
2023-10-02 17:00:00,20.3,OK,0.4,BDL,null,OS,null,OS,0.17,OK,29.17,OK,null,OS
2023-10-02 18:00:00,19.9,OK,0.39,BDL,null,OS,null,OS,0.13,OK,23.5,OK,null,OS
2023-10-02 19:00:00,17.59,OK,0.37,BDL,null,OS,null,OS,0.13,OK,23.87,OK,null,OS
2023-10-02 20:00:00,19.44,OK,0.31,BDL,null,OS,null,OS,0.11,OK,24.08,OK,null,OS
2023-10-02 21:00:00,19.15,OK,0.29,BDL,null,OS,null,OS,0.09,OK,24.21,OK,null,OS
2023-10-02 22:00:00,16.6,OK,0.35,BDL,null,OS,null,OS,0.09,OK,24.51,OK,null,OS
2023-10-02 23:00:00,18.22,OK,0.38,BDL,null,OS,null,OS,0.09,OK,27.5,OK,null,OS
2023-10-03 00:00:00,21.97,OK,0.38,BDL,null,OS,null,OS,0.02,BDL,26.84,OK,null,OS
2023-10-03 01:00:00,22.32,OK,0.37,BDL,null,OS,null,OS,0.0,BDL,13.69,OK,null,OS
2023-10-03 02:00:00,10.36,OK,0.42,BDL,null,OS,null,OS,0.03,BDL,21.38,OK,null,OS
2023-10-03 03:00:00,7.56,OK,0.37,BDL,null,OS,null,OS,-0.03,BDL,23.39,OK,null,OS
2023-10-03 04:00:00,2.96,OK,0.35,BDL,null,OS,null,OS,0.04,OK,35.13,OK,null,OS
2023-10-03 05:00:00,1.26,OK,0.43,BDL,null,OS,null,OS,0.19,OK,31.7,OK,null,OS
2023-10-03 06:00:00,5.85,OK,0.55,BDL,null,OS,null,OS,0.34,OK,47.63,OK,null,OS
2023-10-03 07:00:00,12.1,OK,0.59,BDL,null,OS,null,OS,0.44,OK,49.55,OK,null,OS
2023-10-03 08:00:00,24.4,OK,0.52,BDL,null,OS,null,OS,0.22,OK,23.94,OK,null,OS
2023-10-03 09:00:00,34.45,OK,0.44,BDL,null,OS,null,OS,0.18,OK,34.82,OK,null,OS
2023-10-03 10:00:00,38.28,OK,0.5,BDL,null,OS,null,OS,0.16,OK,35.68,OK,null,OS
2023-10-03 11:00:00,37.34,OK,0.48,BDL,null,OS,null,OS,0.13,OK,25.66,OK,null,OS
2023-10-03 12:00:00,37.14,OK,0.44,BDL,null,OS,null,OS,0.1,OK,24.4,OK,null,OS
2023-10-03 13:00:00,37.83,OK,0.43,BDL,null,OS,null,OS,0.09,OK,20.52,OK,null,OS
2023-10-03 14:00:00,33.59,OK,0.46,BDL,null,OS,null,OS,0.17,OK,21.56,OK,null,OS
2023-10-03 15:00:00,34.52,OK,0.41,BDL,null,OS,null,OS,0.19,OK,33.73,OK,null,OS
2023-10-03 16:00:00,31.67,OK,0.36,BDL,null,OS,null,OS,0.19,OK,30.92,OK,null,OS
2023-10-03 17:00:00,26.89,OK,0.42,BDL,null,OS,null,OS,0.21,OK,33.21,OK,null,OS
2023-10-03 18:00:00,25.42,OK,0.43,BDL,null,OS,null,OS,0.19,OK,40.89,OK,null,OS
2023-10-03 19:00:00,26.19,OK,0.38,BDL,null,OS,null,OS,0.15,OK,37.44,OK,null,OS
2023-10-03 20:00:00,28.73,OK,0.29,BDL,null,OS,null,OS,0.11,OK,31.25,OK,null,OS
2023-10-03 21:00:00,28.21,OK,0.33,BDL,null,OS,null,OS,0.09,OK,31.59,OK,null,OS
2023-10-03 22:00:00,25.83,OK,0.37,BDL,null,OS,null,OS,0.1,OK,27.27,OK,null,OS
2023-10-03 23:00:00,26.6,OK,0.38,BDL,null,OS,null,OS,0.07,OK,27.78,OK,null,OS
2023-10-04 00:00:00,24.41,OK,0.35,BDL,null,OS,null,OS,0.06,OK,23.1,OK,null,OS
2023-10-04 01:00:00,11.73,OK,0.42,BDL,null,OS,null,OS,0.04,OK,32.23,OK,null,OS
2023-10-04 02:00:00,16.71,OK,0.33,BDL,null,OS,null,OS,-0.0,BDL,29.04,OK,null,OS
2023-10-04 03:00:00,13.09,OK,0.3,BDL,null,OS,null,OS,-0.04,BDL,15.0,OK,null,OS
2023-10-04 04:00:00,11.38,OK,0.34,BDL,null,OS,null,OS,-0.02,BDL,27.24,OK,null,OS
2023-10-04 05:00:00,6.95,OK,0.31,BDL,null,OS,null,OS,0.09,OK,25.89,OK,null,OS
2023-10-04 06:00:00,5.53,OK,0.6,BDL,null,OS,null,OS,0.38,OK,44.81,OK,null,OS
2023-10-04 07:00:00,8.42,OK,0.76,BDL,null,OS,null,OS,0.7,OK,53.69,OK,null,OS
2023-10-04 08:00:00,19.39,OK,0.71,BDL,null,OS,null,OS,0.48,OK,71.84,OK,null,OS
2023-10-04 09:00:00,33.56,OK,0.57,BDL,null,OS,null,OS,0.33,OK,56.0,OK,null,OS
2023-10-04 10:00:00,45.21,OK,0.49,BDL,null,OS,null,OS,0.21,OK,38.55,OK,null,OS
2023-10-04 11:00:00,54.64,OK,0.65,BDL,null,OS,null,OS,0.16,OK,32.69,OK,null,OS
2023-10-04 12:00:00,49.91,OK,0.7,BDL,null,OS,null,OS,0.13,OK,28.33,OK,null,OS
2023-10-04 13:00:00,46.84,OK,0.52,BDL,null,OS,null,OS,0.16,OK,20.04,OK,null,OS
2023-10-04 14:00:00,41.32,OK,0.48,BDL,null,OS,null,OS,0.18,OK,24.87,OK,null,OS
2023-10-04 15:00:00,39.61,OK,0.43,BDL,null,OS,null,OS,0.14,OK,24.07,OK,null,OS
2023-10-04 16:00:00,37.44,OK,0.45,BDL,null,OS,null,OS,0.16,OK,33.15,OK,null,OS
2023-10-04 17:00:00,28.72,OK,0.39,BDL,null,OS,null,OS,0.25,OK,-86.64,OR,null,OS
2023-10-04 18:00:00,29.54,OK,0.33,BDL,null,OS,null,OS,0.25,OK,-336.96,OR,null,OS
2023-10-04 19:00:00,26.44,OK,0.3,BDL,null,OS,null,OS,0.25,OK,-77.42,OR,null,OS
2023-10-04 20:00:00,29.3,OK,0.28,BDL,null,OS,null,OS,0.18,OK,-19.65,OR,null,OS
2023-10-04 21:00:00,29.17,OK,0.31,BDL,null,OS,null,OS,0.16,OK,19.1,OK,null,OS
2023-10-04 22:00:00,29.27,OK,0.3,BDL,null,OS,null,OS,0.12,OK,-1.28,BDL,null,OS
2023-10-04 23:00:00,25.2,OK,0.32,BDL,null,OS,null,OS,0.16,OK,19.86,OK,null,OS
2023-10-05 00:00:00,14.06,OK,0.35,BDL,null,OS,null,OS,0.19,OK,11.59,OK,null,OS
2023-10-05 01:00:00,17.27,OK,0.33,BDL,null,OS,null,OS,0.06,OK,46.62,OK,null,OS
2023-10-05 02:00:00,18.25,OK,0.42,BDL,null,OS,null,OS,-0.0,BDL,0.02,BDL,null,OS
2023-10-05 03:00:00,19.57,OK,0.41,BDL,null,OS,null,OS,-0.02,BDL,13.55,OK,null,OS
2023-10-05 04:00:00,14.45,OK,0.34,BDL,null,OS,null,OS,-0.0,BDL,10.8,OK,null,OS
2023-10-05 05:00:00,4.6,OK,0.46,BDL,null,OS,null,OS,0.19,OK,25.76,OK,null,OS
2023-10-05 06:00:00,3.43,OK,0.65,BDL,null,OS,null,OS,0.41,OK,55.24,OK,null,OS
2023-10-05 07:00:00,6.68,OK,0.86,BDL,null,OS,null,OS,0.7,OK,94.87,OK,null,OS
2023-10-05 08:00:00,18.6,OK,0.73,BDL,null,OS,null,OS,0.58,OK,63.66,OK,null,OS
2023-10-05 09:00:00,36.21,OK,0.7,BDL,null,OS,null,OS,0.34,OK,52.3,OK,null,OS
2023-10-05 10:00:00,46.66,OK,0.59,BDL,null,OS,null,OS,0.34,OK,39.03,OK,null,OS
2023-10-05 11:00:00,46.71,OK,0.67,BDL,null,OS,null,OS,0.18,OK,27.81,OK,null,OS
2023-10-05 12:00:00,41.54,OK,0.82,BDL,null,OS,null,OS,0.19,OK,20.59,OK,null,OS
2023-10-05 13:00:00,36.07,OK,0.69,BDL,null,OS,null,OS,0.18,OK,17.13,OK,null,OS
2023-10-05 14:00:00,32.66,OK,0.64,BDL,null,OS,null,OS,0.18,OK,12.96,OK,null,OS
2023-10-05 15:00:00,29.77,OK,0.56,BDL,null,OS,null,OS,0.17,OK,12.47,OK,null,OS
2023-10-05 16:00:00,24.74,OK,0.52,BDL,null,OS,null,OS,0.27,OK,23.14,OK,null,OS
2023-10-05 17:00:00,17.45,OK,0.55,BDL,null,OS,null,OS,0.34,OK,29.28,OK,null,OS
2023-10-05 18:00:00,17.77,OK,0.49,BDL,null,OS,null,OS,0.47,OK,34.16,OK,null,OS
2023-10-05 19:00:00,14.88,OK,0.47,BDL,null,OS,null,OS,0.51,OK,35.35,OK,null,OS
2023-10-05 20:00:00,17.8,OK,0.44,BDL,null,OS,null,OS,0.35,OK,39.76,OK,null,OS
2023-10-05 21:00:00,17.3,OK,0.4,BDL,null,OS,null,OS,0.28,OK,30.91,OK,null,OS
2023-10-05 22:00:00,8.76,OK,0.48,BDL,null,OS,null,OS,0.32,OK,40.86,OK,null,OS
2023-10-05 23:00:00,2.13,OK,0.7,BDL,null,OS,null,OS,0.44,OK,56.27,OK,null,OS
2023-10-06 00:00:00,11.77,OK,0.53,BDL,null,OS,null,OS,0.29,OK,46.08,OK,null,OS
2023-10-06 01:00:00,17.85,OK,0.6,BDL,null,OS,null,OS,0.19,OK,35.76,OK,null,OS
2023-10-06 02:00:00,21.79,OK,0.62,BDL,null,OS,null,OS,0.15,OK,47.5,OK,null,OS
2023-10-06 03:00:00,20.91,OK,0.45,BDL,null,OS,null,OS,0.12,OK,31.01,OK,null,OS
2023-10-06 04:00:00,4.69,OK,0.49,BDL,null,OS,null,OS,0.19,OK,38.18,OK,null,OS
2023-10-06 05:00:00,7.66,OK,0.54,BDL,null,OS,null,OS,0.16,OK,43.53,OK,null,OS
2023-10-06 06:00:00,7.58,OK,0.63,BDL,null,OS,null,OS,0.39,OK,40.74,OK,null,OS
2023-10-06 07:00:00,14.93,OK,0.66,BDL,null,OS,null,OS,0.42,OK,52.95,OK,null,OS
2023-10-06 08:00:00,23.68,OK,0.54,BDL,null,OS,null,OS,0.29,OK,46.01,OK,null,OS
2023-10-06 09:00:00,30.39,OK,0.62,BDL,null,OS,null,OS,0.38,OK,44.18,OK,null,OS
2023-10-06 10:00:00,39.22,OK,0.57,BDL,null,OS,null,OS,0.35,OK,46.57,OK,null,OS
2023-10-06 11:00:00,53.25,OK,0.64,BDL,null,OS,null,OS,0.21,OK,59.48,OK,null,OS
2023-10-06 12:00:00,47.15,OK,0.7,BDL,null,OS,null,OS,0.19,OK,34.26,OK,null,OS
2023-10-06 13:00:00,40.46,OK,0.54,BDL,null,OS,null,OS,0.24,OK,21.2,OK,null,OS
2023-10-06 14:00:00,38.9,OK,0.5,BDL,null,OS,null,OS,0.21,OK,21.65,OK,null,OS
2023-10-06 15:00:00,39.65,OK,0.55,BDL,null,OS,null,OS,0.17,OK,32.86,OK,-30.5,OR
2023-10-06 16:00:00,34.33,OK,0.47,BDL,null,OS,null,OS,0.23,OK,36.25,OK,-159.46,OR
2023-10-06 17:00:00,30.35,OK,0.42,BDL,null,OS,null,OS,0.29,OK,52.2,OK,-169.04,OR
2023-10-06 18:00:00,20.59,OK,0.45,BDL,null,OS,null,OS,0.4,OK,50.46,OK,-121.93,OR
2023-10-06 19:00:00,23.61,OK,0.39,BDL,null,OS,null,OS,0.33,OK,57.67,OK,-72.28,OR
2023-10-06 20:00:00,25.44,OK,0.45,BDL,null,OS,null,OS,0.25,OK,45.25,OK,-33.2,OR
2023-10-06 21:00:00,20.67,OK,0.44,BDL,null,OS,null,OS,0.25,OK,39.43,OK,-11.85,OR
2023-10-06 22:00:00,12.42,OK,0.46,BDL,null,OS,null,OS,0.32,OK,32.94,OK,8.33,OK
2023-10-06 23:00:00,5.7,OK,0.44,BDL,null,OS,null,OS,0.3,OK,39.12,OK,15.97,OK
2023-10-07 00:00:00,14.63,OK,0.42,BDL,null,OS,null,OS,0.16,OK,37.79,OK,1.11,BDL
2023-10-07 01:00:00,16.52,OK,0.4,BDL,null,OS,null,OS,0.12,OK,32.77,OK,5.35,OK
2023-10-07 02:00:00,23.09,OK,0.43,BDL,null,OS,null,OS,0.06,OK,26.04,OK,12.49,OK
2023-10-07 03:00:00,33.22,OK,0.35,BDL,null,OS,null,OS,0.03,BDL,14.44,OK,9.27,OK
2023-10-07 04:00:00,22.57,OK,0.31,BDL,null,OS,null,OS,0.08,OK,21.76,OK,11.22,OK
2023-10-07 05:00:00,29.64,OK,0.35,BDL,null,OS,null,OS,0.06,OK,23.42,OK,12.1,OK
2023-10-07 06:00:00,32.12,OK,0.38,BDL,null,OS,null,OS,0.07,OK,9.27,OK,-3.35,BDL
2023-10-07 07:00:00,35.34,OK,0.32,BDL,null,OS,null,OS,0.07,OK,37.99,OK,9.65,OK
2023-10-07 08:00:00,38.27,OK,0.33,BDL,null,OS,null,OS,0.08,OK,40.65,OK,15.32,OK
2023-10-07 09:00:00,40.85,OK,0.3,BDL,null,OS,null,OS,0.1,OK,18.49,OK,8.95,OK
2023-10-07 10:00:00,44.44,OK,0.28,BDL,null,OS,null,OS,0.08,OK,17.57,OK,18.88,OK
2023-10-07 11:00:00,46.5,OK,0.3,BDL,null,OS,null,OS,0.1,OK,14.72,OK,24.42,OK
2023-10-07 12:00:00,47.67,OK,0.29,BDL,null,OS,null,OS,0.16,OK,12.13,OK,25.39,OK
2023-10-07 13:00:00,52.08,OK,0.31,BDL,null,OS,null,OS,0.1,OK,12.68,OK,16.97,OK
2023-10-07 14:00:00,52.45,OK,0.25,BDL,null,OS,null,OS,0.05,OK,10.93,OK,26.77,OK
2023-10-07 15:00:00,45.57,OK,0.26,BDL,null,OS,null,OS,0.11,OK,63.81,OK,18.63,OK
2023-10-07 16:00:00,39.6,OK,0.3,BDL,null,OS,null,OS,0.14,OK,110.45,OK,25.76,OK
2023-10-07 17:00:00,35.74,OK,0.25,BDL,null,OS,null,OS,0.18,OK,68.38,OK,18.3,OK
2023-10-07 18:00:00,32.17,OK,0.28,BDL,null,OS,null,OS,0.25,OK,33.48,OK,9.35,OK
2023-10-07 19:00:00,31.85,OK,0.3,BDL,null,OS,null,OS,0.21,OK,30.45,OK,6.68,OK
2023-10-07 20:00:00,26.73,OK,0.3,BDL,null,OS,null,OS,0.29,OK,24.43,OK,8.23,OK
2023-10-07 21:00:00,26.22,OK,0.34,BDL,null,OS,null,OS,0.23,OK,26.08,OK,8.95,OK
2023-10-07 22:00:00,25.8,OK,0.25,BDL,null,OS,null,OS,0.22,OK,33.93,OK,15.71,OK
2023-10-07 23:00:00,22.74,OK,0.23,BDL,null,OS,null,OS,0.2,OK,18.59,OK,21.92,OK
2023-10-08 00:00:00,21.76,OK,0.26,BDL,null,OS,null,OS,0.19,OK,20.6,OK,12.73,OK
2023-10-08 01:00:00,18.96,OK,0.26,BDL,null,OS,null,OS,0.18,OK,22.64,OK,11.82,OK
2023-10-08 02:00:00,14.85,OK,0.27,BDL,null,OS,null,OS,0.17,OK,28.61,OK,13.17,OK
2023-10-08 03:00:00,17.81,OK,0.19,BDL,null,OS,null,OS,0.15,OK,26.32,OK,18.72,OK
2023-10-08 04:00:00,15.43,OK,0.36,BDL,null,OS,null,OS,0.15,OK,25.61,OK,7.47,OK
2023-10-08 05:00:00,15.38,OK,0.31,BDL,null,OS,null,OS,0.16,OK,22.74,OK,2.69,BDL
2023-10-08 06:00:00,22.96,OK,0.29,BDL,null,OS,null,OS,0.17,OK,18.52,OK,1.2,BDL
2023-10-08 07:00:00,30.88,OK,0.29,BDL,null,OS,null,OS,0.14,OK,17.53,OK,-2.57,BDL
2023-10-08 08:00:00,37.41,OK,0.24,BDL,null,OS,null,OS,0.12,OK,27.39,OK,3.4,BDL
2023-10-08 09:00:00,43.15,OK,0.37,BDL,null,OS,null,OS,0.11,OK,15.53,OK,13.76,OK
2023-10-08 10:00:00,46.99,OK,0.22,BDL,null,OS,null,OS,0.11,OK,18.32,OK,15.8,OK
2023-10-08 11:00:00,52.3,OK,0.34,BDL,null,OS,null,OS,0.12,OK,15.23,OK,27.47,OK
2023-10-08 12:00:00,59.98,OK,0.27,BDL,null,OS,null,OS,0.12,OK,13.53,OK,15.42,OK
2023-10-08 13:00:00,56.17,OK,0.26,BDL,null,OS,null,OS,0.12,OK,16.74,OK,13.54,OK
2023-10-08 14:00:00,49.89,OK,0.28,BDL,null,OS,null,OS,0.13,OK,14.47,OK,19.81,OK
2023-10-08 15:00:00,40.76,OK,0.28,BDL,null,OS,null,OS,0.15,OK,42.67,OK,18.58,OK
2023-10-08 16:00:00,35.62,OK,0.22,BDL,null,OS,null,OS,0.18,OK,39.65,OK,19.49,OK
2023-10-08 17:00:00,32.5,OK,0.25,BDL,null,OS,null,OS,0.15,OK,29.67,OK,9.45,OK
2023-10-08 18:00:00,28.8,OK,0.2,BDL,null,OS,null,OS,0.17,OK,29.76,OK,23.13,OK
2023-10-08 19:00:00,29.05,OK,0.25,BDL,null,OS,null,OS,0.16,OK,22.32,OK,3.02,BDL
2023-10-08 20:00:00,24.82,OK,0.28,BDL,null,OS,null,OS,0.19,OK,15.01,OK,25.94,OK
2023-10-08 21:00:00,25.98,OK,0.24,BDL,null,OS,null,OS,0.16,OK,11.86,OK,3.01,BDL
2023-10-08 22:00:00,26.93,OK,0.18,BDL,null,OS,null,OS,0.14,OK,15.06,OK,10.71,OK
2023-10-08 23:00:00,29.73,OK,0.2,BDL,null,OS,null,OS,0.11,OK,13.0,OK,-3.51,BDL
2023-10-09 00:00:00,28.11,OK,0.22,BDL,null,OS,null,OS,0.11,OK,8.83,OK,0.62,BDL
2023-10-09 01:00:00,26.83,OK,0.18,BDL,null,OS,null,OS,0.1,OK,9.15,OK,21.53,OK
2023-10-09 02:00:00,24.26,OK,0.21,BDL,null,OS,null,OS,0.1,OK,9.66,OK,9.96,OK
2023-10-09 03:00:00,20.36,OK,0.23,BDL,null,OS,null,OS,0.11,OK,10.8,OK,5.36,OK
2023-10-09 04:00:00,22.53,OK,0.19,BDL,null,OS,null,OS,0.11,OK,11.21,OK,12.3,OK
2023-10-09 05:00:00,19.91,OK,0.24,BDL,null,OS,null,OS,0.18,OK,15.8,OK,9.66,OK
2023-10-09 06:00:00,22.54,OK,0.16,BDL,null,OS,null,OS,0.21,OK,24.32,OK,-7.56,OR
2023-10-09 07:00:00,29.95,OK,0.2,BDL,null,OS,null,OS,0.18,OK,16.99,OK,-12.97,OR
2023-10-09 08:00:00,36.28,OK,0.23,BDL,null,OS,null,OS,0.21,OK,8.79,OK,-9.95,OR
2023-10-09 09:00:00,45.21,OK,0.21,BDL,null,OS,null,OS,0.2,OK,15.71,OK,-3.77,BDL
2023-10-09 10:00:00,56.39,OK,0.2,BDL,null,OS,null,OS,0.26,OK,20.67,OK,14.94,OK
2023-10-09 11:00:00,58.48,OK,0.23,BDL,null,OS,null,OS,0.23,OK,20.81,OK,14.73,OK
2023-10-09 12:00:00,60.87,OK,0.21,BDL,null,OS,null,OS,0.21,OK,25.57,OK,20.84,OK
2023-10-09 13:00:00,54.58,OK,0.25,BDL,null,OS,null,OS,0.2,OK,18.87,OK,9.98,OK
2023-10-09 14:00:00,44.45,OK,0.34,BDL,null,OS,null,OS,0.26,OK,16.12,OK,19.02,OK
2023-10-09 15:00:00,38.83,OK,0.36,BDL,null,OS,null,OS,0.26,OK,28.79,OK,11.85,OK
2023-10-09 16:00:00,29.51,OK,0.29,BDL,null,OS,null,OS,0.27,OK,23.06,OK,20.7,OK
2023-10-09 17:00:00,25.52,OK,0.24,BDL,null,OS,null,OS,0.27,OK,38.63,OK,20.08,OK
2023-10-09 18:00:00,25.25,OK,0.31,BDL,null,OS,null,OS,0.24,OK,23.1,OK,6.97,OK
2023-10-09 19:00:00,22.05,OK,0.27,BDL,null,OS,null,OS,0.2,OK,20.93,OK,7.44,OK
2023-10-09 20:00:00,21.84,OK,0.26,BDL,null,OS,null,OS,0.16,OK,16.91,OK,39.52,OK
2023-10-09 21:00:00,20.27,OK,0.24,BDL,null,OS,null,OS,0.14,OK,16.79,OK,28.66,OK
2023-10-09 22:00:00,21.72,OK,0.29,BDL,null,OS,null,OS,0.12,OK,8.69,OK,23.1,OK
2023-10-09 23:00:00,22.45,OK,0.18,BDL,null,OS,null,OS,0.1,OK,9.66,OK,6.54,OK
2023-10-10 00:00:00,21.83,OK,0.22,BDL,null,OS,null,OS,0.1,OK,4.53,OK,10.6,OK
2023-10-10 01:00:00,19.68,OK,0.26,BDL,null,OS,null,OS,0.1,OK,8.08,OK,5.23,OK
2023-10-10 02:00:00,20.36,OK,0.2,BDL,null,OS,null,OS,0.1,OK,7.27,OK,13.38,OK
2023-10-10 03:00:00,17.8,OK,0.27,BDL,null,OS,null,OS,0.1,OK,9.8,OK,10.66,OK
2023-10-10 04:00:00,14.87,OK,0.19,BDL,null,OS,null,OS,0.12,OK,15.96,OK,11.58,OK
2023-10-10 05:00:00,14.15,OK,0.26,BDL,null,OS,null,OS,0.17,OK,15.47,OK,-0.95,BDL
2023-10-10 06:00:00,15.22,OK,0.31,BDL,null,OS,null,OS,0.24,OK,15.87,OK,-15.28,OR
2023-10-10 07:00:00,23.89,OK,0.27,BDL,null,OS,null,OS,0.17,OK,17.49,OK,-13.11,OR
2023-10-10 08:00:00,30.4,OK,0.26,BDL,null,OS,null,OS,0.19,OK,17.78,OK,-8.12,OR
2023-10-10 09:00:00,39.94,OK,0.23,BDL,null,OS,null,OS,0.24,OK,16.48,OK,-2.76,BDL
2023-10-10 10:00:00,50.75,OK,0.24,BDL,null,OS,null,OS,0.26,OK,19.76,OK,10.32,OK
2023-10-10 11:00:00,55.98,OK,0.22,BDL,null,OS,null,OS,0.18,OK,25.66,OK,17.92,OK
2023-10-10 12:00:00,44.38,OK,0.31,BDL,null,OS,null,OS,0.21,OK,18.12,OK,16.61,OK
2023-10-10 13:00:00,42.56,OK,0.38,BDL,null,OS,null,OS,0.22,OK,13.36,OK,3.85,BDL
2023-10-10 14:00:00,38.77,OK,0.4,BDL,null,OS,null,OS,0.22,OK,9.34,OK,14.18,OK
2023-10-10 15:00:00,35.4,OK,0.36,BDL,null,OS,null,OS,0.26,OK,14.41,OK,12.42,OK
2023-10-10 16:00:00,29.07,OK,0.29,BDL,null,OS,null,OS,0.22,OK,26.22,OK,11.59,OK
2023-10-10 17:00:00,22.8,OK,0.21,BDL,null,OS,null,OS,0.22,OK,41.04,OK,17.49,OK
2023-10-10 18:00:00,19.01,OK,0.31,BDL,null,OS,null,OS,0.27,OK,27.88,OK,11.07,OK
2023-10-10 19:00:00,18.41,OK,0.25,BDL,null,OS,null,OS,0.22,OK,26.63,OK,3.88,BDL
2023-10-10 20:00:00,19.8,OK,0.22,BDL,null,OS,null,OS,0.12,OK,18.53,OK,9.28,OK
2023-10-10 21:00:00,17.29,OK,0.28,BDL,null,OS,null,OS,0.11,OK,15.32,OK,13.66,OK
2023-10-10 22:00:00,15.65,OK,0.29,BDL,null,OS,null,OS,0.13,OK,8.38,OK,30.81,OK
2023-10-10 23:00:00,17.84,OK,0.22,BDL,null,OS,null,OS,0.1,OK,12.77,OK,12.95,OK
2023-10-11 00:00:00,20.67,OK,0.18,BDL,null,OS,null,OS,0.07,OK,1.28,BDL,-6.4,OR
2023-10-11 01:00:00,19.66,OK,0.15,BDL,null,OS,null,OS,0.07,OK,4.81,OK,-3.98,BDL
2023-10-11 02:00:00,16.36,OK,0.2,BDL,null,OS,null,OS,0.07,OK,8.5,OK,4.43,OK
2023-10-11 03:00:00,17.77,OK,0.22,BDL,null,OS,null,OS,0.06,OK,5.68,OK,5.39,OK
2023-10-11 04:00:00,9.72,OK,0.25,BDL,null,OS,null,OS,0.1,OK,8.29,OK,9.51,OK
2023-10-11 05:00:00,4.11,OK,0.27,BDL,null,OS,null,OS,0.19,OK,22.82,OK,4.22,OK
2023-10-11 06:00:00,8.22,OK,0.33,BDL,null,OS,null,OS,0.25,OK,19.75,OK,-6.83,OR
2023-10-11 07:00:00,16.74,OK,0.27,BDL,null,OS,null,OS,0.17,OK,19.54,OK,-11.67,OR
2023-10-11 08:00:00,20.25,OK,0.27,BDL,null,OS,null,OS,0.2,OK,13.55,OK,-10.78,OR
2023-10-11 09:00:00,25.14,OK,0.29,BDL,null,OS,null,OS,0.21,OK,17.78,OK,-6.75,OR
2023-10-11 10:00:00,35.85,OK,0.34,BDL,null,OS,null,OS,0.11,OK,20.02,OK,5.8,OK
2023-10-11 11:00:00,34.56,OK,0.33,BDL,null,OS,null,OS,0.12,OK,11.35,OK,15.49,OK
2023-10-11 12:00:00,34.16,OK,0.31,BDL,null,OS,null,OS,0.11,OK,18.41,OK,9.05,OK
2023-10-11 13:00:00,34.67,OK,0.39,BDL,null,OS,null,OS,0.1,OK,24.09,OK,11.37,OK
2023-10-11 14:00:00,32.67,OK,0.33,BDL,null,OS,null,OS,0.09,OK,42.55,OK,15.13,OK
2023-10-11 15:00:00,29.72,OK,0.35,BDL,null,OS,null,OS,0.1,OK,39.69,OK,8.23,OK
2023-10-11 16:00:00,26.52,OK,0.34,BDL,null,OS,null,OS,0.12,OK,27.61,OK,8.6,OK
2023-10-11 17:00:00,17.3,OK,0.38,BDL,null,OS,null,OS,0.19,OK,29.37,OK,12.37,OK
2023-10-11 18:00:00,11.79,OK,0.45,BDL,null,OS,null,OS,0.28,OK,36.83,OK,3.3,BDL
2023-10-11 19:00:00,16.64,OK,0.37,BDL,null,OS,null,OS,0.15,OK,29.96,OK,1.94,BDL
2023-10-11 20:00:00,20.15,OK,0.24,BDL,null,OS,null,OS,0.18,OK,26.08,OK,9.98,OK
2023-10-11 21:00:00,20.03,OK,0.23,BDL,null,OS,null,OS,0.13,OK,25.84,OK,31.85,OK
2023-10-11 22:00:00,17.37,OK,0.22,BDL,null,OS,null,OS,0.16,OK,26.22,OK,7.25,OK
2023-10-11 23:00:00,17.54,OK,0.27,BDL,null,OS,null,OS,0.15,OK,23.63,OK,35.06,OK
2023-10-12 00:00:00,13.64,OK,0.29,BDL,null,OS,null,OS,0.06,OK,30.94,OK,2.37,BDL
2023-10-12 01:00:00,11.37,OK,0.27,BDL,null,OS,null,OS,0.08,OK,22.1,OK,0.13,BDL
2023-10-12 02:00:00,12.93,OK,0.26,BDL,null,OS,null,OS,0.09,OK,18.59,OK,16.85,OK
2023-10-12 03:00:00,14.5,OK,0.21,BDL,null,OS,null,OS,0.08,OK,15.86,OK,24.53,OK
2023-10-12 04:00:00,15.61,OK,0.18,BDL,null,OS,null,OS,0.09,OK,12.01,OK,9.14,OK
2023-10-12 05:00:00,12.53,OK,0.27,BDL,null,OS,null,OS,0.17,OK,17.37,OK,9.19,OK
2023-10-12 06:00:00,20.65,OK,0.29,BDL,null,OS,null,OS,0.27,OK,27.63,OK,-5.78,OR
2023-10-12 07:00:00,29.2,OK,0.31,BDL,null,OS,null,OS,0.28,OK,24.16,OK,-9.72,OR
2023-10-12 08:00:00,32.07,OK,0.24,BDL,null,OS,null,OS,0.2,OK,19.11,OK,-4.48,OR
2023-10-12 09:00:00,33.1,OK,0.26,BDL,null,OS,null,OS,0.17,OK,24.03,OK,2.46,BDL
2023-10-12 10:00:00,32.33,OK,0.28,BDL,null,OS,null,OS,0.16,OK,21.75,OK,11.16,OK
2023-10-12 11:00:00,32.78,OK,0.33,BDL,null,OS,null,OS,0.17,OK,21.6,OK,16.56,OK
2023-10-12 12:00:00,32.79,OK,0.3,BDL,null,OS,null,OS,0.19,OK,23.26,OK,17.83,OK
2023-10-12 13:00:00,33.35,OK,0.36,BDL,null,OS,null,OS,0.19,OK,18.76,OK,10.22,OK
2023-10-12 14:00:00,34.43,OK,0.38,BDL,null,OS,null,OS,0.16,OK,22.82,OK,16.31,OK
2023-10-12 15:00:00,31.26,OK,0.33,BDL,null,OS,null,OS,0.2,OK,30.4,OK,15.86,OK
2023-10-12 16:00:00,27.84,OK,0.34,BDL,null,OS,null,OS,0.19,OK,35.78,OK,17.93,OK
2023-10-12 17:00:00,27.91,OK,0.32,BDL,null,OS,null,OS,0.19,OK,29.14,OK,10.67,OK
2023-10-12 18:00:00,24.53,OK,0.33,BDL,null,OS,null,OS,0.21,OK,26.11,OK,6.41,OK
2023-10-12 19:00:00,25.67,OK,0.32,BDL,null,OS,null,OS,0.2,OK,25.64,OK,1.64,BDL
2023-10-12 20:00:00,22.83,OK,0.32,BDL,null,OS,null,OS,0.26,OK,27.3,OK,5.04,OK
2023-10-12 21:00:00,25.06,OK,0.3,BDL,null,OS,null,OS,0.14,OK,22.43,OK,12.24,OK
2023-10-12 22:00:00,14.23,OK,0.31,BDL,null,OS,null,OS,0.26,OK,33.25,OK,10.95,OK
2023-10-12 23:00:00,11.35,OK,0.3,BDL,null,OS,null,OS,0.16,OK,37.46,OK,16.61,OK
2023-10-13 00:00:00,15.74,OK,0.3,BDL,null,OS,null,OS,0.09,OK,29.48,OK,10.65,OK
2023-10-13 01:00:00,6.44,OK,0.33,BDL,null,OS,null,OS,0.12,OK,27.29,OK,10.85,OK
2023-10-13 02:00:00,7.81,OK,0.3,BDL,null,OS,null,OS,0.1,OK,28.84,OK,13.72,OK
2023-10-13 03:00:00,8.16,OK,0.21,BDL,null,OS,null,OS,0.08,OK,21.17,OK,8.52,OK
2023-10-13 04:00:00,8.38,OK,0.27,BDL,null,OS,null,OS,0.08,OK,24.81,OK,11.36,OK
2023-10-13 05:00:00,2.38,OK,0.38,BDL,null,OS,null,OS,0.25,OK,26.39,OK,11.85,OK
2023-10-13 06:00:00,3.56,OK,0.45,BDL,null,OS,null,OS,0.52,OK,45.68,OK,4.57,OK
2023-10-13 07:00:00,14.06,OK,0.35,BDL,null,OS,null,OS,0.32,OK,35.17,OK,1.9,BDL
2023-10-13 08:00:00,23.08,OK,0.31,BDL,null,OS,null,OS,0.21,OK,22.79,OK,6.32,OK
2023-10-13 09:00:00,28.54,OK,0.3,BDL,null,OS,null,OS,0.19,OK,15.99,OK,10.89,OK
2023-10-13 10:00:00,29.99,OK,0.28,BDL,null,OS,null,OS,0.18,OK,17.22,OK,10.31,OK
2023-10-13 11:00:00,32.28,OK,0.35,BDL,null,OS,null,OS,0.17,OK,10.72,OK,15.87,OK
2023-10-13 12:00:00,34.34,OK,0.31,BDL,null,OS,null,OS,0.16,OK,16.73,OK,12.53,OK
2023-10-13 13:00:00,33.2,OK,0.34,BDL,null,OS,null,OS,0.17,OK,11.75,OK,16.73,OK
2023-10-13 14:00:00,32.0,OK,0.38,BDL,null,OS,null,OS,0.23,OK,18.98,OK,14.67,OK
2023-10-13 15:00:00,28.03,OK,0.39,BDL,null,OS,null,OS,0.27,OK,21.3,OK,16.66,OK
2023-10-13 16:00:00,26.4,OK,0.38,BDL,null,OS,null,OS,0.31,OK,27.86,OK,18.16,OK
2023-10-13 17:00:00,24.23,OK,0.37,BDL,null,OS,null,OS,0.26,OK,29.74,OK,11.1,OK
2023-10-13 18:00:00,23.57,OK,0.34,BDL,null,OS,null,OS,0.24,OK,33.09,OK,9.37,OK
2023-10-13 19:00:00,19.7,OK,0.35,BDL,null,OS,null,OS,0.33,OK,18.41,OK,5.55,OK
2023-10-13 20:00:00,18.02,OK,0.32,BDL,null,OS,null,OS,0.32,OK,19.11,OK,7.7,OK
2023-10-13 21:00:00,18.6,OK,0.33,BDL,null,OS,null,OS,0.18,OK,23.15,OK,5.9,OK
2023-10-13 22:00:00,15.02,OK,0.3,BDL,null,OS,null,OS,0.21,OK,24.09,OK,6.26,OK
2023-10-13 23:00:00,13.6,OK,0.29,BDL,null,OS,null,OS,0.24,OK,32.72,OK,11.06,OK
2023-10-14 00:00:00,10.43,OK,0.26,BDL,null,OS,null,OS,0.23,OK,32.58,OK,9.17,OK
2023-10-14 01:00:00,9.42,OK,0.3,BDL,null,OS,null,OS,0.13,OK,28.1,OK,15.92,OK
2023-10-14 02:00:00,13.75,OK,0.26,BDL,null,OS,null,OS,0.07,OK,16.74,OK,10.24,OK
2023-10-14 03:00:00,7.87,OK,0.31,BDL,null,OS,null,OS,0.08,OK,23.31,OK,7.11,OK
2023-10-14 04:00:00,5.94,OK,0.28,BDL,null,OS,null,OS,0.07,OK,22.52,OK,9.51,OK
2023-10-14 05:00:00,2.92,OK,0.32,BDL,null,OS,null,OS,0.19,OK,20.87,OK,10.1,OK
2023-10-14 06:00:00,11.36,OK,0.39,BDL,null,OS,null,OS,0.23,OK,25.94,OK,1.24,BDL
2023-10-14 07:00:00,19.45,OK,0.36,BDL,null,OS,null,OS,0.19,OK,21.8,OK,-2.32,BDL
2023-10-14 08:00:00,24.33,OK,0.34,BDL,null,OS,null,OS,0.17,OK,38.38,OK,7.24,OK
2023-10-14 09:00:00,27.19,OK,0.34,BDL,null,OS,null,OS,0.29,OK,31.5,OK,12.51,OK
2023-10-14 10:00:00,42.58,OK,0.4,BDL,null,OS,null,OS,0.44,OK,38.52,OK,8.29,OK
2023-10-14 11:00:00,58.25,OK,0.41,BDL,null,OS,null,OS,0.37,OK,58.54,OK,34.39,OK
2023-10-14 12:00:00,48.95,OK,0.36,BDL,null,OS,null,OS,0.23,OK,34.38,OK,28.17,OK
2023-10-14 13:00:00,45.91,OK,0.34,BDL,null,OS,null,OS,0.19,OK,20.45,OK,22.06,OK
2023-10-14 14:00:00,33.38,OK,0.38,BDL,null,OS,null,OS,0.19,OK,17.38,OK,14.27,OK
2023-10-14 15:00:00,32.5,OK,0.29,BDL,null,OS,null,OS,0.17,OK,2.54,BDL,16.87,OK
2023-10-14 16:00:00,27.5,OK,0.33,BDL,null,OS,null,OS,0.22,OK,16.84,OK,11.61,OK
2023-10-14 17:00:00,24.95,OK,0.35,BDL,null,OS,null,OS,0.23,OK,19.99,OK,11.81,OK
2023-10-14 18:00:00,23.44,OK,0.33,BDL,null,OS,null,OS,0.28,OK,25.83,OK,3.19,BDL
2023-10-14 19:00:00,20.89,OK,0.29,BDL,null,OS,null,OS,0.36,OK,24.36,OK,8.22,OK
2023-10-14 20:00:00,21.7,OK,0.37,BDL,null,OS,null,OS,0.26,OK,25.87,OK,10.84,OK
2023-10-14 21:00:00,19.85,OK,0.33,BDL,null,OS,null,OS,0.22,OK,23.14,OK,6.99,OK
2023-10-14 22:00:00,19.9,OK,0.32,BDL,null,OS,null,OS,0.21,OK,25.94,OK,5.31,OK
2023-10-14 23:00:00,19.86,OK,0.27,BDL,null,OS,null,OS,0.18,OK,31.43,OK,4.6,OK
2023-10-15 00:00:00,22.57,OK,0.31,BDL,null,OS,null,OS,0.15,OK,24.29,OK,3.83,BDL
2023-10-15 01:00:00,20.37,OK,0.3,BDL,null,OS,null,OS,0.2,OK,28.93,OK,8.57,OK
2023-10-15 02:00:00,21.13,OK,0.35,BDL,null,OS,null,OS,0.18,OK,33.21,OK,19.64,OK
2023-10-15 03:00:00,19.5,OK,0.39,BDL,null,OS,null,OS,0.16,OK,29.97,OK,14.38,OK
2023-10-15 04:00:00,12.98,OK,0.38,BDL,null,OS,null,OS,0.18,OK,28.02,OK,11.44,OK
2023-10-15 05:00:00,9.23,OK,0.35,BDL,null,OS,null,OS,0.14,OK,28.78,OK,8.86,OK
2023-10-15 06:00:00,9.26,OK,0.38,BDL,null,OS,null,OS,0.21,OK,18.34,OK,-0.94,BDL
2023-10-15 07:00:00,18.09,OK,0.43,BDL,null,OS,null,OS,0.27,OK,19.31,OK,-4.73,OR
2023-10-15 08:00:00,30.58,OK,0.46,BDL,null,OS,null,OS,0.25,OK,24.06,OK,6.65,OK
2023-10-15 09:00:00,44.82,OK,0.45,BDL,null,OS,null,OS,0.19,OK,21.68,OK,19.88,OK
2023-10-15 10:00:00,48.19,OK,0.54,BDL,null,OS,null,OS,0.13,OK,27.13,OK,25.39,OK
2023-10-15 11:00:00,43.0,OK,0.67,BDL,null,OS,null,OS,0.1,OK,17.16,OK,15.85,OK
2023-10-15 12:00:00,38.77,OK,0.41,BDL,null,OS,null,OS,0.1,OK,10.15,OK,18.92,OK
2023-10-15 13:00:00,34.86,OK,0.35,BDL,null,OS,null,OS,0.13,OK,10.42,OK,6.07,OK
2023-10-15 14:00:00,38.01,OK,0.38,BDL,null,OS,null,OS,0.11,OK,8.53,OK,18.71,OK
2023-10-15 15:00:00,35.83,OK,0.32,BDL,null,OS,null,OS,0.12,OK,19.83,OK,9.09,OK
2023-10-15 16:00:00,32.03,OK,0.36,BDL,null,OS,null,OS,0.17,OK,12.85,OK,11.2,OK
2023-10-15 17:00:00,29.12,OK,0.33,BDL,null,OS,null,OS,0.24,OK,24.2,OK,10.84,OK
2023-10-15 18:00:00,28.3,OK,0.33,BDL,null,OS,null,OS,0.21,OK,25.31,OK,5.95,OK
2023-10-15 19:00:00,30.59,OK,0.3,BDL,null,OS,null,OS,0.18,OK,25.93,OK,3.68,BDL
2023-10-15 20:00:00,28.71,OK,0.38,BDL,null,OS,null,OS,0.21,OK,24.26,OK,4.16,OK
2023-10-15 21:00:00,23.58,OK,0.34,BDL,null,OS,null,OS,0.23,OK,33.13,OK,14.05,OK
2023-10-15 22:00:00,25.67,OK,0.4,BDL,null,OS,null,OS,0.21,OK,42.43,OK,14.4,OK
2023-10-15 23:00:00,23.47,OK,0.3,BDL,null,OS,null,OS,0.22,OK,31.71,OK,12.26,OK
2023-10-16 00:00:00,20.49,OK,0.35,BDL,null,OS,null,OS,0.27,OK,37.11,OK,15.25,OK
2023-10-16 01:00:00,15.8,OK,0.33,BDL,null,OS,null,OS,0.34,OK,35.22,OK,26.04,OK
2023-10-16 02:00:00,7.43,OK,0.31,BDL,null,OS,null,OS,0.23,OK,35.61,OK,10.84,OK
2023-10-16 03:00:00,11.85,OK,0.37,BDL,null,OS,null,OS,0.09,OK,33.99,OK,12.89,OK
2023-10-16 04:00:00,13.25,OK,0.38,BDL,null,OS,null,OS,0.07,OK,27.3,OK,7.91,OK
2023-10-16 05:00:00,8.4,OK,0.5,BDL,null,OS,null,OS,0.17,OK,42.38,OK,7.77,OK
2023-10-16 06:00:00,5.01,OK,0.68,BDL,null,OS,null,OS,0.47,OK,52.78,OK,8.61,OK
2023-10-16 07:00:00,10.15,OK,0.8,BDL,null,OS,null,OS,0.53,OK,54.95,OK,5.56,OK
2023-10-16 08:00:00,23.55,OK,0.66,BDL,null,OS,null,OS,0.37,OK,62.44,OK,17.97,OK
2023-10-16 09:00:00,37.91,OK,0.57,BDL,null,OS,null,OS,0.39,OK,47.48,OK,29.47,OK
2023-10-16 10:00:00,57.1,OK,0.55,BDL,null,OS,null,OS,0.44,OK,47.88,OK,27.82,OK
2023-10-16 11:00:00,69.64,OK,0.59,BDL,null,OS,null,OS,0.41,OK,56.49,OK,39.13,OK
2023-10-16 12:00:00,48.08,OK,0.6,BDL,null,OS,null,OS,0.27,OK,35.94,OK,20.06,OK
2023-10-16 13:00:00,41.32,OK,0.63,BDL,null,OS,null,OS,0.22,OK,19.31,OK,12.59,OK
2023-10-16 14:00:00,34.5,OK,0.56,BDL,null,OS,null,OS,0.28,OK,14.21,OK,14.97,OK
2023-10-16 15:00:00,31.02,OK,0.56,BDL,null,OS,null,OS,0.32,OK,11.98,OK,20.25,OK
2023-10-16 16:00:00,21.81,OK,0.59,BDL,null,OS,null,OS,0.48,OK,18.89,OK,10.61,OK
2023-10-16 17:00:00,19.28,OK,0.47,BDL,null,OS,null,OS,0.5,OK,28.5,OK,5.34,OK
2023-10-16 18:00:00,18.15,OK,0.5,BDL,null,OS,null,OS,0.44,OK,26.67,OK,5.4,OK
2023-10-16 19:00:00,18.64,OK,0.48,BDL,null,OS,null,OS,0.39,OK,31.77,OK,4.26,OK
2023-10-16 20:00:00,22.45,OK,0.44,BDL,null,OS,null,OS,0.25,OK,25.74,OK,3.6,BDL
2023-10-16 21:00:00,22.81,OK,0.46,BDL,null,OS,null,OS,0.19,OK,20.22,OK,9.08,OK
2023-10-16 22:00:00,18.38,OK,0.45,BDL,null,OS,null,OS,0.16,OK,30.37,OK,10.57,OK
2023-10-16 23:00:00,17.94,OK,0.4,BDL,null,OS,null,OS,0.16,OK,20.3,OK,6.4,OK
2023-10-17 00:00:00,15.68,OK,0.46,BDL,null,OS,null,OS,0.13,OK,26.05,OK,6.94,OK
2023-10-17 01:00:00,15.3,OK,0.57,BDL,null,OS,null,OS,0.08,OK,28.01,OK,15.21,OK
2023-10-17 02:00:00,12.08,OK,0.52,BDL,null,OS,null,OS,0.1,OK,19.51,OK,6.65,OK
2023-10-17 03:00:00,6.47,OK,0.61,BDL,null,OS,null,OS,0.11,OK,27.69,OK,8.22,OK
2023-10-17 04:00:00,6.89,OK,0.53,BDL,null,OS,null,OS,0.13,OK,36.71,OK,17.05,OK
2023-10-17 05:00:00,7.98,OK,0.51,BDL,null,OS,null,OS,0.27,OK,44.34,OK,9.96,OK
2023-10-17 06:00:00,6.12,OK,0.62,BDL,null,OS,null,OS,0.56,OK,58.0,OK,7.83,OK
2023-10-17 07:00:00,19.99,OK,0.43,BDL,null,OS,null,OS,0.32,OK,38.52,OK,5.19,OK
2023-10-17 08:00:00,34.45,OK,0.36,BDL,null,OS,null,OS,0.17,OK,34.89,OK,11.64,OK
2023-10-17 09:00:00,45.09,OK,0.42,BDL,null,OS,null,OS,0.12,OK,22.48,OK,11.29,OK
2023-10-17 10:00:00,46.11,OK,0.39,BDL,null,OS,null,OS,0.12,OK,21.94,OK,16.31,OK
2023-10-17 11:00:00,44.62,OK,0.38,BDL,null,OS,null,OS,0.19,OK,18.72,OK,21.87,OK
2023-10-17 12:00:00,52.55,OK,0.36,BDL,null,OS,null,OS,0.13,OK,23.89,OK,23.84,OK
2023-10-17 13:00:00,56.57,OK,0.34,BDL,null,OS,null,OS,0.28,OK,15.25,OK,14.14,OK
2023-10-17 14:00:00,57.96,OK,0.39,BDL,null,OS,null,OS,0.28,OK,18.08,OK,15.14,OK
2023-10-17 15:00:00,52.83,OK,0.39,BDL,null,OS,null,OS,0.26,OK,37.41,OK,20.48,OK
2023-10-17 16:00:00,43.22,OK,0.45,BDL,null,OS,null,OS,0.38,OK,28.44,OK,37.97,OK
2023-10-17 17:00:00,30.86,OK,0.42,BDL,null,OS,null,OS,0.29,OK,61.96,OK,15.05,OK
2023-10-17 18:00:00,23.54,OK,0.4,BDL,null,OS,null,OS,0.25,OK,73.77,OK,5.75,OK
2023-10-17 19:00:00,20.52,OK,0.44,BDL,null,OS,null,OS,0.27,OK,46.03,OK,3.15,BDL
2023-10-17 20:00:00,22.1,OK,0.4,BDL,null,OS,null,OS,0.22,OK,43.03,OK,3.87,BDL
2023-10-17 21:00:00,23.94,OK,0.38,BDL,null,OS,null,OS,0.15,OK,30.69,OK,5.17,OK
2023-10-17 22:00:00,12.09,OK,0.45,BDL,null,OS,null,OS,0.33,OK,28.72,OK,2.91,BDL
2023-10-17 23:00:00,11.43,OK,0.38,BDL,null,OS,null,OS,0.24,OK,33.26,OK,1.82,BDL
2023-10-18 00:00:00,15.79,OK,0.41,BDL,null,OS,null,OS,0.1,OK,23.98,OK,4.67,OK
2023-10-18 01:00:00,17.61,OK,0.47,BDL,null,OS,null,OS,0.08,OK,24.46,OK,8.7,OK
2023-10-18 02:00:00,19.31,OK,0.44,BDL,null,OS,null,OS,0.04,OK,22.84,OK,7.73,OK
2023-10-18 03:00:00,20.54,OK,0.39,BDL,null,OS,null,OS,0.03,BDL,14.09,OK,7.06,OK
2023-10-18 04:00:00,15.3,OK,0.39,BDL,null,OS,null,OS,0.05,OK,17.96,OK,6.11,OK
2023-10-18 05:00:00,4.67,OK,0.48,BDL,null,OS,null,OS,0.29,OK,26.1,OK,6.25,OK
2023-10-18 06:00:00,4.71,OK,0.6,BDL,null,OS,null,OS,0.61,OK,50.3,OK,5.24,OK
2023-10-18 07:00:00,11.46,OK,0.67,BDL,null,OS,null,OS,0.6,OK,49.53,OK,4.46,OK
2023-10-18 08:00:00,32.16,OK,0.47,BDL,null,OS,null,OS,0.23,OK,41.35,OK,14.48,OK
2023-10-18 09:00:00,40.1,OK,0.42,BDL,null,OS,null,OS,0.18,OK,25.71,OK,19.9,OK
2023-10-18 10:00:00,41.97,OK,0.43,BDL,null,OS,null,OS,0.19,OK,22.3,OK,15.86,OK
2023-10-18 11:00:00,56.94,OK,0.44,BDL,null,OS,null,OS,0.14,OK,19.89,OK,26.38,OK
2023-10-18 12:00:00,56.03,OK,0.55,BDL,null,OS,null,OS,0.26,OK,18.96,OK,22.39,OK
2023-10-18 13:00:00,58.06,OK,0.48,BDL,null,OS,null,OS,0.22,OK,21.67,OK,21.9,OK
2023-10-18 14:00:00,52.01,OK,0.46,BDL,null,OS,null,OS,0.32,OK,19.04,OK,20.45,OK
2023-10-18 15:00:00,42.24,OK,0.43,BDL,null,OS,null,OS,0.33,OK,30.27,OK,16.98,OK
2023-10-18 16:00:00,37.64,OK,0.49,BDL,null,OS,null,OS,0.39,OK,31.59,OK,12.56,OK
2023-10-18 17:00:00,29.3,OK,0.47,BDL,null,OS,null,OS,0.37,OK,33.5,OK,7.79,OK
2023-10-18 18:00:00,24.68,OK,0.4,BDL,null,OS,null,OS,0.29,OK,50.7,OK,4.75,OK
2023-10-18 19:00:00,25.38,OK,0.34,BDL,null,OS,null,OS,0.3,OK,44.12,OK,7.57,OK
2023-10-18 20:00:00,24.51,OK,0.31,BDL,null,OS,null,OS,0.28,OK,41.03,OK,11.86,OK
2023-10-18 21:00:00,24.19,OK,0.25,BDL,null,OS,null,OS,0.2,OK,34.85,OK,12.97,OK
2023-10-18 22:00:00,25.59,OK,0.29,BDL,null,OS,null,OS,0.18,OK,26.59,OK,7.86,OK
2023-10-18 23:00:00,17.49,OK,0.31,BDL,null,OS,null,OS,0.23,OK,29.47,OK,7.46,OK
2023-10-19 00:00:00,6.04,OK,0.4,BDL,null,OS,null,OS,0.3,OK,29.22,OK,11.45,OK
2023-10-19 01:00:00,5.45,OK,0.38,BDL,null,OS,null,OS,0.18,OK,36.85,OK,15.72,OK
2023-10-19 02:00:00,15.4,OK,0.38,BDL,null,OS,null,OS,0.08,OK,30.52,OK,11.81,OK
2023-10-19 03:00:00,19.62,OK,0.39,BDL,null,OS,null,OS,0.04,OK,17.55,OK,4.17,OK
2023-10-19 04:00:00,18.09,OK,0.44,BDL,null,OS,null,OS,0.05,OK,20.66,OK,4.1,OK
2023-10-19 05:00:00,8.98,OK,0.47,BDL,null,OS,null,OS,0.25,OK,33.23,OK,8.4,OK
2023-10-19 06:00:00,8.21,OK,0.56,BDL,null,OS,null,OS,0.4,OK,40.17,OK,6.32,OK
2023-10-19 07:00:00,19.15,OK,0.57,BDL,null,OS,null,OS,0.27,OK,62.6,OK,2.68,BDL
2023-10-19 08:00:00,33.91,OK,0.55,BDL,null,OS,null,OS,0.16,OK,39.19,OK,18.04,OK
2023-10-19 09:00:00,40.88,OK,0.53,BDL,null,OS,null,OS,0.14,OK,34.85,OK,19.56,OK
2023-10-19 10:00:00,47.37,OK,0.56,BDL,null,OS,null,OS,0.16,OK,21.46,OK,11.3,OK
2023-10-19 11:00:00,58.44,OK,0.48,BDL,null,OS,null,OS,0.08,OK,21.12,OK,25.19,OK
2023-10-19 12:00:00,58.05,OK,0.48,BDL,null,OS,null,OS,0.23,OK,15.18,OK,25.27,OK
2023-10-19 13:00:00,56.77,OK,0.49,BDL,null,OS,null,OS,0.29,OK,21.72,OK,22.39,OK
2023-10-19 14:00:00,63.63,OK,0.44,BDL,null,OS,null,OS,0.2,OK,18.56,OK,16.69,OK
2023-10-19 15:00:00,56.08,OK,0.52,BDL,null,OS,null,OS,0.29,OK,21.95,OK,21.72,OK
2023-10-19 16:00:00,35.51,OK,0.57,BDL,null,OS,null,OS,0.5,OK,27.48,OK,12.66,OK
2023-10-19 17:00:00,22.95,OK,0.49,BDL,null,OS,null,OS,0.56,OK,38.28,OK,9.94,OK
2023-10-19 18:00:00,15.86,OK,0.56,BDL,null,OS,null,OS,0.55,OK,46.36,OK,6.88,OK
2023-10-19 19:00:00,13.26,OK,0.5,BDL,null,OS,null,OS,0.47,OK,55.35,OK,8.48,OK
2023-10-19 20:00:00,14.26,OK,0.62,BDL,null,OS,null,OS,0.38,OK,63.06,OK,22.14,OK
2023-10-19 21:00:00,9.93,OK,0.66,BDL,null,OS,null,OS,0.45,OK,49.25,OK,22.42,OK
2023-10-19 22:00:00,3.88,OK,0.67,BDL,null,OS,null,OS,0.55,OK,47.03,OK,20.18,OK
2023-10-19 23:00:00,5.83,OK,0.56,BDL,null,OS,null,OS,0.42,OK,60.34,OK,22.68,OK
2023-10-20 00:00:00,16.96,OK,0.54,BDL,null,OS,null,OS,0.19,OK,37.63,OK,19.21,OK
2023-10-20 01:00:00,24.9,OK,0.45,BDL,null,OS,null,OS,0.09,OK,23.78,OK,7.58,OK
2023-10-20 02:00:00,20.12,OK,0.51,BDL,null,OS,null,OS,0.11,OK,27.49,OK,15.65,OK
2023-10-20 03:00:00,21.83,OK,0.47,BDL,null,OS,null,OS,0.05,OK,21.91,OK,9.04,OK
2023-10-20 04:00:00,21.88,OK,0.56,BDL,null,OS,null,OS,0.06,OK,19.82,OK,8.28,OK
2023-10-20 05:00:00,13.25,OK,0.77,BDL,null,OS,null,OS,0.23,OK,23.47,OK,3.23,BDL
2023-10-20 06:00:00,4.08,OK,0.94,BDL,null,OS,null,OS,0.71,OK,49.39,OK,13.56,OK
2023-10-20 07:00:00,16.74,OK,0.69,BDL,null,OS,null,OS,0.42,OK,54.2,OK,5.91,OK
2023-10-20 08:00:00,32.98,OK,0.51,BDL,null,OS,null,OS,0.17,OK,31.51,OK,8.49,OK
2023-10-20 09:00:00,45.23,OK,0.53,BDL,null,OS,null,OS,0.13,OK,23.52,OK,15.58,OK
2023-10-20 10:00:00,46.45,OK,0.46,BDL,null,OS,null,OS,0.18,OK,25.39,OK,23.12,OK
2023-10-20 11:00:00,55.82,OK,0.45,BDL,null,OS,null,OS,0.13,OK,21.97,OK,22.2,OK
2023-10-20 12:00:00,55.88,OK,0.45,BDL,null,OS,null,OS,0.28,OK,16.62,OK,23.56,OK
2023-10-20 13:00:00,59.69,OK,0.47,BDL,null,OS,null,OS,0.32,OK,25.34,OK,24.65,OK
2023-10-20 14:00:00,59.51,OK,0.62,BDL,null,OS,null,OS,0.35,OK,19.58,OK,22.74,OK
2023-10-20 15:00:00,45.53,OK,0.54,BDL,null,OS,null,OS,0.5,OK,22.88,OK,11.57,OK
2023-10-20 16:00:00,37.52,OK,0.57,BDL,null,OS,null,OS,0.41,OK,50.57,OK,19.77,OK
2023-10-20 17:00:00,31.53,OK,0.41,BDL,null,OS,null,OS,0.32,OK,75.99,OK,19.4,OK
2023-10-20 18:00:00,35.61,OK,0.41,BDL,null,OS,null,OS,0.34,OK,61.04,OK,12.62,OK
2023-10-20 19:00:00,36.03,OK,0.48,BDL,null,OS,null,OS,0.29,OK,54.47,OK,8.33,OK
2023-10-20 20:00:00,21.48,OK,0.48,BDL,null,OS,null,OS,0.44,OK,34.23,OK,12.86,OK
2023-10-20 21:00:00,11.34,OK,0.51,BDL,null,OS,null,OS,0.54,OK,45.09,OK,14.46,OK
2023-10-20 22:00:00,2.89,OK,0.55,BDL,null,OS,null,OS,0.7,OK,40.99,OK,12.74,OK
2023-10-20 23:00:00,1.41,OK,0.53,BDL,null,OS,null,OS,0.37,OK,48.45,OK,16.76,OK
2023-10-21 00:00:00,11.9,OK,0.44,BDL,null,OS,null,OS,0.19,OK,22.86,OK,9.16,OK
2023-10-21 01:00:00,39.6,OK,0.37,BDL,null,OS,null,OS,0.09,OK,25.12,OK,9.15,OK
2023-10-21 02:00:00,26.13,OK,0.54,BDL,null,OS,null,OS,0.1,OK,19.18,OK,7.08,OK
2023-10-21 03:00:00,24.59,OK,1.02,OK,null,OS,null,OS,0.11,OK,19.59,OK,11.03,OK
2023-10-21 04:00:00,29.87,OK,0.83,BDL,null,OS,null,OS,0.1,OK,27.07,OK,13.08,OK
2023-10-21 05:00:00,26.27,OK,0.4,BDL,null,OS,null,OS,0.15,OK,29.97,OK,12.5,OK
2023-10-21 06:00:00,24.84,OK,0.3,BDL,null,OS,null,OS,0.22,OK,21.98,OK,31.82,OK
2023-10-21 07:00:00,20.05,OK,0.36,BDL,null,OS,null,OS,0.28,OK,29.64,OK,10.05,OK
2023-10-21 08:00:00,21.15,OK,0.34,BDL,null,OS,null,OS,0.44,OK,29.21,OK,6.09,OK
2023-10-21 09:00:00,34.36,OK,0.28,BDL,null,OS,null,OS,0.25,OK,46.39,OK,12.73,OK
2023-10-21 10:00:00,39.4,OK,0.32,BDL,null,OS,null,OS,0.24,OK,21.14,OK,17.33,OK
2023-10-21 11:00:00,42.65,OK,0.32,BDL,null,OS,null,OS,0.22,OK,11.28,OK,-0.41,BDL
2023-10-21 12:00:00,45.15,OK,0.45,BDL,null,OS,null,OS,0.21,OK,20.82,OK,19.2,OK
2023-10-21 13:00:00,46.84,OK,0.47,BDL,null,OS,null,OS,0.2,OK,16.27,OK,20.18,OK
2023-10-21 14:00:00,44.51,OK,0.45,BDL,null,OS,null,OS,0.18,OK,15.7,OK,13.19,OK
2023-10-21 15:00:00,42.22,OK,0.46,BDL,null,OS,null,OS,0.15,OK,16.87,OK,16.81,OK
2023-10-21 16:00:00,38.04,OK,0.44,BDL,null,OS,null,OS,0.19,OK,17.52,OK,6.5,OK
2023-10-21 17:00:00,31.56,OK,0.41,BDL,null,OS,null,OS,0.22,OK,30.47,OK,7.79,OK
2023-10-21 18:00:00,34.85,OK,0.29,BDL,null,OS,null,OS,0.17,OK,56.47,OK,5.07,OK
2023-10-21 19:00:00,23.73,OK,0.41,BDL,null,OS,null,OS,0.31,OK,31.6,OK,8.78,OK
2023-10-21 20:00:00,25.54,OK,0.31,BDL,null,OS,null,OS,0.26,OK,29.46,OK,4.48,OK
2023-10-21 21:00:00,26.59,OK,0.22,BDL,null,OS,null,OS,0.21,OK,20.82,OK,15.07,OK
2023-10-21 22:00:00,24.86,OK,0.27,BDL,null,OS,null,OS,0.24,OK,26.75,OK,11.29,OK
2023-10-21 23:00:00,25.45,OK,0.28,BDL,null,OS,null,OS,0.21,OK,29.58,OK,21.92,OK
2023-10-22 00:00:00,18.93,OK,0.23,BDL,null,OS,null,OS,0.25,OK,25.85,OK,6.36,OK
2023-10-22 01:00:00,3.82,OK,0.38,BDL,null,OS,null,OS,0.36,OK,36.01,OK,-5.27,OR
2023-10-22 02:00:00,5.81,OK,0.32,BDL,null,OS,null,OS,0.32,OK,36.85,OK,1.48,BDL
2023-10-22 03:00:00,15.8,OK,0.33,BDL,null,OS,null,OS,0.13,OK,24.67,OK,7.88,OK
2023-10-22 04:00:00,21.38,OK,0.29,BDL,null,OS,null,OS,0.08,OK,19.91,OK,6.42,OK
2023-10-22 05:00:00,14.98,OK,0.37,BDL,null,OS,null,OS,0.14,OK,13.39,OK,3.35,BDL
2023-10-22 06:00:00,8.73,OK,0.41,BDL,null,OS,null,OS,0.26,OK,15.57,OK,1.83,BDL
2023-10-22 07:00:00,19.43,OK,0.41,BDL,null,OS,null,OS,0.24,OK,29.93,OK,0.66,BDL
2023-10-22 08:00:00,34.37,OK,0.41,BDL,null,OS,null,OS,0.16,OK,20.73,OK,7.94,OK
2023-10-22 09:00:00,46.72,OK,0.45,BDL,null,OS,null,OS,0.15,OK,14.46,OK,10.38,OK
2023-10-22 10:00:00,58.25,OK,0.42,BDL,null,OS,null,OS,0.16,OK,17.03,OK,18.46,OK
2023-10-22 11:00:00,63.72,OK,0.38,BDL,null,OS,null,OS,0.16,OK,18.03,OK,23.55,OK
2023-10-22 12:00:00,64.98,OK,0.37,BDL,null,OS,null,OS,0.14,OK,18.13,OK,19.23,OK
2023-10-22 13:00:00,62.23,OK,0.41,BDL,null,OS,null,OS,0.12,OK,14.94,OK,17.83,OK
2023-10-22 14:00:00,55.04,OK,0.39,BDL,null,OS,null,OS,0.14,OK,11.94,OK,11.65,OK
2023-10-22 15:00:00,44.01,OK,0.29,BDL,null,OS,null,OS,0.16,OK,28.23,OK,18.7,OK
2023-10-22 16:00:00,35.03,OK,0.29,BDL,null,OS,null,OS,0.18,OK,40.53,OK,12.86,OK
2023-10-22 17:00:00,30.16,OK,0.28,BDL,null,OS,null,OS,0.18,OK,45.63,OK,8.87,OK
2023-10-22 18:00:00,28.85,OK,0.23,BDL,null,OS,null,OS,0.21,OK,29.65,OK,-0.27,BDL
2023-10-22 19:00:00,24.2,OK,0.24,BDL,null,OS,null,OS,0.28,OK,25.59,OK,2.0,BDL
2023-10-22 20:00:00,22.79,OK,0.25,BDL,null,OS,null,OS,0.3,OK,12.78,OK,5.74,OK
2023-10-22 21:00:00,23.59,OK,0.21,BDL,null,OS,null,OS,0.24,OK,17.64,OK,7.73,OK
2023-10-22 22:00:00,26.38,OK,0.23,BDL,null,OS,null,OS,0.22,OK,18.77,OK,4.61,OK
2023-10-22 23:00:00,29.19,OK,0.21,BDL,null,OS,null,OS,0.16,OK,12.56,OK,3.98,BDL
2023-10-23 00:00:00,28.27,OK,0.17,BDL,null,OS,null,OS,0.15,OK,10.78,OK,7.68,OK
2023-10-23 01:00:00,13.39,OK,0.17,BDL,null,OS,null,OS,0.15,OK,13.91,OK,3.59,BDL
2023-10-23 02:00:00,21.06,OK,0.24,BDL,null,OS,null,OS,0.11,OK,18.18,OK,0.55,BDL
2023-10-23 03:00:00,21.28,OK,0.24,BDL,null,OS,null,OS,0.13,OK,13.15,OK,2.5,BDL
2023-10-23 04:00:00,16.63,OK,0.19,BDL,null,OS,null,OS,0.13,OK,14.77,OK,26.19,OK
2023-10-23 05:00:00,10.98,OK,0.29,BDL,null,OS,null,OS,0.23,OK,19.58,OK,13.85,OK
2023-10-23 06:00:00,8.81,OK,0.25,BDL,null,OS,null,OS,0.4,OK,18.55,OK,-0.1,BDL
2023-10-23 07:00:00,16.23,OK,0.25,BDL,null,OS,null,OS,0.33,OK,19.76,OK,-13.41,OR
2023-10-23 08:00:00,28.1,OK,0.21,BDL,null,OS,null,OS,0.21,OK,13.56,OK,-12.91,OR
2023-10-23 09:00:00,33.14,OK,0.27,BDL,null,OS,null,OS,0.24,OK,18.14,OK,-3.56,BDL
2023-10-23 10:00:00,35.83,OK,0.22,BDL,null,OS,null,OS,0.19,OK,14.89,OK,11.02,OK
2023-10-23 11:00:00,33.24,OK,0.18,BDL,null,OS,null,OS,0.23,OK,12.24,OK,19.34,OK
2023-10-23 12:00:00,32.52,OK,0.22,BDL,null,OS,null,OS,0.21,OK,19.39,OK,10.9,OK
2023-10-23 13:00:00,28.99,OK,0.23,BDL,null,OS,null,OS,0.21,OK,28.18,OK,9.24,OK
2023-10-23 14:00:00,27.73,OK,0.27,BDL,null,OS,null,OS,0.19,OK,47.04,OK,19.95,OK
2023-10-23 15:00:00,27.2,OK,0.29,BDL,null,OS,null,OS,0.14,OK,49.04,OK,15.33,OK
2023-10-23 16:00:00,26.78,OK,0.29,BDL,null,OS,null,OS,0.16,OK,39.48,OK,13.47,OK
2023-10-23 17:00:00,25.12,OK,0.23,BDL,null,OS,null,OS,0.2,OK,30.37,OK,6.47,OK
2023-10-23 18:00:00,23.29,OK,0.26,BDL,null,OS,null,OS,0.23,OK,22.57,OK,1.64,BDL
2023-10-23 19:00:00,25.39,OK,0.31,BDL,null,OS,null,OS,0.18,OK,30.17,OK,-0.5,BDL
2023-10-23 20:00:00,25.86,OK,0.25,BDL,null,OS,null,OS,0.15,OK,21.18,OK,0.18,BDL
2023-10-23 21:00:00,30.33,OK,0.29,BDL,null,OS,null,OS,0.1,OK,19.59,OK,6.06,OK
2023-10-23 22:00:00,31.57,OK,0.21,BDL,null,OS,null,OS,0.07,OK,12.32,OK,9.06,OK
2023-10-23 23:00:00,31.45,OK,0.24,BDL,null,OS,null,OS,0.07,OK,12.89,OK,7.4,OK
2023-10-24 00:00:00,32.54,OK,0.25,BDL,null,OS,null,OS,0.06,OK,13.88,OK,6.35,OK
2023-10-24 01:00:00,33.43,OK,0.27,BDL,null,OS,null,OS,0.05,OK,8.87,OK,4.65,OK
2023-10-24 02:00:00,33.42,OK,0.25,BDL,null,OS,null,OS,0.05,OK,11.16,OK,6.62,OK
2023-10-24 03:00:00,33.4,OK,0.23,BDL,null,OS,null,OS,0.05,OK,11.71,OK,4.04,OK
2023-10-24 04:00:00,30.3,OK,0.27,BDL,null,OS,null,OS,0.07,OK,17.02,OK,2.73,BDL
2023-10-24 05:00:00,24.39,OK,0.27,BDL,null,OS,null,OS,0.19,OK,18.8,OK,3.85,BDL
2023-10-24 06:00:00,21.33,OK,0.38,BDL,null,OS,null,OS,0.4,OK,24.08,OK,2.03,BDL
2023-10-24 07:00:00,28.93,OK,0.3,BDL,null,OS,null,OS,0.35,OK,25.12,OK,-0.92,BDL
2023-10-24 08:00:00,31.49,OK,0.34,BDL,null,OS,null,OS,0.27,OK,23.67,OK,1.16,BDL
2023-10-24 09:00:00,32.08,OK,0.31,BDL,null,OS,null,OS,0.25,OK,21.42,OK,6.53,OK
2023-10-24 10:00:00,36.57,OK,0.31,BDL,null,OS,null,OS,0.17,OK,16.03,OK,10.55,OK
2023-10-24 11:00:00,34.6,OK,0.28,BDL,null,OS,null,OS,0.16,OK,19.06,OK,9.84,OK
2023-10-24 12:00:00,33.55,OK,0.27,BDL,null,OS,null,OS,0.17,OK,19.5,OK,11.9,OK
2023-10-24 13:00:00,31.63,OK,0.27,BDL,null,OS,null,OS,0.23,OK,72.56,OK,12.31,OK
2023-10-24 14:00:00,32.68,OK,0.28,BDL,null,OS,null,OS,0.19,OK,23.72,OK,4.53,OK
2023-10-24 15:00:00,31.75,OK,0.27,BDL,null,OS,null,OS,0.18,OK,22.64,OK,5.77,OK
2023-10-24 16:00:00,31.34,OK,0.3,BDL,null,OS,null,OS,0.16,OK,28.85,OK,12.93,OK
2023-10-24 17:00:00,28.05,OK,0.25,BDL,null,OS,null,OS,0.19,OK,27.28,OK,9.24,OK
2023-10-24 18:00:00,27.54,OK,0.25,BDL,null,OS,null,OS,0.17,OK,19.01,OK,2.49,BDL
2023-10-24 19:00:00,26.62,OK,0.21,BDL,null,OS,null,OS,0.15,OK,17.62,OK,1.51,BDL
2023-10-24 20:00:00,23.1,OK,0.3,BDL,null,OS,null,OS,0.19,OK,17.3,OK,3.58,BDL
2023-10-24 21:00:00,17.2,OK,0.32,BDL,null,OS,null,OS,0.13,OK,14.06,OK,4.65,OK
2023-10-24 22:00:00,17.96,OK,0.28,BDL,null,OS,null,OS,0.11,OK,26.29,OK,4.25,OK
2023-10-24 23:00:00,18.93,OK,0.31,BDL,null,OS,null,OS,0.08,OK,11.9,OK,1.91,BDL
2023-10-25 00:00:00,21.16,OK,0.34,BDL,null,OS,null,OS,0.04,OK,19.07,OK,0.76,BDL
2023-10-25 01:00:00,22.58,OK,0.26,BDL,null,OS,null,OS,0.05,OK,16.69,OK,7.1,OK
2023-10-25 02:00:00,25.62,OK,0.3,BDL,null,OS,null,OS,0.03,BDL,-0.78,BDL,4.89,OK
2023-10-25 03:00:00,25.42,OK,0.33,BDL,null,OS,null,OS,0.02,BDL,8.6,OK,-4.6,OR
2023-10-25 04:00:00,24.6,OK,0.31,BDL,null,OS,null,OS,0.02,BDL,13.96,OK,0.56,BDL
2023-10-25 05:00:00,18.2,OK,0.29,BDL,null,OS,null,OS,0.09,OK,24.87,OK,8.48,OK
2023-10-25 06:00:00,18.85,OK,0.36,BDL,null,OS,null,OS,0.18,OK,16.88,OK,4.81,OK
2023-10-25 07:00:00,24.27,OK,0.35,BDL,null,OS,null,OS,0.16,OK,8.88,OK,1.81,BDL
2023-10-25 08:00:00,28.37,OK,0.44,BDL,null,OS,null,OS,0.13,OK,3.06,BDL,0.78,BDL
2023-10-25 09:00:00,33.7,OK,0.41,BDL,null,OS,null,OS,0.13,OK,13.36,OK,2.34,BDL
2023-10-25 10:00:00,39.63,OK,0.34,BDL,null,OS,null,OS,0.15,OK,4.96,OK,3.36,BDL
2023-10-25 11:00:00,45.36,OK,0.35,BDL,null,OS,null,OS,0.14,OK,14.38,OK,12.89,OK
2023-10-25 12:00:00,47.16,OK,0.34,BDL,null,OS,null,OS,0.17,OK,16.01,OK,16.07,OK
2023-10-25 13:00:00,49.45,OK,0.34,BDL,null,OS,null,OS,0.16,OK,21.2,OK,6.78,OK
2023-10-25 14:00:00,50.59,OK,0.32,BDL,null,OS,null,OS,0.15,OK,16.84,OK,18.01,OK
2023-10-25 15:00:00,42.65,OK,0.39,BDL,null,OS,null,OS,0.25,OK,19.12,OK,10.85,OK
2023-10-25 16:00:00,38.8,OK,0.43,BDL,null,OS,null,OS,0.27,OK,22.55,OK,17.9,OK
2023-10-25 17:00:00,20.45,OK,0.45,BDL,null,OS,null,OS,0.55,OK,27.77,OK,12.44,OK
2023-10-25 18:00:00,11.71,OK,0.57,BDL,null,OS,null,OS,0.76,OK,39.3,OK,2.54,BDL
2023-10-25 19:00:00,15.5,OK,0.42,BDL,null,OS,null,OS,0.41,OK,31.86,OK,9.41,OK
2023-10-25 20:00:00,10.96,OK,0.43,BDL,null,OS,null,OS,0.36,OK,29.67,OK,8.4,OK
2023-10-25 21:00:00,4.35,OK,0.48,BDL,null,OS,null,OS,0.42,OK,41.65,OK,12.3,OK
2023-10-25 22:00:00,4.44,OK,0.75,BDL,null,OS,null,OS,0.45,OK,46.9,OK,31.82,OK
2023-10-25 23:00:00,1.34,OK,0.59,BDL,null,OS,null,OS,0.57,OK,68.44,OK,25.68,OK
2023-10-26 00:00:00,13.73,OK,0.43,BDL,null,OS,null,OS,0.22,OK,38.41,OK,17.21,OK
2023-10-26 01:00:00,18.28,OK,0.41,BDL,null,OS,null,OS,0.11,OK,17.13,OK,8.37,OK
2023-10-26 02:00:00,11.49,OK,0.33,BDL,null,OS,null,OS,0.09,OK,19.06,OK,5.61,OK
2023-10-26 03:00:00,11.27,OK,0.36,BDL,null,OS,null,OS,0.03,BDL,23.72,OK,11.49,OK
2023-10-26 04:00:00,8.14,OK,0.33,BDL,null,OS,null,OS,0.04,OK,19.93,OK,9.84,OK
2023-10-26 05:00:00,6.49,OK,0.38,BDL,null,OS,null,OS,0.2,OK,26.18,OK,7.64,OK
2023-10-26 06:00:00,4.48,OK,0.55,BDL,null,OS,null,OS,0.42,OK,32.71,OK,3.25,BDL
2023-10-26 07:00:00,9.55,OK,0.57,BDL,null,OS,null,OS,0.46,OK,51.75,OK,-0.94,BDL
2023-10-26 08:00:00,25.26,OK,0.52,BDL,null,OS,null,OS,0.24,OK,23.67,OK,2.9,BDL
2023-10-26 09:00:00,38.88,OK,0.47,BDL,null,OS,null,OS,0.18,OK,16.9,OK,12.81,OK
2023-10-26 10:00:00,45.84,OK,0.36,BDL,null,OS,null,OS,0.19,OK,10.62,OK,14.56,OK
2023-10-26 11:00:00,48.54,OK,0.34,BDL,null,OS,null,OS,0.19,OK,11.28,OK,19.67,OK
2023-10-26 12:00:00,53.05,OK,0.32,BDL,null,OS,null,OS,0.17,OK,11.94,OK,16.0,OK
2023-10-26 13:00:00,49.07,OK,0.4,BDL,null,OS,null,OS,0.18,OK,14.36,OK,10.02,OK
2023-10-26 14:00:00,51.11,OK,0.33,BDL,null,OS,null,OS,0.19,OK,19.72,OK,12.73,OK
2023-10-26 15:00:00,48.71,OK,0.3,BDL,null,OS,null,OS,0.18,OK,19.87,OK,10.2,OK
2023-10-26 16:00:00,35.9,OK,0.42,BDL,null,OS,null,OS,0.4,OK,24.99,OK,9.11,OK
2023-10-26 17:00:00,26.13,OK,0.38,BDL,null,OS,null,OS,0.32,OK,32.91,OK,18.73,OK
2023-10-26 18:00:00,22.82,OK,0.31,BDL,null,OS,null,OS,0.34,OK,39.38,OK,6.39,OK
2023-10-26 19:00:00,17.24,OK,0.37,BDL,null,OS,null,OS,0.38,OK,26.55,OK,2.65,BDL
2023-10-26 20:00:00,16.25,OK,0.32,BDL,null,OS,null,OS,0.38,OK,27.71,OK,5.01,OK
2023-10-26 21:00:00,13.39,OK,0.48,BDL,null,OS,null,OS,0.38,OK,30.51,OK,6.16,OK
2023-10-26 22:00:00,1.94,OK,0.47,BDL,null,OS,null,OS,0.6,OK,31.85,OK,4.87,OK
2023-10-26 23:00:00,0.46,BDL,0.56,BDL,null,OS,null,OS,0.73,OK,59.39,OK,18.08,OK
2023-10-27 00:00:00,4.81,OK,0.41,BDL,null,OS,null,OS,0.23,OK,43.61,OK,15.49,OK
2023-10-27 01:00:00,10.75,OK,0.36,BDL,null,OS,null,OS,0.19,OK,26.58,OK,11.38,OK
2023-10-27 02:00:00,12.81,OK,0.34,BDL,null,OS,null,OS,0.1,OK,17.01,OK,4.19,OK
2023-10-27 03:00:00,8.43,OK,0.32,BDL,null,OS,null,OS,0.06,OK,29.21,OK,4.69,OK
2023-10-27 04:00:00,5.99,OK,0.3,BDL,null,OS,null,OS,0.07,OK,24.92,OK,11.62,OK
2023-10-27 05:00:00,3.9,OK,0.35,BDL,null,OS,null,OS,0.16,OK,31.84,OK,9.65,OK
2023-10-27 06:00:00,6.76,OK,0.44,BDL,null,OS,null,OS,0.35,OK,26.11,OK,2.73,BDL
2023-10-27 07:00:00,13.8,OK,0.48,BDL,null,OS,null,OS,0.39,OK,23.33,OK,-3.21,BDL
2023-10-27 08:00:00,23.16,OK,0.47,BDL,null,OS,null,OS,0.25,OK,21.47,OK,-2.59,BDL
2023-10-27 09:00:00,32.69,OK,0.38,BDL,null,OS,null,OS,0.28,OK,27.93,OK,6.6,OK
2023-10-27 10:00:00,41.12,OK,0.4,BDL,null,OS,null,OS,0.27,OK,14.86,OK,12.5,OK
2023-10-27 11:00:00,50.73,OK,0.39,BDL,null,OS,null,OS,0.22,OK,21.44,OK,14.56,OK
2023-10-27 12:00:00,51.6,OK,0.42,BDL,null,OS,null,OS,0.2,OK,20.69,OK,25.57,OK
2023-10-27 13:00:00,47.54,OK,0.47,BDL,null,OS,null,OS,0.22,OK,14.26,OK,10.13,OK
2023-10-27 14:00:00,46.68,OK,0.45,BDL,null,OS,null,OS,0.24,OK,20.0,OK,18.33,OK
2023-10-27 15:00:00,4631.69,OR,2.24,OK,null,OS,null,OS,0.62,OK,24.64,OK,10.15,OK
2023-10-27 16:00:00,27.6,OK,0.63,BDL,null,OS,null,OS,0.47,OK,20.43,OK,12.06,OK
2023-10-27 17:00:00,18.93,OK,0.45,BDL,null,OS,null,OS,0.6,OK,37.79,OK,13.74,OK
2023-10-27 18:00:00,18.54,OK,0.32,BDL,null,OS,null,OS,0.45,OK,30.52,OK,8.05,OK
2023-10-27 19:00:00,14.17,OK,0.36,BDL,null,OS,null,OS,0.39,OK,31.67,OK,4.66,OK
2023-10-27 20:00:00,12.61,OK,0.36,BDL,null,OS,null,OS,0.43,OK,41.56,OK,10.36,OK
2023-10-27 21:00:00,10.92,OK,0.3,BDL,null,OS,null,OS,0.4,OK,34.63,OK,6.69,OK
2023-10-27 22:00:00,6.61,OK,0.37,BDL,null,OS,null,OS,0.48,OK,30.01,OK,7.1,OK
2023-10-27 23:00:00,0.47,BDL,0.4,BDL,null,OS,null,OS,0.83,OK,54.15,OK,18.99,OK
2023-10-28 00:00:00,0.78,BDL,0.67,BDL,null,OS,null,OS,0.52,OK,59.0,OK,12.91,OK
2023-10-28 01:00:00,3.76,OK,0.35,BDL,null,OS,null,OS,0.23,OK,43.03,OK,22.08,OK
2023-10-28 02:00:00,9.44,OK,0.29,BDL,null,OS,null,OS,0.14,OK,31.47,OK,12.42,OK
2023-10-28 03:00:00,11.24,OK,0.28,BDL,null,OS,null,OS,0.08,OK,30.31,OK,6.62,OK
2023-10-28 04:00:00,9.58,OK,0.29,BDL,null,OS,null,OS,0.09,OK,25.56,OK,18.37,OK
2023-10-28 05:00:00,7.19,OK,0.29,BDL,null,OS,null,OS,0.09,OK,18.13,OK,8.24,OK
2023-10-28 06:00:00,13.21,OK,0.29,BDL,null,OS,null,OS,0.14,OK,29.0,OK,4.23,OK
2023-10-28 07:00:00,16.41,OK,0.35,BDL,null,OS,null,OS,0.24,OK,23.36,OK,0.65,BDL
2023-10-28 08:00:00,29.49,OK,0.29,BDL,null,OS,null,OS,0.17,OK,21.04,OK,0.54,BDL
2023-10-28 09:00:00,35.36,OK,0.29,BDL,null,OS,null,OS,0.17,OK,23.39,OK,10.61,OK
2023-10-28 10:00:00,41.03,OK,0.27,BDL,null,OS,null,OS,0.15,OK,9.67,OK,6.3,OK
2023-10-28 11:00:00,44.76,OK,0.33,BDL,null,OS,null,OS,0.2,OK,21.52,OK,26.25,OK
2023-10-28 12:00:00,49.34,OK,0.3,BDL,null,OS,null,OS,0.18,OK,24.08,OK,15.37,OK
2023-10-28 13:00:00,47.09,OK,0.24,BDL,null,OS,null,OS,0.2,OK,19.39,OK,15.58,OK
2023-10-28 14:00:00,42.07,OK,0.3,BDL,null,OS,null,OS,0.21,OK,13.02,OK,16.18,OK
2023-10-28 15:00:00,39.1,OK,0.25,BDL,null,OS,null,OS,0.25,OK,15.81,OK,15.47,OK
2023-10-28 16:00:00,36.16,OK,0.31,BDL,null,OS,null,OS,0.23,OK,24.52,OK,16.3,OK
2023-10-28 17:00:00,31.36,OK,0.32,BDL,null,OS,null,OS,0.2,OK,32.47,OK,14.47,OK
2023-10-28 18:00:00,28.2,OK,0.25,BDL,null,OS,null,OS,0.28,OK,27.84,OK,6.7,OK
2023-10-28 19:00:00,24.05,OK,0.25,BDL,null,OS,null,OS,0.26,OK,22.05,OK,4.8,OK
2023-10-28 20:00:00,16.76,OK,0.28,BDL,null,OS,null,OS,0.34,OK,33.84,OK,5.16,OK
2023-10-28 21:00:00,12.72,OK,0.3,BDL,null,OS,null,OS,0.48,OK,36.78,OK,17.53,OK
2023-10-28 22:00:00,15.51,OK,0.26,BDL,null,OS,null,OS,0.37,OK,32.22,OK,17.4,OK
2023-10-28 23:00:00,3.87,OK,0.38,BDL,null,OS,null,OS,0.46,OK,29.71,OK,17.07,OK
2023-10-29 00:00:00,5.87,OK,0.28,BDL,null,OS,null,OS,0.31,OK,30.82,OK,10.68,OK
2023-10-29 01:00:00,10.94,OK,0.31,BDL,null,OS,null,OS,0.25,OK,25.98,OK,22.22,OK
2023-10-29 02:00:00,9.31,OK,0.31,BDL,null,OS,null,OS,0.27,OK,26.38,OK,18.98,OK
2023-10-29 03:00:00,10.38,OK,0.22,BDL,null,OS,null,OS,0.19,OK,28.39,OK,15.17,OK
2023-10-29 04:00:00,7.88,OK,0.26,BDL,null,OS,null,OS,0.12,OK,23.02,OK,6.31,OK
2023-10-29 05:00:00,9.42,OK,0.29,BDL,null,OS,null,OS,0.12,OK,18.25,OK,6.29,OK
2023-10-29 06:00:00,13.74,OK,0.29,BDL,null,OS,null,OS,0.17,OK,18.17,OK,3.25,BDL
2023-10-29 07:00:00,24.94,OK,0.27,BDL,null,OS,null,OS,0.14,OK,16.11,OK,-2.14,BDL
2023-10-29 08:00:00,33.54,OK,0.21,BDL,null,OS,null,OS,0.13,OK,5.85,OK,0.78,BDL
2023-10-29 09:00:00,39.19,OK,0.24,BDL,null,OS,null,OS,0.12,OK,6.26,OK,2.75,BDL
2023-10-29 10:00:00,45.99,OK,0.24,BDL,null,OS,null,OS,0.14,OK,6.13,OK,7.0,OK
2023-10-29 11:00:00,51.25,OK,0.25,BDL,null,OS,null,OS,0.13,OK,14.71,OK,13.65,OK
2023-10-29 12:00:00,51.2,OK,0.24,BDL,null,OS,null,OS,0.12,OK,17.31,OK,20.31,OK
2023-10-29 13:00:00,46.28,OK,0.28,BDL,null,OS,null,OS,0.1,OK,10.76,OK,5.12,OK
2023-10-29 14:00:00,41.34,OK,0.23,BDL,null,OS,null,OS,0.12,OK,10.41,OK,17.12,OK
2023-10-29 15:00:00,38.79,OK,0.22,BDL,null,OS,null,OS,0.15,OK,23.12,OK,6.53,OK
2023-10-29 16:00:00,35.42,OK,0.23,BDL,null,OS,null,OS,0.18,OK,10.11,OK,16.03,OK
2023-10-29 17:00:00,23.83,OK,0.28,BDL,null,OS,null,OS,0.27,OK,18.99,OK,10.76,OK
2023-10-29 18:00:00,25.78,OK,0.24,BDL,null,OS,null,OS,0.26,OK,36.13,OK,3.1,BDL
2023-10-29 19:00:00,29.55,OK,0.22,BDL,null,OS,null,OS,0.23,OK,50.43,OK,5.97,OK
2023-10-29 20:00:00,35.65,OK,0.23,BDL,null,OS,null,OS,0.16,OK,61.09,OK,8.37,OK
2023-10-29 21:00:00,27.99,OK,0.34,BDL,null,OS,null,OS,0.21,OK,62.37,OK,8.8,OK
2023-10-29 22:00:00,24.71,OK,0.35,BDL,null,OS,null,OS,0.21,OK,60.15,OK,16.37,OK
2023-10-29 23:00:00,21.06,OK,0.33,BDL,null,OS,null,OS,0.2,OK,83.51,OK,20.34,OK
2023-10-30 00:00:00,21.55,OK,0.28,BDL,null,OS,null,OS,0.2,OK,74.13,OK,23.94,OK
2023-10-30 01:00:00,16.16,OK,0.29,BDL,null,OS,null,OS,0.22,OK,72.52,OK,16.57,OK
2023-10-30 02:00:00,2.8,OK,0.42,BDL,null,OS,null,OS,0.17,OK,71.82,OK,22.24,OK
2023-10-30 03:00:00,1.02,OK,0.31,BDL,null,OS,null,OS,0.13,OK,54.5,OK,18.69,OK
2023-10-30 04:00:00,1.55,OK,0.41,BDL,null,OS,null,OS,0.17,OK,47.0,OK,15.04,OK
2023-10-30 05:00:00,3.03,OK,0.39,BDL,null,OS,null,OS,0.26,OK,54.89,OK,12.22,OK
2023-10-30 06:00:00,3.08,OK,0.64,BDL,null,OS,null,OS,0.57,OK,59.17,OK,8.1,OK
2023-10-30 07:00:00,5.33,OK,0.76,BDL,null,OS,null,OS,0.78,OK,59.47,OK,4.23,OK
2023-10-30 08:00:00,10.36,OK,0.8,BDL,null,OS,null,OS,0.86,OK,68.53,OK,30.3,OK
2023-10-30 09:00:00,22.81,OK,0.59,BDL,null,OS,null,OS,0.59,OK,62.86,OK,33.49,OK
2023-10-30 10:00:00,32.76,OK,0.45,BDL,null,OS,null,OS,0.46,OK,56.31,OK,22.45,OK
2023-10-30 11:00:00,45.23,OK,0.44,BDL,null,OS,null,OS,0.33,OK,53.32,OK,29.0,OK
2023-10-30 12:00:00,47.12,OK,0.42,BDL,null,OS,null,OS,0.29,OK,45.29,OK,21.78,OK
2023-10-30 13:00:00,44.69,OK,0.43,BDL,null,OS,null,OS,0.25,OK,20.16,OK,21.85,OK
2023-10-30 14:00:00,42.59,OK,0.45,BDL,null,OS,null,OS,0.26,OK,17.48,OK,15.96,OK
2023-10-30 15:00:00,38.45,OK,0.46,BDL,null,OS,null,OS,0.25,OK,14.36,OK,15.59,OK
2023-10-30 16:00:00,32.07,OK,0.48,BDL,null,OS,null,OS,0.33,OK,24.8,OK,14.0,OK
2023-10-30 17:00:00,26.04,OK,0.91,BDL,null,OS,null,OS,0.39,OK,54.84,OK,13.36,OK
2023-10-30 18:00:00,22.44,OK,0.47,BDL,null,OS,null,OS,0.46,OK,45.94,OK,5.52,OK
2023-10-30 19:00:00,24.07,OK,0.4,BDL,null,OS,null,OS,0.32,OK,45.8,OK,9.61,OK
2023-10-30 20:00:00,24.88,OK,0.4,BDL,null,OS,null,OS,0.24,OK,61.12,OK,13.89,OK
2023-10-30 21:00:00,22.18,OK,0.45,BDL,null,OS,null,OS,0.22,OK,55.51,OK,14.33,OK
2023-10-30 22:00:00,17.78,OK,0.53,BDL,null,OS,null,OS,0.29,OK,58.86,OK,21.17,OK
2023-10-30 23:00:00,9.48,OK,0.48,BDL,null,OS,null,OS,0.23,OK,57.48,OK,19.28,OK
2023-10-31 00:00:00,14.62,OK,0.44,BDL,null,OS,null,OS,0.1,OK,45.97,OK,22.48,OK
2023-10-31 01:00:00,20.43,OK,0.31,BDL,null,OS,null,OS,0.07,OK,33.07,OK,8.56,OK
2023-10-31 02:00:00,29.0,OK,0.28,BDL,null,OS,null,OS,0.02,BDL,24.72,OK,8.32,OK
