Red Universitaria de Observatorios Atmosfericos (RUOA)
Atmospheric Observatory Hermosillo (erno), Sonora
Lat 29.0814 N, Lon 110.9706 W, Alt 154 masl
Time UTC-7h
Air Quality data
Flags: OK = Reliable data, BDL = Below Detection Limit, OR = Out of Range, OS = Out of Service 
 
Time,O3,O3_flag,SO2,SO2_flag,NO2,NO2_flag,NO,NO_flag,CO,CO_flag,PM10,PM10_flag,PM2.5,PM2.5_flag
yyyy-mm-dd HH:MM:SS,ppb,flag,ppb,flag,ppb,flag,ppb,flag,ppm,flag,ug/m^3,flag,ug/m^3,flag
2023-11-01 00:00:00,20.46,OK,0.52,BDL,null,OS,null,OS,0.1,OK,14.7,OK,0.5,BDL
2023-11-01 01:00:00,29.63,OK,0.53,BDL,null,OS,null,OS,0.06,OK,16.79,OK,3.94,BDL
2023-11-01 02:00:00,36.83,OK,0.53,BDL,null,OS,null,OS,0.04,OK,6.1,OK,4.14,OK
2023-11-01 03:00:00,36.36,OK,0.44,BDL,null,OS,null,OS,0.03,BDL,16.12,OK,3.97,BDL
2023-11-01 04:00:00,35.62,OK,0.36,BDL,null,OS,null,OS,0.04,OK,18.12,OK,6.24,OK
2023-11-01 05:00:00,31.74,OK,0.43,BDL,null,OS,null,OS,0.08,OK,34.51,OK,11.7,OK
2023-11-01 06:00:00,29.15,OK,0.37,BDL,null,OS,null,OS,0.12,OK,50.45,OK,9.56,OK
2023-11-01 07:00:00,29.63,OK,0.46,BDL,null,OS,null,OS,0.14,OK,48.6,OK,7.42,OK
2023-11-01 08:00:00,32.43,OK,0.47,BDL,null,OS,null,OS,0.15,OK,37.86,OK,8.15,OK
2023-11-01 09:00:00,36.7,OK,0.46,BDL,null,OS,null,OS,0.14,OK,20.42,OK,7.74,OK
2023-11-01 10:00:00,40.29,OK,0.41,BDL,null,OS,null,OS,0.15,OK,20.08,OK,12.4,OK
2023-11-01 11:00:00,44.83,OK,0.41,BDL,null,OS,null,OS,0.13,OK,18.05,OK,10.76,OK
2023-11-01 12:00:00,48.84,OK,0.4,BDL,null,OS,null,OS,0.19,OK,10.57,OK,7.2,OK
2023-11-01 13:00:00,45.74,OK,0.4,BDL,null,OS,null,OS,0.32,OK,14.37,OK,22.29,OK
2023-11-01 14:00:00,43.25,OK,0.45,BDL,null,OS,null,OS,0.27,OK,17.66,OK,22.23,OK
2023-11-01 15:00:00,35.4,OK,0.55,BDL,null,OS,null,OS,0.38,OK,21.68,OK,17.79,OK
2023-11-01 16:00:00,22.45,OK,0.68,BDL,null,OS,null,OS,0.5,OK,31.15,OK,11.65,OK
2023-11-01 17:00:00,11.9,OK,0.56,BDL,null,OS,null,OS,0.51,OK,29.28,OK,10.07,OK
2023-11-01 18:00:00,5.01,OK,0.76,BDL,null,OS,null,OS,0.89,OK,44.33,OK,8.55,OK
2023-11-01 19:00:00,29.57,OK,0.48,BDL,null,OS,null,OS,0.23,OK,71.11,OK,17.07,OK
2023-11-01 20:00:00,18.41,OK,0.45,BDL,null,OS,null,OS,0.38,OK,36.55,OK,6.7,OK
2023-11-01 21:00:00,10.24,OK,0.56,BDL,null,OS,null,OS,0.49,OK,53.15,OK,28.76,OK
2023-11-01 22:00:00,25.87,OK,0.32,BDL,null,OS,null,OS,0.16,OK,36.05,OK,11.94,OK
2023-11-01 23:00:00,27.49,OK,0.36,BDL,null,OS,null,OS,0.14,OK,24.11,OK,8.1,OK
2023-11-02 00:00:00,24.82,OK,0.36,BDL,null,OS,null,OS,0.11,OK,17.39,OK,8.65,OK
2023-11-02 01:00:00,23.65,OK,0.42,BDL,null,OS,null,OS,0.13,OK,23.55,OK,10.16,OK
2023-11-02 02:00:00,25.01,OK,0.38,BDL,null,OS,null,OS,0.1,OK,15.78,OK,6.16,OK
2023-11-02 03:00:00,24.91,OK,0.35,BDL,null,OS,null,OS,0.07,OK,21.78,OK,3.95,BDL
2023-11-02 04:00:00,20.89,OK,0.35,BDL,null,OS,null,OS,0.07,OK,11.0,OK,5.16,OK
2023-11-02 05:00:00,15.68,OK,0.34,BDL,null,OS,null,OS,0.1,OK,27.95,OK,5.02,OK
2023-11-02 06:00:00,14.89,OK,0.4,BDL,null,OS,null,OS,0.21,OK,26.81,OK,5.29,OK
2023-11-02 07:00:00,19.85,OK,0.45,BDL,null,OS,null,OS,0.35,OK,24.23,OK,2.29,BDL
2023-11-02 08:00:00,34.89,OK,0.49,BDL,null,OS,null,OS,0.17,OK,17.7,OK,0.6,BDL
2023-11-02 09:00:00,41.8,OK,0.5,BDL,null,OS,null,OS,0.15,OK,19.29,OK,14.14,OK
2023-11-02 10:00:00,46.92,OK,0.43,BDL,null,OS,null,OS,0.12,OK,24.58,OK,14.07,OK
2023-11-02 11:00:00,51.23,OK,0.43,BDL,null,OS,null,OS,0.1,OK,8.53,OK,10.68,OK
2023-11-02 12:00:00,52.89,OK,0.4,BDL,null,OS,null,OS,0.1,OK,6.06,OK,14.52,OK
2023-11-02 13:00:00,53.14,OK,0.45,BDL,null,OS,null,OS,0.11,OK,8.28,OK,17.45,OK
2023-11-02 14:00:00,54.78,OK,0.41,BDL,null,OS,null,OS,0.13,OK,8.43,OK,18.51,OK
2023-11-02 15:00:00,55.89,OK,0.41,BDL,null,OS,null,OS,0.11,OK,-2.16,BDL,15.43,OK
2023-11-02 16:00:00,24.37,OK,0.54,BDL,null,OS,null,OS,0.59,OK,19.89,OK,19.69,OK
2023-11-02 17:00:00,2.55,OK,0.97,BDL,null,OS,null,OS,1.32,OK,52.86,OK,23.62,OK
2023-11-02 18:00:00,20.66,OK,0.51,BDL,null,OS,null,OS,0.43,OK,62.22,OK,6.86,OK
2023-11-02 19:00:00,29.57,OK,0.38,BDL,null,OS,null,OS,0.31,OK,41.88,OK,9.09,OK
2023-11-02 20:00:00,19.61,OK,0.45,BDL,null,OS,null,OS,0.45,OK,29.79,OK,7.08,OK
2023-11-02 21:00:00,13.56,OK,0.42,BDL,null,OS,null,OS,0.34,OK,50.24,OK,6.23,OK
2023-11-02 22:00:00,18.31,OK,0.41,BDL,null,OS,null,OS,0.2,OK,39.42,OK,15.17,OK
2023-11-02 23:00:00,18.84,OK,0.37,BDL,null,OS,null,OS,0.15,OK,35.11,OK,8.1,OK
2023-11-03 00:00:00,25.84,OK,0.4,BDL,null,OS,null,OS,0.14,OK,25.64,OK,4.81,OK
2023-11-03 01:00:00,25.23,OK,0.41,BDL,null,OS,null,OS,0.13,OK,13.45,OK,3.54,BDL
2023-11-03 02:00:00,21.58,OK,0.41,BDL,null,OS,null,OS,0.13,OK,21.79,OK,4.42,OK
2023-11-03 03:00:00,28.03,OK,0.32,BDL,null,OS,null,OS,0.09,OK,29.72,OK,7.02,OK
2023-11-03 04:00:00,22.3,OK,0.37,BDL,null,OS,null,OS,0.13,OK,14.42,OK,9.08,OK
2023-11-03 05:00:00,3.11,OK,0.67,BDL,null,OS,null,OS,0.57,OK,42.44,OK,15.05,OK
2023-11-03 06:00:00,4.75,OK,0.71,BDL,null,OS,null,OS,0.56,OK,94.92,OK,13.37,OK
2023-11-03 07:00:00,8.84,OK,0.67,BDL,null,OS,null,OS,0.63,OK,51.09,OK,10.69,OK
2023-11-03 08:00:00,13.21,OK,0.81,BDL,null,OS,null,OS,0.81,OK,58.72,OK,2.4,BDL
2023-11-03 09:00:00,38.42,OK,0.73,BDL,null,OS,null,OS,0.38,OK,36.41,OK,30.98,OK
2023-11-03 10:00:00,47.71,OK,0.9,BDL,null,OS,null,OS,0.47,OK,25.15,OK,9.72,OK
2023-11-03 11:00:00,52.27,OK,0.99,BDL,null,OS,null,OS,0.39,OK,26.83,OK,24.02,OK
2023-11-03 12:00:00,57.35,OK,0.81,BDL,null,OS,null,OS,0.37,OK,25.84,OK,26.74,OK
2023-11-03 13:00:00,56.81,OK,0.59,BDL,null,OS,null,OS,0.28,OK,20.17,OK,34.2,OK
2023-11-03 14:00:00,49.51,OK,0.56,BDL,null,OS,null,OS,0.33,OK,8.51,OK,22.29,OK
2023-11-03 15:00:00,39.3,OK,0.67,BDL,null,OS,null,OS,0.54,OK,20.0,OK,28.75,OK
2023-11-03 16:00:00,19.29,OK,0.78,BDL,null,OS,null,OS,0.81,OK,31.64,OK,24.24,OK
2023-11-03 17:00:00,8.95,OK,1.01,OK,null,OS,null,OS,1.0,OK,61.05,OK,23.74,OK
2023-11-03 18:00:00,13.8,OK,0.54,BDL,null,OS,null,OS,0.57,OK,56.56,OK,21.44,OK
2023-11-03 19:00:00,16.27,OK,0.45,BDL,null,OS,null,OS,0.52,OK,55.4,OK,19.17,OK
2023-11-03 20:00:00,10.95,OK,0.55,BDL,null,OS,null,OS,0.65,OK,43.69,OK,17.8,OK
2023-11-03 21:00:00,1.85,OK,0.64,BDL,null,OS,null,OS,0.9,OK,70.35,OK,31.78,OK
2023-11-03 22:00:00,0.62,BDL,0.82,BDL,null,OS,null,OS,1.04,OK,75.51,OK,30.67,OK
2023-11-03 23:00:00,8.27,OK,0.61,BDL,null,OS,null,OS,0.44,OK,64.44,OK,23.64,OK
2023-11-04 00:00:00,11.88,OK,0.5,BDL,null,OS,null,OS,0.25,OK,32.13,OK,17.8,OK
2023-11-04 01:00:00,5.67,OK,0.63,BDL,null,OS,null,OS,0.39,OK,34.48,OK,16.03,OK
2023-11-04 02:00:00,15.36,OK,0.44,BDL,null,OS,null,OS,0.19,OK,34.15,OK,11.54,OK
2023-11-04 03:00:00,12.1,OK,0.37,BDL,null,OS,null,OS,0.24,OK,11.59,OK,12.07,OK
2023-11-04 04:00:00,17.39,OK,0.39,BDL,null,OS,null,OS,0.21,OK,18.86,OK,8.97,OK
2023-11-04 05:00:00,22.01,OK,0.42,BDL,null,OS,null,OS,0.16,OK,13.65,OK,5.56,OK
2023-11-04 06:00:00,10.81,OK,0.57,BDL,null,OS,null,OS,0.34,OK,29.27,OK,6.31,OK
2023-11-04 07:00:00,19.19,OK,0.55,BDL,null,OS,null,OS,0.29,OK,28.08,OK,9.05,OK
2023-11-04 08:00:00,28.65,OK,0.49,BDL,null,OS,null,OS,0.22,OK,22.23,OK,14.6,OK
2023-11-04 09:00:00,35.5,OK,0.5,BDL,null,OS,null,OS,0.23,OK,23.97,OK,13.99,OK
2023-11-04 10:00:00,41.65,OK,0.42,BDL,null,OS,null,OS,0.25,OK,15.32,OK,17.19,OK
2023-11-04 11:00:00,46.66,OK,0.46,BDL,null,OS,null,OS,0.29,OK,16.83,OK,26.96,OK
2023-11-04 12:00:00,50.64,OK,0.47,BDL,null,OS,null,OS,0.29,OK,23.84,OK,22.83,OK
2023-11-04 13:00:00,51.64,OK,0.45,BDL,null,OS,null,OS,0.28,OK,18.63,OK,30.4,OK
2023-11-04 14:00:00,53.2,OK,0.44,BDL,null,OS,null,OS,0.37,OK,21.82,OK,23.26,OK
2023-11-04 15:00:00,47.33,OK,0.43,BDL,null,OS,null,OS,0.37,OK,32.41,OK,18.38,OK
2023-11-04 16:00:00,34.23,OK,0.58,BDL,null,OS,null,OS,0.39,OK,43.6,OK,14.07,OK
2023-11-04 17:00:00,32.93,OK,0.33,BDL,null,OS,null,OS,0.38,OK,57.65,OK,21.68,OK
2023-11-04 18:00:00,26.04,OK,0.34,BDL,null,OS,null,OS,0.49,OK,49.89,OK,16.07,OK
2023-11-04 19:00:00,16.83,OK,0.31,BDL,null,OS,null,OS,0.53,OK,37.92,OK,12.64,OK
2023-11-04 20:00:00,14.27,OK,0.34,BDL,null,OS,null,OS,0.6,OK,58.96,OK,9.24,OK
2023-11-04 21:00:00,15.37,OK,0.39,BDL,null,OS,null,OS,0.57,OK,54.19,OK,20.16,OK
2023-11-04 22:00:00,2.56,OK,0.33,BDL,null,OS,null,OS,0.78,OK,46.28,OK,10.37,OK
2023-11-04 23:00:00,0.3,BDL,0.58,BDL,null,OS,null,OS,1.06,OK,57.07,OK,21.61,OK
2023-11-05 00:00:00,9.09,OK,0.42,BDL,null,OS,null,OS,0.46,OK,51.95,OK,17.28,OK
2023-11-05 01:00:00,15.18,OK,0.35,BDL,null,OS,null,OS,0.3,OK,29.66,OK,11.4,OK
2023-11-05 02:00:00,18.87,OK,0.35,BDL,null,OS,null,OS,0.25,OK,28.2,OK,10.66,OK
2023-11-05 03:00:00,16.21,OK,0.39,BDL,null,OS,null,OS,0.24,OK,28.52,OK,16.05,OK
2023-11-05 04:00:00,19.87,OK,0.33,BDL,null,OS,null,OS,0.22,OK,25.15,OK,13.01,OK
2023-11-05 05:00:00,24.7,OK,0.37,BDL,null,OS,null,OS,0.21,OK,21.66,OK,5.46,OK
2023-11-05 06:00:00,18.76,OK,0.4,BDL,null,OS,null,OS,0.22,OK,21.25,OK,6.15,OK
2023-11-05 07:00:00,26.59,OK,0.4,BDL,null,OS,null,OS,0.27,OK,17.78,OK,5.37,OK
2023-11-05 08:00:00,34.95,OK,0.4,BDL,null,OS,null,OS,0.21,OK,14.97,OK,3.34,BDL
2023-11-05 09:00:00,40.56,OK,0.45,BDL,null,OS,null,OS,0.26,OK,14.77,OK,17.04,OK
2023-11-05 10:00:00,48.65,OK,0.42,BDL,null,OS,null,OS,0.29,OK,18.98,OK,13.91,OK
2023-11-05 11:00:00,58.36,OK,0.43,BDL,null,OS,null,OS,0.27,OK,22.97,OK,31.98,OK
2023-11-05 12:00:00,55.25,OK,0.38,BDL,null,OS,null,OS,0.27,OK,13.88,OK,32.05,OK
2023-11-05 13:00:00,51.31,OK,0.45,BDL,null,OS,null,OS,0.25,OK,10.54,OK,18.24,OK
2023-11-05 14:00:00,46.08,OK,0.32,BDL,null,OS,null,OS,0.28,OK,16.72,OK,26.14,OK
2023-11-05 15:00:00,35.43,OK,0.43,BDL,null,OS,null,OS,0.37,OK,9.2,OK,14.82,OK
2023-11-05 16:00:00,31.61,OK,0.33,BDL,null,OS,null,OS,0.35,OK,17.81,OK,18.17,OK
2023-11-05 17:00:00,17.05,OK,0.39,BDL,null,OS,null,OS,0.57,OK,31.26,OK,14.79,OK
2023-11-05 18:00:00,11.44,OK,0.42,BDL,null,OS,null,OS,0.57,OK,36.76,OK,9.09,OK
2023-11-05 19:00:00,14.52,OK,0.36,BDL,null,OS,null,OS,0.55,OK,49.72,OK,18.49,OK
2023-11-05 20:00:00,15.68,OK,0.36,BDL,null,OS,null,OS,0.49,OK,47.7,OK,15.69,OK
2023-11-05 21:00:00,2.82,OK,0.39,BDL,null,OS,null,OS,0.76,OK,51.71,OK,22.89,OK
2023-11-05 22:00:00,4.88,OK,0.41,BDL,null,OS,null,OS,0.58,OK,51.47,OK,12.16,OK
2023-11-05 23:00:00,12.35,OK,0.33,BDL,null,OS,null,OS,0.29,OK,40.87,OK,14.21,OK
2023-11-06 00:00:00,17.18,OK,0.33,BDL,null,OS,null,OS,0.21,OK,34.48,OK,10.69,OK
2023-11-06 01:00:00,7.52,OK,0.31,BDL,null,OS,null,OS,0.3,OK,26.08,OK,13.02,OK
2023-11-06 02:00:00,1.91,OK,0.37,BDL,null,OS,null,OS,0.4,OK,36.02,OK,12.96,OK
2023-11-06 03:00:00,3.4,OK,0.4,BDL,null,OS,null,OS,0.32,OK,48.55,OK,22.8,OK
2023-11-06 04:00:00,6.37,OK,0.35,BDL,null,OS,null,OS,0.23,OK,52.83,OK,16.53,OK
2023-11-06 05:00:00,5.71,OK,0.34,BDL,null,OS,null,OS,0.35,OK,40.67,OK,15.03,OK
2023-11-06 06:00:00,5.63,OK,0.41,BDL,null,OS,null,OS,0.53,OK,46.09,OK,7.79,OK
2023-11-06 07:00:00,8.12,OK,0.47,BDL,null,OS,null,OS,0.64,OK,51.54,OK,6.86,OK
2023-11-06 08:00:00,26.8,OK,0.4,BDL,null,OS,null,OS,0.38,OK,39.67,OK,11.61,OK
2023-11-06 09:00:00,35.81,OK,0.34,BDL,null,OS,null,OS,0.31,OK,35.72,OK,21.06,OK
2023-11-06 10:00:00,41.94,OK,0.38,BDL,null,OS,null,OS,0.37,OK,30.54,OK,16.01,OK
2023-11-06 11:00:00,38.05,OK,0.36,BDL,null,OS,null,OS,0.36,OK,20.05,OK,26.5,OK
2023-11-06 12:00:00,44.07,OK,0.38,BDL,null,OS,null,OS,0.41,OK,19.2,OK,33.42,OK
2023-11-06 13:00:00,42.03,OK,0.48,BDL,null,OS,null,OS,0.46,OK,27.48,OK,29.04,OK
2023-11-06 14:00:00,29.53,OK,0.58,BDL,null,OS,null,OS,0.41,OK,15.28,OK,18.36,OK
2023-11-06 15:00:00,26.17,OK,0.51,BDL,null,OS,null,OS,0.37,OK,20.09,OK,18.01,OK
2023-11-06 16:00:00,14.74,OK,0.49,BDL,null,OS,null,OS,0.52,OK,25.99,OK,8.53,OK
2023-11-06 17:00:00,2.6,OK,0.56,BDL,null,OS,null,OS,0.75,OK,46.04,OK,13.45,OK
2023-11-06 18:00:00,2.79,OK,0.52,BDL,null,OS,null,OS,0.69,OK,60.23,OK,4.11,OK
2023-11-06 19:00:00,1.05,OK,0.68,BDL,null,OS,null,OS,0.85,OK,79.88,OK,17.06,OK
2023-11-06 20:00:00,0.25,BDL,0.67,BDL,null,OS,null,OS,0.73,OK,71.51,OK,13.86,OK
2023-11-06 21:00:00,0.3,BDL,0.59,BDL,null,OS,null,OS,0.8,OK,73.13,OK,10.54,OK
2023-11-06 22:00:00,0.41,BDL,0.72,BDL,null,OS,null,OS,0.81,OK,66.93,OK,24.58,OK
2023-11-06 23:00:00,1.12,OK,0.55,BDL,null,OS,null,OS,0.66,OK,49.39,OK,26.41,OK
2023-11-07 00:00:00,4.57,OK,0.56,BDL,null,OS,null,OS,0.32,OK,41.35,OK,21.31,OK
2023-11-07 01:00:00,6.28,OK,0.4,BDL,null,OS,null,OS,0.22,OK,29.8,OK,16.51,OK
2023-11-07 02:00:00,8.07,OK,0.32,BDL,null,OS,null,OS,0.18,OK,17.35,OK,11.97,OK
2023-11-07 03:00:00,8.34,OK,0.31,BDL,null,OS,null,OS,0.19,OK,19.82,OK,5.34,OK
2023-11-07 04:00:00,4.21,OK,0.32,BDL,null,OS,null,OS,0.2,OK,18.68,OK,5.22,OK
2023-11-07 05:00:00,3.07,OK,0.4,BDL,null,OS,null,OS,0.37,OK,32.49,OK,4.7,OK
2023-11-07 06:00:00,2.12,OK,0.66,BDL,null,OS,null,OS,0.75,OK,41.65,OK,9.31,OK
2023-11-07 07:00:00,9.24,OK,0.56,BDL,null,OS,null,OS,0.46,OK,41.08,OK,8.62,OK
2023-11-07 08:00:00,13.85,OK,0.49,BDL,null,OS,null,OS,0.48,OK,26.89,OK,14.11,OK
2023-11-07 09:00:00,25.68,OK,0.33,BDL,null,OS,null,OS,0.37,OK,49.93,OK,22.24,OK
2023-11-07 10:00:00,33.83,OK,0.44,BDL,null,OS,null,OS,0.46,OK,29.29,OK,20.05,OK
2023-11-07 11:00:00,40.29,OK,0.43,BDL,null,OS,null,OS,0.48,OK,31.21,OK,35.26,OK
2023-11-07 12:00:00,34.53,OK,0.53,BDL,null,OS,null,OS,0.43,OK,24.76,OK,29.41,OK
2023-11-07 13:00:00,27.93,OK,0.5,BDL,null,OS,null,OS,0.49,OK,19.23,OK,18.12,OK
2023-11-07 14:00:00,29.15,OK,0.52,BDL,null,OS,null,OS,0.47,OK,18.88,OK,16.56,OK
2023-11-07 15:00:00,26.81,OK,0.48,BDL,null,OS,null,OS,0.5,OK,31.27,OK,17.71,OK
2023-11-07 16:00:00,19.05,OK,0.48,BDL,null,OS,null,OS,0.55,OK,22.67,OK,14.6,OK
2023-11-07 17:00:00,4.08,OK,0.69,BDL,null,OS,null,OS,1.03,OK,56.68,OK,20.93,OK
2023-11-07 18:00:00,7.16,OK,0.57,BDL,null,OS,null,OS,0.7,OK,53.53,OK,12.94,OK
2023-11-07 19:00:00,1.23,OK,0.74,BDL,null,OS,null,OS,0.96,OK,47.93,OK,14.93,OK
2023-11-07 20:00:00,0.26,BDL,0.8,BDL,null,OS,null,OS,1.06,OK,74.01,OK,27.48,OK
2023-11-07 21:00:00,2.03,OK,0.72,BDL,null,OS,null,OS,0.89,OK,92.34,OK,27.35,OK
2023-11-07 22:00:00,7.32,OK,0.56,BDL,null,OS,null,OS,0.48,OK,67.83,OK,28.33,OK
2023-11-07 23:00:00,2.82,OK,0.52,BDL,null,OS,null,OS,0.62,OK,42.55,OK,17.67,OK
2023-11-08 00:00:00,0.39,BDL,0.43,BDL,null,OS,null,OS,0.55,OK,40.24,OK,15.8,OK
2023-11-08 01:00:00,1.72,OK,0.42,BDL,null,OS,null,OS,0.46,OK,30.34,OK,16.01,OK
2023-11-08 02:00:00,6.4,OK,0.41,BDL,null,OS,null,OS,0.25,OK,31.42,OK,13.0,OK
2023-11-08 03:00:00,2.95,OK,0.42,BDL,null,OS,null,OS,0.27,OK,20.48,OK,7.15,OK
2023-11-08 04:00:00,6.38,OK,0.5,BDL,null,OS,null,OS,0.21,OK,23.02,OK,8.8,OK
2023-11-08 05:00:00,4.06,OK,0.47,BDL,null,OS,null,OS,0.27,OK,25.89,OK,4.86,OK
2023-11-08 06:00:00,1.52,OK,0.67,BDL,null,OS,null,OS,0.54,OK,40.41,OK,7.89,OK
2023-11-08 07:00:00,4.25,OK,0.85,BDL,null,OS,null,OS,0.69,OK,48.39,OK,6.43,OK
2023-11-08 08:00:00,9.26,OK,0.78,BDL,null,OS,null,OS,0.59,OK,54.09,OK,11.02,OK
2023-11-08 09:00:00,18.35,OK,0.66,BDL,null,OS,null,OS,0.64,OK,39.82,OK,23.86,OK
2023-11-08 10:00:00,31.59,OK,0.49,BDL,null,OS,null,OS,0.43,OK,41.66,OK,16.82,OK
2023-11-08 11:00:00,32.8,OK,0.53,BDL,null,OS,null,OS,0.37,OK,23.74,OK,22.0,OK
2023-11-08 12:00:00,30.42,OK,0.5,BDL,null,OS,null,OS,0.45,OK,19.87,OK,12.88,OK
2023-11-08 13:00:00,32.79,OK,0.54,BDL,null,OS,null,OS,0.47,OK,22.45,OK,8.75,OK
2023-11-08 14:00:00,34.0,OK,0.43,BDL,null,OS,null,OS,0.46,OK,21.55,OK,11.0,OK
2023-11-08 15:00:00,33.42,OK,0.35,BDL,null,OS,null,OS,0.44,OK,35.13,OK,7.95,OK
2023-11-08 16:00:00,34.07,OK,0.31,BDL,null,OS,null,OS,0.45,OK,46.4,OK,17.82,OK
2023-11-08 17:00:00,33.32,OK,0.49,BDL,null,OS,null,OS,0.49,OK,38.9,OK,9.22,OK
2023-11-08 18:00:00,35.51,OK,0.35,BDL,null,OS,null,OS,0.41,OK,30.26,OK,8.28,OK
2023-11-08 19:00:00,38.75,OK,0.41,BDL,null,OS,null,OS,0.35,OK,26.76,OK,7.19,OK
2023-11-08 20:00:00,39.71,OK,0.31,BDL,null,OS,null,OS,0.28,OK,23.98,OK,5.69,OK
2023-11-08 21:00:00,41.19,OK,0.31,BDL,null,OS,null,OS,0.25,OK,21.58,OK,3.28,BDL
2023-11-08 22:00:00,38.06,OK,0.45,BDL,null,OS,null,OS,0.24,OK,20.9,OK,0.6,BDL
2023-11-08 23:00:00,38.85,OK,0.31,BDL,null,OS,null,OS,0.23,OK,23.65,OK,3.26,BDL
2023-11-09 00:00:00,39.11,OK,0.27,BDL,null,OS,null,OS,0.21,OK,20.05,OK,9.49,OK
2023-11-09 01:00:00,38.22,OK,0.32,BDL,null,OS,null,OS,0.2,OK,16.82,OK,6.55,OK
2023-11-09 02:00:00,39.72,OK,0.25,BDL,null,OS,null,OS,0.2,OK,21.64,OK,11.6,OK
2023-11-09 03:00:00,36.22,OK,0.32,BDL,null,OS,null,OS,0.22,OK,18.22,OK,7.53,OK
2023-11-09 04:00:00,30.18,OK,0.33,BDL,null,OS,null,OS,0.23,OK,21.53,OK,14.49,OK
2023-11-09 05:00:00,16.18,OK,0.36,BDL,null,OS,null,OS,0.36,OK,32.68,OK,15.77,OK
2023-11-09 06:00:00,9.17,OK,0.59,BDL,null,OS,null,OS,0.83,OK,45.15,OK,14.12,OK
2023-11-09 07:00:00,27.08,OK,0.48,BDL,null,OS,null,OS,0.54,OK,33.84,OK,4.57,OK
2023-11-09 08:00:00,33.72,OK,0.46,BDL,null,OS,null,OS,0.41,OK,18.25,OK,7.72,OK
2023-11-09 09:00:00,40.27,OK,0.44,BDL,null,OS,null,OS,0.38,OK,20.79,OK,18.02,OK
2023-11-09 10:00:00,45.19,OK,0.47,BDL,null,OS,null,OS,0.38,OK,28.19,OK,14.84,OK
2023-11-09 11:00:00,49.66,OK,0.65,BDL,null,OS,null,OS,0.36,OK,23.97,OK,19.62,OK
2023-11-09 12:00:00,47.77,OK,0.62,BDL,null,OS,null,OS,0.37,OK,32.04,OK,27.65,OK
2023-11-09 13:00:00,45.44,OK,0.42,BDL,null,OS,null,OS,0.33,OK,30.91,OK,21.01,OK
2023-11-09 14:00:00,43.07,OK,0.4,BDL,null,OS,null,OS,0.34,OK,19.7,OK,18.18,OK
2023-11-09 15:00:00,41.64,OK,0.36,BDL,null,OS,null,OS,0.37,OK,22.04,OK,16.87,OK
2023-11-09 16:00:00,36.39,OK,0.34,BDL,null,OS,null,OS,0.42,OK,32.6,OK,15.51,OK
2023-11-09 17:00:00,26.98,OK,0.53,BDL,null,OS,null,OS,0.56,OK,39.01,OK,14.99,OK
2023-11-09 18:00:00,25.34,OK,0.63,BDL,null,OS,null,OS,0.55,OK,33.42,OK,8.05,OK
2023-11-09 19:00:00,25.66,OK,0.51,BDL,null,OS,null,OS,0.53,OK,28.69,OK,11.24,OK
2023-11-09 20:00:00,24.32,OK,0.37,BDL,null,OS,null,OS,0.43,OK,22.05,OK,10.16,OK
2023-11-09 21:00:00,25.9,OK,0.41,BDL,null,OS,null,OS,0.38,OK,30.23,OK,10.22,OK
2023-11-09 22:00:00,22.36,OK,0.52,BDL,null,OS,null,OS,0.39,OK,40.61,OK,5.52,OK
2023-11-09 23:00:00,24.85,OK,0.47,BDL,null,OS,null,OS,0.33,OK,25.95,OK,14.08,OK
2023-11-10 00:00:00,20.27,OK,0.5,BDL,null,OS,null,OS,0.32,OK,22.13,OK,3.74,BDL
2023-11-10 01:00:00,21.94,OK,0.56,BDL,null,OS,null,OS,0.22,OK,30.99,OK,14.55,OK
2023-11-10 02:00:00,23.24,OK,0.42,BDL,null,OS,null,OS,0.19,OK,27.93,OK,8.46,OK
2023-11-10 03:00:00,21.95,OK,0.41,BDL,null,OS,null,OS,0.18,OK,16.99,OK,9.88,OK
2023-11-10 04:00:00,16.7,OK,0.37,BDL,null,OS,null,OS,0.2,OK,14.12,OK,2.4,BDL
2023-11-10 05:00:00,5.94,OK,0.41,BDL,null,OS,null,OS,0.34,OK,24.93,OK,2.72,BDL
2023-11-10 06:00:00,2.84,OK,0.74,BDL,null,OS,null,OS,0.71,OK,40.18,OK,4.52,OK
2023-11-10 07:00:00,7.47,OK,0.86,BDL,null,OS,null,OS,0.82,OK,51.46,OK,0.2,BDL
2023-11-10 08:00:00,19.6,OK,0.65,BDL,null,OS,null,OS,0.55,OK,58.47,OK,12.81,OK
2023-11-10 09:00:00,28.96,OK,0.52,BDL,null,OS,null,OS,0.5,OK,39.67,OK,17.4,OK
2023-11-10 10:00:00,38.65,OK,0.63,BDL,null,OS,null,OS,0.45,OK,26.07,OK,19.32,OK
2023-11-10 11:00:00,45.16,OK,0.75,BDL,null,OS,null,OS,0.4,OK,34.26,OK,22.29,OK
2023-11-10 12:00:00,48.26,OK,0.73,BDL,null,OS,null,OS,0.39,OK,22.67,OK,14.68,OK
2023-11-10 13:00:00,51.54,OK,0.67,BDL,null,OS,null,OS,0.31,OK,22.02,OK,15.64,OK
2023-11-10 14:00:00,48.29,OK,0.73,BDL,null,OS,null,OS,0.37,OK,16.83,OK,18.9,OK
2023-11-10 15:00:00,43.41,OK,0.74,BDL,null,OS,null,OS,0.4,OK,20.71,OK,17.04,OK
2023-11-10 16:00:00,25.78,OK,0.69,BDL,null,OS,null,OS,0.6,OK,32.16,OK,22.84,OK
2023-11-10 17:00:00,1.66,OK,1.37,OK,null,OS,null,OS,1.49,OK,69.98,OK,15.95,OK
2023-11-10 18:00:00,8.15,OK,1.17,OK,null,OS,null,OS,1.02,OK,97.62,OK,25.32,OK
2023-11-10 19:00:00,6.28,OK,0.75,BDL,null,OS,null,OS,0.76,OK,72.11,OK,21.6,OK
2023-11-10 20:00:00,12.2,OK,0.81,BDL,null,OS,null,OS,0.71,OK,72.5,OK,27.4,OK
2023-11-10 21:00:00,10.6,OK,0.61,BDL,null,OS,null,OS,0.65,OK,54.92,OK,21.4,OK
2023-11-10 22:00:00,1.8,OK,0.68,BDL,null,OS,null,OS,0.86,OK,44.97,OK,18.01,OK
2023-11-10 23:00:00,5.57,OK,0.71,BDL,null,OS,null,OS,0.47,OK,65.24,OK,28.41,OK
2023-11-11 00:00:00,18.81,OK,0.55,BDL,null,OS,null,OS,0.27,OK,46.99,OK,19.32,OK
2023-11-11 01:00:00,20.66,OK,0.41,BDL,null,OS,null,OS,0.26,OK,19.54,OK,6.54,OK
2023-11-11 02:00:00,22.34,OK,0.38,BDL,null,OS,null,OS,0.22,OK,16.96,OK,4.1,OK
2023-11-11 03:00:00,22.88,OK,0.35,BDL,null,OS,null,OS,0.23,OK,14.01,OK,4.09,OK
2023-11-11 04:00:00,17.5,OK,0.33,BDL,null,OS,null,OS,0.25,OK,8.37,OK,2.34,BDL
2023-11-11 05:00:00,9.8,OK,0.32,BDL,null,OS,null,OS,0.31,OK,12.49,OK,1.71,BDL
2023-11-11 06:00:00,11.9,OK,0.5,BDL,null,OS,null,OS,0.37,OK,12.44,OK,0.58,BDL
2023-11-11 07:00:00,16.06,OK,0.65,BDL,null,OS,null,OS,0.47,OK,36.05,OK,-3.81,BDL
2023-11-11 08:00:00,21.13,OK,0.63,BDL,null,OS,null,OS,0.51,OK,53.49,OK,-1.73,BDL
2023-11-11 09:00:00,30.08,OK,0.76,BDL,null,OS,null,OS,0.49,OK,51.38,OK,22.68,OK
2023-11-11 10:00:00,35.66,OK,0.63,BDL,null,OS,null,OS,0.6,OK,36.08,OK,21.56,OK
2023-11-11 11:00:00,44.53,OK,0.61,BDL,null,OS,null,OS,0.59,OK,48.9,OK,28.16,OK
2023-11-11 12:00:00,49.69,OK,0.52,BDL,null,OS,null,OS,0.46,OK,29.93,OK,23.35,OK
2023-11-11 13:00:00,56.27,OK,0.53,BDL,null,OS,null,OS,0.36,OK,23.65,OK,19.55,OK
2023-11-11 14:00:00,52.84,OK,0.54,BDL,null,OS,null,OS,0.44,OK,13.32,OK,20.54,OK
2023-11-11 15:00:00,50.76,OK,0.6,BDL,null,OS,null,OS,0.45,OK,34.33,OK,21.99,OK
2023-11-11 16:00:00,31.5,OK,0.73,BDL,null,OS,null,OS,0.56,OK,36.88,OK,24.29,OK
2023-11-11 17:00:00,3.94,OK,0.92,BDL,null,OS,null,OS,1.16,OK,53.53,OK,15.44,OK
2023-11-11 18:00:00,1.02,OK,1.23,OK,null,OS,null,OS,1.75,OK,86.1,OK,23.02,OK
2023-11-11 19:00:00,5.77,OK,0.9,BDL,null,OS,null,OS,1.08,OK,81.74,OK,26.83,OK
2023-11-11 20:00:00,7.63,OK,0.78,BDL,null,OS,null,OS,0.85,OK,57.04,OK,14.52,OK
2023-11-11 21:00:00,3.73,OK,0.8,BDL,null,OS,null,OS,1.04,OK,73.13,OK,31.84,OK
2023-11-11 22:00:00,0.93,BDL,1.06,OK,null,OS,null,OS,1.47,OK,68.05,OK,23.88,OK
2023-11-11 23:00:00,10.54,OK,0.66,BDL,null,OS,null,OS,0.51,OK,75.79,OK,28.97,OK
2023-11-12 00:00:00,16.68,OK,0.56,BDL,null,OS,null,OS,0.39,OK,52.36,OK,22.82,OK
2023-11-12 01:00:00,17.96,OK,0.55,BDL,null,OS,null,OS,0.33,OK,24.62,OK,12.94,OK
2023-11-12 02:00:00,19.39,OK,0.8,BDL,null,OS,null,OS,0.32,OK,23.61,OK,12.36,OK
2023-11-12 03:00:00,21.99,OK,0.52,BDL,null,OS,null,OS,0.27,OK,26.99,OK,11.26,OK
2023-11-12 04:00:00,20.7,OK,0.47,BDL,null,OS,null,OS,0.26,OK,20.7,OK,15.0,OK
2023-11-12 05:00:00,17.05,OK,0.48,BDL,null,OS,null,OS,0.28,OK,15.4,OK,1.45,BDL
2023-11-12 06:00:00,17.53,OK,0.56,BDL,null,OS,null,OS,0.32,OK,16.01,OK,6.29,OK
2023-11-12 07:00:00,26.31,OK,0.56,BDL,null,OS,null,OS,0.35,OK,23.18,OK,2.93,BDL
2023-11-12 08:00:00,37.41,OK,0.51,BDL,null,OS,null,OS,0.3,OK,32.33,OK,-0.39,BDL
2023-11-12 09:00:00,39.01,OK,0.46,BDL,null,OS,null,OS,0.31,OK,22.24,OK,13.32,OK
2023-11-12 10:00:00,42.38,OK,0.48,BDL,null,OS,null,OS,0.3,OK,19.03,OK,14.39,OK
2023-11-12 11:00:00,45.65,OK,0.45,BDL,null,OS,null,OS,0.32,OK,6.55,OK,7.29,OK
2023-11-12 12:00:00,49.93,OK,0.4,BDL,null,OS,null,OS,0.35,OK,12.03,OK,19.2,OK
2023-11-12 13:00:00,54.88,OK,0.44,BDL,null,OS,null,OS,0.36,OK,9.67,OK,20.65,OK
2023-11-12 14:00:00,54.28,OK,0.45,BDL,null,OS,null,OS,0.4,OK,12.68,OK,18.3,OK
2023-11-12 15:00:00,50.96,OK,0.52,BDL,null,OS,null,OS,0.44,OK,20.54,OK,18.95,OK
2023-11-12 16:00:00,40.52,OK,0.53,BDL,null,OS,null,OS,0.46,OK,26.3,OK,17.11,OK
2023-11-12 17:00:00,29.4,OK,0.5,BDL,null,OS,null,OS,0.51,OK,47.27,OK,14.67,OK
2023-11-12 18:00:00,18.1,OK,0.54,BDL,null,OS,null,OS,0.73,OK,43.51,OK,6.11,OK
2023-11-12 19:00:00,25.12,OK,0.53,BDL,null,OS,null,OS,0.55,OK,37.46,OK,5.85,OK
2023-11-12 20:00:00,17.23,OK,0.61,BDL,null,OS,null,OS,0.7,OK,39.59,OK,11.25,OK
2023-11-12 21:00:00,3.62,OK,0.65,BDL,null,OS,null,OS,0.91,OK,43.95,OK,24.02,OK
2023-11-12 22:00:00,0.47,BDL,0.76,BDL,null,OS,null,OS,1.17,OK,50.3,OK,14.09,OK
2023-11-12 23:00:00,0.71,BDL,0.87,BDL,null,OS,null,OS,1.14,OK,62.06,OK,22.72,OK
2023-11-13 00:00:00,14.86,OK,0.7,BDL,null,OS,null,OS,0.42,OK,42.37,OK,24.93,OK
2023-11-13 01:00:00,21.37,OK,0.51,BDL,null,OS,null,OS,0.39,OK,25.58,OK,6.92,OK
2023-11-13 02:00:00,19.12,OK,0.53,BDL,null,OS,null,OS,0.34,OK,24.72,OK,13.1,OK
2023-11-13 03:00:00,15.62,OK,0.43,BDL,null,OS,null,OS,0.33,OK,26.14,OK,28.39,OK
2023-11-13 04:00:00,21.45,OK,0.41,BDL,null,OS,null,OS,0.32,OK,26.99,OK,6.97,OK
2023-11-13 05:00:00,16.35,OK,0.43,BDL,null,OS,null,OS,0.43,OK,30.6,OK,9.95,OK
2023-11-13 06:00:00,11.11,OK,0.58,BDL,null,OS,null,OS,0.68,OK,32.47,OK,12.3,OK
2023-11-13 07:00:00,21.17,OK,0.71,BDL,null,OS,null,OS,0.53,OK,27.84,OK,6.81,OK
2023-11-13 08:00:00,29.16,OK,0.6,BDL,null,OS,null,OS,0.42,OK,29.77,OK,20.0,OK
2023-11-13 09:00:00,35.62,OK,0.7,BDL,null,OS,null,OS,0.38,OK,27.82,OK,17.55,OK
2023-11-13 10:00:00,39.38,OK,0.68,BDL,null,OS,null,OS,0.34,OK,22.45,OK,16.53,OK
2023-11-13 11:00:00,41.43,OK,0.66,BDL,null,OS,null,OS,0.34,OK,12.96,OK,19.54,OK
2023-11-13 12:00:00,41.89,OK,0.55,BDL,null,OS,null,OS,0.4,OK,6.76,OK,19.72,OK
2023-11-13 13:00:00,40.28,OK,0.44,BDL,null,OS,null,OS,0.41,OK,13.94,OK,23.02,OK
2023-11-13 14:00:00,39.28,OK,0.49,BDL,null,OS,null,OS,0.46,OK,7.9,OK,19.64,OK
2023-11-13 15:00:00,37.73,OK,0.43,BDL,null,OS,null,OS,0.47,OK,13.18,OK,20.02,OK
2023-11-13 16:00:00,37.69,OK,0.48,BDL,null,OS,null,OS,0.52,OK,52.61,OK,27.19,OK
2023-11-13 17:00:00,34.39,OK,0.48,BDL,null,OS,null,OS,0.59,OK,67.29,OK,10.1,OK
2023-11-13 18:00:00,24.54,OK,0.49,BDL,null,OS,null,OS,0.64,OK,51.36,OK,17.32,OK
2023-11-13 19:00:00,18.66,OK,0.5,BDL,null,OS,null,OS,0.74,OK,44.54,OK,8.56,OK
2023-11-13 20:00:00,12.56,OK,0.6,BDL,null,OS,null,OS,0.81,OK,57.72,OK,25.47,OK
2023-11-13 21:00:00,13.38,OK,0.5,BDL,null,OS,null,OS,0.69,OK,44.74,OK,3.36,BDL
2023-11-13 22:00:00,3.21,OK,0.48,BDL,null,OS,null,OS,0.86,OK,47.01,OK,11.21,OK
2023-11-13 23:00:00,19.56,OK,0.44,BDL,null,OS,null,OS,0.49,OK,50.22,OK,19.0,OK
2023-11-14 00:00:00,25.07,OK,0.43,BDL,null,OS,null,OS,0.4,OK,32.36,OK,12.24,OK
2023-11-14 01:00:00,27.79,OK,0.39,BDL,null,OS,null,OS,0.36,OK,22.2,OK,11.57,OK
2023-11-14 02:00:00,23.21,OK,0.29,BDL,null,OS,null,OS,0.33,OK,20.22,OK,12.86,OK
2023-11-14 03:00:00,20.08,OK,0.36,BDL,null,OS,null,OS,0.34,OK,11.73,OK,8.98,OK
2023-11-14 04:00:00,13.23,OK,0.33,BDL,null,OS,null,OS,0.37,OK,18.64,OK,5.81,OK
2023-11-14 05:00:00,3.29,OK,0.42,BDL,null,OS,null,OS,0.53,OK,34.78,OK,15.11,OK
2023-11-14 06:00:00,3.44,OK,0.68,BDL,null,OS,null,OS,0.74,OK,48.09,OK,10.03,OK
2023-11-14 07:00:00,5.92,OK,0.58,BDL,null,OS,null,OS,0.77,OK,49.82,OK,10.9,OK
2023-11-14 08:00:00,20.8,OK,0.51,BDL,null,OS,null,OS,0.57,OK,50.98,OK,4.73,OK
2023-11-14 09:00:00,31.88,OK,0.44,BDL,null,OS,null,OS,0.51,OK,43.89,OK,16.46,OK
2023-11-14 10:00:00,36.13,OK,0.5,BDL,null,OS,null,OS,0.47,OK,32.53,OK,21.08,OK
2023-11-14 11:00:00,37.63,OK,0.47,BDL,null,OS,null,OS,0.45,OK,14.81,OK,24.09,OK
2023-11-14 12:00:00,38.3,OK,0.56,BDL,null,OS,null,OS,0.58,OK,19.41,OK,16.16,OK
2023-11-14 13:00:00,44.14,OK,0.51,BDL,null,OS,null,OS,0.55,OK,28.22,OK,26.34,OK
2023-11-14 14:00:00,41.96,OK,0.5,BDL,null,OS,null,OS,0.59,OK,23.72,OK,22.48,OK
2023-11-14 15:00:00,40.75,OK,0.42,BDL,null,OS,null,OS,0.51,OK,32.44,OK,25.7,OK
2023-11-14 16:00:00,30.47,OK,0.42,BDL,null,OS,null,OS,0.62,OK,44.77,OK,16.24,OK
2023-11-14 17:00:00,25.71,OK,0.47,BDL,null,OS,null,OS,0.64,OK,62.29,OK,16.01,OK
2023-11-14 18:00:00,18.24,OK,0.49,BDL,null,OS,null,OS,0.74,OK,56.77,OK,15.97,OK
2023-11-14 19:00:00,14.34,OK,0.45,BDL,null,OS,null,OS,0.79,OK,54.98,OK,13.56,OK
2023-11-14 20:00:00,9.32,OK,0.36,BDL,null,OS,null,OS,0.73,OK,51.61,OK,22.4,OK
2023-11-14 21:00:00,7.96,OK,0.33,BDL,null,OS,null,OS,0.79,OK,59.05,OK,23.36,OK
2023-11-14 22:00:00,10.15,OK,0.3,BDL,null,OS,null,OS,0.71,OK,46.94,OK,22.36,OK
2023-11-14 23:00:00,2.18,OK,0.28,BDL,null,OS,null,OS,0.8,OK,40.8,OK,10.22,OK
2023-11-15 00:00:00,11.32,OK,0.4,BDL,null,OS,null,OS,0.47,OK,44.23,OK,18.79,OK
2023-11-15 01:00:00,13.65,OK,0.38,BDL,null,OS,null,OS,0.42,OK,34.37,OK,16.02,OK
2023-11-15 02:00:00,10.53,OK,0.33,BDL,null,OS,null,OS,0.39,OK,27.77,OK,15.1,OK
2023-11-15 03:00:00,12.27,OK,0.42,BDL,null,OS,null,OS,0.34,OK,16.54,OK,9.35,OK
2023-11-15 04:00:00,9.58,OK,0.29,BDL,null,OS,null,OS,0.34,OK,23.58,OK,3.45,BDL
2023-11-15 05:00:00,7.84,OK,0.41,BDL,null,OS,null,OS,0.54,OK,20.99,OK,8.29,OK
2023-11-15 06:00:00,3.68,OK,0.56,BDL,null,OS,null,OS,0.77,OK,47.01,OK,4.34,OK
2023-11-15 07:00:00,11.97,OK,0.42,BDL,null,OS,null,OS,0.62,OK,47.98,OK,5.95,OK
2023-11-15 08:00:00,21.68,OK,0.48,BDL,null,OS,null,OS,0.53,OK,41.91,OK,11.65,OK
2023-11-15 09:00:00,33.17,OK,0.53,BDL,null,OS,null,OS,0.49,OK,30.3,OK,12.28,OK
2023-11-15 10:00:00,39.19,OK,0.69,BDL,null,OS,null,OS,0.47,OK,32.4,OK,19.98,OK
2023-11-15 11:00:00,41.18,OK,0.7,BDL,null,OS,null,OS,0.49,OK,22.19,OK,21.79,OK
2023-11-15 12:00:00,43.74,OK,0.6,BDL,null,OS,null,OS,0.62,OK,17.89,OK,24.2,OK
2023-11-15 13:00:00,44.82,OK,0.64,BDL,null,OS,null,OS,0.66,OK,30.33,OK,26.76,OK
2023-11-15 14:00:00,38.61,OK,0.71,BDL,null,OS,null,OS,0.68,OK,38.44,OK,19.32,OK
2023-11-15 15:00:00,26.79,OK,0.54,BDL,null,OS,null,OS,0.73,OK,28.58,OK,15.34,OK
2023-11-15 16:00:00,25.82,OK,0.52,BDL,null,OS,null,OS,0.76,OK,38.63,OK,7.9,OK
2023-11-15 17:00:00,21.85,OK,0.42,BDL,null,OS,null,OS,0.69,OK,46.35,OK,13.86,OK
2023-11-15 18:00:00,16.46,OK,0.38,BDL,null,OS,null,OS,0.68,OK,53.93,OK,12.22,OK
2023-11-15 19:00:00,19.48,OK,0.37,BDL,null,OS,null,OS,0.6,OK,38.91,OK,7.85,OK
2023-11-15 20:00:00,16.17,OK,0.39,BDL,null,OS,null,OS,0.61,OK,39.9,OK,14.48,OK
2023-11-15 21:00:00,22.2,OK,0.32,BDL,null,OS,null,OS,0.56,OK,35.73,OK,23.74,OK
2023-11-15 22:00:00,18.58,OK,0.3,BDL,null,OS,null,OS,0.56,OK,30.38,OK,12.9,OK
2023-11-15 23:00:00,13.14,OK,0.3,BDL,null,OS,null,OS,0.59,OK,28.23,OK,11.67,OK
2023-11-16 00:00:00,37.88,OK,0.28,BDL,null,OS,null,OS,0.35,OK,27.9,OK,7.19,OK
2023-11-16 01:00:00,39.85,OK,0.25,BDL,null,OS,null,OS,0.33,OK,17.34,OK,1.74,BDL
2023-11-16 02:00:00,22.42,OK,0.31,BDL,null,OS,null,OS,0.44,OK,15.06,OK,14.59,OK
2023-11-16 03:00:00,14.68,OK,0.29,BDL,null,OS,null,OS,0.46,OK,35.59,OK,18.3,OK
2023-11-16 04:00:00,14.51,OK,0.35,BDL,null,OS,null,OS,0.48,OK,29.28,OK,16.59,OK
2023-11-16 05:00:00,4.59,OK,0.52,BDL,null,OS,null,OS,0.73,OK,27.5,OK,9.23,OK
2023-11-16 06:00:00,0.79,BDL,0.9,BDL,null,OS,null,OS,1.32,OK,48.28,OK,18.68,OK
2023-11-16 07:00:00,1.66,OK,0.63,BDL,null,OS,null,OS,0.89,OK,46.56,OK,14.22,OK
2023-11-16 08:00:00,5.66,OK,0.53,BDL,null,OS,null,OS,0.64,OK,42.08,OK,14.6,OK
2023-11-16 09:00:00,8.23,OK,0.66,BDL,null,OS,null,OS,0.68,OK,40.28,OK,14.49,OK
2023-11-16 10:00:00,11.52,OK,0.69,BDL,null,OS,null,OS,0.92,OK,55.15,OK,20.95,OK
2023-11-16 11:00:00,7.37,OK,0.79,BDL,null,OS,null,OS,1.24,OK,90.98,OK,43.79,OK
2023-11-16 12:00:00,12.76,OK,0.76,BDL,null,OS,null,OS,1.34,OK,101.81,OK,36.04,OK
2023-11-16 13:00:00,19.59,OK,0.68,BDL,null,OS,null,OS,1.17,OK,81.8,OK,37.25,OK
2023-11-16 14:00:00,21.45,OK,0.61,BDL,null,OS,null,OS,1.03,OK,84.94,OK,39.56,OK
2023-11-16 15:00:00,21.2,OK,0.46,BDL,null,OS,null,OS,0.76,OK,71.16,OK,33.06,OK
2023-11-16 16:00:00,4.61,OK,0.53,BDL,null,OS,null,OS,1.04,OK,54.88,OK,16.89,OK
2023-11-16 17:00:00,0.55,BDL,1.0,OK,null,OS,null,OS,1.94,OK,67.99,OK,26.31,OK
2023-11-16 18:00:00,0.91,BDL,1.52,OK,null,OS,null,OS,2.61,OK,74.85,OK,29.89,OK
2023-11-16 19:00:00,1.49,OK,2.34,OK,null,OS,null,OS,4.01,OK,117.82,OK,49.75,OK
2023-11-16 20:00:00,0.92,BDL,1.95,OK,null,OS,null,OS,3.11,OK,149.31,OK,62.59,OK
2023-11-16 21:00:00,6.86,OK,0.6,BDL,null,OS,null,OS,0.67,OK,102.28,OK,36.54,OK
2023-11-16 22:00:00,7.7,OK,0.59,BDL,null,OS,null,OS,0.62,OK,53.59,OK,25.16,OK
2023-11-16 23:00:00,3.24,OK,0.49,BDL,null,OS,null,OS,0.74,OK,51.04,OK,24.23,OK
2023-11-17 00:00:00,-0.03,BDL,0.61,BDL,null,OS,null,OS,0.95,OK,62.56,OK,33.4,OK
2023-11-17 01:00:00,-0.07,BDL,0.5,BDL,null,OS,null,OS,0.82,OK,52.69,OK,27.04,OK
2023-11-17 02:00:00,0.5,BDL,0.41,BDL,null,OS,null,OS,0.7,OK,37.93,OK,28.15,OK
2023-11-17 03:00:00,1.83,OK,0.43,BDL,null,OS,null,OS,0.57,OK,30.66,OK,13.68,OK
2023-11-17 04:00:00,0.3,BDL,0.38,BDL,null,OS,null,OS,0.61,OK,29.68,OK,20.48,OK
2023-11-17 05:00:00,0.02,BDL,0.63,BDL,null,OS,null,OS,0.92,OK,37.52,OK,22.82,OK
2023-11-17 06:00:00,0.33,BDL,0.61,BDL,null,OS,null,OS,0.85,OK,51.71,OK,15.32,OK
2023-11-17 07:00:00,0.99,BDL,0.65,BDL,null,OS,null,OS,0.97,OK,46.14,OK,17.56,OK
2023-11-17 08:00:00,3.27,OK,0.57,BDL,null,OS,null,OS,1.0,OK,50.9,OK,14.04,OK
2023-11-17 09:00:00,15.09,OK,0.35,BDL,null,OS,null,OS,0.56,OK,30.03,OK,16.32,OK
2023-11-17 10:00:00,13.69,OK,0.36,BDL,null,OS,null,OS,0.94,OK,25.43,OK,25.45,OK
2023-11-17 11:00:00,15.58,OK,0.35,BDL,null,OS,null,OS,0.79,OK,53.55,OK,26.41,OK
2023-11-17 12:00:00,18.78,OK,0.29,BDL,null,OS,null,OS,0.53,OK,23.28,OK,19.17,OK
2023-11-17 13:00:00,16.09,OK,0.34,BDL,null,OS,null,OS,0.8,OK,11.15,OK,5.96,OK
2023-11-17 14:00:00,13.35,OK,0.3,BDL,null,OS,null,OS,0.75,OK,33.66,OK,20.54,OK
2023-11-17 15:00:00,12.34,OK,0.35,BDL,null,OS,null,OS,0.67,OK,38.86,OK,16.58,OK
2023-11-17 16:00:00,6.35,OK,0.34,BDL,null,OS,null,OS,0.85,OK,32.6,OK,9.75,OK
2023-11-17 17:00:00,4.31,OK,0.31,BDL,null,OS,null,OS,0.82,OK,29.29,OK,35.6,OK
2023-11-17 18:00:00,4.57,OK,0.28,BDL,null,OS,null,OS,0.87,OK,36.93,OK,16.01,OK
2023-11-17 19:00:00,2.87,OK,0.23,BDL,null,OS,null,OS,0.7,OK,20.28,OK,0.78,BDL
2023-11-17 20:00:00,2.1,OK,0.2,BDL,null,OS,null,OS,0.67,OK,25.02,OK,11.02,OK
2023-11-17 21:00:00,2.61,OK,0.25,BDL,null,OS,null,OS,0.65,OK,6.03,OK,9.79,OK
2023-11-17 22:00:00,3.83,OK,0.21,BDL,null,OS,null,OS,0.52,OK,10.83,OK,11.25,OK
2023-11-17 23:00:00,7.52,OK,0.27,BDL,null,OS,null,OS,0.45,OK,10.38,OK,6.28,OK
2023-11-18 00:00:00,12.71,OK,0.18,BDL,null,OS,null,OS,0.41,OK,1.5,BDL,-0.17,BDL
2023-11-18 01:00:00,7.6,OK,0.19,BDL,null,OS,null,OS,0.46,OK,5.69,OK,0.31,BDL
2023-11-18 02:00:00,2.26,OK,0.26,BDL,null,OS,null,OS,0.52,OK,6.81,OK,8.67,OK
2023-11-18 03:00:00,2.46,OK,0.14,BDL,null,OS,null,OS,0.52,OK,6.52,OK,14.43,OK
2023-11-18 04:00:00,0.68,BDL,0.23,BDL,null,OS,null,OS,0.5,OK,9.74,OK,9.33,OK
2023-11-18 05:00:00,0.05,BDL,0.23,BDL,null,OS,null,OS,0.64,OK,12.6,OK,6.24,OK
2023-11-18 06:00:00,1.48,OK,0.29,BDL,null,OS,null,OS,0.73,OK,14.96,OK,14.33,OK
2023-11-18 07:00:00,5.13,OK,0.32,BDL,null,OS,null,OS,0.79,OK,8.02,OK,-25.36,OR
2023-11-18 08:00:00,10.06,OK,0.3,BDL,null,OS,null,OS,0.87,OK,21.17,OK,-15.09,OR
2023-11-18 09:00:00,17.5,OK,0.24,BDL,null,OS,null,OS,0.67,OK,26.09,OK,9.44,OK
2023-11-18 10:00:00,25.65,OK,0.2,BDL,null,OS,null,OS,0.58,OK,24.6,OK,17.24,OK
2023-11-18 11:00:00,26.03,OK,0.26,BDL,null,OS,null,OS,0.5,OK,4.53,OK,8.15,OK
2023-11-18 12:00:00,24.98,OK,0.27,BDL,null,OS,null,OS,0.52,OK,7.68,OK,8.33,OK
2023-11-18 13:00:00,24.64,OK,0.28,BDL,null,OS,null,OS,0.54,OK,4.51,OK,5.07,OK
2023-11-18 14:00:00,23.6,OK,0.24,BDL,null,OS,null,OS,0.54,OK,8.27,OK,11.21,OK
2023-11-18 15:00:00,20.45,OK,0.22,BDL,null,OS,null,OS,0.57,OK,16.0,OK,12.56,OK
2023-11-18 16:00:00,15.89,OK,0.26,BDL,null,OS,null,OS,0.64,OK,8.87,OK,6.68,OK
2023-11-18 17:00:00,12.31,OK,0.27,BDL,null,OS,null,OS,0.62,OK,18.96,OK,8.18,OK
2023-11-18 18:00:00,13.24,OK,0.18,BDL,null,OS,null,OS,0.51,OK,11.49,OK,4.66,OK
2023-11-18 19:00:00,11.32,OK,0.22,BDL,null,OS,null,OS,0.57,OK,4.78,OK,3.48,BDL
2023-11-18 20:00:00,17.39,OK,0.24,BDL,null,OS,null,OS,0.45,OK,15.58,OK,0.32,BDL
2023-11-18 21:00:00,14.9,OK,0.23,BDL,null,OS,null,OS,0.49,OK,8.25,OK,-0.14,BDL
2023-11-18 22:00:00,13.69,OK,0.2,BDL,null,OS,null,OS,0.5,OK,15.96,OK,1.94,BDL
2023-11-18 23:00:00,9.1,OK,0.28,BDL,null,OS,null,OS,0.65,OK,14.4,OK,2.83,BDL
2023-11-19 00:00:00,2.28,OK,0.25,BDL,null,OS,null,OS,0.74,OK,20.9,OK,3.36,BDL
2023-11-19 01:00:00,1.32,OK,0.52,BDL,null,OS,null,OS,0.73,OK,27.35,OK,12.77,OK
2023-11-19 02:00:00,1.48,OK,0.44,BDL,null,OS,null,OS,0.79,OK,21.13,OK,11.71,OK
2023-11-19 03:00:00,0.23,BDL,0.48,BDL,null,OS,null,OS,0.84,OK,30.11,OK,12.72,OK
2023-11-19 04:00:00,3.82,OK,0.34,BDL,null,OS,null,OS,0.65,OK,35.2,OK,17.12,OK
2023-11-19 05:00:00,3.82,OK,0.37,BDL,null,OS,null,OS,0.52,OK,15.91,OK,8.2,OK
2023-11-19 06:00:00,2.75,OK,0.48,BDL,null,OS,null,OS,0.74,OK,26.93,OK,8.61,OK
2023-11-19 07:00:00,10.28,OK,0.4,BDL,null,OS,null,OS,0.62,OK,19.53,OK,3.24,BDL
2023-11-19 08:00:00,19.44,OK,0.39,BDL,null,OS,null,OS,0.61,OK,2.86,BDL,4.6,OK
2023-11-19 09:00:00,31.32,OK,0.31,BDL,null,OS,null,OS,0.45,OK,12.25,OK,11.49,OK
2023-11-19 10:00:00,36.9,OK,0.28,BDL,null,OS,null,OS,0.43,OK,5.67,OK,14.9,OK
2023-11-19 11:00:00,42.28,OK,0.31,BDL,null,OS,null,OS,0.39,OK,0.86,BDL,4.96,OK
2023-11-19 12:00:00,41.95,OK,0.21,BDL,null,OS,null,OS,0.41,OK,1.15,BDL,-1.19,BDL
2023-11-19 13:00:00,41.06,OK,0.28,BDL,null,OS,null,OS,0.43,OK,5.73,OK,2.0,BDL
2023-11-19 14:00:00,40.75,OK,0.27,BDL,null,OS,null,OS,0.44,OK,8.91,OK,10.63,OK
2023-11-19 15:00:00,40.61,OK,0.2,BDL,null,OS,null,OS,0.43,OK,20.41,OK,11.52,OK
2023-11-19 16:00:00,34.44,OK,0.27,BDL,null,OS,null,OS,0.49,OK,6.68,OK,5.56,OK
2023-11-19 17:00:00,27.43,OK,0.3,BDL,null,OS,null,OS,0.53,OK,20.23,OK,8.75,OK
2023-11-19 18:00:00,23.38,OK,0.26,BDL,null,OS,null,OS,0.55,OK,24.96,OK,7.97,OK
2023-11-19 19:00:00,22.06,OK,0.3,BDL,null,OS,null,OS,0.62,OK,21.84,OK,6.73,OK
2023-11-19 20:00:00,17.03,OK,0.39,BDL,null,OS,null,OS,0.75,OK,20.73,OK,5.45,OK
2023-11-19 21:00:00,9.36,OK,0.36,BDL,null,OS,null,OS,0.76,OK,20.39,OK,7.19,OK
2023-11-19 22:00:00,2.66,OK,0.42,BDL,null,OS,null,OS,0.94,OK,28.2,OK,13.84,OK
2023-11-19 23:00:00,7.88,OK,0.41,BDL,null,OS,null,OS,0.8,OK,41.63,OK,18.34,OK
2023-11-20 00:00:00,8.55,OK,0.38,BDL,null,OS,null,OS,0.69,OK,40.86,OK,15.26,OK
2023-11-20 01:00:00,10.47,OK,0.28,BDL,null,OS,null,OS,0.49,OK,21.5,OK,14.2,OK
2023-11-20 02:00:00,10.92,OK,0.34,BDL,null,OS,null,OS,0.45,OK,23.13,OK,9.34,OK
2023-11-20 03:00:00,4.27,OK,0.28,BDL,null,OS,null,OS,0.52,OK,22.46,OK,6.26,OK
2023-11-20 04:00:00,7.54,OK,0.23,BDL,null,OS,null,OS,0.44,OK,20.14,OK,6.21,OK
2023-11-20 05:00:00,5.03,OK,0.26,BDL,null,OS,null,OS,0.45,OK,12.66,OK,8.61,OK
2023-11-20 06:00:00,2.8,OK,0.41,BDL,null,OS,null,OS,0.67,OK,17.89,OK,5.26,OK
2023-11-20 07:00:00,8.84,OK,0.55,BDL,null,OS,null,OS,0.85,OK,18.77,OK,-2.8,BDL
2023-11-20 08:00:00,25.13,OK,0.51,BDL,null,OS,null,OS,0.7,OK,35.24,OK,0.37,BDL
2023-11-20 09:00:00,44.15,OK,0.31,BDL,null,OS,null,OS,0.38,OK,20.55,OK,12.45,OK
2023-11-20 10:00:00,44.75,OK,0.3,BDL,null,OS,null,OS,0.39,OK,8.18,OK,7.02,OK
2023-11-20 11:00:00,48.51,OK,0.24,BDL,null,OS,null,OS,0.36,OK,16.44,OK,7.81,OK
2023-11-20 12:00:00,49.79,OK,0.25,BDL,null,OS,null,OS,0.35,OK,17.65,OK,8.35,OK
2023-11-20 13:00:00,49.58,OK,0.26,BDL,null,OS,null,OS,0.37,OK,18.61,OK,7.37,OK
2023-11-20 14:00:00,47.8,OK,0.25,BDL,null,OS,null,OS,0.4,OK,14.78,OK,9.65,OK
2023-11-20 15:00:00,49.79,OK,0.3,BDL,null,OS,null,OS,0.37,OK,16.97,OK,12.04,OK
2023-11-20 16:00:00,35.3,OK,0.38,BDL,null,OS,null,OS,0.49,OK,22.75,OK,10.72,OK
2023-11-20 17:00:00,21.42,OK,0.38,BDL,null,OS,null,OS,0.59,OK,37.47,OK,10.74,OK
2023-11-20 18:00:00,10.13,OK,0.36,BDL,null,OS,null,OS,0.72,OK,39.15,OK,4.53,OK
2023-11-20 19:00:00,20.68,OK,0.32,BDL,null,OS,null,OS,0.52,OK,43.8,OK,6.1,OK
2023-11-20 20:00:00,20.65,OK,0.27,BDL,null,OS,null,OS,0.44,OK,29.7,OK,6.9,OK
2023-11-20 21:00:00,14.82,OK,0.36,BDL,null,OS,null,OS,0.51,OK,28.05,OK,6.96,OK
2023-11-20 22:00:00,7.35,OK,0.37,BDL,null,OS,null,OS,0.59,OK,27.91,OK,0.71,BDL
2023-11-20 23:00:00,1.83,OK,0.42,BDL,null,OS,null,OS,0.65,OK,28.81,OK,3.9,BDL
2023-11-21 00:00:00,7.19,OK,0.39,BDL,null,OS,null,OS,0.48,OK,35.69,OK,12.11,OK
2023-11-21 01:00:00,17.38,OK,0.39,BDL,null,OS,null,OS,0.4,OK,28.91,OK,12.16,OK
2023-11-21 02:00:00,40.52,OK,0.68,BDL,null,OS,null,OS,0.3,OK,15.18,OK,0.43,BDL
2023-11-21 03:00:00,39.9,OK,0.63,BDL,null,OS,null,OS,0.31,OK,10.15,OK,-2.47,BDL
2023-11-21 04:00:00,40.56,OK,0.58,BDL,null,OS,null,OS,0.31,OK,11.0,OK,0.81,BDL
2023-11-21 05:00:00,39.64,OK,0.57,BDL,null,OS,null,OS,0.33,OK,31.59,OK,2.04,BDL
2023-11-21 06:00:00,38.03,OK,0.6,BDL,null,OS,null,OS,0.36,OK,72.78,OK,3.53,BDL
2023-11-21 07:00:00,39.46,OK,0.5,BDL,null,OS,null,OS,0.37,OK,34.58,OK,8.27,OK
2023-11-21 08:00:00,40.37,OK,0.34,BDL,null,OS,null,OS,0.38,OK,36.59,OK,18.03,OK
2023-11-21 09:00:00,41.06,OK,0.27,BDL,null,OS,null,OS,0.39,OK,96.4,OK,19.14,OK
2023-11-21 10:00:00,42.52,OK,0.24,BDL,null,OS,null,OS,0.38,OK,45.18,OK,14.89,OK
2023-11-21 11:00:00,43.03,OK,0.23,BDL,null,OS,null,OS,0.38,OK,24.8,OK,9.24,OK
2023-11-21 12:00:00,44.0,OK,0.31,BDL,null,OS,null,OS,0.38,OK,23.9,OK,13.63,OK
2023-11-21 13:00:00,42.57,OK,0.22,BDL,null,OS,null,OS,0.41,OK,62.77,OK,10.14,OK
2023-11-21 14:00:00,42.7,OK,0.3,BDL,null,OS,null,OS,0.41,OK,40.72,OK,12.31,OK
2023-11-21 15:00:00,42.3,OK,0.32,BDL,null,OS,null,OS,0.39,OK,32.78,OK,11.35,OK
2023-11-21 16:00:00,39.3,OK,0.31,BDL,null,OS,null,OS,0.41,OK,32.95,OK,12.14,OK
2023-11-21 17:00:00,37.5,OK,0.24,BDL,null,OS,null,OS,0.43,OK,19.64,OK,5.27,OK
2023-11-21 18:00:00,39.28,OK,0.32,BDL,null,OS,null,OS,0.4,OK,16.82,OK,-0.37,BDL
2023-11-21 19:00:00,42.03,OK,0.3,BDL,null,OS,null,OS,0.36,OK,11.41,OK,1.51,BDL
2023-11-21 20:00:00,42.21,OK,0.34,BDL,null,OS,null,OS,0.36,OK,13.85,OK,0.54,BDL
2023-11-21 21:00:00,42.19,OK,0.31,BDL,null,OS,null,OS,0.36,OK,13.02,OK,5.34,OK
2023-11-21 22:00:00,38.81,OK,0.41,BDL,null,OS,null,OS,0.35,OK,4.39,OK,6.0,OK
2023-11-21 23:00:00,43.37,OK,0.35,BDL,null,OS,null,OS,0.33,OK,10.21,OK,2.87,BDL
2023-11-22 00:00:00,41.38,OK,0.38,BDL,null,OS,null,OS,0.34,OK,6.17,OK,-1.15,BDL
2023-11-22 01:00:00,42.66,OK,0.73,BDL,null,OS,null,OS,0.33,OK,10.72,OK,0.16,BDL
2023-11-22 02:00:00,43.08,OK,0.74,BDL,null,OS,null,OS,0.33,OK,11.4,OK,1.57,BDL
2023-11-22 03:00:00,43.21,OK,0.52,BDL,null,OS,null,OS,0.33,OK,13.55,OK,0.36,BDL
2023-11-22 04:00:00,42.99,OK,0.43,BDL,null,OS,null,OS,0.33,OK,38.53,OK,1.08,BDL
2023-11-22 05:00:00,40.85,OK,0.5,BDL,null,OS,null,OS,0.34,OK,58.71,OK,2.99,BDL
2023-11-22 06:00:00,38.65,OK,0.65,BDL,null,OS,null,OS,0.37,OK,108.2,OK,8.92,OK
2023-11-22 07:00:00,36.6,OK,0.61,BDL,null,OS,null,OS,0.41,OK,81.48,OK,5.77,OK
2023-11-22 08:00:00,39.64,OK,0.61,BDL,null,OS,null,OS,0.4,OK,139.1,OK,5.69,OK
2023-11-22 09:00:00,42.02,OK,0.62,BDL,null,OS,null,OS,0.39,OK,86.34,OK,16.37,OK
2023-11-22 10:00:00,43.37,OK,0.67,BDL,null,OS,null,OS,0.39,OK,22.48,OK,9.85,OK
2023-11-22 11:00:00,43.81,OK,0.62,BDL,null,OS,null,OS,0.4,OK,16.54,OK,5.2,OK
2023-11-22 12:00:00,44.31,OK,0.42,BDL,null,OS,null,OS,0.42,OK,17.26,OK,10.22,OK
2023-11-22 13:00:00,45.73,OK,0.44,BDL,null,OS,null,OS,0.42,OK,12.52,OK,9.1,OK
2023-11-22 14:00:00,44.18,OK,0.5,BDL,null,OS,null,OS,0.42,OK,6.28,OK,6.17,OK
2023-11-22 15:00:00,39.17,OK,0.66,BDL,null,OS,null,OS,0.46,OK,10.62,OK,12.76,OK
2023-11-22 16:00:00,18.79,OK,0.61,BDL,null,OS,null,OS,0.67,OK,22.6,OK,12.38,OK
2023-11-22 17:00:00,1.5,OK,1.52,OK,null,OS,null,OS,2.0,OK,26.42,OK,12.49,OK
2023-11-22 18:00:00,2.86,OK,2.87,OK,null,OS,null,OS,4.04,OK,69.03,OK,17.94,OK
2023-11-22 19:00:00,1.42,OK,1.95,OK,null,OS,null,OS,2.5,OK,83.05,OK,31.92,OK
2023-11-22 20:00:00,0.94,BDL,1.23,OK,null,OS,null,OS,1.66,OK,70.64,OK,19.14,OK
2023-11-22 21:00:00,1.37,OK,1.22,OK,null,OS,null,OS,1.27,OK,68.46,OK,21.55,OK
2023-11-22 22:00:00,0.82,BDL,1.06,OK,null,OS,null,OS,0.97,OK,83.72,OK,40.3,OK
2023-11-22 23:00:00,2.05,OK,0.85,BDL,null,OS,null,OS,0.65,OK,79.15,OK,41.51,OK
2023-11-23 00:00:00,8.04,OK,0.52,BDL,null,OS,null,OS,0.42,OK,33.26,OK,5.19,OK
2023-11-23 01:00:00,8.32,OK,0.53,BDL,null,OS,null,OS,0.42,OK,14.73,OK,5.68,OK
2023-11-23 02:00:00,11.47,OK,0.41,BDL,null,OS,null,OS,0.4,OK,6.97,OK,3.37,BDL
2023-11-23 03:00:00,12.87,OK,0.43,BDL,null,OS,null,OS,0.4,OK,4.24,OK,-0.31,BDL
2023-11-23 04:00:00,9.8,OK,0.57,BDL,null,OS,null,OS,0.43,OK,18.28,OK,-0.75,BDL
2023-11-23 05:00:00,2.0,OK,0.47,BDL,null,OS,null,OS,0.6,OK,29.81,OK,2.19,BDL
2023-11-23 06:00:00,1.73,OK,0.81,BDL,null,OS,null,OS,0.95,OK,50.97,OK,3.85,BDL
2023-11-23 07:00:00,5.53,OK,0.92,BDL,null,OS,null,OS,1.01,OK,59.84,OK,0.88,BDL
2023-11-23 08:00:00,20.0,OK,0.76,BDL,null,OS,null,OS,0.58,OK,44.26,OK,1.6,BDL
2023-11-23 09:00:00,26.6,OK,0.85,BDL,null,OS,null,OS,0.57,OK,20.29,OK,18.4,OK
2023-11-23 10:00:00,30.89,OK,0.71,BDL,null,OS,null,OS,0.55,OK,21.48,OK,10.94,OK
2023-11-23 11:00:00,36.15,OK,0.57,BDL,null,OS,null,OS,0.56,OK,18.61,OK,19.89,OK
2023-11-23 12:00:00,39.19,OK,0.49,BDL,null,OS,null,OS,0.59,OK,17.31,OK,13.7,OK
2023-11-23 13:00:00,39.3,OK,0.45,BDL,null,OS,null,OS,0.57,OK,21.18,OK,20.17,OK
2023-11-23 14:00:00,40.41,OK,0.45,BDL,null,OS,null,OS,0.57,OK,18.91,OK,12.83,OK
2023-11-23 15:00:00,39.37,OK,0.54,BDL,null,OS,null,OS,0.57,OK,29.29,OK,15.87,OK
2023-11-23 16:00:00,30.74,OK,0.53,BDL,null,OS,null,OS,0.67,OK,33.18,OK,19.42,OK
2023-11-23 17:00:00,17.28,OK,0.65,BDL,null,OS,null,OS,0.9,OK,31.26,OK,5.39,OK
2023-11-23 18:00:00,9.06,OK,0.61,BDL,null,OS,null,OS,1.17,OK,47.34,OK,2.94,BDL
2023-11-23 19:00:00,0.95,BDL,1.38,OK,null,OS,null,OS,2.03,OK,61.62,OK,19.21,OK
2023-11-23 20:00:00,1.62,OK,1.48,OK,null,OS,null,OS,1.48,OK,78.09,OK,26.69,OK
2023-11-23 21:00:00,10.74,OK,0.55,BDL,null,OS,null,OS,0.67,OK,38.9,OK,12.82,OK
2023-11-23 22:00:00,11.09,OK,0.55,BDL,null,OS,null,OS,0.64,OK,31.91,OK,16.63,OK
2023-11-23 23:00:00,24.02,OK,0.5,BDL,null,OS,null,OS,0.51,OK,16.1,OK,10.88,OK
2023-11-24 00:00:00,24.23,OK,0.35,BDL,null,OS,null,OS,0.5,OK,21.98,OK,18.89,OK
2023-11-24 01:00:00,27.98,OK,0.39,BDL,null,OS,null,OS,0.48,OK,12.74,OK,11.11,OK
2023-11-24 02:00:00,24.9,OK,0.38,BDL,null,OS,null,OS,0.46,OK,18.91,OK,7.49,OK
2023-11-24 03:00:00,24.76,OK,0.46,BDL,null,OS,null,OS,0.44,OK,26.31,OK,8.92,OK
2023-11-24 04:00:00,24.01,OK,0.36,BDL,null,OS,null,OS,0.46,OK,12.62,OK,10.07,OK
2023-11-24 05:00:00,12.39,OK,0.44,BDL,null,OS,null,OS,0.56,OK,8.36,OK,2.33,BDL
2023-11-24 06:00:00,5.72,OK,0.52,BDL,null,OS,null,OS,0.74,OK,31.75,OK,2.7,BDL
2023-11-24 07:00:00,10.79,OK,0.51,BDL,null,OS,null,OS,0.82,OK,38.53,OK,3.39,BDL
2023-11-24 08:00:00,24.25,OK,0.39,BDL,null,OS,null,OS,0.67,OK,27.59,OK,3.93,BDL
2023-11-24 09:00:00,35.19,OK,0.37,BDL,null,OS,null,OS,0.6,OK,18.69,OK,10.81,OK
2023-11-24 10:00:00,38.97,OK,0.41,BDL,null,OS,null,OS,0.58,OK,9.43,OK,15.2,OK
2023-11-24 11:00:00,43.3,OK,0.37,BDL,null,OS,null,OS,0.55,OK,8.74,OK,14.37,OK
2023-11-24 12:00:00,44.87,OK,0.46,BDL,null,OS,null,OS,0.54,OK,30.81,OK,17.43,OK
2023-11-24 13:00:00,46.23,OK,0.39,BDL,null,OS,null,OS,0.51,OK,27.54,OK,10.53,OK
2023-11-24 14:00:00,45.09,OK,0.29,BDL,null,OS,null,OS,0.52,OK,22.68,OK,21.06,OK
2023-11-24 15:00:00,40.86,OK,0.3,BDL,null,OS,null,OS,0.58,OK,18.18,OK,14.96,OK
2023-11-24 16:00:00,34.17,OK,0.37,BDL,null,OS,null,OS,0.64,OK,27.06,OK,19.11,OK
2023-11-24 17:00:00,25.67,OK,0.3,BDL,null,OS,null,OS,0.73,OK,33.4,OK,12.11,OK
2023-11-24 18:00:00,17.14,OK,0.39,BDL,null,OS,null,OS,0.89,OK,36.05,OK,6.56,OK
2023-11-24 19:00:00,14.88,OK,0.51,BDL,null,OS,null,OS,1.02,OK,43.78,OK,9.41,OK
2023-11-24 20:00:00,12.08,OK,0.33,BDL,null,OS,null,OS,0.91,OK,28.8,OK,7.56,OK
2023-11-24 21:00:00,2.84,OK,0.46,BDL,null,OS,null,OS,1.1,OK,39.64,OK,24.08,OK
2023-11-24 22:00:00,18.18,OK,0.39,BDL,null,OS,null,OS,0.61,OK,24.05,OK,6.63,OK
2023-11-24 23:00:00,3.68,OK,0.47,BDL,null,OS,null,OS,0.65,OK,27.44,OK,15.31,OK
2023-11-25 00:00:00,11.57,OK,0.34,BDL,null,OS,null,OS,0.62,OK,26.39,OK,13.36,OK
2023-11-25 01:00:00,5.17,OK,0.36,BDL,null,OS,null,OS,0.65,OK,20.51,OK,9.68,OK
2023-11-25 02:00:00,8.23,OK,0.32,BDL,null,OS,null,OS,0.53,OK,27.43,OK,9.77,OK
2023-11-25 03:00:00,11.92,OK,0.24,BDL,null,OS,null,OS,0.5,OK,22.13,OK,8.43,OK
2023-11-25 04:00:00,14.58,OK,0.28,BDL,null,OS,null,OS,0.49,OK,14.57,OK,5.77,OK
2023-11-25 05:00:00,8.95,OK,0.33,BDL,null,OS,null,OS,0.5,OK,13.44,OK,2.42,BDL
2023-11-25 06:00:00,6.17,OK,0.36,BDL,null,OS,null,OS,0.58,OK,16.49,OK,2.47,BDL
2023-11-25 07:00:00,9.41,OK,0.51,BDL,null,OS,null,OS,0.75,OK,28.53,OK,0.56,BDL
2023-11-25 08:00:00,21.16,OK,0.47,BDL,null,OS,null,OS,0.69,OK,31.89,OK,2.18,BDL
2023-11-25 09:00:00,31.99,OK,0.34,BDL,null,OS,null,OS,0.67,OK,27.17,OK,11.91,OK
2023-11-25 10:00:00,42.1,OK,0.35,BDL,null,OS,null,OS,0.59,OK,28.1,OK,6.67,OK
2023-11-25 11:00:00,42.12,OK,0.28,BDL,null,OS,null,OS,0.6,OK,18.2,OK,18.73,OK
2023-11-25 12:00:00,43.01,OK,0.36,BDL,null,OS,null,OS,0.56,OK,15.07,OK,13.78,OK
2023-11-25 13:00:00,41.51,OK,0.34,BDL,null,OS,null,OS,0.58,OK,11.69,OK,12.57,OK
2023-11-25 14:00:00,40.87,OK,0.35,BDL,null,OS,null,OS,0.59,OK,13.91,OK,14.73,OK
2023-11-25 15:00:00,39.97,OK,0.28,BDL,null,OS,null,OS,0.59,OK,31.94,OK,16.9,OK
2023-11-25 16:00:00,32.61,OK,0.33,BDL,null,OS,null,OS,0.75,OK,17.54,OK,4.74,OK
2023-11-25 17:00:00,20.06,OK,0.34,BDL,null,OS,null,OS,0.87,OK,26.71,OK,15.74,OK
2023-11-25 18:00:00,24.29,OK,0.38,BDL,null,OS,null,OS,0.67,OK,26.99,OK,4.69,OK
2023-11-25 19:00:00,16.28,OK,0.28,BDL,null,OS,null,OS,0.75,OK,23.81,OK,2.93,BDL
2023-11-25 20:00:00,6.47,OK,0.37,BDL,null,OS,null,OS,0.99,OK,53.86,OK,20.12,OK
2023-11-25 21:00:00,5.41,OK,0.43,BDL,null,OS,null,OS,0.92,OK,37.91,OK,8.3,OK
2023-11-25 22:00:00,0.85,BDL,0.43,BDL,null,OS,null,OS,1.14,OK,48.04,OK,14.37,OK
2023-11-25 23:00:00,1.77,OK,0.45,BDL,null,OS,null,OS,0.96,OK,56.23,OK,25.45,OK
2023-11-26 00:00:00,5.86,OK,0.37,BDL,null,OS,null,OS,0.67,OK,47.14,OK,15.16,OK
2023-11-26 01:00:00,9.43,OK,0.26,BDL,null,OS,null,OS,0.58,OK,29.47,OK,10.05,OK
2023-11-26 02:00:00,18.67,OK,0.3,BDL,null,OS,null,OS,0.48,OK,14.42,OK,10.32,OK
2023-11-26 03:00:00,12.34,OK,0.28,BDL,null,OS,null,OS,0.47,OK,10.86,OK,6.02,OK
2023-11-26 04:00:00,15.56,OK,0.24,BDL,null,OS,null,OS,0.47,OK,11.47,OK,4.14,OK
2023-11-26 05:00:00,16.35,OK,0.24,BDL,null,OS,null,OS,0.48,OK,-1.8,BDL,0.82,BDL
2023-11-26 06:00:00,10.46,OK,0.28,BDL,null,OS,null,OS,0.57,OK,5.92,OK,-1.66,BDL
2023-11-26 07:00:00,14.18,OK,0.37,BDL,null,OS,null,OS,0.55,OK,15.51,OK,-3.71,BDL
2023-11-26 08:00:00,24.48,OK,0.35,BDL,null,OS,null,OS,0.58,OK,15.91,OK,-3.96,BDL
2023-11-26 09:00:00,36.99,OK,0.41,BDL,null,OS,null,OS,0.56,OK,22.58,OK,3.13,BDL
2023-11-26 10:00:00,44.05,OK,0.34,BDL,null,OS,null,OS,0.53,OK,15.31,OK,17.97,OK
2023-11-26 11:00:00,47.0,OK,0.27,BDL,null,OS,null,OS,0.53,OK,5.62,OK,9.69,OK
2023-11-26 12:00:00,44.91,OK,0.28,BDL,null,OS,null,OS,0.57,OK,17.88,OK,29.7,OK
2023-11-26 13:00:00,45.87,OK,0.32,BDL,null,OS,null,OS,0.54,OK,18.17,OK,11.15,OK
2023-11-26 14:00:00,45.3,OK,0.29,BDL,null,OS,null,OS,0.54,OK,15.07,OK,13.23,OK
2023-11-26 15:00:00,43.27,OK,0.3,BDL,null,OS,null,OS,0.53,OK,26.37,OK,19.75,OK
2023-11-26 16:00:00,35.28,OK,0.31,BDL,null,OS,null,OS,0.62,OK,13.77,OK,14.36,OK
2023-11-26 17:00:00,22.86,OK,0.42,BDL,null,OS,null,OS,0.73,OK,28.38,OK,8.23,OK
2023-11-26 18:00:00,23.48,OK,0.33,BDL,null,OS,null,OS,0.66,OK,32.72,OK,5.64,OK
2023-11-26 19:00:00,15.81,OK,0.35,BDL,null,OS,null,OS,0.78,OK,28.98,OK,5.1,OK
2023-11-26 20:00:00,7.04,OK,0.41,BDL,null,OS,null,OS,0.85,OK,43.99,OK,5.83,OK
2023-11-26 21:00:00,13.51,OK,0.35,BDL,null,OS,null,OS,0.79,OK,61.0,OK,29.62,OK
2023-11-26 22:00:00,14.06,OK,0.4,BDL,null,OS,null,OS,0.71,OK,31.3,OK,10.41,OK
2023-11-26 23:00:00,11.75,OK,0.36,BDL,null,OS,null,OS,0.7,OK,25.01,OK,10.76,OK
2023-11-27 00:00:00,10.67,OK,0.37,BDL,null,OS,null,OS,0.63,OK,35.74,OK,17.71,OK
2023-11-27 01:00:00,11.32,OK,0.34,BDL,null,OS,null,OS,0.55,OK,37.31,OK,24.66,OK
2023-11-27 02:00:00,6.46,OK,0.35,BDL,null,OS,null,OS,0.53,OK,28.38,OK,17.07,OK
2023-11-27 03:00:00,10.98,OK,0.33,BDL,null,OS,null,OS,0.48,OK,13.76,OK,9.1,OK
2023-11-27 04:00:00,11.26,OK,0.25,BDL,null,OS,null,OS,0.48,OK,12.25,OK,5.56,OK
2023-11-27 05:00:00,6.23,OK,0.24,BDL,null,OS,null,OS,0.59,OK,10.93,OK,2.75,BDL
2023-11-27 06:00:00,4.78,OK,0.34,BDL,null,OS,null,OS,0.73,OK,20.78,OK,1.43,BDL
2023-11-27 07:00:00,7.92,OK,0.54,BDL,null,OS,null,OS,0.86,OK,36.06,OK,-2.12,BDL
2023-11-27 08:00:00,13.94,OK,0.47,BDL,null,OS,null,OS,0.8,OK,47.95,OK,-0.47,BDL
2023-11-27 09:00:00,24.32,OK,0.42,BDL,null,OS,null,OS,0.75,OK,35.75,OK,15.56,OK
2023-11-27 10:00:00,32.46,OK,0.35,BDL,null,OS,null,OS,0.73,OK,13.22,OK,11.75,OK
2023-11-27 11:00:00,41.93,OK,0.33,BDL,null,OS,null,OS,0.63,OK,14.44,OK,21.33,OK
2023-11-27 12:00:00,42.99,OK,0.32,BDL,null,OS,null,OS,0.63,OK,26.59,OK,15.83,OK
2023-11-27 13:00:00,43.19,OK,0.33,BDL,null,OS,null,OS,0.61,OK,16.34,OK,22.8,OK
2023-11-27 14:00:00,38.3,OK,0.39,BDL,null,OS,null,OS,0.67,OK,17.52,OK,13.16,OK
2023-11-27 15:00:00,31.97,OK,0.42,BDL,null,OS,null,OS,0.75,OK,18.42,OK,21.84,OK
2023-11-27 16:00:00,21.83,OK,0.63,BDL,null,OS,null,OS,0.96,OK,23.28,OK,18.23,OK
2023-11-27 17:00:00,12.11,OK,0.98,BDL,null,OS,null,OS,1.08,OK,31.35,OK,9.59,OK
2023-11-27 18:00:00,11.1,OK,1.08,OK,null,OS,null,OS,0.94,OK,41.04,OK,10.48,OK
2023-11-27 19:00:00,12.1,OK,0.54,BDL,null,OS,null,OS,0.77,OK,32.26,OK,6.79,OK
2023-11-27 20:00:00,9.19,OK,0.48,BDL,null,OS,null,OS,0.89,OK,29.32,OK,6.0,OK
2023-11-27 21:00:00,2.21,OK,0.48,BDL,null,OS,null,OS,0.93,OK,38.99,OK,11.91,OK
2023-11-27 22:00:00,0.72,BDL,0.57,BDL,null,OS,null,OS,1.09,OK,42.87,OK,5.13,OK
2023-11-27 23:00:00,9.33,OK,0.52,BDL,null,OS,null,OS,0.71,OK,40.98,OK,13.17,OK
2023-11-28 00:00:00,15.52,OK,0.42,BDL,null,OS,null,OS,0.56,OK,29.62,OK,23.28,OK
2023-11-28 01:00:00,18.27,OK,0.36,BDL,null,OS,null,OS,0.52,OK,12.81,OK,6.33,OK
2023-11-28 02:00:00,14.35,OK,0.31,BDL,null,OS,null,OS,0.53,OK,13.3,OK,0.08,BDL
2023-11-28 03:00:00,15.38,OK,0.29,BDL,null,OS,null,OS,0.49,OK,16.18,OK,6.06,OK
2023-11-28 04:00:00,11.25,OK,0.25,BDL,null,OS,null,OS,0.52,OK,16.54,OK,5.29,OK
2023-11-28 05:00:00,4.45,OK,0.39,BDL,null,OS,null,OS,0.65,OK,41.99,OK,3.63,BDL
2023-11-28 06:00:00,3.47,OK,0.46,BDL,null,OS,null,OS,0.81,OK,33.5,OK,6.67,OK
2023-11-28 07:00:00,8.98,OK,0.59,BDL,null,OS,null,OS,0.93,OK,37.1,OK,1.16,BDL
2023-11-28 08:00:00,23.11,OK,0.41,BDL,null,OS,null,OS,0.66,OK,29.25,OK,0.33,BDL
2023-11-28 09:00:00,30.07,OK,0.38,BDL,null,OS,null,OS,0.59,OK,22.99,OK,12.51,OK
2023-11-28 10:00:00,33.41,OK,0.38,BDL,null,OS,null,OS,0.64,OK,24.55,OK,16.28,OK
2023-11-28 11:00:00,34.71,OK,0.31,BDL,null,OS,null,OS,0.68,OK,19.09,OK,13.02,OK
2023-11-28 12:00:00,35.35,OK,0.35,BDL,null,OS,null,OS,0.74,OK,17.42,OK,31.19,OK
2023-11-28 13:00:00,38.32,OK,0.32,BDL,null,OS,null,OS,0.63,OK,22.38,OK,19.43,OK
2023-11-28 14:00:00,34.18,OK,0.3,BDL,null,OS,null,OS,0.68,OK,21.95,OK,23.11,OK
2023-11-28 15:00:00,32.23,OK,0.39,BDL,null,OS,null,OS,0.71,OK,20.39,OK,5.21,OK
2023-11-28 16:00:00,19.09,OK,0.53,BDL,null,OS,null,OS,1.01,OK,35.31,OK,17.66,OK
2023-11-28 17:00:00,7.74,OK,0.66,BDL,null,OS,null,OS,1.17,OK,42.39,OK,8.53,OK
2023-11-28 18:00:00,16.88,OK,0.44,BDL,null,OS,null,OS,0.77,OK,41.14,OK,13.32,OK
2023-11-28 19:00:00,12.94,OK,0.4,BDL,null,OS,null,OS,0.8,OK,30.53,OK,5.76,OK
2023-11-28 20:00:00,10.63,OK,0.36,BDL,null,OS,null,OS,0.75,OK,30.57,OK,6.45,OK
2023-11-28 21:00:00,8.71,OK,0.35,BDL,null,OS,null,OS,0.75,OK,38.29,OK,5.59,OK
2023-11-28 22:00:00,14.12,OK,0.35,BDL,null,OS,null,OS,0.7,OK,34.98,OK,5.92,OK
2023-11-28 23:00:00,21.93,OK,0.3,BDL,null,OS,null,OS,0.6,OK,29.82,OK,16.81,OK
2023-11-29 00:00:00,21.28,OK,0.29,BDL,null,OS,null,OS,0.54,OK,16.18,OK,5.65,OK
2023-11-29 01:00:00,13.91,OK,0.3,BDL,null,OS,null,OS,0.56,OK,26.21,OK,8.45,OK
2023-11-29 02:00:00,4.96,OK,0.3,BDL,null,OS,null,OS,0.57,OK,27.56,OK,12.17,OK
2023-11-29 03:00:00,1.96,OK,0.24,BDL,null,OS,null,OS,0.57,OK,29.28,OK,14.95,OK
2023-11-29 04:00:00,5.97,OK,0.27,BDL,null,OS,null,OS,0.54,OK,24.53,OK,9.78,OK
2023-11-29 05:00:00,2.96,OK,0.38,BDL,null,OS,null,OS,0.61,OK,23.6,OK,7.47,OK
2023-11-29 06:00:00,3.64,OK,0.33,BDL,null,OS,null,OS,0.72,OK,17.94,OK,5.32,OK
2023-11-29 07:00:00,7.5,OK,0.46,BDL,null,OS,null,OS,0.79,OK,22.98,OK,0.53,BDL
2023-11-29 08:00:00,9.16,OK,0.64,BDL,null,OS,null,OS,1.09,OK,25.92,OK,-1.15,BDL
2023-11-29 09:00:00,17.63,OK,0.56,BDL,null,OS,null,OS,1.07,OK,38.59,OK,11.18,OK
2023-11-29 10:00:00,30.14,OK,0.4,BDL,null,OS,null,OS,0.77,OK,33.5,OK,25.05,OK
2023-11-29 11:00:00,33.85,OK,0.28,BDL,null,OS,null,OS,0.68,OK,25.25,OK,11.76,OK
2023-11-29 12:00:00,35.32,OK,0.36,BDL,null,OS,null,OS,0.65,OK,18.13,OK,13.19,OK
2023-11-29 13:00:00,34.7,OK,0.37,BDL,null,OS,null,OS,0.66,OK,23.26,OK,12.31,OK
2023-11-29 14:00:00,35.85,OK,0.37,BDL,null,OS,null,OS,0.68,OK,24.17,OK,16.33,OK
2023-11-29 15:00:00,33.75,OK,0.34,BDL,null,OS,null,OS,0.66,OK,21.54,OK,18.16,OK
2023-11-29 16:00:00,29.21,OK,0.33,BDL,null,OS,null,OS,0.67,OK,39.62,OK,13.39,OK
2023-11-29 17:00:00,23.41,OK,0.3,BDL,null,OS,null,OS,0.78,OK,33.6,OK,12.14,OK
2023-11-29 18:00:00,19.6,OK,0.36,BDL,null,OS,null,OS,0.81,OK,24.6,OK,4.49,OK
2023-11-29 19:00:00,7.82,OK,0.43,BDL,null,OS,null,OS,0.95,OK,27.37,OK,5.36,OK
2023-11-29 20:00:00,10.97,OK,0.39,BDL,null,OS,null,OS,0.84,OK,43.99,OK,8.15,OK
2023-11-29 21:00:00,18.06,OK,0.32,BDL,null,OS,null,OS,0.71,OK,33.95,OK,16.4,OK
2023-11-29 22:00:00,12.7,OK,0.31,BDL,null,OS,null,OS,0.72,OK,14.64,OK,6.51,OK
2023-11-29 23:00:00,17.39,OK,0.28,BDL,null,OS,null,OS,0.67,OK,18.57,OK,2.16,BDL
2023-11-30 00:00:00,16.02,OK,0.29,BDL,null,OS,null,OS,0.69,OK,23.52,OK,11.59,OK
2023-11-30 01:00:00,16.08,OK,0.18,BDL,null,OS,null,OS,0.65,OK,14.76,OK,12.15,OK
2023-11-30 02:00:00,16.23,OK,-0.02,BDL,null,OS,null,OS,0.62,OK,18.54,OK,13.75,OK
