Red Universitaria de Observatorios Atmosfericos (RUOA)
Atmospheric Observatory Hermosillo (erno), Sonora
Lat 29.0814 N, Lon 110.9706 W, Alt 154 masl
Time UTC-7h
Air Quality data
Flags: OK = Reliable data, BDL = Below Detection Limit, OR = Out of Range, OS = Out of Service 
 
Time,O3,O3_flag,SO2,SO2_flag,NO2,NO2_flag,NO,NO_flag,CO,CO_flag,PM10,PM10_flag,PM2.5,PM2.5_flag
yyyy-mm-dd HH:MM:SS,ppb,flag,ppb,flag,ppb,flag,ppb,flag,ppm,flag,ug/m^3,flag,ug/m^3,flag
2023-12-01 00:00:00,6.32,OK,0.35,BDL,null,OS,null,OS,0.84,OK,29.69,OK,9.2,OK
2023-12-01 01:00:00,3.94,OK,0.33,BDL,null,OS,null,OS,0.93,OK,30.52,OK,18.07,OK
2023-12-01 02:00:00,7.54,OK,0.34,BDL,null,OS,null,OS,0.65,OK,27.4,OK,18.92,OK
2023-12-01 03:00:00,10.68,OK,0.33,BDL,null,OS,null,OS,0.58,OK,17.12,OK,10.42,OK
2023-12-01 04:00:00,5.98,OK,0.3,BDL,null,OS,null,OS,0.59,OK,14.95,OK,10.97,OK
2023-12-01 05:00:00,0.81,BDL,0.36,BDL,null,OS,null,OS,0.73,OK,23.83,OK,6.71,OK
2023-12-01 06:00:00,1.17,OK,0.43,BDL,null,OS,null,OS,0.83,OK,20.32,OK,4.59,OK
2023-12-01 07:00:00,4.23,OK,0.63,BDL,null,OS,null,OS,0.99,OK,25.6,OK,1.3,BDL
2023-12-01 08:00:00,17.42,OK,0.42,BDL,null,OS,null,OS,0.76,OK,36.14,OK,-3.37,BDL
2023-12-01 09:00:00,26.63,OK,0.42,BDL,null,OS,null,OS,0.71,OK,28.05,OK,2.46,BDL
2023-12-01 10:00:00,36.71,OK,0.35,BDL,null,OS,null,OS,0.66,OK,10.42,OK,9.48,OK
2023-12-01 11:00:00,38.53,OK,0.3,BDL,null,OS,null,OS,0.69,OK,8.29,OK,6.02,OK
2023-12-01 12:00:00,41.09,OK,0.34,BDL,null,OS,null,OS,0.7,OK,13.14,OK,19.04,OK
2023-12-01 13:00:00,41.66,OK,0.29,BDL,null,OS,null,OS,0.72,OK,18.36,OK,2.98,BDL
2023-12-01 14:00:00,38.63,OK,0.34,BDL,null,OS,null,OS,0.72,OK,10.53,OK,11.35,OK
2023-12-01 15:00:00,34.71,OK,0.39,BDL,null,OS,null,OS,0.75,OK,23.85,OK,16.7,OK
2023-12-01 16:00:00,19.51,OK,0.42,BDL,null,OS,null,OS,1.1,OK,27.68,OK,4.79,OK
2023-12-01 17:00:00,22.41,OK,0.37,BDL,null,OS,null,OS,0.84,OK,27.21,OK,9.48,OK
2023-12-01 18:00:00,20.68,OK,0.43,BDL,null,OS,null,OS,0.9,OK,26.13,OK,4.69,OK
2023-12-01 19:00:00,12.46,OK,0.41,BDL,null,OS,null,OS,1.04,OK,32.06,OK,10.07,OK
2023-12-01 20:00:00,22.32,OK,0.3,BDL,null,OS,null,OS,0.75,OK,30.08,OK,10.55,OK
2023-12-01 21:00:00,8.3,OK,0.39,BDL,null,OS,null,OS,1.1,OK,19.76,OK,11.55,OK
2023-12-01 22:00:00,21.76,OK,0.32,BDL,null,OS,null,OS,0.69,OK,27.37,OK,9.21,OK
2023-12-01 23:00:00,18.39,OK,0.29,BDL,null,OS,null,OS,0.66,OK,22.02,OK,10.53,OK
2023-12-02 00:00:00,13.65,OK,0.25,BDL,null,OS,null,OS,0.62,OK,19.49,OK,9.73,OK
2023-12-02 01:00:00,2.89,OK,0.3,BDL,null,OS,null,OS,0.78,OK,18.97,OK,11.87,OK
2023-12-02 02:00:00,2.97,OK,0.32,BDL,null,OS,null,OS,0.71,OK,25.36,OK,6.62,OK
2023-12-02 03:00:00,11.84,OK,0.28,BDL,null,OS,null,OS,0.55,OK,10.62,OK,6.65,OK
2023-12-02 04:00:00,12.14,OK,0.22,BDL,null,OS,null,OS,0.55,OK,0.71,BDL,2.51,BDL
2023-12-02 05:00:00,9.87,OK,0.17,BDL,null,OS,null,OS,0.61,OK,-2.65,BDL,1.79,BDL
2023-12-02 06:00:00,8.92,OK,0.28,BDL,null,OS,null,OS,0.86,OK,-2.17,BDL,0.04,BDL
2023-12-02 07:00:00,11.12,OK,0.46,BDL,null,OS,null,OS,0.83,OK,8.48,OK,-10.48,OR
2023-12-02 08:00:00,28.07,OK,0.36,BDL,null,OS,null,OS,0.67,OK,26.01,OK,-11.38,OR
2023-12-02 09:00:00,37.67,OK,0.28,BDL,null,OS,null,OS,0.58,OK,20.5,OK,2.34,BDL
2023-12-02 10:00:00,43.77,OK,0.27,BDL,null,OS,null,OS,0.55,OK,8.12,OK,8.66,OK
2023-12-02 11:00:00,47.38,OK,0.31,BDL,null,OS,null,OS,0.54,OK,8.35,OK,7.58,OK
2023-12-02 12:00:00,48.9,OK,0.26,BDL,null,OS,null,OS,0.58,OK,6.11,OK,11.41,OK
2023-12-02 13:00:00,50.26,OK,0.24,BDL,null,OS,null,OS,0.57,OK,8.39,OK,9.65,OK
2023-12-02 14:00:00,49.72,OK,0.26,BDL,null,OS,null,OS,0.58,OK,15.79,OK,11.96,OK
2023-12-02 15:00:00,48.05,OK,0.32,BDL,null,OS,null,OS,0.56,OK,17.59,OK,12.3,OK
2023-12-02 16:00:00,31.56,OK,0.32,BDL,null,OS,null,OS,0.73,OK,9.88,OK,7.76,OK
2023-12-02 17:00:00,3.55,OK,0.53,BDL,null,OS,null,OS,1.2,OK,26.53,OK,10.38,OK
2023-12-02 18:00:00,1.22,OK,1.08,OK,null,OS,null,OS,2.03,OK,40.29,OK,5.95,OK
2023-12-02 19:00:00,2.68,OK,1.5,OK,null,OS,null,OS,2.63,OK,52.07,OK,14.17,OK
2023-12-02 20:00:00,9.36,OK,0.95,BDL,null,OS,null,OS,1.73,OK,72.17,OK,26.61,OK
2023-12-02 21:00:00,10.82,OK,0.71,BDL,null,OS,null,OS,1.19,OK,49.72,OK,10.46,OK
2023-12-02 22:00:00,0.82,BDL,0.8,BDL,null,OS,null,OS,1.46,OK,58.52,OK,17.01,OK
2023-12-02 23:00:00,0.95,BDL,0.79,BDL,null,OS,null,OS,1.55,OK,77.46,OK,34.7,OK
2023-12-03 00:00:00,3.85,OK,0.5,BDL,null,OS,null,OS,0.98,OK,73.96,OK,22.65,OK
2023-12-03 01:00:00,18.36,OK,0.37,BDL,null,OS,null,OS,0.62,OK,23.65,OK,9.94,OK
2023-12-03 02:00:00,25.56,OK,0.31,BDL,null,OS,null,OS,0.56,OK,11.89,OK,2.79,BDL
2023-12-03 03:00:00,22.9,OK,0.29,BDL,null,OS,null,OS,0.57,OK,1.31,BDL,3.62,BDL
2023-12-03 04:00:00,22.74,OK,0.27,BDL,null,OS,null,OS,0.56,OK,6.86,OK,3.66,BDL
2023-12-03 05:00:00,19.29,OK,0.26,BDL,null,OS,null,OS,0.59,OK,-1.62,BDL,1.36,BDL
2023-12-03 06:00:00,18.94,OK,0.3,BDL,null,OS,null,OS,0.63,OK,4.71,OK,-0.06,BDL
2023-12-03 07:00:00,22.46,OK,0.33,BDL,null,OS,null,OS,0.64,OK,2.4,BDL,-4.75,OR
2023-12-03 08:00:00,31.7,OK,0.37,BDL,null,OS,null,OS,0.61,OK,22.21,OK,-6.22,OR
2023-12-03 09:00:00,37.21,OK,0.3,BDL,null,OS,null,OS,0.59,OK,20.11,OK,10.1,OK
2023-12-03 10:00:00,42.37,OK,0.48,BDL,null,OS,null,OS,0.61,OK,9.15,OK,17.19,OK
2023-12-03 11:00:00,47.9,OK,0.37,BDL,null,OS,null,OS,0.73,OK,12.41,OK,13.7,OK
2023-12-03 12:00:00,53.92,OK,0.38,BDL,null,OS,null,OS,0.69,OK,27.82,OK,28.88,OK
2023-12-03 13:00:00,50.88,OK,0.37,BDL,null,OS,null,OS,0.6,OK,16.83,OK,20.64,OK
2023-12-03 14:00:00,46.71,OK,0.38,BDL,null,OS,null,OS,0.64,OK,10.35,OK,18.61,OK
2023-12-03 15:00:00,39.11,OK,0.32,BDL,null,OS,null,OS,0.76,OK,6.85,OK,23.75,OK
2023-12-03 16:00:00,14.19,OK,0.58,BDL,null,OS,null,OS,1.21,OK,21.56,OK,24.78,OK
2023-12-03 17:00:00,1.53,OK,1.05,OK,null,OS,null,OS,1.85,OK,60.57,OK,30.54,OK
2023-12-03 18:00:00,1.5,OK,0.82,BDL,null,OS,null,OS,1.61,OK,71.06,OK,16.1,OK
2023-12-03 19:00:00,1.25,OK,1.29,OK,null,OS,null,OS,2.17,OK,64.06,OK,21.69,OK
2023-12-03 20:00:00,2.03,OK,0.71,BDL,null,OS,null,OS,1.2,OK,77.7,OK,26.03,OK
2023-12-03 21:00:00,3.52,OK,0.63,BDL,null,OS,null,OS,1.22,OK,51.61,OK,7.98,OK
2023-12-03 22:00:00,2.51,OK,0.7,BDL,null,OS,null,OS,1.11,OK,46.36,OK,25.17,OK
2023-12-03 23:00:00,2.68,OK,0.73,BDL,null,OS,null,OS,1.09,OK,55.23,OK,22.45,OK
2023-12-04 00:00:00,0.95,BDL,0.61,BDL,null,OS,null,OS,1.08,OK,48.23,OK,29.0,OK
2023-12-04 01:00:00,8.34,OK,0.49,BDL,null,OS,null,OS,0.89,OK,47.8,OK,25.55,OK
2023-12-04 02:00:00,22.89,OK,0.37,BDL,null,OS,null,OS,0.56,OK,14.55,OK,6.46,OK
2023-12-04 03:00:00,23.14,OK,0.38,BDL,null,OS,null,OS,0.56,OK,5.8,OK,3.9,BDL
2023-12-04 04:00:00,21.65,OK,0.31,BDL,null,OS,null,OS,0.58,OK,8.16,OK,4.61,OK
2023-12-04 05:00:00,6.66,OK,0.38,BDL,null,OS,null,OS,0.77,OK,23.23,OK,4.67,OK
2023-12-04 06:00:00,3.67,OK,0.55,BDL,null,OS,null,OS,0.95,OK,42.57,OK,3.61,BDL
2023-12-04 07:00:00,6.89,OK,0.67,BDL,null,OS,null,OS,1.08,OK,30.51,OK,2.15,BDL
2023-12-04 08:00:00,5.98,OK,1.01,OK,null,OS,null,OS,1.72,OK,56.95,OK,8.3,OK
2023-12-04 09:00:00,17.37,OK,0.79,BDL,null,OS,null,OS,1.21,OK,97.88,OK,28.14,OK
2023-12-04 10:00:00,31.29,OK,0.53,BDL,null,OS,null,OS,0.87,OK,42.78,OK,22.36,OK
2023-12-04 11:00:00,36.62,OK,0.72,BDL,null,OS,null,OS,0.76,OK,37.14,OK,18.4,OK
2023-12-04 12:00:00,39.62,OK,0.66,BDL,null,OS,null,OS,0.79,OK,34.25,OK,23.24,OK
2023-12-04 13:00:00,41.9,OK,0.5,BDL,null,OS,null,OS,0.79,OK,20.94,OK,15.69,OK
2023-12-04 14:00:00,37.0,OK,0.59,BDL,null,OS,null,OS,0.86,OK,21.13,OK,21.08,OK
2023-12-04 15:00:00,32.01,OK,0.54,BDL,null,OS,null,OS,0.82,OK,20.27,OK,17.02,OK
2023-12-04 16:00:00,6.78,OK,0.8,BDL,null,OS,null,OS,1.36,OK,38.8,OK,16.6,OK
2023-12-04 17:00:00,8.32,OK,0.64,BDL,null,OS,null,OS,1.18,OK,83.72,OK,18.15,OK
2023-12-04 18:00:00,8.38,OK,1.46,OK,null,OS,null,OS,1.19,OK,52.76,OK,9.37,OK
2023-12-04 19:00:00,9.07,OK,1.04,OK,null,OS,null,OS,1.02,OK,38.34,OK,10.67,OK
2023-12-04 20:00:00,5.15,OK,0.93,BDL,null,OS,null,OS,1.09,OK,60.15,OK,8.31,OK
2023-12-04 21:00:00,0.57,BDL,0.69,BDL,null,OS,null,OS,1.28,OK,65.28,OK,27.92,OK
2023-12-04 22:00:00,3.9,OK,0.65,BDL,null,OS,null,OS,1.06,OK,41.25,OK,8.66,OK
2023-12-04 23:00:00,1.47,OK,0.52,BDL,null,OS,null,OS,0.89,OK,44.97,OK,12.35,OK
2023-12-05 00:00:00,0.46,BDL,0.59,BDL,null,OS,null,OS,0.99,OK,60.03,OK,31.67,OK
2023-12-05 01:00:00,3.39,OK,0.49,BDL,null,OS,null,OS,0.76,OK,44.76,OK,12.14,OK
2023-12-05 02:00:00,11.19,OK,0.36,BDL,null,OS,null,OS,0.62,OK,21.56,OK,13.92,OK
2023-12-05 03:00:00,17.94,OK,0.31,BDL,null,OS,null,OS,0.57,OK,13.41,OK,4.85,OK
2023-12-05 04:00:00,16.14,OK,0.37,BDL,null,OS,null,OS,0.59,OK,8.51,OK,2.97,BDL
2023-12-05 05:00:00,10.87,OK,0.34,BDL,null,OS,null,OS,0.71,OK,12.6,OK,-0.04,BDL
2023-12-05 06:00:00,3.17,OK,0.49,BDL,null,OS,null,OS,0.93,OK,21.51,OK,-1.8,BDL
2023-12-05 07:00:00,5.05,OK,0.82,BDL,null,OS,null,OS,1.22,OK,40.03,OK,-3.51,BDL
2023-12-05 08:00:00,13.19,OK,0.75,BDL,null,OS,null,OS,1.04,OK,61.24,OK,-0.97,BDL
2023-12-05 09:00:00,17.21,OK,0.62,BDL,null,OS,null,OS,1.03,OK,46.66,OK,16.47,OK
2023-12-05 10:00:00,33.74,OK,0.55,BDL,null,OS,null,OS,0.74,OK,38.89,OK,32.89,OK
2023-12-05 11:00:00,39.15,OK,0.57,BDL,null,OS,null,OS,0.68,OK,23.76,OK,14.08,OK
2023-12-05 12:00:00,36.75,OK,0.59,BDL,null,OS,null,OS,0.83,OK,23.15,OK,24.98,OK
2023-12-05 13:00:00,38.86,OK,0.64,BDL,null,OS,null,OS,0.96,OK,36.62,OK,18.45,OK
2023-12-05 14:00:00,36.47,OK,0.86,BDL,null,OS,null,OS,0.98,OK,56.04,OK,25.69,OK
2023-12-05 15:00:00,13.1,OK,1.16,OK,null,OS,null,OS,1.45,OK,59.84,OK,25.22,OK
2023-12-05 16:00:00,4.85,OK,1.13,OK,null,OS,null,OS,1.74,OK,61.45,OK,13.12,OK
2023-12-05 17:00:00,0.99,BDL,1.44,OK,null,OS,null,OS,2.23,OK,81.6,OK,26.19,OK
2023-12-05 18:00:00,2.39,OK,3.44,OK,null,OS,null,OS,4.68,OK,142.05,OK,52.83,OK
2023-12-05 19:00:00,2.03,OK,3.33,OK,null,OS,null,OS,4.88,OK,178.46,OK,58.72,OK
2023-12-05 20:00:00,1.92,OK,3.13,OK,null,OS,null,OS,4.29,OK,171.26,OK,63.28,OK
2023-12-05 21:00:00,0.74,BDL,1.66,OK,null,OS,null,OS,2.11,OK,106.47,OK,53.83,OK
2023-12-05 22:00:00,4.29,OK,0.7,BDL,null,OS,null,OS,0.91,OK,63.76,OK,22.15,OK
2023-12-05 23:00:00,12.44,OK,0.57,BDL,null,OS,null,OS,0.75,OK,42.77,OK,17.02,OK
2023-12-06 00:00:00,7.79,OK,0.48,BDL,null,OS,null,OS,0.7,OK,22.19,OK,6.13,OK
2023-12-06 01:00:00,7.42,OK,0.47,BDL,null,OS,null,OS,0.68,OK,29.08,OK,11.49,OK
2023-12-06 02:00:00,15.33,OK,0.49,BDL,null,OS,null,OS,0.6,OK,24.81,OK,12.12,OK
2023-12-06 03:00:00,16.4,OK,0.41,BDL,null,OS,null,OS,0.59,OK,18.51,OK,11.88,OK
2023-12-06 04:00:00,15.91,OK,0.31,BDL,null,OS,null,OS,0.61,OK,8.01,OK,2.76,BDL
2023-12-06 05:00:00,10.83,OK,0.38,BDL,null,OS,null,OS,0.72,OK,14.04,OK,0.47,BDL
2023-12-06 06:00:00,2.97,OK,0.5,BDL,null,OS,null,OS,0.86,OK,32.29,OK,2.03,BDL
2023-12-06 07:00:00,2.27,OK,1.1,OK,null,OS,null,OS,1.32,OK,47.16,OK,4.0,OK
2023-12-06 08:00:00,3.16,OK,0.95,BDL,null,OS,null,OS,1.25,OK,63.27,OK,14.71,OK
2023-12-06 09:00:00,7.45,OK,0.86,BDL,null,OS,null,OS,1.13,OK,66.46,OK,17.39,OK
2023-12-06 10:00:00,11.25,OK,0.94,BDL,null,OS,null,OS,1.37,OK,56.47,OK,32.97,OK
2023-12-06 11:00:00,16.55,OK,0.9,BDL,null,OS,null,OS,1.46,OK,66.51,OK,38.85,OK
2023-12-06 12:00:00,28.73,OK,0.76,BDL,null,OS,null,OS,1.22,OK,68.28,OK,25.86,OK
2023-12-06 13:00:00,35.98,OK,0.86,BDL,null,OS,null,OS,0.97,OK,46.51,OK,32.1,OK
2023-12-06 14:00:00,35.77,OK,1.17,OK,null,OS,null,OS,0.93,OK,49.91,OK,28.24,OK
2023-12-06 15:00:00,28.93,OK,0.68,BDL,null,OS,null,OS,0.94,OK,37.86,OK,25.57,OK
2023-12-06 16:00:00,3.57,OK,1.13,OK,null,OS,null,OS,1.79,OK,56.63,OK,33.56,OK
2023-12-06 17:00:00,1.48,OK,2.08,OK,null,OS,null,OS,2.96,OK,111.53,OK,25.65,OK
2023-12-06 18:00:00,2.12,OK,2.97,OK,null,OS,null,OS,3.93,OK,120.18,OK,52.21,OK
2023-12-06 19:00:00,1.52,OK,3.01,OK,null,OS,null,OS,4.25,OK,153.15,OK,72.27,OK
2023-12-06 20:00:00,0.49,BDL,1.92,OK,null,OS,null,OS,2.91,OK,118.93,OK,37.98,OK
2023-12-06 21:00:00,0.82,BDL,1.79,OK,null,OS,null,OS,2.87,OK,93.75,OK,34.5,OK
2023-12-06 22:00:00,2.37,OK,0.93,BDL,null,OS,null,OS,1.3,OK,84.0,OK,38.0,OK
2023-12-06 23:00:00,3.35,OK,0.93,BDL,null,OS,null,OS,0.84,OK,40.1,OK,19.53,OK
2023-12-07 00:00:00,13.32,OK,0.62,BDL,null,OS,null,OS,0.68,OK,40.63,OK,22.4,OK
2023-12-07 01:00:00,12.81,OK,0.4,BDL,null,OS,null,OS,0.64,OK,26.54,OK,7.85,OK
2023-12-07 02:00:00,12.42,OK,0.36,BDL,null,OS,null,OS,0.63,OK,18.42,OK,7.46,OK
2023-12-07 03:00:00,17.71,OK,0.34,BDL,null,OS,null,OS,0.61,OK,8.79,OK,4.87,OK
2023-12-07 04:00:00,14.53,OK,0.41,BDL,null,OS,null,OS,0.63,OK,5.29,OK,0.33,BDL
2023-12-07 05:00:00,4.83,OK,0.36,BDL,null,OS,null,OS,0.72,OK,10.77,OK,1.05,BDL
2023-12-07 06:00:00,2.96,OK,0.72,BDL,null,OS,null,OS,0.87,OK,32.01,OK,3.46,BDL
2023-12-07 07:00:00,6.84,OK,1.05,OK,null,OS,null,OS,0.95,OK,51.26,OK,18.63,OK
2023-12-07 08:00:00,16.06,OK,0.62,BDL,null,OS,null,OS,0.85,OK,57.94,OK,8.71,OK
2023-12-07 09:00:00,26.74,OK,0.48,BDL,null,OS,null,OS,0.77,OK,45.11,OK,18.04,OK
2023-12-07 10:00:00,35.18,OK,0.4,BDL,null,OS,null,OS,0.75,OK,28.57,OK,16.24,OK
2023-12-07 11:00:00,36.76,OK,0.44,BDL,null,OS,null,OS,0.87,OK,21.27,OK,21.86,OK
2023-12-07 12:00:00,43.85,OK,0.51,BDL,null,OS,null,OS,0.89,OK,18.99,OK,26.73,OK
2023-12-07 13:00:00,43.74,OK,0.52,BDL,null,OS,null,OS,0.85,OK,34.64,OK,28.64,OK
2023-12-07 14:00:00,35.93,OK,0.59,BDL,null,OS,null,OS,0.94,OK,22.78,OK,22.93,OK
2023-12-07 15:00:00,34.5,OK,0.53,BDL,null,OS,null,OS,0.88,OK,25.12,OK,20.32,OK
2023-12-07 16:00:00,10.27,OK,0.67,BDL,null,OS,null,OS,1.26,OK,47.63,OK,17.41,OK
2023-12-07 17:00:00,1.29,OK,1.47,OK,null,OS,null,OS,2.26,OK,76.86,OK,16.49,OK
2023-12-07 18:00:00,0.77,BDL,1.61,OK,null,OS,null,OS,1.98,OK,115.91,OK,28.43,OK
2023-12-07 19:00:00,1.36,OK,2.07,OK,null,OS,null,OS,2.46,OK,96.85,OK,30.68,OK
2023-12-07 20:00:00,1.25,OK,2.86,OK,null,OS,null,OS,2.27,OK,84.39,OK,31.0,OK
2023-12-07 21:00:00,1.06,OK,2.58,OK,null,OS,null,OS,3.0,OK,100.1,OK,45.44,OK
2023-12-07 22:00:00,0.95,BDL,2.3,OK,null,OS,null,OS,2.73,OK,81.89,OK,22.82,OK
2023-12-07 23:00:00,0.79,BDL,1.66,OK,null,OS,null,OS,1.86,OK,77.99,OK,45.95,OK
2023-12-08 00:00:00,3.24,OK,0.64,BDL,null,OS,null,OS,0.75,OK,51.12,OK,19.05,OK
2023-12-08 01:00:00,4.61,OK,0.48,BDL,null,OS,null,OS,0.67,OK,31.4,OK,18.44,OK
2023-12-08 02:00:00,6.84,OK,0.37,BDL,null,OS,null,OS,0.64,OK,20.95,OK,3.91,BDL
2023-12-08 03:00:00,7.1,OK,0.45,BDL,null,OS,null,OS,0.64,OK,12.04,OK,1.35,BDL
2023-12-08 04:00:00,7.48,OK,0.37,BDL,null,OS,null,OS,0.65,OK,6.72,OK,4.25,OK
2023-12-08 05:00:00,5.32,OK,0.4,BDL,null,OS,null,OS,0.71,OK,8.24,OK,1.13,BDL
2023-12-08 06:00:00,3.62,OK,0.48,BDL,null,OS,null,OS,0.89,OK,25.6,OK,-0.33,BDL
2023-12-08 07:00:00,7.07,OK,0.73,BDL,null,OS,null,OS,1.11,OK,32.9,OK,-2.86,BDL
2023-12-08 08:00:00,18.19,OK,0.54,BDL,null,OS,null,OS,0.83,OK,45.93,OK,-1.74,BDL
2023-12-08 09:00:00,30.04,OK,0.53,BDL,null,OS,null,OS,0.76,OK,48.32,OK,15.51,OK
2023-12-08 10:00:00,26.7,OK,0.49,BDL,null,OS,null,OS,2.56,OK,38.0,OK,21.25,OK
2023-12-08 11:00:00,36.13,OK,0.47,BDL,null,OS,null,OS,0.3,OK,26.22,OK,18.25,OK
2023-12-08 12:00:00,38.63,OK,0.42,BDL,null,OS,null,OS,0.32,OK,10.53,OK,24.25,OK
2023-12-08 13:00:00,39.92,OK,0.44,BDL,null,OS,null,OS,0.34,OK,16.58,OK,16.42,OK
2023-12-08 14:00:00,38.32,OK,0.61,BDL,null,OS,null,OS,0.37,OK,16.94,OK,20.63,OK
2023-12-08 15:00:00,34.7,OK,0.6,BDL,null,OS,null,OS,0.41,OK,27.82,OK,19.11,OK
2023-12-08 16:00:00,9.22,OK,0.92,BDL,null,OS,null,OS,1.18,OK,39.04,OK,18.41,OK
2023-12-08 17:00:00,0.99,BDL,1.14,OK,null,OS,null,OS,1.58,OK,61.36,OK,13.64,OK
2023-12-08 18:00:00,0.64,BDL,1.6,OK,null,OS,null,OS,2.2,OK,72.38,OK,10.46,OK
2023-12-08 19:00:00,0.51,BDL,1.42,OK,null,OS,null,OS,1.42,OK,88.15,OK,23.26,OK
2023-12-08 20:00:00,0.59,BDL,1.04,OK,null,OS,null,OS,1.29,OK,111.92,OK,45.42,OK
2023-12-08 21:00:00,1.07,OK,1.48,OK,null,OS,null,OS,1.97,OK,98.96,OK,27.89,OK
2023-12-08 22:00:00,0.56,BDL,1.3,OK,null,OS,null,OS,1.34,OK,86.43,OK,34.74,OK
2023-12-08 23:00:00,3.29,OK,0.68,BDL,null,OS,null,OS,0.5,OK,66.74,OK,24.58,OK
2023-12-09 00:00:00,8.59,OK,0.41,BDL,null,OS,null,OS,0.24,OK,31.86,OK,8.9,OK
2023-12-09 01:00:00,8.36,OK,0.42,BDL,null,OS,null,OS,0.26,OK,17.35,OK,3.28,BDL
2023-12-09 02:00:00,6.54,OK,0.45,BDL,null,OS,null,OS,0.33,OK,13.59,OK,4.54,OK
2023-12-09 03:00:00,17.93,OK,0.4,BDL,null,OS,null,OS,0.24,OK,16.29,OK,4.27,OK
2023-12-09 04:00:00,25.35,OK,0.4,BDL,null,OS,null,OS,0.2,OK,2.13,BDL,2.1,BDL
2023-12-09 05:00:00,20.86,OK,0.41,BDL,null,OS,null,OS,0.24,OK,5.19,OK,0.58,BDL
2023-12-09 06:00:00,13.93,OK,0.42,BDL,null,OS,null,OS,0.35,OK,11.49,OK,0.13,BDL
2023-12-09 07:00:00,15.45,OK,0.53,BDL,null,OS,null,OS,0.46,OK,18.67,OK,-3.07,BDL
2023-12-09 08:00:00,22.13,OK,0.62,BDL,null,OS,null,OS,0.46,OK,55.35,OK,-4.39,OR
2023-12-09 09:00:00,26.41,OK,0.68,BDL,null,OS,null,OS,0.6,OK,54.32,OK,12.4,OK
2023-12-09 10:00:00,31.48,OK,0.65,BDL,null,OS,null,OS,0.71,OK,48.13,OK,39.29,OK
2023-12-09 11:00:00,35.82,OK,0.6,BDL,null,OS,null,OS,0.56,OK,59.9,OK,25.45,OK
2023-12-09 12:00:00,39.63,OK,1.02,OK,null,OS,null,OS,0.47,OK,51.11,OK,31.1,OK
2023-12-09 13:00:00,42.94,OK,0.87,BDL,null,OS,null,OS,0.44,OK,37.34,OK,18.02,OK
2023-12-09 14:00:00,39.65,OK,0.55,BDL,null,OS,null,OS,0.38,OK,14.48,OK,20.55,OK
2023-12-09 15:00:00,35.87,OK,0.51,BDL,null,OS,null,OS,0.36,OK,16.36,OK,17.95,OK
2023-12-09 16:00:00,25.64,OK,0.44,BDL,null,OS,null,OS,0.46,OK,40.67,OK,13.3,OK
2023-12-09 17:00:00,18.28,OK,0.55,BDL,null,OS,null,OS,0.6,OK,57.08,OK,17.49,OK
2023-12-09 18:00:00,5.71,OK,0.68,BDL,null,OS,null,OS,0.84,OK,76.54,OK,11.28,OK
2023-12-09 19:00:00,0.8,BDL,0.77,BDL,null,OS,null,OS,1.14,OK,77.76,OK,19.2,OK
2023-12-09 20:00:00,0.78,BDL,0.94,BDL,null,OS,null,OS,1.25,OK,91.04,OK,19.44,OK
2023-12-09 21:00:00,0.85,BDL,1.33,OK,null,OS,null,OS,1.38,OK,109.2,OK,44.06,OK
2023-12-09 22:00:00,1.03,OK,1.23,OK,null,OS,null,OS,1.42,OK,119.34,OK,60.64,OK
2023-12-09 23:00:00,1.15,OK,0.77,BDL,null,OS,null,OS,0.93,OK,81.14,OK,31.15,OK
2023-12-10 00:00:00,1.24,OK,0.78,BDL,null,OS,null,OS,0.99,OK,57.36,OK,32.61,OK
2023-12-10 01:00:00,1.05,OK,1.1,OK,null,OS,null,OS,1.32,OK,73.27,OK,40.5,OK
2023-12-10 02:00:00,1.71,OK,0.7,BDL,null,OS,null,OS,0.69,OK,55.31,OK,21.8,OK
2023-12-10 03:00:00,18.94,OK,0.39,BDL,null,OS,null,OS,0.23,OK,22.44,OK,7.21,OK
2023-12-10 04:00:00,19.12,OK,0.44,BDL,null,OS,null,OS,0.25,OK,2.11,BDL,0.3,BDL
2023-12-10 05:00:00,5.21,OK,0.52,BDL,null,OS,null,OS,0.66,OK,12.26,OK,0.1,BDL
2023-12-10 06:00:00,1.45,OK,0.79,BDL,null,OS,null,OS,0.87,OK,53.89,OK,29.12,OK
2023-12-10 07:00:00,6.6,OK,0.77,BDL,null,OS,null,OS,0.84,OK,41.84,OK,0.64,BDL
2023-12-10 08:00:00,25.27,OK,0.42,BDL,null,OS,null,OS,0.41,OK,47.57,OK,7.02,OK
2023-12-10 09:00:00,39.79,OK,0.34,BDL,null,OS,null,OS,0.19,OK,48.21,OK,26.85,OK
2023-12-10 10:00:00,40.24,OK,0.28,BDL,null,OS,null,OS,0.2,OK,36.41,OK,19.95,OK
2023-12-10 11:00:00,42.68,OK,0.39,BDL,null,OS,null,OS,0.21,OK,18.66,OK,13.55,OK
2023-12-10 12:00:00,44.79,OK,0.3,BDL,null,OS,null,OS,0.2,OK,27.72,OK,19.14,OK
2023-12-10 13:00:00,45.36,OK,0.31,BDL,null,OS,null,OS,0.21,OK,21.08,OK,15.97,OK
2023-12-10 14:00:00,44.62,OK,0.38,BDL,null,OS,null,OS,0.25,OK,20.23,OK,18.95,OK
2023-12-10 15:00:00,37.44,OK,0.32,BDL,null,OS,null,OS,0.36,OK,23.49,OK,19.24,OK
2023-12-10 16:00:00,28.46,OK,0.41,BDL,null,OS,null,OS,0.39,OK,29.87,OK,20.28,OK
2023-12-10 17:00:00,16.47,OK,0.47,BDL,null,OS,null,OS,0.56,OK,34.57,OK,13.1,OK
2023-12-10 18:00:00,13.11,OK,0.5,BDL,null,OS,null,OS,0.68,OK,46.37,OK,-3.71,BDL
2023-12-10 19:00:00,17.45,OK,0.52,BDL,null,OS,null,OS,0.51,OK,42.21,OK,9.14,OK
2023-12-10 20:00:00,12.8,OK,0.45,BDL,null,OS,null,OS,0.52,OK,20.75,OK,6.81,OK
2023-12-10 21:00:00,1.94,OK,0.72,BDL,null,OS,null,OS,0.79,OK,41.23,OK,20.08,OK
2023-12-10 22:00:00,0.82,BDL,0.82,BDL,null,OS,null,OS,1.03,OK,56.1,OK,30.76,OK
2023-12-10 23:00:00,0.37,BDL,0.79,BDL,null,OS,null,OS,0.82,OK,57.92,OK,22.43,OK
2023-12-11 00:00:00,1.59,OK,0.51,BDL,null,OS,null,OS,0.59,OK,40.06,OK,17.31,OK
2023-12-11 01:00:00,1.09,OK,0.43,BDL,null,OS,null,OS,0.57,OK,30.63,OK,13.38,OK
2023-12-11 02:00:00,0.68,BDL,0.61,BDL,null,OS,null,OS,0.6,OK,29.62,OK,12.61,OK
2023-12-11 03:00:00,13.12,OK,0.32,BDL,null,OS,null,OS,0.3,OK,21.27,OK,4.99,OK
2023-12-11 04:00:00,15.56,OK,0.32,BDL,null,OS,null,OS,0.27,OK,4.15,OK,2.09,BDL
2023-12-11 05:00:00,4.58,OK,0.38,BDL,null,OS,null,OS,0.46,OK,16.31,OK,0.62,BDL
2023-12-11 06:00:00,4.77,OK,0.42,BDL,null,OS,null,OS,0.48,OK,41.23,OK,0.22,BDL
2023-12-11 07:00:00,7.61,OK,0.63,BDL,null,OS,null,OS,0.63,OK,38.67,OK,-2.36,BDL
2023-12-11 08:00:00,11.07,OK,0.68,BDL,null,OS,null,OS,0.66,OK,55.31,OK,-8.57,OR
2023-12-11 09:00:00,9.37,OK,1.17,OK,null,OS,null,OS,1.49,OK,79.44,OK,21.15,OK
2023-12-11 10:00:00,24.24,OK,0.83,BDL,null,OS,null,OS,1.17,OK,110.82,OK,50.89,OK
2023-12-11 11:00:00,25.61,OK,0.79,BDL,null,OS,null,OS,0.85,OK,68.37,OK,33.18,OK
2023-12-11 12:00:00,30.33,OK,0.86,BDL,null,OS,null,OS,0.49,OK,55.64,OK,33.96,OK
2023-12-11 13:00:00,35.08,OK,0.7,BDL,null,OS,null,OS,0.52,OK,46.03,OK,16.97,OK
2023-12-11 14:00:00,35.16,OK,0.78,BDL,null,OS,null,OS,0.54,OK,31.74,OK,28.51,OK
2023-12-11 15:00:00,26.74,OK,0.63,BDL,null,OS,null,OS,0.52,OK,39.45,OK,19.68,OK
2023-12-11 16:00:00,4.37,OK,0.86,BDL,null,OS,null,OS,0.92,OK,54.75,OK,20.94,OK
2023-12-11 17:00:00,1.95,OK,1.08,OK,null,OS,null,OS,1.06,OK,99.35,OK,22.36,OK
2023-12-11 18:00:00,1.19,OK,1.2,OK,null,OS,null,OS,1.19,OK,109.46,OK,41.02,OK
2023-12-11 19:00:00,0.57,BDL,1.14,OK,null,OS,null,OS,1.24,OK,94.5,OK,16.54,OK
2023-12-11 20:00:00,0.91,BDL,1.59,OK,null,OS,null,OS,1.55,OK,88.01,OK,37.68,OK
2023-12-11 21:00:00,1.44,OK,1.91,OK,null,OS,null,OS,1.81,OK,100.74,OK,41.56,OK
2023-12-11 22:00:00,1.16,OK,1.77,OK,null,OS,null,OS,1.66,OK,91.78,OK,45.71,OK
2023-12-11 23:00:00,1.15,OK,0.77,BDL,null,OS,null,OS,0.55,OK,67.63,OK,23.21,OK
2023-12-12 00:00:00,0.9,BDL,0.57,BDL,null,OS,null,OS,0.42,OK,34.55,OK,16.17,OK
2023-12-12 01:00:00,4.43,OK,0.41,BDL,null,OS,null,OS,0.31,OK,23.07,OK,10.96,OK
2023-12-12 02:00:00,8.48,OK,0.4,BDL,null,OS,null,OS,0.28,OK,19.76,OK,5.08,OK
2023-12-12 03:00:00,9.42,OK,0.38,BDL,null,OS,null,OS,0.27,OK,6.54,OK,1.36,BDL
2023-12-12 04:00:00,5.86,OK,0.31,BDL,null,OS,null,OS,0.29,OK,9.12,OK,0.16,BDL
2023-12-12 05:00:00,2.76,OK,0.44,BDL,null,OS,null,OS,0.42,OK,12.41,OK,0.43,BDL
2023-12-12 06:00:00,1.05,OK,0.65,BDL,null,OS,null,OS,0.65,OK,34.01,OK,1.97,BDL
2023-12-12 07:00:00,3.22,OK,0.78,BDL,null,OS,null,OS,0.8,OK,44.48,OK,2.04,BDL
2023-12-12 08:00:00,7.39,OK,0.68,BDL,null,OS,null,OS,0.58,OK,57.92,OK,1.65,BDL
2023-12-12 09:00:00,11.5,OK,0.6,BDL,null,OS,null,OS,0.58,OK,74.56,OK,13.54,OK
2023-12-12 10:00:00,20.08,OK,0.55,BDL,null,OS,null,OS,0.48,OK,74.56,OK,25.8,OK
2023-12-12 11:00:00,20.13,OK,0.65,BDL,null,OS,null,OS,0.57,OK,41.43,OK,30.62,OK
2023-12-12 12:00:00,24.91,OK,0.7,BDL,null,OS,null,OS,0.6,OK,49.69,OK,31.49,OK
2023-12-12 13:00:00,36.1,OK,0.49,BDL,null,OS,null,OS,0.46,OK,25.62,OK,13.75,OK
2023-12-12 14:00:00,35.48,OK,0.52,BDL,null,OS,null,OS,0.46,OK,23.37,OK,12.89,OK
2023-12-12 15:00:00,28.8,OK,0.57,BDL,null,OS,null,OS,0.6,OK,28.31,OK,27.25,OK
2023-12-12 16:00:00,5.33,OK,0.79,BDL,null,OS,null,OS,1.16,OK,54.66,OK,20.38,OK
2023-12-12 17:00:00,1.17,OK,2.22,OK,null,OS,null,OS,2.94,OK,84.84,OK,31.02,OK
2023-12-12 18:00:00,1.62,OK,2.68,OK,null,OS,null,OS,3.57,OK,119.3,OK,34.43,OK
2023-12-12 19:00:00,2.92,OK,3.95,OK,null,OS,null,OS,5.48,OK,155.96,OK,64.88,OK
2023-12-12 20:00:00,2.59,OK,4.12,OK,null,OS,null,OS,5.45,OK,194.1,OK,115.25,OK
2023-12-12 21:00:00,1.0,OK,2.37,OK,null,OS,null,OS,2.19,OK,165.58,OK,71.04,OK
2023-12-12 22:00:00,0.14,BDL,1.05,OK,null,OS,null,OS,0.77,OK,84.61,OK,39.76,OK
2023-12-12 23:00:00,0.39,BDL,0.63,BDL,null,OS,null,OS,0.49,OK,55.41,OK,33.07,OK
2023-12-13 00:00:00,1.15,OK,0.56,BDL,null,OS,null,OS,0.37,OK,36.14,OK,7.97,OK
2023-12-13 01:00:00,7.1,OK,0.41,BDL,null,OS,null,OS,0.33,OK,19.89,OK,10.18,OK
2023-12-13 02:00:00,8.79,OK,0.35,BDL,null,OS,null,OS,0.33,OK,14.22,OK,4.4,OK
2023-12-13 03:00:00,7.87,OK,0.34,BDL,null,OS,null,OS,0.33,OK,11.29,OK,0.49,BDL
2023-12-13 04:00:00,7.4,OK,0.31,BDL,null,OS,null,OS,0.34,OK,7.37,OK,2.17,BDL
2023-12-13 05:00:00,5.35,OK,0.32,BDL,null,OS,null,OS,0.42,OK,11.95,OK,2.01,BDL
2023-12-13 06:00:00,2.95,OK,0.44,BDL,null,OS,null,OS,0.58,OK,27.64,OK,0.94,BDL
2023-12-13 07:00:00,6.49,OK,0.61,BDL,null,OS,null,OS,0.67,OK,23.18,OK,-3.18,BDL
2023-12-13 08:00:00,14.28,OK,0.61,BDL,null,OS,null,OS,0.55,OK,55.73,OK,-6.11,OR
2023-12-13 09:00:00,23.7,OK,0.67,BDL,null,OS,null,OS,0.54,OK,52.53,OK,14.87,OK
2023-12-13 10:00:00,33.22,OK,0.45,BDL,null,OS,null,OS,0.43,OK,37.49,OK,26.94,OK
2023-12-13 11:00:00,34.48,OK,0.49,BDL,null,OS,null,OS,0.48,OK,19.05,OK,22.84,OK
2023-12-13 12:00:00,40.2,OK,0.52,BDL,null,OS,null,OS,0.47,OK,25.24,OK,35.11,OK
2023-12-13 13:00:00,41.58,OK,0.92,BDL,null,OS,null,OS,0.5,OK,30.67,OK,24.64,OK
2023-12-13 14:00:00,39.76,OK,0.51,BDL,null,OS,null,OS,0.47,OK,27.25,OK,25.18,OK
2023-12-13 15:00:00,34.34,OK,0.52,BDL,null,OS,null,OS,0.58,OK,35.23,OK,22.37,OK
2023-12-13 16:00:00,16.92,OK,0.77,BDL,null,OS,null,OS,0.92,OK,38.94,OK,13.15,OK
2023-12-13 17:00:00,7.1,OK,1.16,OK,null,OS,null,OS,1.0,OK,51.61,OK,16.52,OK
2023-12-13 18:00:00,1.27,OK,1.53,OK,null,OS,null,OS,1.34,OK,89.2,OK,17.22,OK
2023-12-13 19:00:00,12.66,OK,0.63,BDL,null,OS,null,OS,0.66,OK,72.08,OK,20.55,OK
2023-12-13 20:00:00,7.13,OK,0.47,BDL,null,OS,null,OS,0.69,OK,29.55,OK,16.91,OK
2023-12-13 21:00:00,0.59,BDL,0.56,BDL,null,OS,null,OS,0.9,OK,54.34,OK,20.67,OK
2023-12-13 22:00:00,0.12,BDL,0.69,BDL,null,OS,null,OS,1.08,OK,56.61,OK,26.36,OK
2023-12-13 23:00:00,1.47,OK,0.54,BDL,null,OS,null,OS,0.66,OK,53.06,OK,19.12,OK
2023-12-14 00:00:00,13.13,OK,0.38,BDL,null,OS,null,OS,0.31,OK,34.54,OK,14.86,OK
2023-12-14 01:00:00,15.13,OK,0.32,BDL,null,OS,null,OS,0.31,OK,13.72,OK,6.87,OK
2023-12-14 02:00:00,11.0,OK,0.31,BDL,null,OS,null,OS,0.35,OK,7.5,OK,3.9,BDL
2023-12-14 03:00:00,3.86,OK,0.24,BDL,null,OS,null,OS,0.42,OK,13.13,OK,2.55,BDL
2023-12-14 04:00:00,6.58,OK,0.24,BDL,null,OS,null,OS,0.36,OK,11.16,OK,4.74,OK
2023-12-14 05:00:00,7.78,OK,0.23,BDL,null,OS,null,OS,0.36,OK,7.37,OK,4.62,OK
2023-12-14 06:00:00,5.67,OK,0.27,BDL,null,OS,null,OS,0.51,OK,11.78,OK,-0.14,BDL
2023-12-14 07:00:00,7.8,OK,0.44,BDL,null,OS,null,OS,0.66,OK,18.56,OK,-3.75,BDL
2023-12-14 08:00:00,14.83,OK,0.45,BDL,null,OS,null,OS,0.61,OK,43.19,OK,-7.51,OR
2023-12-14 09:00:00,28.71,OK,0.42,BDL,null,OS,null,OS,0.43,OK,38.72,OK,4.94,OK
2023-12-14 10:00:00,32.36,OK,0.42,BDL,null,OS,null,OS,0.5,OK,25.7,OK,15.03,OK
2023-12-14 11:00:00,36.61,OK,0.43,BDL,null,OS,null,OS,0.58,OK,24.44,OK,24.45,OK
2023-12-14 12:00:00,42.73,OK,0.43,BDL,null,OS,null,OS,0.53,OK,35.54,OK,27.08,OK
2023-12-14 13:00:00,45.29,OK,0.52,BDL,null,OS,null,OS,0.58,OK,27.35,OK,16.72,OK
2023-12-14 14:00:00,44.53,OK,0.63,BDL,null,OS,null,OS,0.54,OK,31.25,OK,23.65,OK
2023-12-14 15:00:00,34.59,OK,0.62,BDL,null,OS,null,OS,0.52,OK,37.39,OK,21.26,OK
2023-12-14 16:00:00,11.82,OK,0.64,BDL,null,OS,null,OS,0.79,OK,31.29,OK,19.77,OK
2023-12-14 17:00:00,1.9,OK,0.97,BDL,null,OS,null,OS,1.31,OK,58.06,OK,13.46,OK
2023-12-14 18:00:00,5.67,OK,1.15,OK,null,OS,null,OS,0.92,OK,59.8,OK,8.63,OK
2023-12-14 19:00:00,0.66,BDL,1.3,OK,null,OS,null,OS,1.13,OK,42.05,OK,11.38,OK
2023-12-14 20:00:00,0.79,BDL,1.59,OK,null,OS,null,OS,1.72,OK,70.74,OK,13.67,OK
2023-12-14 21:00:00,1.02,OK,1.92,OK,null,OS,null,OS,2.06,OK,98.33,OK,31.36,OK
2023-12-14 22:00:00,1.59,OK,2.39,OK,null,OS,null,OS,2.44,OK,111.9,OK,49.59,OK
2023-12-14 23:00:00,2.74,OK,0.68,BDL,null,OS,null,OS,0.8,OK,71.06,OK,17.11,OK
2023-12-15 00:00:00,17.94,OK,0.36,BDL,null,OS,null,OS,0.32,OK,22.62,OK,8.51,OK
2023-12-15 01:00:00,18.22,OK,0.36,BDL,null,OS,null,OS,0.31,OK,8.38,OK,3.13,BDL
2023-12-15 02:00:00,19.36,OK,0.32,BDL,null,OS,null,OS,0.31,OK,7.68,OK,0.24,BDL
2023-12-15 03:00:00,20.18,OK,0.25,BDL,null,OS,null,OS,0.3,OK,4.28,OK,0.84,BDL
2023-12-15 04:00:00,17.83,OK,0.21,BDL,null,OS,null,OS,0.32,OK,6.68,OK,-0.5,BDL
2023-12-15 05:00:00,11.43,OK,0.28,BDL,null,OS,null,OS,0.39,OK,7.33,OK,-1.3,BDL
2023-12-15 06:00:00,6.18,OK,0.38,BDL,null,OS,null,OS,0.52,OK,12.69,OK,-1.04,BDL
2023-12-15 07:00:00,7.29,OK,0.59,BDL,null,OS,null,OS,0.71,OK,26.44,OK,-4.15,OR
2023-12-15 08:00:00,11.56,OK,0.61,BDL,null,OS,null,OS,0.76,OK,55.61,OK,-7.25,OR
2023-12-15 09:00:00,14.4,OK,0.69,BDL,null,OS,null,OS,0.89,OK,68.82,OK,12.88,OK
2023-12-15 10:00:00,21.69,OK,0.72,BDL,null,OS,null,OS,0.92,OK,64.4,OK,32.81,OK
2023-12-15 11:00:00,37.37,OK,0.55,BDL,null,OS,null,OS,0.57,OK,58.05,OK,30.0,OK
2023-12-15 12:00:00,45.61,OK,0.41,BDL,null,OS,null,OS,0.32,OK,24.36,OK,21.48,OK
2023-12-15 13:00:00,44.27,OK,0.4,BDL,null,OS,null,OS,0.41,OK,9.69,OK,14.26,OK
2023-12-15 14:00:00,38.31,OK,0.47,BDL,null,OS,null,OS,0.5,OK,21.48,OK,21.42,OK
2023-12-15 15:00:00,30.21,OK,0.88,BDL,null,OS,null,OS,0.66,OK,30.77,OK,30.3,OK
2023-12-15 16:00:00,5.82,OK,1.4,OK,null,OS,null,OS,1.33,OK,39.76,OK,19.42,OK
2023-12-15 17:00:00,8.82,OK,2.08,OK,null,OS,null,OS,1.1,OK,52.79,OK,14.28,OK
2023-12-15 18:00:00,5.71,OK,1.1,OK,null,OS,null,OS,1.07,OK,41.48,OK,3.73,BDL
2023-12-15 19:00:00,0.65,BDL,1.56,OK,null,OS,null,OS,1.35,OK,66.13,OK,18.12,OK
2023-12-15 20:00:00,1.28,OK,1.93,OK,null,OS,null,OS,2.32,OK,98.61,OK,34.9,OK
2023-12-15 21:00:00,5.29,OK,0.95,BDL,null,OS,null,OS,0.85,OK,93.28,OK,35.31,OK
2023-12-15 22:00:00,10.2,OK,0.41,BDL,null,OS,null,OS,0.42,OK,41.84,OK,18.24,OK
2023-12-15 23:00:00,7.69,OK,0.53,BDL,null,OS,null,OS,0.45,OK,31.46,OK,17.77,OK
2023-12-16 00:00:00,8.82,OK,0.5,BDL,null,OS,null,OS,0.42,OK,31.26,OK,5.31,OK
2023-12-16 01:00:00,16.2,OK,0.36,BDL,null,OS,null,OS,0.35,OK,18.23,OK,7.92,OK
2023-12-16 02:00:00,16.33,OK,0.46,BDL,null,OS,null,OS,0.36,OK,8.35,OK,3.08,BDL
2023-12-16 03:00:00,8.05,OK,0.37,BDL,null,OS,null,OS,0.45,OK,3.98,BDL,1.02,BDL
2023-12-16 04:00:00,2.84,OK,0.48,BDL,null,OS,null,OS,0.57,OK,17.16,OK,2.13,BDL
2023-12-16 05:00:00,4.27,OK,0.35,BDL,null,OS,null,OS,0.42,OK,9.09,OK,6.49,OK
2023-12-16 06:00:00,1.74,OK,0.79,BDL,null,OS,null,OS,0.96,OK,21.81,OK,2.6,BDL
2023-12-16 07:00:00,3.48,OK,1.26,OK,null,OS,null,OS,1.48,OK,29.01,OK,-5.11,OR
2023-12-16 08:00:00,4.15,OK,1.18,OK,null,OS,null,OS,1.29,OK,67.42,OK,-2.71,BDL
2023-12-16 09:00:00,9.88,OK,0.91,BDL,null,OS,null,OS,1.12,OK,71.72,OK,28.84,OK
2023-12-16 10:00:00,35.86,OK,0.52,BDL,null,OS,null,OS,0.46,OK,48.5,OK,43.37,OK
2023-12-16 11:00:00,42.43,OK,0.45,BDL,null,OS,null,OS,0.35,OK,25.09,OK,25.84,OK
2023-12-16 12:00:00,41.72,OK,0.49,BDL,null,OS,null,OS,0.45,OK,18.31,OK,20.68,OK
2023-12-16 13:00:00,36.17,OK,0.53,BDL,null,OS,null,OS,0.58,OK,16.29,OK,26.25,OK
2023-12-16 14:00:00,37.11,OK,0.67,BDL,null,OS,null,OS,0.59,OK,33.5,OK,37.25,OK
2023-12-16 15:00:00,28.02,OK,0.7,BDL,null,OS,null,OS,0.77,OK,50.15,OK,24.33,OK
2023-12-16 16:00:00,9.94,OK,0.89,BDL,null,OS,null,OS,1.21,OK,52.84,OK,33.96,OK
2023-12-16 17:00:00,1.24,OK,1.88,OK,null,OS,null,OS,2.53,OK,83.84,OK,34.53,OK
2023-12-16 18:00:00,1.18,OK,1.92,OK,null,OS,null,OS,2.46,OK,108.94,OK,27.01,OK
2023-12-16 19:00:00,1.53,OK,2.09,OK,null,OS,null,OS,2.84,OK,116.97,OK,52.32,OK
2023-12-16 20:00:00,2.03,OK,2.92,OK,null,OS,null,OS,2.61,OK,109.64,OK,44.23,OK
2023-12-16 21:00:00,1.2,OK,1.9,OK,null,OS,null,OS,1.69,OK,103.24,OK,41.89,OK
2023-12-16 22:00:00,0.65,BDL,1.07,OK,null,OS,null,OS,0.87,OK,111.55,OK,47.72,OK
2023-12-16 23:00:00,2.46,OK,0.63,BDL,null,OS,null,OS,0.5,OK,69.55,OK,29.21,OK
2023-12-17 00:00:00,5.26,OK,0.43,BDL,null,OS,null,OS,0.43,OK,31.94,OK,8.44,OK
2023-12-17 01:00:00,5.68,OK,0.42,BDL,null,OS,null,OS,0.43,OK,11.11,OK,10.1,OK
2023-12-17 02:00:00,8.75,OK,0.44,BDL,null,OS,null,OS,0.39,OK,14.35,OK,7.46,OK
2023-12-17 03:00:00,18.25,OK,0.39,BDL,null,OS,null,OS,0.34,OK,12.85,OK,4.97,OK
2023-12-17 04:00:00,23.99,OK,0.45,BDL,null,OS,null,OS,0.35,OK,8.72,OK,-1.78,BDL
2023-12-17 05:00:00,22.05,OK,0.42,BDL,null,OS,null,OS,0.36,OK,18.9,OK,0.06,BDL
2023-12-17 06:00:00,19.84,OK,0.49,BDL,null,OS,null,OS,0.38,OK,17.48,OK,9.69,OK
2023-12-17 07:00:00,22.73,OK,0.53,BDL,null,OS,null,OS,0.38,OK,22.44,OK,1.03,BDL
2023-12-17 08:00:00,29.2,OK,0.71,BDL,null,OS,null,OS,0.39,OK,25.57,OK,0.91,BDL
2023-12-17 09:00:00,34.3,OK,0.65,BDL,null,OS,null,OS,0.38,OK,25.88,OK,17.81,OK
2023-12-17 10:00:00,40.49,OK,0.8,BDL,null,OS,null,OS,0.37,OK,21.09,OK,19.81,OK
2023-12-17 11:00:00,42.95,OK,0.78,BDL,null,OS,null,OS,0.39,OK,14.02,OK,9.91,OK
2023-12-17 12:00:00,42.97,OK,0.78,BDL,null,OS,null,OS,0.5,OK,17.02,OK,30.26,OK
2023-12-17 13:00:00,42.94,OK,0.84,BDL,null,OS,null,OS,0.54,OK,26.65,OK,23.34,OK
2023-12-17 14:00:00,37.72,OK,0.72,BDL,null,OS,null,OS,0.5,OK,31.72,OK,29.52,OK
2023-12-17 15:00:00,30.5,OK,0.69,BDL,null,OS,null,OS,0.7,OK,25.6,OK,24.29,OK
2023-12-17 16:00:00,17.51,OK,0.75,BDL,null,OS,null,OS,0.96,OK,38.25,OK,19.61,OK
2023-12-17 17:00:00,1.5,OK,0.92,BDL,null,OS,null,OS,1.31,OK,47.45,OK,18.13,OK
2023-12-17 18:00:00,1.09,OK,1.28,OK,null,OS,null,OS,1.67,OK,66.44,OK,21.28,OK
2023-12-17 19:00:00,0.95,BDL,1.28,OK,null,OS,null,OS,1.38,OK,92.13,OK,36.17,OK
2023-12-17 20:00:00,0.92,BDL,1.49,OK,null,OS,null,OS,2.0,OK,88.21,OK,35.11,OK
2023-12-17 21:00:00,1.09,OK,1.52,OK,null,OS,null,OS,1.7,OK,88.46,OK,43.33,OK
2023-12-17 22:00:00,1.14,OK,1.02,OK,null,OS,null,OS,1.0,OK,85.58,OK,41.72,OK
2023-12-17 23:00:00,4.76,OK,0.55,BDL,null,OS,null,OS,0.56,OK,54.96,OK,20.58,OK
2023-12-18 00:00:00,9.48,OK,0.47,BDL,null,OS,null,OS,0.42,OK,45.76,OK,13.45,OK
2023-12-18 01:00:00,8.58,OK,0.42,BDL,null,OS,null,OS,0.37,OK,26.88,OK,10.48,OK
2023-12-18 02:00:00,11.77,OK,0.46,BDL,null,OS,null,OS,0.34,OK,23.51,OK,6.55,OK
2023-12-18 03:00:00,12.76,OK,0.37,BDL,null,OS,null,OS,0.32,OK,13.93,OK,5.71,OK
2023-12-18 04:00:00,9.98,OK,0.34,BDL,null,OS,null,OS,0.33,OK,14.84,OK,9.01,OK
2023-12-18 05:00:00,8.52,OK,0.39,BDL,null,OS,null,OS,0.39,OK,21.14,OK,6.21,OK
2023-12-18 06:00:00,7.28,OK,0.55,BDL,null,OS,null,OS,0.53,OK,38.4,OK,7.14,OK
2023-12-18 07:00:00,5.73,OK,0.6,BDL,null,OS,null,OS,0.68,OK,28.47,OK,8.71,OK
2023-12-18 08:00:00,8.88,OK,0.72,BDL,null,OS,null,OS,0.67,OK,36.33,OK,8.96,OK
2023-12-18 09:00:00,8.95,OK,0.94,BDL,null,OS,null,OS,0.98,OK,46.27,OK,12.91,OK
2023-12-18 10:00:00,12.32,OK,1.19,OK,null,OS,null,OS,1.52,OK,85.69,OK,22.55,OK
2023-12-18 11:00:00,22.03,OK,0.73,BDL,null,OS,null,OS,0.69,OK,64.27,OK,37.04,OK
2023-12-18 12:00:00,21.31,OK,0.88,BDL,null,OS,null,OS,1.0,OK,46.63,OK,30.92,OK
2023-12-18 13:00:00,29.53,OK,0.68,BDL,null,OS,null,OS,0.71,OK,54.72,OK,16.54,OK
2023-12-18 14:00:00,30.59,OK,0.68,BDL,null,OS,null,OS,0.65,OK,27.2,OK,25.4,OK
2023-12-18 15:00:00,18.93,OK,0.76,BDL,null,OS,null,OS,0.94,OK,47.24,OK,20.21,OK
2023-12-18 16:00:00,2.03,OK,1.59,OK,null,OS,null,OS,2.34,OK,63.09,OK,30.54,OK
2023-12-18 17:00:00,1.72,OK,2.98,OK,null,OS,null,OS,4.06,OK,116.08,OK,39.45,OK
2023-12-18 18:00:00,3.0,OK,5.3,OK,null,OS,null,OS,6.24,OK,154.73,OK,52.93,OK
2023-12-18 19:00:00,2.83,OK,4.99,OK,null,OS,null,OS,7.38,OK,207.3,OK,81.62,OK
2023-12-18 20:00:00,2.51,OK,5.03,OK,null,OS,null,OS,7.26,OK,192.54,OK,81.64,OK
2023-12-18 21:00:00,1.88,OK,4.08,OK,null,OS,null,OS,5.77,OK,144.96,OK,80.25,OK
2023-12-18 22:00:00,1.19,OK,3.33,OK,null,OS,null,OS,4.79,OK,142.0,OK,77.03,OK
2023-12-18 23:00:00,0.37,BDL,1.71,OK,null,OS,null,OS,2.04,OK,91.64,OK,50.92,OK
2023-12-19 00:00:00,-0.16,BDL,0.72,BDL,null,OS,null,OS,0.67,OK,69.82,OK,29.29,OK
2023-12-19 01:00:00,0.41,BDL,0.52,BDL,null,OS,null,OS,0.52,OK,41.46,OK,19.83,OK
2023-12-19 02:00:00,3.35,OK,0.44,BDL,null,OS,null,OS,0.45,OK,29.16,OK,13.2,OK
2023-12-19 03:00:00,3.21,OK,0.35,BDL,null,OS,null,OS,0.42,OK,25.26,OK,10.68,OK
2023-12-19 04:00:00,4.53,OK,0.53,BDL,null,OS,null,OS,0.41,OK,21.02,OK,13.76,OK
2023-12-19 05:00:00,2.97,OK,0.43,BDL,null,OS,null,OS,0.4,OK,17.89,OK,5.68,OK
2023-12-19 06:00:00,0.65,BDL,0.59,BDL,null,OS,null,OS,0.62,OK,22.11,OK,12.54,OK
2023-12-19 07:00:00,2.62,OK,0.75,BDL,null,OS,null,OS,0.74,OK,36.37,OK,5.54,OK
2023-12-19 08:00:00,9.9,OK,0.62,BDL,null,OS,null,OS,0.63,OK,44.19,OK,5.36,OK
2023-12-19 09:00:00,23.18,OK,0.56,BDL,null,OS,null,OS,0.56,OK,49.19,OK,8.3,OK
2023-12-19 10:00:00,28.94,OK,0.65,BDL,null,OS,null,OS,0.55,OK,38.83,OK,20.18,OK
2023-12-19 11:00:00,31.49,OK,0.64,BDL,null,OS,null,OS,0.63,OK,28.94,OK,21.6,OK
2023-12-19 12:00:00,41.03,OK,0.74,BDL,null,OS,null,OS,0.58,OK,37.83,OK,30.39,OK
2023-12-19 13:00:00,42.02,OK,0.56,BDL,null,OS,null,OS,0.57,OK,36.63,OK,11.68,OK
2023-12-19 14:00:00,39.6,OK,0.53,BDL,null,OS,null,OS,0.62,OK,35.67,OK,22.66,OK
2023-12-19 15:00:00,38.23,OK,0.44,BDL,null,OS,null,OS,0.58,OK,34.9,OK,16.6,OK
2023-12-19 16:00:00,24.56,OK,0.53,BDL,null,OS,null,OS,0.75,OK,47.79,OK,15.19,OK
2023-12-19 17:00:00,5.51,OK,0.89,BDL,null,OS,null,OS,1.21,OK,55.18,OK,7.84,OK
2023-12-19 18:00:00,3.53,OK,0.84,BDL,null,OS,null,OS,1.18,OK,80.46,OK,14.85,OK
2023-12-19 19:00:00,0.61,BDL,0.74,BDL,null,OS,null,OS,1.05,OK,76.57,OK,18.92,OK
2023-12-19 20:00:00,0.29,BDL,0.73,BDL,null,OS,null,OS,1.04,OK,59.48,OK,14.88,OK
2023-12-19 21:00:00,0.47,BDL,1.16,OK,null,OS,null,OS,1.68,OK,61.9,OK,13.44,OK
2023-12-19 22:00:00,0.41,BDL,1.23,OK,null,OS,null,OS,1.7,OK,78.17,OK,25.09,OK
2023-12-19 23:00:00,0.3,BDL,1.12,OK,null,OS,null,OS,1.52,OK,67.57,OK,26.81,OK
2023-12-20 00:00:00,0.22,BDL,0.96,BDL,null,OS,null,OS,1.34,OK,59.23,OK,25.96,OK
2023-12-20 01:00:00,0.39,BDL,0.84,BDL,null,OS,null,OS,1.03,OK,48.23,OK,27.44,OK
2023-12-20 02:00:00,4.12,OK,0.76,BDL,null,OS,null,OS,0.57,OK,47.0,OK,20.57,OK
2023-12-20 03:00:00,12.41,OK,0.59,BDL,null,OS,null,OS,0.44,OK,31.67,OK,19.18,OK
2023-12-20 04:00:00,7.89,OK,0.4,BDL,null,OS,null,OS,0.42,OK,25.76,OK,5.62,OK
2023-12-20 05:00:00,5.09,OK,0.42,BDL,null,OS,null,OS,0.45,OK,22.44,OK,6.66,OK
2023-12-20 06:00:00,2.01,OK,0.47,BDL,null,OS,null,OS,0.58,OK,22.84,OK,8.68,OK
2023-12-20 07:00:00,2.14,OK,0.59,BDL,null,OS,null,OS,0.71,OK,38.13,OK,7.73,OK
2023-12-20 08:00:00,4.15,OK,0.74,BDL,null,OS,null,OS,0.84,OK,53.12,OK,12.86,OK
2023-12-20 09:00:00,9.88,OK,0.6,BDL,null,OS,null,OS,0.72,OK,56.16,OK,15.47,OK
2023-12-20 10:00:00,14.77,OK,0.56,BDL,null,OS,null,OS,0.67,OK,42.04,OK,11.07,OK
2023-12-20 11:00:00,16.0,OK,0.62,BDL,null,OS,null,OS,0.73,OK,37.64,OK,15.85,OK
2023-12-20 12:00:00,27.36,OK,0.46,BDL,null,OS,null,OS,0.62,OK,42.01,OK,17.59,OK
2023-12-20 13:00:00,30.28,OK,0.37,BDL,null,OS,null,OS,0.61,OK,24.27,OK,13.67,OK
2023-12-20 14:00:00,26.42,OK,0.31,BDL,null,OS,null,OS,0.55,OK,15.17,OK,15.95,OK
2023-12-20 15:00:00,20.25,OK,0.34,BDL,null,OS,null,OS,0.61,OK,19.02,OK,23.53,OK
2023-12-20 16:00:00,6.57,OK,0.66,BDL,null,OS,null,OS,1.04,OK,30.96,OK,5.45,OK
2023-12-20 17:00:00,-0.03,BDL,0.95,BDL,null,OS,null,OS,1.78,OK,82.85,OK,21.92,OK
2023-12-20 18:00:00,0.48,BDL,0.69,BDL,null,OS,null,OS,1.1,OK,84.63,OK,24.91,OK
2023-12-20 19:00:00,0.29,BDL,0.73,BDL,null,OS,null,OS,1.34,OK,61.79,OK,10.24,OK
2023-12-20 20:00:00,0.9,BDL,1.32,OK,null,OS,null,OS,2.38,OK,72.32,OK,37.07,OK
2023-12-20 21:00:00,0.9,BDL,1.69,OK,null,OS,null,OS,2.99,OK,92.96,OK,45.66,OK
2023-12-20 22:00:00,0.42,BDL,1.55,OK,null,OS,null,OS,2.41,OK,91.42,OK,36.71,OK
2023-12-20 23:00:00,0.15,BDL,0.66,BDL,null,OS,null,OS,0.78,OK,60.3,OK,31.59,OK
2023-12-21 00:00:00,-0.13,BDL,0.58,BDL,null,OS,null,OS,0.71,OK,37.06,OK,21.02,OK
2023-12-21 01:00:00,-0.18,BDL,0.55,BDL,null,OS,null,OS,0.66,OK,40.14,OK,22.49,OK
2023-12-21 02:00:00,-0.24,BDL,0.38,BDL,null,OS,null,OS,0.52,OK,26.72,OK,15.85,OK
2023-12-21 03:00:00,0.56,BDL,0.31,BDL,null,OS,null,OS,0.45,OK,18.18,OK,8.11,OK
2023-12-21 04:00:00,0.52,BDL,0.26,BDL,null,OS,null,OS,0.46,OK,6.22,OK,1.79,BDL
2023-12-21 05:00:00,-0.12,BDL,0.26,BDL,null,OS,null,OS,0.5,OK,9.94,OK,1.04,BDL
2023-12-21 06:00:00,0.39,BDL,0.32,BDL,null,OS,null,OS,0.67,OK,8.76,OK,2.38,BDL
2023-12-21 07:00:00,3.34,OK,0.54,BDL,null,OS,null,OS,0.83,OK,16.68,OK,-2.53,BDL
2023-12-21 08:00:00,9.92,OK,0.5,BDL,null,OS,null,OS,0.73,OK,37.44,OK,-7.31,OR
2023-12-21 09:00:00,27.3,OK,0.4,BDL,null,OS,null,OS,0.55,OK,32.13,OK,4.09,OK
2023-12-21 10:00:00,34.15,OK,0.39,BDL,null,OS,null,OS,0.63,OK,21.53,OK,15.93,OK
2023-12-21 11:00:00,35.78,OK,0.49,BDL,null,OS,null,OS,0.61,OK,31.42,OK,29.28,OK
2023-12-21 12:00:00,33.51,OK,0.45,BDL,null,OS,null,OS,0.61,OK,32.69,OK,10.1,OK
2023-12-21 13:00:00,33.74,OK,0.36,BDL,null,OS,null,OS,0.6,OK,27.63,OK,22.54,OK
2023-12-21 14:00:00,30.7,OK,0.36,BDL,null,OS,null,OS,0.63,OK,22.17,OK,7.25,OK
2023-12-21 15:00:00,29.05,OK,0.42,BDL,null,OS,null,OS,0.61,OK,38.03,OK,11.73,OK
2023-12-21 16:00:00,12.17,OK,0.51,BDL,null,OS,null,OS,0.96,OK,35.57,OK,8.33,OK
2023-12-21 17:00:00,0.49,BDL,1.02,OK,null,OS,null,OS,1.66,OK,74.54,OK,31.35,OK
2023-12-21 18:00:00,0.73,BDL,1.58,OK,null,OS,null,OS,2.51,OK,97.81,OK,36.46,OK
2023-12-21 19:00:00,1.02,OK,2.27,OK,null,OS,null,OS,3.6,OK,123.45,OK,43.08,OK
2023-12-21 20:00:00,-0.0,BDL,1.17,OK,null,OS,null,OS,1.41,OK,91.28,OK,33.35,OK
2023-12-21 21:00:00,0.02,BDL,0.8,BDL,null,OS,null,OS,0.91,OK,58.67,OK,22.53,OK
2023-12-21 22:00:00,7.07,OK,0.49,BDL,null,OS,null,OS,0.67,OK,51.82,OK,24.51,OK
2023-12-21 23:00:00,25.27,OK,0.39,BDL,null,OS,null,OS,0.45,OK,38.77,OK,12.83,OK
2023-12-22 00:00:00,24.98,OK,0.34,BDL,null,OS,null,OS,0.44,OK,7.02,OK,7.99,OK
2023-12-22 01:00:00,25.67,OK,0.33,BDL,null,OS,null,OS,0.42,OK,17.62,OK,2.94,BDL
2023-12-22 02:00:00,22.69,OK,0.29,BDL,null,OS,null,OS,0.42,OK,15.14,OK,14.37,OK
2023-12-22 03:00:00,18.51,OK,0.29,BDL,null,OS,null,OS,0.41,OK,8.53,OK,5.66,OK
2023-12-22 04:00:00,9.68,OK,0.29,BDL,null,OS,null,OS,0.49,OK,22.26,OK,3.61,BDL
2023-12-22 05:00:00,0.71,BDL,0.4,BDL,null,OS,null,OS,0.54,OK,38.03,OK,13.95,OK
2023-12-22 06:00:00,1.1,OK,0.4,BDL,null,OS,null,OS,0.62,OK,21.55,OK,8.24,OK
2023-12-22 07:00:00,2.23,OK,0.55,BDL,null,OS,null,OS,0.84,OK,32.32,OK,1.77,BDL
2023-12-22 08:00:00,6.16,OK,0.47,BDL,null,OS,null,OS,0.83,OK,41.07,OK,-0.2,BDL
2023-12-22 09:00:00,18.94,OK,0.26,BDL,null,OS,null,OS,0.53,OK,32.4,OK,6.83,OK
2023-12-22 10:00:00,27.62,OK,0.38,BDL,null,OS,null,OS,0.5,OK,19.47,OK,10.07,OK
2023-12-22 11:00:00,29.92,OK,0.25,BDL,null,OS,null,OS,0.53,OK,5.08,OK,10.19,OK
2023-12-22 12:00:00,28.7,OK,0.31,BDL,null,OS,null,OS,0.57,OK,9.86,OK,21.76,OK
2023-12-22 13:00:00,23.63,OK,0.27,BDL,null,OS,null,OS,0.64,OK,23.87,OK,19.52,OK
2023-12-22 14:00:00,23.54,OK,0.32,BDL,null,OS,null,OS,0.63,OK,18.71,OK,5.96,OK
2023-12-22 15:00:00,19.62,OK,0.3,BDL,null,OS,null,OS,0.71,OK,26.51,OK,5.7,OK
2023-12-22 16:00:00,11.62,OK,0.37,BDL,null,OS,null,OS,0.91,OK,51.88,OK,16.87,OK
2023-12-22 17:00:00,3.39,OK,0.28,BDL,null,OS,null,OS,0.99,OK,62.38,OK,13.08,OK
2023-12-22 18:00:00,2.91,OK,0.35,BDL,null,OS,null,OS,0.98,OK,35.4,OK,4.62,OK
2023-12-22 19:00:00,0.23,BDL,0.45,BDL,null,OS,null,OS,1.1,OK,36.14,OK,6.28,OK
2023-12-22 20:00:00,0.99,BDL,0.4,BDL,null,OS,null,OS,0.98,OK,30.18,OK,17.65,OK
2023-12-22 21:00:00,3.86,OK,0.28,BDL,null,OS,null,OS,0.83,OK,28.86,OK,9.67,OK
2023-12-22 22:00:00,10.9,OK,0.2,BDL,null,OS,null,OS,0.62,OK,29.29,OK,14.03,OK
2023-12-22 23:00:00,18.28,OK,0.19,BDL,null,OS,null,OS,0.48,OK,16.33,OK,9.75,OK
2023-12-23 00:00:00,21.3,OK,0.16,BDL,null,OS,null,OS,0.46,OK,8.25,OK,7.41,OK
2023-12-23 01:00:00,18.76,OK,0.22,BDL,null,OS,null,OS,0.44,OK,11.43,OK,3.87,BDL
2023-12-23 02:00:00,24.47,OK,0.1,BDL,null,OS,null,OS,0.44,OK,9.63,OK,9.93,OK
2023-12-23 03:00:00,37.29,OK,0.13,BDL,null,OS,null,OS,0.42,OK,0.86,BDL,3.95,BDL
2023-12-23 04:00:00,36.07,OK,0.13,BDL,null,OS,null,OS,0.44,OK,6.58,OK,1.1,BDL
2023-12-23 05:00:00,35.24,OK,0.18,BDL,null,OS,null,OS,0.45,OK,12.45,OK,2.89,BDL
2023-12-23 06:00:00,26.06,OK,0.2,BDL,null,OS,null,OS,0.58,OK,9.9,OK,6.4,OK
2023-12-23 07:00:00,23.27,OK,0.22,BDL,null,OS,null,OS,0.69,OK,16.91,OK,8.03,OK
2023-12-23 08:00:00,32.97,OK,0.24,BDL,null,OS,null,OS,0.66,OK,2.67,BDL,-0.18,BDL
2023-12-23 09:00:00,40.83,OK,0.2,BDL,null,OS,null,OS,0.56,OK,6.28,OK,-1.07,BDL
2023-12-23 10:00:00,41.66,OK,0.21,BDL,null,OS,null,OS,0.55,OK,0.85,BDL,2.4,BDL
2023-12-23 11:00:00,43.03,OK,0.18,BDL,null,OS,null,OS,0.55,OK,-1.8,BDL,3.36,BDL
2023-12-23 12:00:00,41.79,OK,0.21,BDL,null,OS,null,OS,0.56,OK,8.49,OK,9.69,OK
2023-12-23 13:00:00,44.27,OK,0.15,BDL,null,OS,null,OS,0.51,OK,9.09,OK,11.87,OK
2023-12-23 14:00:00,43.82,OK,0.21,BDL,null,OS,null,OS,0.52,OK,7.47,OK,10.47,OK
2023-12-23 15:00:00,40.03,OK,0.23,BDL,null,OS,null,OS,0.59,OK,1.44,BDL,15.21,OK
2023-12-23 16:00:00,36.34,OK,0.21,BDL,null,OS,null,OS,0.58,OK,11.68,OK,13.66,OK
2023-12-23 17:00:00,19.39,OK,0.3,BDL,null,OS,null,OS,0.82,OK,17.41,OK,14.29,OK
2023-12-23 18:00:00,16.35,OK,0.33,BDL,null,OS,null,OS,0.87,OK,22.1,OK,3.55,BDL
2023-12-23 19:00:00,21.22,OK,0.24,BDL,null,OS,null,OS,0.75,OK,25.34,OK,5.87,OK
2023-12-23 20:00:00,9.89,OK,0.32,BDL,null,OS,null,OS,0.9,OK,20.6,OK,13.97,OK
2023-12-23 21:00:00,3.38,OK,0.36,BDL,null,OS,null,OS,1.0,OK,28.21,OK,4.29,OK
2023-12-23 22:00:00,15.49,OK,0.29,BDL,null,OS,null,OS,0.81,OK,30.09,OK,6.36,OK
2023-12-23 23:00:00,35.63,OK,0.14,BDL,null,OS,null,OS,0.44,OK,15.13,OK,4.48,OK
2023-12-24 00:00:00,29.46,OK,0.18,BDL,null,OS,null,OS,0.46,OK,1.66,BDL,1.12,BDL
2023-12-24 01:00:00,22.13,OK,0.16,BDL,null,OS,null,OS,0.5,OK,5.32,OK,4.5,OK
2023-12-24 02:00:00,11.39,OK,0.19,BDL,null,OS,null,OS,0.64,OK,6.54,OK,5.51,OK
2023-12-24 03:00:00,14.28,OK,0.12,BDL,null,OS,null,OS,0.55,OK,8.25,OK,10.23,OK
2023-12-24 04:00:00,14.32,OK,0.1,BDL,null,OS,null,OS,0.47,OK,1.36,BDL,1.2,BDL
2023-12-24 05:00:00,8.92,OK,0.13,BDL,null,OS,null,OS,0.49,OK,-5.37,OR,-1.82,BDL
2023-12-24 06:00:00,8.35,OK,0.17,BDL,null,OS,null,OS,0.59,OK,-5.52,OR,-2.56,BDL
2023-12-24 07:00:00,11.23,OK,0.23,BDL,null,OS,null,OS,0.64,OK,-10.38,OR,-9.07,OR
2023-12-24 08:00:00,22.22,OK,0.23,BDL,null,OS,null,OS,0.53,OK,16.84,OK,-15.8,OR
2023-12-24 09:00:00,29.45,OK,0.19,BDL,null,OS,null,OS,0.51,OK,24.3,OK,-2.87,BDL
2023-12-24 10:00:00,33.32,OK,0.22,BDL,null,OS,null,OS,0.52,OK,14.32,OK,15.44,OK
2023-12-24 11:00:00,39.56,OK,0.26,BDL,null,OS,null,OS,0.57,OK,9.05,OK,15.73,OK
2023-12-24 12:00:00,45.08,OK,0.26,BDL,null,OS,null,OS,0.49,OK,16.61,OK,31.66,OK
2023-12-24 13:00:00,42.37,OK,0.21,BDL,null,OS,null,OS,0.52,OK,10.27,OK,10.2,OK
2023-12-24 14:00:00,40.66,OK,0.21,BDL,null,OS,null,OS,0.47,OK,11.75,OK,30.35,OK
2023-12-24 15:00:00,38.39,OK,0.14,BDL,null,OS,null,OS,0.49,OK,10.92,OK,1.18,BDL
2023-12-24 16:00:00,28.33,OK,0.24,BDL,null,OS,null,OS,0.65,OK,9.31,OK,8.96,OK
2023-12-24 17:00:00,16.75,OK,0.33,BDL,null,OS,null,OS,0.75,OK,21.21,OK,13.77,OK
2023-12-24 18:00:00,11.67,OK,0.36,BDL,null,OS,null,OS,0.95,OK,8.68,OK,7.25,OK
2023-12-24 19:00:00,6.32,OK,0.77,BDL,null,OS,null,OS,1.36,OK,33.27,OK,8.81,OK
2023-12-24 20:00:00,2.2,OK,1.09,OK,null,OS,null,OS,2.04,OK,74.47,OK,74.41,OK
2023-12-24 21:00:00,1.56,OK,0.87,BDL,null,OS,null,OS,1.77,OK,75.88,OK,61.48,OK
2023-12-24 22:00:00,1.38,OK,0.59,BDL,null,OS,null,OS,1.09,OK,39.04,OK,38.71,OK
2023-12-24 23:00:00,2.26,OK,0.92,BDL,null,OS,null,OS,1.64,OK,49.34,OK,64.42,OK
2023-12-25 00:00:00,4.74,OK,0.7,BDL,null,OS,null,OS,1.25,OK,47.77,OK,54.82,OK
2023-12-25 01:00:00,14.8,OK,0.33,BDL,null,OS,null,OS,0.62,OK,13.87,OK,18.91,OK
2023-12-25 02:00:00,11.99,OK,0.29,BDL,null,OS,null,OS,0.71,OK,6.86,OK,19.93,OK
2023-12-25 03:00:00,7.87,OK,0.24,BDL,null,OS,null,OS,0.84,OK,15.98,OK,39.51,OK
2023-12-25 04:00:00,14.72,OK,0.21,BDL,null,OS,null,OS,0.59,OK,8.08,OK,21.58,OK
2023-12-25 05:00:00,14.93,OK,0.15,BDL,null,OS,null,OS,0.55,OK,-5.29,OR,-42.31,OR
2023-12-25 06:00:00,10.84,OK,0.2,BDL,null,OS,null,OS,0.59,OK,-4.83,OR,-33.92,OR
2023-12-25 07:00:00,16.33,OK,0.22,BDL,null,OS,null,OS,0.56,OK,-6.0,OR,-5.36,OR
2023-12-25 08:00:00,21.92,OK,0.35,BDL,null,OS,null,OS,0.51,OK,14.12,OK,-10.98,OR
2023-12-25 09:00:00,29.44,OK,0.27,BDL,null,OS,null,OS,0.55,OK,23.88,OK,-13.44,OR
2023-12-25 10:00:00,36.78,OK,0.3,BDL,null,OS,null,OS,0.56,OK,24.28,OK,18.78,OK
2023-12-25 11:00:00,44.85,OK,0.26,BDL,null,OS,null,OS,0.55,OK,19.18,OK,15.13,OK
2023-12-25 12:00:00,52.19,OK,0.42,BDL,null,OS,null,OS,0.58,OK,16.07,OK,31.54,OK
2023-12-25 13:00:00,52.85,OK,0.44,BDL,null,OS,null,OS,0.55,OK,16.2,OK,21.18,OK
2023-12-25 14:00:00,44.72,OK,0.28,BDL,null,OS,null,OS,0.49,OK,9.84,OK,21.09,OK
2023-12-25 15:00:00,38.64,OK,0.31,BDL,null,OS,null,OS,0.49,OK,17.17,OK,19.05,OK
2023-12-25 16:00:00,26.74,OK,0.34,BDL,null,OS,null,OS,0.62,OK,22.6,OK,17.66,OK
2023-12-25 17:00:00,14.5,OK,0.89,BDL,null,OS,null,OS,0.82,OK,42.76,OK,24.08,OK
2023-12-25 18:00:00,17.77,OK,0.35,BDL,null,OS,null,OS,0.64,OK,51.46,OK,18.32,OK
2023-12-25 19:00:00,16.23,OK,0.29,BDL,null,OS,null,OS,0.7,OK,32.91,OK,16.65,OK
2023-12-25 20:00:00,14.99,OK,0.26,BDL,null,OS,null,OS,0.66,OK,35.44,OK,15.81,OK
2023-12-25 21:00:00,6.11,OK,0.34,BDL,null,OS,null,OS,0.86,OK,17.46,OK,14.84,OK
2023-12-25 22:00:00,2.3,OK,0.33,BDL,null,OS,null,OS,1.14,OK,27.84,OK,23.67,OK
2023-12-25 23:00:00,3.88,OK,0.32,BDL,null,OS,null,OS,1.1,OK,38.03,OK,35.32,OK
2023-12-26 00:00:00,10.72,OK,0.26,BDL,null,OS,null,OS,0.75,OK,19.47,OK,21.43,OK
2023-12-26 01:00:00,8.48,OK,0.26,BDL,null,OS,null,OS,0.75,OK,13.6,OK,1.89,BDL
2023-12-26 02:00:00,5.45,OK,0.19,BDL,null,OS,null,OS,0.81,OK,7.22,OK,11.41,OK
2023-12-26 03:00:00,3.65,OK,0.13,BDL,null,OS,null,OS,0.79,OK,5.05,OK,16.9,OK
2023-12-26 04:00:00,1.02,OK,0.31,BDL,null,OS,null,OS,0.9,OK,12.16,OK,16.0,OK
2023-12-26 05:00:00,1.37,OK,0.2,BDL,null,OS,null,OS,0.64,OK,10.62,OK,-37.02,OR
2023-12-26 06:00:00,1.56,OK,0.22,BDL,null,OS,null,OS,0.7,OK,5.39,OK,-51.49,OR
2023-12-26 07:00:00,6.83,OK,0.35,BDL,null,OS,null,OS,0.83,OK,6.0,OK,-2.89,BDL
2023-12-26 08:00:00,14.25,OK,0.39,BDL,null,OS,null,OS,0.69,OK,25.97,OK,3.46,BDL
2023-12-26 09:00:00,24.84,OK,0.3,BDL,null,OS,null,OS,0.59,OK,44.51,OK,-2.41,BDL
2023-12-26 10:00:00,32.4,OK,0.31,BDL,null,OS,null,OS,0.59,OK,26.37,OK,16.12,OK
2023-12-26 11:00:00,38.55,OK,0.31,BDL,null,OS,null,OS,0.62,OK,21.03,OK,24.39,OK
2023-12-26 12:00:00,39.4,OK,0.34,BDL,null,OS,null,OS,0.61,OK,16.68,OK,21.6,OK
2023-12-26 13:00:00,38.83,OK,0.23,BDL,null,OS,null,OS,0.58,OK,16.44,OK,7.81,OK
2023-12-26 14:00:00,37.53,OK,0.26,BDL,null,OS,null,OS,0.56,OK,7.55,OK,14.73,OK
2023-12-26 15:00:00,33.82,OK,0.31,BDL,null,OS,null,OS,0.6,OK,11.05,OK,17.39,OK
2023-12-26 16:00:00,29.49,OK,0.29,BDL,null,OS,null,OS,0.65,OK,17.41,OK,11.58,OK
2023-12-26 17:00:00,21.28,OK,0.35,BDL,null,OS,null,OS,0.74,OK,24.52,OK,16.83,OK
2023-12-26 18:00:00,17.47,OK,0.3,BDL,null,OS,null,OS,0.8,OK,31.8,OK,6.06,OK
2023-12-26 19:00:00,16.12,OK,0.32,BDL,null,OS,null,OS,0.69,OK,40.87,OK,13.5,OK
2023-12-26 20:00:00,14.8,OK,0.26,BDL,null,OS,null,OS,0.71,OK,31.72,OK,12.14,OK
2023-12-26 21:00:00,5.89,OK,0.37,BDL,null,OS,null,OS,0.86,OK,19.91,OK,4.62,OK
2023-12-26 22:00:00,1.1,OK,0.44,BDL,null,OS,null,OS,1.2,OK,25.13,OK,7.21,OK
2023-12-26 23:00:00,7.41,OK,0.3,BDL,null,OS,null,OS,0.86,OK,27.8,OK,15.32,OK
2023-12-27 00:00:00,12.0,OK,0.22,BDL,null,OS,null,OS,0.77,OK,9.46,OK,7.99,OK
2023-12-27 01:00:00,4.75,OK,0.21,BDL,null,OS,null,OS,0.82,OK,4.01,OK,4.15,OK
2023-12-27 02:00:00,9.51,OK,0.26,BDL,null,OS,null,OS,0.66,OK,12.05,OK,7.87,OK
2023-12-27 03:00:00,17.18,OK,0.15,BDL,null,OS,null,OS,0.52,OK,0.99,BDL,4.4,OK
2023-12-27 04:00:00,17.07,OK,0.15,BDL,null,OS,null,OS,0.55,OK,-4.28,OR,-2.05,BDL
2023-12-27 05:00:00,9.69,OK,0.17,BDL,null,OS,null,OS,0.64,OK,-0.45,BDL,-17.79,OR
2023-12-27 06:00:00,5.24,OK,0.2,BDL,null,OS,null,OS,0.71,OK,-1.84,BDL,-27.26,OR
2023-12-27 07:00:00,8.85,OK,0.39,BDL,null,OS,null,OS,0.76,OK,6.1,OK,-24.24,OR
2023-12-27 08:00:00,13.11,OK,0.56,BDL,null,OS,null,OS,0.78,OK,33.66,OK,4.96,OK
2023-12-27 09:00:00,18.67,OK,0.68,BDL,null,OS,null,OS,0.77,OK,50.19,OK,12.79,OK
2023-12-27 10:00:00,28.12,OK,0.37,BDL,null,OS,null,OS,0.68,OK,43.83,OK,37.71,OK
2023-12-27 11:00:00,36.94,OK,0.3,BDL,null,OS,null,OS,0.61,OK,31.85,OK,30.9,OK
2023-12-27 12:00:00,35.84,OK,0.41,BDL,null,OS,null,OS,0.72,OK,23.29,OK,28.41,OK
2023-12-27 13:00:00,43.02,OK,0.3,BDL,null,OS,null,OS,0.63,OK,29.64,OK,16.79,OK
2023-12-27 14:00:00,44.76,OK,0.42,BDL,null,OS,null,OS,0.59,OK,18.14,OK,20.68,OK
2023-12-27 15:00:00,39.88,OK,0.59,BDL,null,OS,null,OS,0.66,OK,23.52,OK,21.3,OK
2023-12-27 16:00:00,16.73,OK,0.8,BDL,null,OS,null,OS,0.97,OK,34.28,OK,25.11,OK
2023-12-27 17:00:00,0.78,BDL,1.2,OK,null,OS,null,OS,1.73,OK,77.92,OK,8.79,OK
2023-12-27 18:00:00,1.04,OK,1.52,OK,null,OS,null,OS,2.32,OK,104.49,OK,36.41,OK
2023-12-27 19:00:00,0.62,BDL,1.16,OK,null,OS,null,OS,1.79,OK,74.44,OK,20.59,OK
2023-12-27 20:00:00,3.14,OK,0.88,BDL,null,OS,null,OS,1.35,OK,81.86,OK,34.3,OK
2023-12-27 21:00:00,2.83,OK,0.63,BDL,null,OS,null,OS,1.06,OK,45.72,OK,21.54,OK
2023-12-27 22:00:00,0.57,BDL,0.72,BDL,null,OS,null,OS,1.33,OK,41.48,OK,5.58,OK
2023-12-27 23:00:00,0.47,BDL,0.69,BDL,null,OS,null,OS,1.16,OK,37.81,OK,-76.08,OR
2023-12-28 00:00:00,1.42,OK,0.6,BDL,null,OS,null,OS,0.91,OK,36.53,OK,39.62,OK
2023-12-28 01:00:00,3.35,OK,0.5,BDL,null,OS,null,OS,0.73,OK,26.14,OK,11.64,OK
2023-12-28 02:00:00,0.56,BDL,0.44,BDL,null,OS,null,OS,0.79,OK,25.11,OK,24.34,OK
2023-12-28 03:00:00,9.14,OK,0.3,BDL,null,OS,null,OS,0.59,OK,14.14,OK,12.1,OK
2023-12-28 04:00:00,14.85,OK,0.24,BDL,null,OS,null,OS,0.53,OK,2.55,BDL,6.96,OK
2023-12-28 05:00:00,11.95,OK,0.2,BDL,null,OS,null,OS,0.58,OK,-3.49,BDL,1.79,BDL
2023-12-28 06:00:00,6.33,OK,0.32,BDL,null,OS,null,OS,0.66,OK,3.17,BDL,-2.18,BDL
2023-12-28 07:00:00,7.55,OK,0.52,BDL,null,OS,null,OS,0.87,OK,14.74,OK,-3.79,BDL
2023-12-28 08:00:00,11.54,OK,0.61,BDL,null,OS,null,OS,0.91,OK,30.67,OK,-8.08,OR
2023-12-28 09:00:00,11.5,OK,0.56,BDL,null,OS,null,OS,1.05,OK,67.47,OK,8.58,OK
2023-12-28 10:00:00,19.77,OK,0.56,BDL,null,OS,null,OS,0.93,OK,57.87,OK,19.98,OK
2023-12-28 11:00:00,28.99,OK,0.48,BDL,null,OS,null,OS,0.82,OK,46.8,OK,39.09,OK
2023-12-28 12:00:00,38.65,OK,0.98,BDL,null,OS,null,OS,0.69,OK,37.74,OK,23.42,OK
2023-12-28 13:00:00,39.31,OK,1.04,OK,null,OS,null,OS,0.68,OK,22.51,OK,25.08,OK
2023-12-28 14:00:00,38.68,OK,0.53,BDL,null,OS,null,OS,0.64,OK,9.82,OK,8.65,OK
2023-12-28 15:00:00,32.73,OK,0.43,BDL,null,OS,null,OS,0.68,OK,21.42,OK,23.58,OK
2023-12-28 16:00:00,16.9,OK,0.47,BDL,null,OS,null,OS,0.91,OK,35.52,OK,9.92,OK
2023-12-28 17:00:00,21.65,OK,0.53,BDL,null,OS,null,OS,0.81,OK,40.22,OK,19.42,OK
2023-12-28 18:00:00,19.29,OK,0.38,BDL,null,OS,null,OS,0.85,OK,34.22,OK,0.63,BDL
2023-12-28 19:00:00,5.18,OK,0.57,BDL,null,OS,null,OS,1.08,OK,46.25,OK,13.12,OK
2023-12-28 20:00:00,2.12,OK,0.75,BDL,null,OS,null,OS,1.34,OK,55.61,OK,22.2,OK
2023-12-28 21:00:00,1.25,OK,0.81,BDL,null,OS,null,OS,1.63,OK,60.32,OK,29.5,OK
2023-12-28 22:00:00,0.53,BDL,0.8,BDL,null,OS,null,OS,1.63,OK,46.89,OK,25.51,OK
2023-12-28 23:00:00,0.58,BDL,0.72,BDL,null,OS,null,OS,1.28,OK,38.66,OK,22.12,OK
2023-12-29 00:00:00,14.48,OK,0.34,BDL,null,OS,null,OS,0.57,OK,16.11,OK,12.13,OK
2023-12-29 01:00:00,17.48,OK,0.33,BDL,null,OS,null,OS,0.56,OK,6.09,OK,-2.74,BDL
2023-12-29 02:00:00,17.66,OK,0.26,BDL,null,OS,null,OS,0.55,OK,1.93,BDL,-3.67,BDL
2023-12-29 03:00:00,16.12,OK,0.29,BDL,null,OS,null,OS,0.56,OK,-0.72,BDL,2.05,BDL
2023-12-29 04:00:00,11.68,OK,0.22,BDL,null,OS,null,OS,0.58,OK,3.08,BDL,6.78,OK
2023-12-29 05:00:00,5.91,OK,0.3,BDL,null,OS,null,OS,0.72,OK,8.49,OK,3.44,BDL
2023-12-29 06:00:00,4.26,OK,0.34,BDL,null,OS,null,OS,0.81,OK,33.18,OK,2.61,BDL
2023-12-29 07:00:00,4.05,OK,0.9,BDL,null,OS,null,OS,1.34,OK,32.83,OK,-0.84,BDL
2023-12-29 08:00:00,11.72,OK,0.51,BDL,null,OS,null,OS,0.81,OK,45.07,OK,-7.3,OR
2023-12-29 09:00:00,24.69,OK,0.56,BDL,null,OS,null,OS,0.71,OK,58.2,OK,7.59,OK
2023-12-29 10:00:00,39.22,OK,0.52,BDL,null,OS,null,OS,0.52,OK,30.79,OK,30.77,OK
2023-12-29 11:00:00,43.1,OK,0.39,BDL,null,OS,null,OS,0.51,OK,20.11,OK,14.54,OK
2023-12-29 12:00:00,44.81,OK,0.53,BDL,null,OS,null,OS,0.53,OK,8.0,OK,16.37,OK
2023-12-29 13:00:00,48.43,OK,0.42,BDL,null,OS,null,OS,0.51,OK,12.15,OK,20.82,OK
2023-12-29 14:00:00,49.21,OK,0.49,BDL,null,OS,null,OS,0.51,OK,6.99,OK,12.02,OK
2023-12-29 15:00:00,41.83,OK,0.43,BDL,null,OS,null,OS,0.58,OK,3.22,BDL,20.33,OK
2023-12-29 16:00:00,13.19,OK,0.74,BDL,null,OS,null,OS,1.18,OK,28.43,OK,18.89,OK
2023-12-29 17:00:00,2.31,OK,1.67,OK,null,OS,null,OS,1.52,OK,43.59,OK,17.13,OK
2023-12-29 18:00:00,1.27,OK,2.13,OK,null,OS,null,OS,2.6,OK,80.61,OK,36.66,OK
2023-12-29 19:00:00,1.04,OK,1.77,OK,null,OS,null,OS,2.43,OK,81.57,OK,31.66,OK
2023-12-29 20:00:00,1.02,OK,1.41,OK,null,OS,null,OS,2.43,OK,87.33,OK,28.85,OK
2023-12-29 21:00:00,1.47,OK,2.07,OK,null,OS,null,OS,3.18,OK,95.54,OK,42.04,OK
2023-12-29 22:00:00,3.67,OK,1.05,OK,null,OS,null,OS,1.53,OK,86.02,OK,34.38,OK
2023-12-29 23:00:00,11.7,OK,0.41,BDL,null,OS,null,OS,0.66,OK,30.24,OK,16.69,OK
2023-12-30 00:00:00,16.88,OK,0.34,BDL,null,OS,null,OS,0.6,OK,11.18,OK,1.66,BDL
2023-12-30 01:00:00,14.78,OK,0.34,BDL,null,OS,null,OS,0.6,OK,6.64,OK,0.46,BDL
2023-12-30 02:00:00,18.06,OK,0.33,BDL,null,OS,null,OS,0.59,OK,-3.64,BDL,1.36,BDL
2023-12-30 03:00:00,15.28,OK,0.49,BDL,null,OS,null,OS,0.59,OK,0.02,BDL,-0.97,BDL
2023-12-30 04:00:00,22.43,OK,0.47,BDL,null,OS,null,OS,0.57,OK,9.17,OK,-1.66,BDL
2023-12-30 05:00:00,21.56,OK,0.47,BDL,null,OS,null,OS,0.59,OK,7.61,OK,1.74,BDL
2023-12-30 06:00:00,10.15,OK,0.81,BDL,null,OS,null,OS,0.94,OK,5.69,OK,4.17,OK
2023-12-30 07:00:00,10.26,OK,0.64,BDL,null,OS,null,OS,0.86,OK,25.27,OK,4.29,OK
2023-12-30 08:00:00,19.68,OK,0.66,BDL,null,OS,null,OS,0.72,OK,37.72,OK,1.21,BDL
2023-12-30 09:00:00,32.8,OK,0.77,BDL,null,OS,null,OS,0.57,OK,42.05,OK,12.93,OK
2023-12-30 10:00:00,34.02,OK,0.97,BDL,null,OS,null,OS,0.59,OK,24.65,OK,19.13,OK
2023-12-30 11:00:00,32.97,OK,0.9,BDL,null,OS,null,OS,0.65,OK,21.28,OK,55.31,OK
2023-12-30 12:00:00,31.04,OK,0.89,BDL,null,OS,null,OS,0.73,OK,19.83,OK,32.37,OK
2023-12-30 13:00:00,34.72,OK,0.78,BDL,null,OS,null,OS,0.73,OK,21.27,OK,20.91,OK
2023-12-30 14:00:00,40.83,OK,0.7,BDL,null,OS,null,OS,0.75,OK,18.56,OK,29.89,OK
2023-12-30 15:00:00,40.57,OK,0.68,BDL,null,OS,null,OS,0.71,OK,13.2,OK,20.74,OK
2023-12-30 16:00:00,28.42,OK,0.62,BDL,null,OS,null,OS,0.88,OK,30.2,OK,12.92,OK
2023-12-30 17:00:00,11.91,OK,0.68,BDL,null,OS,null,OS,1.2,OK,44.73,OK,21.66,OK
2023-12-30 18:00:00,18.47,OK,0.51,BDL,null,OS,null,OS,0.93,OK,44.7,OK,11.59,OK
2023-12-30 19:00:00,1.06,OK,0.91,BDL,null,OS,null,OS,1.7,OK,46.54,OK,14.69,OK
2023-12-30 20:00:00,1.65,OK,0.96,BDL,null,OS,null,OS,1.64,OK,52.07,OK,17.65,OK
2023-12-30 21:00:00,1.54,OK,1.65,OK,null,OS,null,OS,2.7,OK,68.78,OK,34.7,OK
2023-12-30 22:00:00,1.25,OK,1.65,OK,null,OS,null,OS,2.74,OK,82.51,OK,41.33,OK
2023-12-30 23:00:00,1.23,OK,1.62,OK,null,OS,null,OS,2.75,OK,68.51,OK,45.29,OK
2023-12-31 00:00:00,0.81,BDL,0.95,BDL,null,OS,null,OS,1.34,OK,63.16,OK,29.96,OK
2023-12-31 01:00:00,4.44,OK,0.54,BDL,null,OS,null,OS,0.85,OK,27.68,OK,21.15,OK
2023-12-31 02:00:00,11.89,OK,0.41,BDL,null,OS,null,OS,0.74,OK,22.36,OK,16.26,OK
