Red Universitaria de Observatorios Atmosfericos (RUOA)
Atmospheric Observatory Hermosillo (erno), Sonora
Lat 29.0814 N, Lon 110.9706 W, Alt 154 masl
Time UTC-7h
Air Quality data
Flags: OK = Reliable data, BDL = Below Detection Limit, OR = Out of Range, OS = Out of Service 
 
Time,O3,O3_flag,SO2,SO2_flag,NO2,NO2_flag,NO,NO_flag,CO,CO_flag,PM10,PM10_flag,PM2.5,PM2.5_flag
yyyy-mm-dd HH:MM:SS,ppb,flag,ppb,flag,ppb,flag,ppb,flag,ppm,flag,ug/m^3,flag,ug/m^3,flag
2023-05-01 00:00:00,27.41,OK,-0.01,BDL,null,OS,null,OS,0.41,OK,40.87,OK,null,OS
2023-05-01 01:00:00,31.95,OK,-0.05,BDL,null,OS,null,OS,0.35,OK,19.04,OK,null,OS
2023-05-01 02:00:00,30.15,OK,-0.05,BDL,null,OS,null,OS,0.35,OK,20.89,OK,null,OS
2023-05-01 03:00:00,26.88,OK,-0.09,BDL,null,OS,null,OS,0.35,OK,21.4,OK,null,OS
2023-05-01 04:00:00,26.36,OK,0.11,BDL,null,OS,null,OS,0.34,OK,30.41,OK,null,OS
2023-05-01 05:00:00,27.63,OK,0.11,BDL,null,OS,null,OS,0.37,OK,25.02,OK,null,OS
2023-05-01 06:00:00,27.76,OK,0.54,BDL,null,OS,null,OS,0.39,OK,29.03,OK,null,OS
2023-05-01 07:00:00,32.65,OK,0.46,BDL,null,OS,null,OS,0.38,OK,27.65,OK,null,OS
2023-05-01 08:00:00,41.29,OK,0.14,BDL,null,OS,null,OS,0.36,OK,44.18,OK,null,OS
2023-05-01 09:00:00,42.52,OK,0.04,BDL,null,OS,null,OS,0.36,OK,44.12,OK,null,OS
2023-05-01 10:00:00,45.02,OK,0.07,BDL,null,OS,null,OS,0.35,OK,40.11,OK,null,OS
2023-05-01 11:00:00,45.57,OK,-0.03,BDL,null,OS,null,OS,0.36,OK,38.31,OK,null,OS
2023-05-01 12:00:00,44.98,OK,-0.03,BDL,null,OS,null,OS,0.37,OK,35.51,OK,null,OS
2023-05-01 13:00:00,45.3,OK,-0.05,BDL,null,OS,null,OS,0.36,OK,70.76,OK,null,OS
2023-05-01 14:00:00,40.67,OK,-0.02,BDL,null,OS,null,OS,0.39,OK,112.23,OK,null,OS
2023-05-01 15:00:00,45.11,OK,-0.02,BDL,null,OS,null,OS,0.35,OK,136.87,OK,null,OS
2023-05-01 16:00:00,44.49,OK,-0.07,BDL,null,OS,null,OS,0.36,OK,54.57,OK,null,OS
2023-05-01 17:00:00,41.23,OK,0.01,BDL,null,OS,null,OS,0.36,OK,42.45,OK,null,OS
2023-05-01 18:00:00,35.74,OK,-0.08,BDL,null,OS,null,OS,0.39,OK,36.96,OK,null,OS
2023-05-01 19:00:00,32.53,OK,-0.08,BDL,null,OS,null,OS,0.4,OK,37.68,OK,null,OS
2023-05-01 20:00:00,35.14,OK,-0.04,BDL,null,OS,null,OS,0.37,OK,30.75,OK,null,OS
2023-05-01 21:00:00,33.94,OK,-0.11,BDL,null,OS,null,OS,0.38,OK,32.41,OK,null,OS
2023-05-01 22:00:00,33.82,OK,-0.14,BDL,null,OS,null,OS,0.38,OK,30.24,OK,null,OS
2023-05-01 23:00:00,33.18,OK,-0.06,BDL,null,OS,null,OS,0.35,OK,26.65,OK,null,OS
2023-05-02 00:00:00,35.32,OK,-0.15,BDL,null,OS,null,OS,0.33,OK,30.33,OK,null,OS
2023-05-02 01:00:00,35.42,OK,-0.12,BDL,null,OS,null,OS,0.32,OK,30.27,OK,null,OS
2023-05-02 02:00:00,34.63,OK,-0.2,BDL,null,OS,null,OS,0.33,OK,24.76,OK,null,OS
2023-05-02 03:00:00,29.13,OK,-0.06,BDL,null,OS,null,OS,0.34,OK,29.89,OK,null,OS
2023-05-02 04:00:00,25.11,OK,-0.02,BDL,null,OS,null,OS,0.36,OK,40.81,OK,null,OS
2023-05-02 05:00:00,24.97,OK,0.07,BDL,null,OS,null,OS,0.39,OK,23.92,OK,null,OS
2023-05-02 06:00:00,27.34,OK,0.29,BDL,null,OS,null,OS,0.5,OK,35.41,OK,null,OS
2023-05-02 07:00:00,31.4,OK,0.17,BDL,null,OS,null,OS,0.45,OK,42.89,OK,null,OS
2023-05-02 08:00:00,36.96,OK,0.09,BDL,null,OS,null,OS,0.43,OK,33.1,OK,null,OS
2023-05-02 09:00:00,38.89,OK,0.03,BDL,null,OS,null,OS,0.4,OK,36.37,OK,null,OS
2023-05-02 10:00:00,38.17,OK,-0.06,BDL,null,OS,null,OS,0.4,OK,36.77,OK,null,OS
2023-05-02 11:00:00,38.45,OK,-0.05,BDL,null,OS,null,OS,0.4,OK,39.56,OK,null,OS
2023-05-02 12:00:00,36.88,OK,-0.04,BDL,null,OS,null,OS,0.38,OK,62.18,OK,null,OS
2023-05-02 13:00:00,32.76,OK,-0.1,BDL,null,OS,null,OS,0.35,OK,56.54,OK,null,OS
2023-05-02 14:00:00,32.81,OK,-0.2,BDL,null,OS,null,OS,0.35,OK,58.68,OK,null,OS
2023-05-02 15:00:00,33.76,OK,-0.18,BDL,null,OS,null,OS,0.37,OK,35.73,OK,null,OS
2023-05-02 16:00:00,35.51,OK,-0.13,BDL,null,OS,null,OS,0.4,OK,51.14,OK,null,OS
2023-05-02 17:00:00,31.74,OK,-0.08,BDL,null,OS,null,OS,0.39,OK,58.19,OK,null,OS
2023-05-02 18:00:00,30.4,OK,-0.03,BDL,null,OS,null,OS,0.44,OK,46.94,OK,null,OS
2023-05-02 19:00:00,29.47,OK,-0.17,BDL,null,OS,null,OS,0.45,OK,35.25,OK,null,OS
2023-05-02 20:00:00,27.31,OK,-0.1,BDL,null,OS,null,OS,0.4,OK,41.59,OK,null,OS
2023-05-02 21:00:00,28.68,OK,-0.12,BDL,null,OS,null,OS,0.37,OK,27.68,OK,null,OS
2023-05-02 22:00:00,28.24,OK,-0.22,BDL,null,OS,null,OS,0.35,OK,23.07,OK,null,OS
2023-05-02 23:00:00,27.74,OK,-0.16,BDL,null,OS,null,OS,0.34,OK,13.47,OK,null,OS
2023-05-03 00:00:00,27.01,OK,-0.27,BDL,null,OS,null,OS,0.34,OK,24.8,OK,null,OS
2023-05-03 01:00:00,27.64,OK,-0.21,BDL,null,OS,null,OS,0.34,OK,21.14,OK,null,OS
2023-05-03 02:00:00,28.14,OK,-0.24,BDL,null,OS,null,OS,0.32,OK,11.96,OK,null,OS
2023-05-03 03:00:00,27.38,OK,-0.22,BDL,null,OS,null,OS,0.31,OK,25.44,OK,null,OS
2023-05-03 04:00:00,16.63,OK,-0.25,BDL,null,OS,null,OS,0.33,OK,26.48,OK,null,OS
2023-05-03 05:00:00,11.94,OK,-0.23,BDL,null,OS,null,OS,0.37,OK,13.16,OK,null,OS
2023-05-03 06:00:00,18.5,OK,-0.19,BDL,null,OS,null,OS,0.42,OK,31.81,OK,null,OS
2023-05-03 07:00:00,21.43,OK,-0.16,BDL,null,OS,null,OS,0.49,OK,28.73,OK,null,OS
2023-05-03 08:00:00,24.54,OK,-0.17,BDL,null,OS,null,OS,0.46,OK,34.41,OK,null,OS
2023-05-03 09:00:00,26.98,OK,-0.14,BDL,null,OS,null,OS,0.48,OK,33.0,OK,null,OS
2023-05-03 10:00:00,32.41,OK,-0.04,BDL,null,OS,null,OS,0.43,OK,39.91,OK,null,OS
2023-05-03 11:00:00,37.79,OK,0.1,BDL,null,OS,null,OS,0.46,OK,48.77,OK,null,OS
2023-05-03 12:00:00,37.15,OK,-0.02,BDL,null,OS,null,OS,0.46,OK,42.56,OK,null,OS
2023-05-03 13:00:00,33.12,OK,-0.08,BDL,null,OS,null,OS,0.45,OK,28.8,OK,null,OS
2023-05-03 14:00:00,32.17,OK,-0.11,BDL,null,OS,null,OS,0.49,OK,26.02,OK,null,OS
2023-05-03 15:00:00,32.85,OK,-0.18,BDL,null,OS,null,OS,0.42,OK,35.34,OK,null,OS
2023-05-03 16:00:00,30.52,OK,-0.18,BDL,null,OS,null,OS,0.45,OK,44.06,OK,null,OS
2023-05-03 17:00:00,29.1,OK,-0.12,BDL,null,OS,null,OS,0.43,OK,36.36,OK,null,OS
2023-05-03 18:00:00,27.38,OK,-0.08,BDL,null,OS,null,OS,0.45,OK,29.93,OK,null,OS
2023-05-03 19:00:00,26.51,OK,-0.16,BDL,null,OS,null,OS,0.42,OK,32.67,OK,null,OS
2023-05-03 20:00:00,25.83,OK,-0.18,BDL,null,OS,null,OS,0.42,OK,30.57,OK,null,OS
2023-05-03 21:00:00,24.92,OK,-0.15,BDL,null,OS,null,OS,0.38,OK,29.52,OK,null,OS
2023-05-03 22:00:00,20.95,OK,-0.21,BDL,null,OS,null,OS,0.42,OK,31.83,OK,null,OS
2023-05-03 23:00:00,21.17,OK,-0.15,BDL,null,OS,null,OS,0.4,OK,26.7,OK,null,OS
2023-05-04 00:00:00,20.8,OK,-0.13,BDL,null,OS,null,OS,0.37,OK,40.46,OK,null,OS
2023-05-04 01:00:00,23.9,OK,-0.16,BDL,null,OS,null,OS,0.33,OK,39.18,OK,null,OS
2023-05-04 02:00:00,26.5,OK,-0.26,BDL,null,OS,null,OS,0.33,OK,30.63,OK,null,OS
2023-05-04 03:00:00,27.19,OK,-0.23,BDL,null,OS,null,OS,0.32,OK,19.75,OK,null,OS
2023-05-04 04:00:00,25.22,OK,-0.3,BDL,null,OS,null,OS,0.34,OK,27.09,OK,null,OS
2023-05-04 05:00:00,7.62,OK,-0.23,BDL,null,OS,null,OS,0.47,OK,26.05,OK,null,OS
2023-05-04 06:00:00,15.6,OK,-0.22,BDL,null,OS,null,OS,0.56,OK,32.54,OK,null,OS
2023-05-04 07:00:00,31.29,OK,-0.1,BDL,null,OS,null,OS,0.46,OK,25.02,OK,null,OS
2023-05-04 08:00:00,34.7,OK,-0.07,BDL,null,OS,null,OS,0.53,OK,30.97,OK,null,OS
2023-05-04 09:00:00,43.9,OK,-0.02,BDL,null,OS,null,OS,0.48,OK,38.8,OK,null,OS
2023-05-04 10:00:00,46.39,OK,-0.11,BDL,null,OS,null,OS,0.41,OK,41.23,OK,null,OS
2023-05-04 11:00:00,43.83,OK,-0.1,BDL,null,OS,null,OS,0.41,OK,22.29,OK,null,OS
2023-05-04 12:00:00,45.37,OK,-0.17,BDL,null,OS,null,OS,0.38,OK,20.62,OK,null,OS
2023-05-04 13:00:00,45.91,OK,-0.18,BDL,null,OS,null,OS,0.39,OK,22.12,OK,null,OS
2023-05-04 14:00:00,48.66,OK,-0.14,BDL,null,OS,null,OS,0.38,OK,30.38,OK,null,OS
2023-05-04 15:00:00,48.33,OK,-0.25,BDL,null,OS,null,OS,0.37,OK,32.13,OK,null,OS
2023-05-04 16:00:00,44.46,OK,-0.18,BDL,null,OS,null,OS,0.38,OK,34.51,OK,null,OS
2023-05-04 17:00:00,44.25,OK,-0.17,BDL,null,OS,null,OS,0.37,OK,33.89,OK,null,OS
2023-05-04 18:00:00,37.07,OK,-0.04,BDL,null,OS,null,OS,0.42,OK,34.52,OK,null,OS
2023-05-04 19:00:00,30.43,OK,-0.13,BDL,null,OS,null,OS,0.43,OK,32.13,OK,null,OS
2023-05-04 20:00:00,28.8,OK,-0.05,BDL,null,OS,null,OS,0.42,OK,41.31,OK,null,OS
2023-05-04 21:00:00,23.91,OK,-0.03,BDL,null,OS,null,OS,0.46,OK,41.56,OK,null,OS
2023-05-04 22:00:00,26.98,OK,0.23,BDL,null,OS,null,OS,0.43,OK,40.7,OK,null,OS
2023-05-04 23:00:00,22.95,OK,0.55,BDL,null,OS,null,OS,0.5,OK,57.17,OK,null,OS
2023-05-05 00:00:00,27.94,OK,0.48,BDL,null,OS,null,OS,0.41,OK,51.69,OK,null,OS
2023-05-05 01:00:00,25.65,OK,0.03,BDL,null,OS,null,OS,0.37,OK,34.77,OK,null,OS
2023-05-05 02:00:00,16.83,OK,0.03,BDL,null,OS,null,OS,0.37,OK,39.24,OK,null,OS
2023-05-05 03:00:00,10.2,OK,-0.01,BDL,null,OS,null,OS,0.34,OK,36.84,OK,null,OS
2023-05-05 04:00:00,8.58,OK,-0.12,BDL,null,OS,null,OS,0.33,OK,21.95,OK,null,OS
2023-05-05 05:00:00,6.51,OK,0.0,BDL,null,OS,null,OS,0.44,OK,14.65,OK,null,OS
2023-05-05 06:00:00,12.98,OK,0.2,BDL,null,OS,null,OS,0.5,OK,32.51,OK,null,OS
2023-05-05 07:00:00,29.81,OK,0.06,BDL,null,OS,null,OS,0.42,OK,46.36,OK,null,OS
2023-05-05 08:00:00,34.36,OK,-0.03,BDL,null,OS,null,OS,0.4,OK,35.06,OK,null,OS
2023-05-05 09:00:00,46.06,OK,-0.12,BDL,null,OS,null,OS,0.38,OK,24.75,OK,null,OS
2023-05-05 10:00:00,50.55,OK,-0.13,BDL,null,OS,null,OS,0.39,OK,39.08,OK,null,OS
2023-05-05 11:00:00,51.84,OK,-0.14,BDL,null,OS,null,OS,0.39,OK,22.38,OK,null,OS
2023-05-05 12:00:00,50.48,OK,-0.13,BDL,null,OS,null,OS,0.38,OK,20.97,OK,null,OS
2023-05-05 13:00:00,52.63,OK,-0.13,BDL,null,OS,null,OS,0.38,OK,18.98,OK,null,OS
2023-05-05 14:00:00,52.49,OK,-0.08,BDL,null,OS,null,OS,0.39,OK,25.63,OK,null,OS
2023-05-05 15:00:00,47.71,OK,-0.12,BDL,null,OS,null,OS,0.41,OK,38.26,OK,null,OS
2023-05-05 16:00:00,46.09,OK,-0.11,BDL,null,OS,null,OS,0.39,OK,43.83,OK,null,OS
2023-05-05 17:00:00,44.84,OK,-0.07,BDL,null,OS,null,OS,0.37,OK,34.38,OK,null,OS
2023-05-05 18:00:00,37.4,OK,-0.15,BDL,null,OS,null,OS,0.43,OK,35.31,OK,null,OS
2023-05-05 19:00:00,28.18,OK,-0.08,BDL,null,OS,null,OS,0.47,OK,30.76,OK,null,OS
2023-05-05 20:00:00,24.85,OK,-0.06,BDL,null,OS,null,OS,0.47,OK,45.55,OK,null,OS
2023-05-05 21:00:00,21.28,OK,-0.1,BDL,null,OS,null,OS,0.51,OK,40.91,OK,null,OS
2023-05-05 22:00:00,22.61,OK,-0.05,BDL,null,OS,null,OS,0.43,OK,36.63,OK,null,OS
2023-05-05 23:00:00,24.36,OK,-0.08,BDL,null,OS,null,OS,0.39,OK,40.42,OK,null,OS
2023-05-06 00:00:00,18.3,OK,-0.12,BDL,null,OS,null,OS,0.47,OK,34.8,OK,null,OS
2023-05-06 01:00:00,13.77,OK,0.06,BDL,null,OS,null,OS,0.44,OK,34.22,OK,null,OS
2023-05-06 02:00:00,21.37,OK,-0.06,BDL,null,OS,null,OS,0.35,OK,37.47,OK,null,OS
2023-05-06 03:00:00,13.24,OK,-0.04,BDL,null,OS,null,OS,0.34,OK,35.43,OK,null,OS
2023-05-06 04:00:00,7.98,OK,-0.08,BDL,null,OS,null,OS,0.34,OK,28.25,OK,null,OS
2023-05-06 05:00:00,11.46,OK,0.07,BDL,null,OS,null,OS,0.38,OK,18.73,OK,null,OS
2023-05-06 06:00:00,17.62,OK,0.1,BDL,null,OS,null,OS,0.43,OK,23.65,OK,null,OS
2023-05-06 07:00:00,21.56,OK,0.1,BDL,null,OS,null,OS,0.53,OK,46.42,OK,null,OS
2023-05-06 08:00:00,34.55,OK,0.02,BDL,null,OS,null,OS,0.45,OK,57.09,OK,null,OS
2023-05-06 09:00:00,42.91,OK,-0.02,BDL,null,OS,null,OS,0.43,OK,36.69,OK,null,OS
2023-05-06 10:00:00,50.73,OK,-0.05,BDL,null,OS,null,OS,0.37,OK,39.66,OK,null,OS
2023-05-06 11:00:00,53.04,OK,-0.03,BDL,null,OS,null,OS,0.36,OK,21.74,OK,null,OS
2023-05-06 12:00:00,51.74,OK,-0.05,BDL,null,OS,null,OS,0.37,OK,21.57,OK,null,OS
2023-05-06 13:00:00,52.9,OK,-0.11,BDL,null,OS,null,OS,0.37,OK,23.19,OK,null,OS
2023-05-06 14:00:00,51.78,OK,-0.09,BDL,null,OS,null,OS,0.36,OK,21.69,OK,null,OS
2023-05-06 15:00:00,51.15,OK,-0.14,BDL,null,OS,null,OS,0.36,OK,26.82,OK,null,OS
2023-05-06 16:00:00,46.26,OK,-0.06,BDL,null,OS,null,OS,0.36,OK,33.13,OK,null,OS
2023-05-06 17:00:00,42.15,OK,-0.09,BDL,null,OS,null,OS,0.37,OK,27.95,OK,null,OS
2023-05-06 18:00:00,31.61,OK,-0.08,BDL,null,OS,null,OS,0.43,OK,28.39,OK,null,OS
2023-05-06 19:00:00,26.42,OK,-0.02,BDL,null,OS,null,OS,0.47,OK,34.52,OK,null,OS
2023-05-06 20:00:00,25.13,OK,-0.06,BDL,null,OS,null,OS,0.49,OK,38.94,OK,null,OS
2023-05-06 21:00:00,22.48,OK,-0.03,BDL,null,OS,null,OS,0.53,OK,38.22,OK,null,OS
2023-05-06 22:00:00,18.31,OK,0.02,BDL,null,OS,null,OS,0.55,OK,35.81,OK,null,OS
2023-05-06 23:00:00,19.1,OK,-0.07,BDL,null,OS,null,OS,0.47,OK,38.79,OK,null,OS
2023-05-07 00:00:00,13.72,OK,-0.03,BDL,null,OS,null,OS,0.55,OK,24.76,OK,null,OS
2023-05-07 01:00:00,3.9,OK,0.02,BDL,null,OS,null,OS,0.58,OK,47.61,OK,null,OS
2023-05-07 02:00:00,8.2,OK,0.17,BDL,null,OS,null,OS,0.44,OK,50.8,OK,null,OS
2023-05-07 03:00:00,13.59,OK,0.2,BDL,null,OS,null,OS,0.36,OK,42.59,OK,null,OS
2023-05-07 04:00:00,11.89,OK,0.21,BDL,null,OS,null,OS,0.39,OK,23.26,OK,null,OS
2023-05-07 05:00:00,10.56,OK,0.16,BDL,null,OS,null,OS,0.42,OK,22.29,OK,null,OS
2023-05-07 06:00:00,20.48,OK,0.26,BDL,null,OS,null,OS,0.42,OK,24.28,OK,null,OS
2023-05-07 07:00:00,30.23,OK,0.18,BDL,null,OS,null,OS,0.4,OK,24.12,OK,null,OS
2023-05-07 08:00:00,39.81,OK,0.08,BDL,null,OS,null,OS,0.43,OK,27.21,OK,null,OS
2023-05-07 09:00:00,48.06,OK,-0.05,BDL,null,OS,null,OS,0.38,OK,26.56,OK,null,OS
2023-05-07 10:00:00,56.01,OK,-0.06,BDL,null,OS,null,OS,0.34,OK,19.96,OK,null,OS
2023-05-07 11:00:00,61.56,OK,-0.03,BDL,null,OS,null,OS,0.33,OK,25.95,OK,null,OS
2023-05-07 12:00:00,62.04,OK,-0.07,BDL,null,OS,null,OS,0.33,OK,13.1,OK,null,OS
2023-05-07 13:00:00,59.99,OK,-0.1,BDL,null,OS,null,OS,0.34,OK,17.55,OK,null,OS
2023-05-07 14:00:00,60.31,OK,-0.13,BDL,null,OS,null,OS,0.31,OK,21.21,OK,null,OS
2023-05-07 15:00:00,55.88,OK,-0.06,BDL,null,OS,null,OS,0.33,OK,14.31,OK,null,OS
2023-05-07 16:00:00,46.49,OK,-0.1,BDL,null,OS,null,OS,0.35,OK,41.67,OK,null,OS
2023-05-07 17:00:00,40.66,OK,-0.14,BDL,null,OS,null,OS,0.37,OK,37.75,OK,null,OS
2023-05-07 18:00:00,35.59,OK,-0.11,BDL,null,OS,null,OS,0.37,OK,32.64,OK,null,OS
2023-05-07 19:00:00,33.07,OK,-0.07,BDL,null,OS,null,OS,0.39,OK,29.64,OK,null,OS
2023-05-07 20:00:00,27.16,OK,-0.11,BDL,null,OS,null,OS,0.44,OK,32.36,OK,null,OS
2023-05-07 21:00:00,23.98,OK,-0.03,BDL,null,OS,null,OS,0.48,OK,51.98,OK,null,OS
2023-05-07 22:00:00,27.47,OK,-0.1,BDL,null,OS,null,OS,0.41,OK,25.1,OK,null,OS
2023-05-07 23:00:00,13.41,OK,-0.0,BDL,null,OS,null,OS,0.59,OK,31.47,OK,null,OS
2023-05-08 00:00:00,2.42,OK,0.13,BDL,null,OS,null,OS,0.67,OK,33.76,OK,null,OS
2023-05-08 01:00:00,7.05,OK,0.39,BDL,null,OS,null,OS,0.47,OK,58.81,OK,null,OS
2023-05-08 02:00:00,9.14,OK,0.35,BDL,null,OS,null,OS,0.43,OK,47.03,OK,null,OS
2023-05-08 03:00:00,8.18,OK,0.33,BDL,null,OS,null,OS,0.4,OK,46.69,OK,null,OS
2023-05-08 04:00:00,5.55,OK,0.39,BDL,null,OS,null,OS,0.4,OK,40.92,OK,null,OS
2023-05-08 05:00:00,8.4,OK,0.29,BDL,null,OS,null,OS,0.43,OK,32.19,OK,null,OS
2023-05-08 06:00:00,10.85,OK,0.43,BDL,null,OS,null,OS,0.59,OK,33.77,OK,null,OS
2023-05-08 07:00:00,18.72,OK,0.4,BDL,null,OS,null,OS,0.72,OK,51.31,OK,null,OS
2023-05-08 08:00:00,32.45,OK,0.25,BDL,null,OS,null,OS,0.71,OK,58.34,OK,null,OS
2023-05-08 09:00:00,44.38,OK,0.27,BDL,null,OS,null,OS,0.62,OK,68.55,OK,null,OS
2023-05-08 10:00:00,52.07,OK,0.08,BDL,null,OS,null,OS,0.45,OK,47.22,OK,null,OS
2023-05-08 11:00:00,54.54,OK,0.01,BDL,null,OS,null,OS,0.37,OK,38.65,OK,null,OS
2023-05-08 12:00:00,51.23,OK,-0.08,BDL,null,OS,null,OS,0.38,OK,18.36,OK,null,OS
2023-05-08 13:00:00,53.74,OK,0.01,BDL,null,OS,null,OS,0.38,OK,22.22,OK,null,OS
2023-05-08 14:00:00,52.1,OK,-0.05,BDL,null,OS,null,OS,0.4,OK,27.03,OK,null,OS
2023-05-08 15:00:00,48.37,OK,-0.01,BDL,null,OS,null,OS,0.4,OK,27.22,OK,null,OS
2023-05-08 16:00:00,45.01,OK,-0.04,BDL,null,OS,null,OS,0.41,OK,44.7,OK,null,OS
2023-05-08 17:00:00,38.94,OK,-0.09,BDL,null,OS,null,OS,0.43,OK,47.39,OK,null,OS
2023-05-08 18:00:00,33.99,OK,-0.08,BDL,null,OS,null,OS,0.43,OK,48.23,OK,null,OS
2023-05-08 19:00:00,32.56,OK,-0.08,BDL,null,OS,null,OS,0.42,OK,34.48,OK,null,OS
2023-05-08 20:00:00,25.87,OK,-0.07,BDL,null,OS,null,OS,0.47,OK,38.64,OK,null,OS
2023-05-08 21:00:00,24.37,OK,-0.02,BDL,null,OS,null,OS,0.48,OK,36.06,OK,null,OS
2023-05-08 22:00:00,30.84,OK,-0.0,BDL,null,OS,null,OS,0.4,OK,28.63,OK,null,OS
2023-05-08 23:00:00,23.72,OK,-0.02,BDL,null,OS,null,OS,0.42,OK,24.31,OK,null,OS
2023-05-09 00:00:00,11.3,OK,0.05,BDL,null,OS,null,OS,0.51,OK,29.94,OK,null,OS
2023-05-09 01:00:00,6.26,OK,0.11,BDL,null,OS,null,OS,0.53,OK,39.01,OK,null,OS
2023-05-09 02:00:00,4.09,OK,0.35,BDL,null,OS,null,OS,0.58,OK,44.33,OK,null,OS
2023-05-09 03:00:00,4.19,OK,0.7,BDL,null,OS,null,OS,0.49,OK,64.22,OK,null,OS
2023-05-09 04:00:00,4.22,OK,0.55,BDL,null,OS,null,OS,0.4,OK,44.66,OK,null,OS
2023-05-09 05:00:00,9.32,OK,0.45,BDL,null,OS,null,OS,0.47,OK,29.77,OK,null,OS
2023-05-09 06:00:00,9.16,OK,0.89,BDL,null,OS,null,OS,0.7,OK,53.15,OK,null,OS
2023-05-09 07:00:00,21.94,OK,0.55,BDL,null,OS,null,OS,0.63,OK,78.36,OK,null,OS
2023-05-09 08:00:00,39.41,OK,0.06,BDL,null,OS,null,OS,0.46,OK,28.15,OK,null,OS
2023-05-09 09:00:00,43.95,OK,0.08,BDL,null,OS,null,OS,0.48,OK,33.68,OK,null,OS
2023-05-09 10:00:00,53.51,OK,0.02,BDL,null,OS,null,OS,0.42,OK,39.58,OK,null,OS
2023-05-09 11:00:00,52.63,OK,-0.09,BDL,null,OS,null,OS,0.39,OK,29.9,OK,null,OS
2023-05-09 12:00:00,52.67,OK,0.02,BDL,null,OS,null,OS,0.43,OK,21.27,OK,null,OS
2023-05-09 13:00:00,48.53,OK,-0.03,BDL,null,OS,null,OS,0.43,OK,25.54,OK,null,OS
2023-05-09 14:00:00,44.95,OK,-0.08,BDL,null,OS,null,OS,0.45,OK,25.95,OK,null,OS
2023-05-09 15:00:00,42.76,OK,-0.1,BDL,null,OS,null,OS,0.46,OK,36.76,OK,null,OS
2023-05-09 16:00:00,41.49,OK,-0.09,BDL,null,OS,null,OS,0.45,OK,45.62,OK,null,OS
2023-05-09 17:00:00,37.71,OK,-0.07,BDL,null,OS,null,OS,0.48,OK,44.67,OK,null,OS
2023-05-09 18:00:00,32.82,OK,-0.07,BDL,null,OS,null,OS,0.51,OK,65.6,OK,null,OS
2023-05-09 19:00:00,27.3,OK,-0.07,BDL,null,OS,null,OS,0.48,OK,38.36,OK,null,OS
2023-05-09 20:00:00,23.42,OK,-0.07,BDL,null,OS,null,OS,0.47,OK,42.0,OK,null,OS
2023-05-09 21:00:00,15.39,OK,0.0,BDL,null,OS,null,OS,0.6,OK,41.52,OK,null,OS
2023-05-09 22:00:00,23.4,OK,0.15,BDL,null,OS,null,OS,0.42,OK,41.62,OK,null,OS
2023-05-09 23:00:00,30.42,OK,-0.01,BDL,null,OS,null,OS,0.36,OK,23.72,OK,null,OS
2023-05-10 00:00:00,30.75,OK,-0.04,BDL,null,OS,null,OS,0.33,OK,16.64,OK,null,OS
2023-05-10 01:00:00,23.17,OK,-0.06,BDL,null,OS,null,OS,0.4,OK,25.92,OK,null,OS
2023-05-10 02:00:00,20.11,OK,-0.04,BDL,null,OS,null,OS,0.38,OK,37.33,OK,null,OS
2023-05-10 03:00:00,22.18,OK,0.04,BDL,null,OS,null,OS,0.37,OK,17.94,OK,null,OS
2023-05-10 04:00:00,18.0,OK,0.0,BDL,null,OS,null,OS,0.41,OK,41.47,OK,null,OS
2023-05-10 05:00:00,8.74,OK,0.18,BDL,null,OS,null,OS,0.64,OK,71.85,OK,null,OS
2023-05-10 06:00:00,16.73,OK,0.43,BDL,null,OS,null,OS,0.58,OK,70.8,OK,null,OS
2023-05-10 07:00:00,27.68,OK,0.22,BDL,null,OS,null,OS,0.56,OK,34.9,OK,null,OS
2023-05-10 08:00:00,40.69,OK,-0.08,BDL,null,OS,null,OS,0.43,OK,49.03,OK,null,OS
2023-05-10 09:00:00,45.15,OK,-0.16,BDL,null,OS,null,OS,0.35,OK,40.1,OK,null,OS
2023-05-10 10:00:00,43.66,OK,0.01,BDL,null,OS,null,OS,0.36,OK,22.0,OK,null,OS
2023-05-10 11:00:00,46.53,OK,0.14,BDL,null,OS,null,OS,0.4,OK,31.32,OK,null,OS
2023-05-10 12:00:00,41.61,OK,-0.08,BDL,null,OS,null,OS,0.43,OK,47.98,OK,null,OS
2023-05-10 13:00:00,42.36,OK,-0.03,BDL,null,OS,null,OS,0.43,OK,22.5,OK,null,OS
2023-05-10 14:00:00,46.3,OK,-0.08,BDL,null,OS,null,OS,0.39,OK,30.93,OK,null,OS
2023-05-10 15:00:00,47.38,OK,-0.12,BDL,null,OS,null,OS,0.39,OK,23.86,OK,null,OS
2023-05-10 16:00:00,49.56,OK,-0.09,BDL,null,OS,null,OS,0.42,OK,31.61,OK,null,OS
2023-05-10 17:00:00,53.94,OK,-0.1,BDL,null,OS,null,OS,0.4,OK,43.95,OK,null,OS
2023-05-10 18:00:00,52.15,OK,-0.09,BDL,null,OS,null,OS,0.43,OK,36.62,OK,null,OS
2023-05-10 19:00:00,43.75,OK,-0.04,BDL,null,OS,null,OS,0.5,OK,37.93,OK,null,OS
2023-05-10 20:00:00,38.24,OK,-0.04,BDL,null,OS,null,OS,0.52,OK,36.49,OK,null,OS
2023-05-10 21:00:00,40.62,OK,-0.03,BDL,null,OS,null,OS,0.46,OK,30.66,OK,null,OS
2023-05-10 22:00:00,37.78,OK,-0.1,BDL,null,OS,null,OS,0.45,OK,30.52,OK,null,OS
2023-05-10 23:00:00,25.48,OK,0.02,BDL,null,OS,null,OS,0.54,OK,40.27,OK,null,OS
2023-05-11 00:00:00,14.85,OK,0.09,BDL,null,OS,null,OS,0.58,OK,72.4,OK,null,OS
2023-05-11 01:00:00,27.32,OK,0.62,BDL,null,OS,null,OS,0.42,OK,58.89,OK,null,OS
2023-05-11 02:00:00,32.03,OK,0.03,BDL,null,OS,null,OS,0.31,OK,45.5,OK,null,OS
2023-05-11 03:00:00,31.7,OK,0.03,BDL,null,OS,null,OS,0.32,OK,26.8,OK,null,OS
2023-05-11 04:00:00,24.9,OK,0.01,BDL,null,OS,null,OS,0.34,OK,27.9,OK,null,OS
2023-05-11 05:00:00,20.97,OK,0.21,BDL,null,OS,null,OS,0.46,OK,37.85,OK,null,OS
2023-05-11 06:00:00,18.07,OK,0.32,BDL,null,OS,null,OS,0.61,OK,54.8,OK,null,OS
2023-05-11 07:00:00,23.75,OK,0.32,BDL,null,OS,null,OS,0.74,OK,71.16,OK,null,OS
2023-05-11 08:00:00,43.57,OK,0.09,BDL,null,OS,null,OS,0.54,OK,61.35,OK,null,OS
2023-05-11 09:00:00,46.93,OK,0.15,BDL,null,OS,null,OS,0.53,OK,56.25,OK,null,OS
2023-05-11 10:00:00,60.01,OK,0.09,BDL,null,OS,null,OS,0.42,OK,63.43,OK,null,OS
2023-05-11 11:00:00,62.98,OK,0.03,BDL,null,OS,null,OS,0.42,OK,48.87,OK,null,OS
2023-05-11 12:00:00,66.42,OK,-0.04,BDL,null,OS,null,OS,0.39,OK,35.54,OK,null,OS
2023-05-11 13:00:00,65.88,OK,0.05,BDL,null,OS,null,OS,0.42,OK,44.42,OK,null,OS
2023-05-11 14:00:00,60.45,OK,-0.0,BDL,null,OS,null,OS,0.41,OK,46.2,OK,null,OS
2023-05-11 15:00:00,58.01,OK,0.01,BDL,null,OS,null,OS,0.4,OK,48.05,OK,null,OS
2023-05-11 16:00:00,52.97,OK,-0.03,BDL,null,OS,null,OS,0.47,OK,51.86,OK,null,OS
2023-05-11 17:00:00,49.25,OK,-0.09,BDL,null,OS,null,OS,0.43,OK,40.67,OK,null,OS
2023-05-11 18:00:00,43.16,OK,-0.1,BDL,null,OS,null,OS,0.47,OK,45.5,OK,null,OS
2023-05-11 19:00:00,38.29,OK,-0.06,BDL,null,OS,null,OS,0.5,OK,41.73,OK,null,OS
2023-05-11 20:00:00,34.95,OK,-0.01,BDL,null,OS,null,OS,0.47,OK,43.26,OK,null,OS
2023-05-11 21:00:00,34.93,OK,0.06,BDL,null,OS,null,OS,0.44,OK,51.91,OK,null,OS
2023-05-11 22:00:00,24.64,OK,0.12,BDL,null,OS,null,OS,0.51,OK,49.85,OK,null,OS
2023-05-11 23:00:00,24.82,OK,0.04,BDL,null,OS,null,OS,0.48,OK,52.25,OK,null,OS
2023-05-12 00:00:00,14.83,OK,0.12,BDL,null,OS,null,OS,0.5,OK,61.91,OK,null,OS
2023-05-12 01:00:00,23.33,OK,0.16,BDL,null,OS,null,OS,0.37,OK,49.7,OK,null,OS
2023-05-12 02:00:00,21.48,OK,0.18,BDL,null,OS,null,OS,0.37,OK,22.8,OK,null,OS
2023-05-12 03:00:00,18.45,OK,0.14,BDL,null,OS,null,OS,0.39,OK,36.36,OK,null,OS
2023-05-12 04:00:00,12.91,OK,0.3,BDL,null,OS,null,OS,0.41,OK,45.29,OK,null,OS
2023-05-12 05:00:00,9.53,OK,0.4,BDL,null,OS,null,OS,0.54,OK,56.58,OK,null,OS
2023-05-12 06:00:00,12.77,OK,0.44,BDL,null,OS,null,OS,0.7,OK,71.23,OK,null,OS
2023-05-12 07:00:00,26.15,OK,0.5,BDL,null,OS,null,OS,0.69,OK,63.22,OK,null,OS
2023-05-12 08:00:00,35.7,OK,0.42,BDL,null,OS,null,OS,0.6,OK,53.3,OK,null,OS
2023-05-12 09:00:00,45.46,OK,0.21,BDL,null,OS,null,OS,0.55,OK,55.01,OK,null,OS
2023-05-12 10:00:00,53.83,OK,0.12,BDL,null,OS,null,OS,0.49,OK,53.99,OK,null,OS
2023-05-12 11:00:00,55.77,OK,0.07,BDL,null,OS,null,OS,0.44,OK,41.63,OK,null,OS
2023-05-12 12:00:00,57.46,OK,0.01,BDL,null,OS,null,OS,0.41,OK,25.4,OK,null,OS
2023-05-12 13:00:00,53.75,OK,0.06,BDL,null,OS,null,OS,0.5,OK,26.09,OK,null,OS
2023-05-12 14:00:00,52.53,OK,0.0,BDL,null,OS,null,OS,0.47,OK,30.59,OK,null,OS
2023-05-12 15:00:00,54.55,OK,0.03,BDL,null,OS,null,OS,0.49,OK,58.04,OK,null,OS
2023-05-12 16:00:00,52.33,OK,-0.0,BDL,null,OS,null,OS,0.47,OK,62.31,OK,null,OS
2023-05-12 17:00:00,49.64,OK,-0.02,BDL,null,OS,null,OS,0.47,OK,54.71,OK,null,OS
2023-05-12 18:00:00,44.46,OK,-0.07,BDL,null,OS,null,OS,0.48,OK,48.29,OK,null,OS
2023-05-12 19:00:00,43.95,OK,-0.09,BDL,null,OS,null,OS,0.44,OK,53.16,OK,null,OS
2023-05-12 20:00:00,39.98,OK,-0.02,BDL,null,OS,null,OS,0.48,OK,42.34,OK,null,OS
2023-05-12 21:00:00,35.8,OK,-0.02,BDL,null,OS,null,OS,0.5,OK,46.72,OK,null,OS
2023-05-12 22:00:00,28.84,OK,0.25,BDL,null,OS,null,OS,0.51,OK,47.94,OK,null,OS
2023-05-12 23:00:00,12.68,OK,0.15,BDL,null,OS,null,OS,0.64,OK,53.26,OK,null,OS
2023-05-13 00:00:00,6.84,OK,0.17,BDL,null,OS,null,OS,0.68,OK,60.78,OK,null,OS
2023-05-13 01:00:00,11.56,OK,0.12,BDL,null,OS,null,OS,0.65,OK,93.25,OK,null,OS
2023-05-13 02:00:00,12.2,OK,0.07,BDL,null,OS,null,OS,0.49,OK,63.21,OK,null,OS
2023-05-13 03:00:00,16.26,OK,0.13,BDL,null,OS,null,OS,0.43,OK,42.65,OK,null,OS
2023-05-13 04:00:00,7.83,OK,0.62,BDL,null,OS,null,OS,0.46,OK,47.83,OK,null,OS
2023-05-13 05:00:00,9.93,OK,0.36,BDL,null,OS,null,OS,0.45,OK,48.81,OK,null,OS
2023-05-13 06:00:00,13.8,OK,0.42,BDL,null,OS,null,OS,0.55,OK,45.79,OK,null,OS
2023-05-13 07:00:00,20.19,OK,0.59,BDL,null,OS,null,OS,0.65,OK,60.69,OK,null,OS
2023-05-13 08:00:00,43.55,OK,0.18,BDL,null,OS,null,OS,0.56,OK,52.51,OK,null,OS
2023-05-13 09:00:00,55.73,OK,0.14,BDL,null,OS,null,OS,0.53,OK,61.46,OK,null,OS
2023-05-13 10:00:00,58.06,OK,0.04,BDL,null,OS,null,OS,0.43,OK,56.68,OK,null,OS
2023-05-13 11:00:00,59.16,OK,-0.04,BDL,null,OS,null,OS,0.46,OK,32.26,OK,null,OS
2023-05-13 12:00:00,57.59,OK,-0.04,BDL,null,OS,null,OS,0.45,OK,29.35,OK,null,OS
2023-05-13 13:00:00,58.41,OK,-0.03,BDL,null,OS,null,OS,0.4,OK,27.59,OK,null,OS
2023-05-13 14:00:00,57.53,OK,0.01,BDL,null,OS,null,OS,0.41,OK,25.92,OK,null,OS
2023-05-13 15:00:00,53.83,OK,-0.08,BDL,null,OS,null,OS,0.41,OK,44.34,OK,null,OS
2023-05-13 16:00:00,52.71,OK,-0.06,BDL,null,OS,null,OS,0.41,OK,72.08,OK,null,OS
2023-05-13 17:00:00,49.15,OK,-0.12,BDL,null,OS,null,OS,0.41,OK,52.05,OK,null,OS
2023-05-13 18:00:00,42.62,OK,-0.09,BDL,null,OS,null,OS,0.45,OK,57.01,OK,null,OS
2023-05-13 19:00:00,39.15,OK,-0.13,BDL,null,OS,null,OS,0.49,OK,39.86,OK,null,OS
2023-05-13 20:00:00,39.09,OK,-0.03,BDL,null,OS,null,OS,0.53,OK,34.76,OK,null,OS
2023-05-13 21:00:00,31.88,OK,-0.03,BDL,null,OS,null,OS,0.56,OK,33.07,OK,null,OS
2023-05-13 22:00:00,19.89,OK,0.09,BDL,null,OS,null,OS,0.64,OK,49.46,OK,null,OS
2023-05-13 23:00:00,7.02,OK,0.6,BDL,null,OS,null,OS,0.88,OK,71.45,OK,null,OS
2023-05-14 00:00:00,10.3,OK,0.3,BDL,null,OS,null,OS,0.76,OK,81.42,OK,null,OS
2023-05-14 01:00:00,32.41,OK,-0.03,BDL,null,OS,null,OS,0.46,OK,55.92,OK,null,OS
2023-05-14 02:00:00,28.79,OK,-0.01,BDL,null,OS,null,OS,0.46,OK,33.16,OK,null,OS
2023-05-14 03:00:00,9.27,OK,0.19,BDL,null,OS,null,OS,0.54,OK,62.26,OK,null,OS
2023-05-14 04:00:00,14.01,OK,0.19,BDL,null,OS,null,OS,0.45,OK,68.9,OK,null,OS
2023-05-14 05:00:00,13.31,OK,0.51,BDL,null,OS,null,OS,0.53,OK,56.88,OK,null,OS
2023-05-14 06:00:00,17.52,OK,0.42,BDL,null,OS,null,OS,0.48,OK,38.31,OK,null,OS
2023-05-14 07:00:00,30.11,OK,0.33,BDL,null,OS,null,OS,0.44,OK,38.59,OK,null,OS
2023-05-14 08:00:00,40.59,OK,0.05,BDL,null,OS,null,OS,0.39,OK,47.84,OK,null,OS
2023-05-14 09:00:00,52.96,OK,0.03,BDL,null,OS,null,OS,0.4,OK,44.94,OK,null,OS
2023-05-14 10:00:00,60.83,OK,0.02,BDL,null,OS,null,OS,0.4,OK,34.92,OK,null,OS
2023-05-14 11:00:00,62.5,OK,0.01,BDL,null,OS,null,OS,0.38,OK,35.59,OK,null,OS
2023-05-14 12:00:00,59.53,OK,0.02,BDL,null,OS,null,OS,0.4,OK,26.32,OK,null,OS
2023-05-14 13:00:00,59.79,OK,-0.07,BDL,null,OS,null,OS,0.4,OK,30.77,OK,null,OS
2023-05-14 14:00:00,62.66,OK,-0.08,BDL,null,OS,null,OS,0.4,OK,27.54,OK,null,OS
2023-05-14 15:00:00,58.1,OK,-0.07,BDL,null,OS,null,OS,0.42,OK,34.93,OK,null,OS
2023-05-14 16:00:00,52.16,OK,-0.04,BDL,null,OS,null,OS,0.42,OK,41.53,OK,null,OS
2023-05-14 17:00:00,49.26,OK,-0.07,BDL,null,OS,null,OS,0.39,OK,54.3,OK,null,OS
2023-05-14 18:00:00,41.54,OK,-0.09,BDL,null,OS,null,OS,0.43,OK,38.86,OK,null,OS
2023-05-14 19:00:00,35.14,OK,-0.09,BDL,null,OS,null,OS,0.48,OK,42.51,OK,null,OS
2023-05-14 20:00:00,33.81,OK,0.08,BDL,null,OS,null,OS,0.52,OK,43.73,OK,null,OS
2023-05-14 21:00:00,31.67,OK,0.12,BDL,null,OS,null,OS,0.5,OK,42.96,OK,null,OS
2023-05-14 22:00:00,24.76,OK,-0.05,BDL,null,OS,null,OS,0.52,OK,43.46,OK,null,OS
2023-05-14 23:00:00,28.75,OK,-0.08,BDL,null,OS,null,OS,0.45,OK,45.04,OK,null,OS
2023-05-15 00:00:00,30.65,OK,-0.05,BDL,null,OS,null,OS,0.41,OK,33.74,OK,null,OS
2023-05-15 01:00:00,32.41,OK,-0.05,BDL,null,OS,null,OS,0.41,OK,44.11,OK,null,OS
2023-05-15 02:00:00,31.56,OK,0.01,BDL,null,OS,null,OS,0.4,OK,35.88,OK,null,OS
2023-05-15 03:00:00,31.92,OK,-0.03,BDL,null,OS,null,OS,0.37,OK,24.57,OK,null,OS
2023-05-15 04:00:00,12.2,OK,0.04,BDL,null,OS,null,OS,0.46,OK,38.8,OK,null,OS
2023-05-15 05:00:00,8.15,OK,0.61,BDL,null,OS,null,OS,0.49,OK,52.02,OK,null,OS
2023-05-15 06:00:00,13.84,OK,0.59,BDL,null,OS,null,OS,0.64,OK,47.91,OK,null,OS
2023-05-15 07:00:00,27.9,OK,0.29,BDL,null,OS,null,OS,0.61,OK,47.5,OK,null,OS
2023-05-15 08:00:00,38.51,OK,0.22,BDL,null,OS,null,OS,0.68,OK,53.24,OK,null,OS
2023-05-15 09:00:00,59.38,OK,0.11,BDL,null,OS,null,OS,0.54,OK,58.84,OK,null,OS
2023-05-15 10:00:00,72.52,OK,0.08,BDL,null,OS,null,OS,0.52,OK,52.53,OK,null,OS
2023-05-15 11:00:00,76.43,OK,0.07,BDL,null,OS,null,OS,0.48,OK,38.37,OK,null,OS
2023-05-15 12:00:00,67.8,OK,0.04,BDL,null,OS,null,OS,0.45,OK,34.11,OK,null,OS
2023-05-15 13:00:00,64.81,OK,-0.05,BDL,null,OS,null,OS,0.43,OK,26.92,OK,null,OS
2023-05-15 14:00:00,58.06,OK,-0.01,BDL,null,OS,null,OS,0.49,OK,35.76,OK,null,OS
2023-05-15 15:00:00,50.33,OK,0.01,BDL,null,OS,null,OS,0.45,OK,84.29,OK,null,OS
2023-05-15 16:00:00,49.69,OK,0.05,BDL,null,OS,null,OS,0.47,OK,57.42,OK,null,OS
2023-05-15 17:00:00,42.47,OK,-0.02,BDL,null,OS,null,OS,0.49,OK,49.03,OK,null,OS
2023-05-15 18:00:00,36.58,OK,0.03,BDL,null,OS,null,OS,0.52,OK,49.14,OK,null,OS
2023-05-15 19:00:00,32.0,OK,0.08,BDL,null,OS,null,OS,0.53,OK,45.64,OK,null,OS
2023-05-15 20:00:00,27.03,OK,0.49,BDL,null,OS,null,OS,0.55,OK,44.77,OK,null,OS
2023-05-15 21:00:00,26.49,OK,0.39,BDL,null,OS,null,OS,0.56,OK,52.32,OK,null,OS
2023-05-15 22:00:00,23.87,OK,0.07,BDL,null,OS,null,OS,0.52,OK,39.54,OK,null,OS
2023-05-15 23:00:00,9.29,OK,0.23,BDL,null,OS,null,OS,0.65,OK,67.55,OK,null,OS
2023-05-16 00:00:00,17.53,OK,0.21,BDL,null,OS,null,OS,0.5,OK,59.38,OK,null,OS
2023-05-16 01:00:00,21.27,OK,0.22,BDL,null,OS,null,OS,0.44,OK,54.76,OK,null,OS
2023-05-16 02:00:00,23.2,OK,0.18,BDL,null,OS,null,OS,0.41,OK,36.56,OK,null,OS
2023-05-16 03:00:00,14.35,OK,0.06,BDL,null,OS,null,OS,0.43,OK,47.09,OK,null,OS
2023-05-16 04:00:00,7.82,OK,0.2,BDL,null,OS,null,OS,0.46,OK,49.11,OK,null,OS
2023-05-16 05:00:00,10.91,OK,0.29,BDL,null,OS,null,OS,0.54,OK,72.68,OK,null,OS
2023-05-16 06:00:00,18.15,OK,0.31,BDL,null,OS,null,OS,0.65,OK,61.07,OK,null,OS
2023-05-16 07:00:00,31.24,OK,0.23,BDL,null,OS,null,OS,0.62,OK,54.93,OK,null,OS
2023-05-16 08:00:00,47.97,OK,0.02,BDL,null,OS,null,OS,0.46,OK,52.59,OK,null,OS
2023-05-16 09:00:00,58.96,OK,-0.05,BDL,null,OS,null,OS,0.39,OK,31.58,OK,null,OS
2023-05-16 10:00:00,56.6,OK,-0.04,BDL,null,OS,null,OS,0.45,OK,19.3,OK,null,OS
2023-05-16 11:00:00,60.47,OK,-0.05,BDL,null,OS,null,OS,0.47,OK,20.92,OK,null,OS
2023-05-16 12:00:00,60.84,OK,-0.06,BDL,null,OS,null,OS,0.43,OK,21.67,OK,null,OS
2023-05-16 13:00:00,57.61,OK,0.03,BDL,null,OS,null,OS,0.48,OK,34.32,OK,null,OS
2023-05-16 14:00:00,51.36,OK,-0.05,BDL,null,OS,null,OS,0.47,OK,51.04,OK,null,OS
2023-05-16 15:00:00,46.85,OK,-0.09,BDL,null,OS,null,OS,0.47,OK,48.95,OK,null,OS
2023-05-16 16:00:00,40.92,OK,-0.16,BDL,null,OS,null,OS,0.49,OK,39.34,OK,null,OS
2023-05-16 17:00:00,37.54,OK,-0.05,BDL,null,OS,null,OS,0.5,OK,47.45,OK,null,OS
2023-05-16 18:00:00,32.72,OK,0.02,BDL,null,OS,null,OS,0.53,OK,46.63,OK,null,OS
2023-05-16 19:00:00,34.33,OK,-0.09,BDL,null,OS,null,OS,0.49,OK,39.0,OK,null,OS
2023-05-16 20:00:00,33.25,OK,-0.07,BDL,null,OS,null,OS,0.52,OK,28.48,OK,null,OS
2023-05-16 21:00:00,30.87,OK,0.16,BDL,null,OS,null,OS,0.47,OK,34.0,OK,null,OS
2023-05-16 22:00:00,13.83,OK,0.15,BDL,null,OS,null,OS,0.62,OK,46.18,OK,null,OS
2023-05-16 23:00:00,27.91,OK,0.18,BDL,null,OS,null,OS,0.41,OK,51.78,OK,null,OS
2023-05-17 00:00:00,27.99,OK,-0.01,BDL,null,OS,null,OS,0.38,OK,29.99,OK,null,OS
2023-05-17 01:00:00,24.59,OK,0.08,BDL,null,OS,null,OS,0.37,OK,27.37,OK,null,OS
2023-05-17 02:00:00,24.09,OK,0.62,BDL,null,OS,null,OS,0.4,OK,37.24,OK,null,OS
2023-05-17 03:00:00,23.55,OK,0.34,BDL,null,OS,null,OS,0.37,OK,29.76,OK,null,OS
2023-05-17 04:00:00,11.3,OK,0.25,BDL,null,OS,null,OS,0.42,OK,34.02,OK,null,OS
2023-05-17 05:00:00,7.73,OK,0.25,BDL,null,OS,null,OS,0.56,OK,44.47,OK,null,OS
2023-05-17 06:00:00,9.44,OK,0.49,BDL,null,OS,null,OS,0.8,OK,64.24,OK,null,OS
2023-05-17 07:00:00,25.02,OK,0.22,BDL,null,OS,null,OS,0.66,OK,64.49,OK,null,OS
2023-05-17 08:00:00,35.53,OK,0.02,BDL,null,OS,null,OS,0.51,OK,52.84,OK,null,OS
2023-05-17 09:00:00,39.47,OK,-0.0,BDL,null,OS,null,OS,0.47,OK,27.11,OK,null,OS
2023-05-17 10:00:00,43.31,OK,-0.07,BDL,null,OS,null,OS,0.47,OK,37.58,OK,null,OS
2023-05-17 11:00:00,42.94,OK,0.04,BDL,null,OS,null,OS,0.5,OK,27.89,OK,null,OS
2023-05-17 12:00:00,44.74,OK,-0.14,BDL,null,OS,null,OS,0.46,OK,22.14,OK,null,OS
2023-05-17 13:00:00,41.43,OK,-0.13,BDL,null,OS,null,OS,0.45,OK,21.0,OK,null,OS
2023-05-17 14:00:00,36.41,OK,-0.06,BDL,null,OS,null,OS,0.49,OK,7.82,OK,null,OS
2023-05-17 15:00:00,39.52,OK,0.07,BDL,null,OS,null,OS,0.54,OK,36.95,OK,null,OS
2023-05-17 16:00:00,35.55,OK,0.03,BDL,null,OS,null,OS,0.55,OK,62.57,OK,null,OS
2023-05-17 17:00:00,35.96,OK,0.12,BDL,null,OS,null,OS,0.53,OK,58.24,OK,null,OS
2023-05-17 18:00:00,33.28,OK,0.01,BDL,null,OS,null,OS,0.53,OK,42.67,OK,null,OS
2023-05-17 19:00:00,28.27,OK,-0.04,BDL,null,OS,null,OS,0.54,OK,43.93,OK,null,OS
2023-05-17 20:00:00,22.56,OK,-0.07,BDL,null,OS,null,OS,0.48,OK,39.06,OK,null,OS
2023-05-17 21:00:00,19.93,OK,-0.01,BDL,null,OS,null,OS,0.47,OK,35.06,OK,null,OS
2023-05-17 22:00:00,19.42,OK,-0.09,BDL,null,OS,null,OS,0.45,OK,31.85,OK,null,OS
2023-05-17 23:00:00,35.63,OK,-0.03,BDL,null,OS,null,OS,0.4,OK,34.53,OK,null,OS
2023-05-18 00:00:00,34.96,OK,-0.08,BDL,null,OS,null,OS,0.39,OK,24.85,OK,null,OS
2023-05-18 01:00:00,26.77,OK,-0.09,BDL,null,OS,null,OS,0.41,OK,24.0,OK,null,OS
2023-05-18 02:00:00,23.11,OK,-0.09,BDL,null,OS,null,OS,0.39,OK,31.25,OK,null,OS
2023-05-18 03:00:00,24.15,OK,-0.14,BDL,null,OS,null,OS,0.38,OK,29.12,OK,null,OS
2023-05-18 04:00:00,23.23,OK,-0.15,BDL,null,OS,null,OS,0.39,OK,14.9,OK,null,OS
2023-05-18 05:00:00,19.5,OK,-0.14,BDL,null,OS,null,OS,0.46,OK,31.36,OK,null,OS
2023-05-18 06:00:00,21.06,OK,-0.18,BDL,null,OS,null,OS,0.56,OK,27.74,OK,null,OS
2023-05-18 07:00:00,27.96,OK,-0.18,BDL,null,OS,null,OS,0.52,OK,35.85,OK,null,OS
2023-05-18 08:00:00,33.73,OK,-0.1,BDL,null,OS,null,OS,0.48,OK,33.96,OK,null,OS
2023-05-18 09:00:00,37.09,OK,-0.18,BDL,null,OS,null,OS,0.47,OK,35.34,OK,null,OS
2023-05-18 10:00:00,38.19,OK,-0.16,BDL,null,OS,null,OS,0.48,OK,41.62,OK,null,OS
2023-05-18 11:00:00,35.63,OK,-0.13,BDL,null,OS,null,OS,0.47,OK,28.43,OK,null,OS
2023-05-18 12:00:00,32.51,OK,-0.1,BDL,null,OS,null,OS,0.46,OK,24.11,OK,null,OS
2023-05-18 13:00:00,33.52,OK,-0.13,BDL,null,OS,null,OS,0.46,OK,29.53,OK,null,OS
2023-05-18 14:00:00,32.31,OK,-0.1,BDL,null,OS,null,OS,0.51,OK,36.33,OK,null,OS
2023-05-18 15:00:00,27.82,OK,-0.09,BDL,null,OS,null,OS,0.53,OK,103.65,OK,null,OS
2023-05-18 16:00:00,27.84,OK,-0.19,BDL,null,OS,null,OS,0.51,OK,81.45,OK,null,OS
2023-05-18 17:00:00,25.51,OK,-0.14,BDL,null,OS,null,OS,0.51,OK,58.73,OK,null,OS
2023-05-18 18:00:00,22.36,OK,-0.12,BDL,null,OS,null,OS,0.54,OK,54.84,OK,null,OS
2023-05-18 19:00:00,21.87,OK,-0.1,BDL,null,OS,null,OS,0.53,OK,39.11,OK,null,OS
2023-05-18 20:00:00,24.41,OK,-0.11,BDL,null,OS,null,OS,0.47,OK,35.94,OK,null,OS
2023-05-18 21:00:00,21.14,OK,-0.16,BDL,null,OS,null,OS,0.46,OK,32.1,OK,null,OS
2023-05-18 22:00:00,18.75,OK,-0.18,BDL,null,OS,null,OS,0.49,OK,39.44,OK,null,OS
2023-05-18 23:00:00,15.01,OK,-0.12,BDL,null,OS,null,OS,0.47,OK,43.5,OK,null,OS
2023-05-19 00:00:00,16.52,OK,-0.18,BDL,null,OS,null,OS,0.43,OK,34.45,OK,null,OS
2023-05-19 01:00:00,14.93,OK,-0.12,BDL,null,OS,null,OS,0.42,OK,44.33,OK,null,OS
2023-05-19 02:00:00,18.79,OK,-0.15,BDL,null,OS,null,OS,0.38,OK,28.7,OK,null,OS
2023-05-19 03:00:00,19.44,OK,-0.15,BDL,null,OS,null,OS,0.38,OK,70.16,OK,null,OS
2023-05-19 04:00:00,18.98,OK,-0.21,BDL,null,OS,null,OS,0.42,OK,37.82,OK,null,OS
2023-05-19 05:00:00,21.86,OK,-0.23,BDL,null,OS,null,OS,0.49,OK,8.03,OK,null,OS
2023-05-19 06:00:00,23.09,OK,-0.21,BDL,null,OS,null,OS,0.54,OK,26.15,OK,null,OS
2023-05-19 07:00:00,23.49,OK,-0.16,BDL,null,OS,null,OS,0.52,OK,32.87,OK,null,OS
2023-05-19 08:00:00,31.34,OK,-0.07,BDL,null,OS,null,OS,0.45,OK,35.4,OK,null,OS
2023-05-19 09:00:00,39.59,OK,-0.12,BDL,null,OS,null,OS,0.42,OK,25.27,OK,null,OS
2023-05-19 10:00:00,40.46,OK,-0.17,BDL,null,OS,null,OS,0.46,OK,14.63,OK,null,OS
2023-05-19 11:00:00,41.01,OK,-0.04,BDL,null,OS,null,OS,0.46,OK,28.69,OK,null,OS
2023-05-19 12:00:00,40.58,OK,-0.09,BDL,null,OS,null,OS,0.48,OK,19.82,OK,null,OS
2023-05-19 13:00:00,39.75,OK,-0.17,BDL,null,OS,null,OS,0.5,OK,16.98,OK,null,OS
2023-05-19 14:00:00,37.73,OK,-0.15,BDL,null,OS,null,OS,0.5,OK,33.12,OK,null,OS
2023-05-19 15:00:00,33.4,OK,-0.17,BDL,null,OS,null,OS,0.51,OK,56.55,OK,null,OS
2023-05-19 16:00:00,31.54,OK,-0.08,BDL,null,OS,null,OS,0.56,OK,47.67,OK,null,OS
2023-05-19 17:00:00,32.6,OK,0.02,BDL,null,OS,null,OS,0.53,OK,41.56,OK,null,OS
2023-05-19 18:00:00,28.58,OK,-0.05,BDL,null,OS,null,OS,0.54,OK,37.09,OK,null,OS
2023-05-19 19:00:00,22.87,OK,-0.04,BDL,null,OS,null,OS,0.55,OK,38.77,OK,null,OS
2023-05-19 20:00:00,19.73,OK,-0.12,BDL,null,OS,null,OS,0.55,OK,47.66,OK,null,OS
2023-05-19 21:00:00,19.95,OK,-0.08,BDL,null,OS,null,OS,0.54,OK,48.75,OK,null,OS
2023-05-19 22:00:00,24.44,OK,-0.15,BDL,null,OS,null,OS,0.45,OK,31.83,OK,null,OS
2023-05-19 23:00:00,19.61,OK,-0.03,BDL,null,OS,null,OS,0.49,OK,38.25,OK,null,OS
2023-05-20 00:00:00,17.47,OK,-0.03,BDL,null,OS,null,OS,0.48,OK,41.88,OK,null,OS
2023-05-20 01:00:00,15.79,OK,-0.07,BDL,null,OS,null,OS,0.53,OK,43.81,OK,null,OS
2023-05-20 02:00:00,15.64,OK,-0.08,BDL,null,OS,null,OS,0.5,OK,37.91,OK,null,OS
2023-05-20 03:00:00,3.9,OK,-0.02,BDL,null,OS,null,OS,0.52,OK,49.5,OK,null,OS
2023-05-20 04:00:00,3.86,OK,0.05,BDL,null,OS,null,OS,0.46,OK,47.05,OK,null,OS
2023-05-20 05:00:00,5.15,OK,0.3,BDL,null,OS,null,OS,0.54,OK,43.32,OK,null,OS
2023-05-20 06:00:00,10.38,OK,0.52,BDL,null,OS,null,OS,0.68,OK,63.86,OK,null,OS
2023-05-20 07:00:00,21.42,OK,0.39,BDL,null,OS,null,OS,0.68,OK,54.76,OK,null,OS
2023-05-20 08:00:00,33.91,OK,0.25,BDL,null,OS,null,OS,0.6,OK,52.12,OK,null,OS
2023-05-20 09:00:00,41.48,OK,0.19,BDL,null,OS,null,OS,0.51,OK,68.87,OK,null,OS
2023-05-20 10:00:00,45.47,OK,-0.03,BDL,null,OS,null,OS,0.44,OK,41.69,OK,null,OS
2023-05-20 11:00:00,47.87,OK,-0.09,BDL,null,OS,null,OS,0.44,OK,15.99,OK,null,OS
2023-05-20 12:00:00,43.56,OK,-0.07,BDL,null,OS,null,OS,0.47,OK,16.19,OK,null,OS
2023-05-20 13:00:00,45.2,OK,-0.18,BDL,null,OS,null,OS,0.44,OK,20.75,OK,null,OS
2023-05-20 14:00:00,46.99,OK,-0.18,BDL,null,OS,null,OS,0.44,OK,16.24,OK,null,OS
2023-05-20 15:00:00,45.97,OK,-0.09,BDL,null,OS,null,OS,0.42,OK,22.4,OK,null,OS
2023-05-20 16:00:00,39.92,OK,-0.12,BDL,null,OS,null,OS,0.41,OK,44.87,OK,null,OS
2023-05-20 17:00:00,36.92,OK,-0.12,BDL,null,OS,null,OS,0.41,OK,39.31,OK,null,OS
2023-05-20 18:00:00,33.98,OK,-0.12,BDL,null,OS,null,OS,0.43,OK,32.26,OK,null,OS
2023-05-20 19:00:00,30.2,OK,-0.04,BDL,null,OS,null,OS,0.52,OK,26.52,OK,null,OS
2023-05-20 20:00:00,24.59,OK,-0.1,BDL,null,OS,null,OS,0.54,OK,32.71,OK,null,OS
2023-05-20 21:00:00,19.15,OK,-0.04,BDL,null,OS,null,OS,0.58,OK,32.76,OK,null,OS
2023-05-20 22:00:00,12.14,OK,0.05,BDL,null,OS,null,OS,0.67,OK,59.88,OK,null,OS
2023-05-20 23:00:00,16.14,OK,-0.0,BDL,null,OS,null,OS,0.59,OK,66.49,OK,null,OS
2023-05-21 00:00:00,14.2,OK,-0.09,BDL,null,OS,null,OS,0.57,OK,37.9,OK,null,OS
2023-05-21 01:00:00,6.14,OK,0.16,BDL,null,OS,null,OS,0.62,OK,41.65,OK,null,OS
2023-05-21 02:00:00,11.03,OK,0.39,BDL,null,OS,null,OS,0.5,OK,65.96,OK,null,OS
2023-05-21 03:00:00,10.27,OK,0.27,BDL,null,OS,null,OS,0.45,OK,39.64,OK,null,OS
2023-05-21 04:00:00,9.87,OK,0.27,BDL,null,OS,null,OS,0.45,OK,46.43,OK,null,OS
2023-05-21 05:00:00,14.46,OK,0.44,BDL,null,OS,null,OS,0.43,OK,37.56,OK,null,OS
2023-05-21 06:00:00,24.25,OK,0.53,BDL,null,OS,null,OS,0.46,OK,33.9,OK,null,OS
2023-05-21 07:00:00,35.11,OK,0.7,BDL,null,OS,null,OS,0.48,OK,31.6,OK,null,OS
2023-05-21 08:00:00,44.12,OK,0.16,BDL,null,OS,null,OS,0.41,OK,29.15,OK,null,OS
2023-05-21 09:00:00,49.07,OK,-0.04,BDL,null,OS,null,OS,0.37,OK,23.38,OK,null,OS
2023-05-21 10:00:00,54.56,OK,-0.02,BDL,null,OS,null,OS,0.36,OK,17.59,OK,null,OS
2023-05-21 11:00:00,60.1,OK,-0.02,BDL,null,OS,null,OS,0.37,OK,21.28,OK,null,OS
2023-05-21 12:00:00,56.7,OK,-0.11,BDL,null,OS,null,OS,0.35,OK,11.43,OK,null,OS
2023-05-21 13:00:00,48.31,OK,-0.15,BDL,null,OS,null,OS,0.37,OK,14.75,OK,null,OS
2023-05-21 14:00:00,42.72,OK,-0.1,BDL,null,OS,null,OS,0.39,OK,14.52,OK,null,OS
2023-05-21 15:00:00,43.96,OK,0.06,BDL,null,OS,null,OS,0.43,OK,16.26,OK,null,OS
2023-05-21 16:00:00,41.89,OK,0.04,BDL,null,OS,null,OS,0.42,OK,26.38,OK,null,OS
2023-05-21 17:00:00,40.0,OK,0.14,BDL,null,OS,null,OS,0.43,OK,32.85,OK,null,OS
2023-05-21 18:00:00,37.38,OK,-0.15,BDL,null,OS,null,OS,0.39,OK,29.23,OK,null,OS
2023-05-21 19:00:00,30.36,OK,-0.1,BDL,null,OS,null,OS,0.48,OK,31.17,OK,null,OS
2023-05-21 20:00:00,31.04,OK,-0.0,BDL,null,OS,null,OS,0.42,OK,33.1,OK,null,OS
2023-05-21 21:00:00,22.1,OK,0.0,BDL,null,OS,null,OS,0.52,OK,29.4,OK,null,OS
2023-05-21 22:00:00,22.07,OK,-0.03,BDL,null,OS,null,OS,0.47,OK,36.56,OK,null,OS
2023-05-21 23:00:00,18.56,OK,-0.02,BDL,null,OS,null,OS,0.46,OK,18.72,OK,null,OS
2023-05-22 00:00:00,11.54,OK,-0.06,BDL,null,OS,null,OS,0.53,OK,32.18,OK,null,OS
2023-05-22 01:00:00,6.49,OK,0.02,BDL,null,OS,null,OS,0.6,OK,63.97,OK,null,OS
2023-05-22 02:00:00,7.24,OK,0.14,BDL,null,OS,null,OS,0.49,OK,56.09,OK,null,OS
2023-05-22 03:00:00,10.4,OK,0.75,BDL,null,OS,null,OS,0.41,OK,35.02,OK,null,OS
2023-05-22 04:00:00,6.66,OK,0.61,BDL,null,OS,null,OS,0.43,OK,56.17,OK,null,OS
2023-05-22 05:00:00,9.75,OK,0.36,BDL,null,OS,null,OS,0.59,OK,40.26,OK,null,OS
2023-05-22 06:00:00,12.81,OK,0.43,BDL,null,OS,null,OS,0.74,OK,53.17,OK,null,OS
2023-05-22 07:00:00,30.66,OK,0.52,BDL,null,OS,null,OS,0.77,OK,59.48,OK,null,OS
2023-05-22 08:00:00,41.44,OK,0.23,BDL,null,OS,null,OS,0.59,OK,65.87,OK,null,OS
2023-05-22 09:00:00,47.44,OK,0.01,BDL,null,OS,null,OS,0.49,OK,27.99,OK,null,OS
2023-05-22 10:00:00,54.73,OK,-0.01,BDL,null,OS,null,OS,0.41,OK,26.47,OK,null,OS
2023-05-22 11:00:00,45.86,OK,-0.07,BDL,null,OS,null,OS,0.39,OK,17.32,OK,null,OS
2023-05-22 12:00:00,38.52,OK,-0.08,BDL,null,OS,null,OS,0.46,OK,15.57,OK,null,OS
2023-05-22 13:00:00,37.84,OK,-0.03,BDL,null,OS,null,OS,0.47,OK,21.55,OK,null,OS
2023-05-22 14:00:00,37.43,OK,-0.06,BDL,null,OS,null,OS,0.47,OK,23.79,OK,null,OS
2023-05-22 15:00:00,39.38,OK,-0.13,BDL,null,OS,null,OS,0.43,OK,41.64,OK,null,OS
2023-05-22 16:00:00,37.68,OK,-0.08,BDL,null,OS,null,OS,0.44,OK,33.79,OK,null,OS
2023-05-22 17:00:00,37.48,OK,-0.04,BDL,null,OS,null,OS,0.45,OK,43.74,OK,null,OS
2023-05-22 18:00:00,35.11,OK,-0.05,BDL,null,OS,null,OS,0.48,OK,36.94,OK,null,OS
2023-05-22 19:00:00,26.99,OK,-0.0,BDL,null,OS,null,OS,0.54,OK,30.03,OK,null,OS
2023-05-22 20:00:00,25.18,OK,0.2,BDL,null,OS,null,OS,0.51,OK,35.59,OK,null,OS
2023-05-22 21:00:00,12.24,OK,0.29,BDL,null,OS,null,OS,0.65,OK,41.3,OK,null,OS
2023-05-22 22:00:00,22.57,OK,0.22,BDL,null,OS,null,OS,0.45,OK,37.37,OK,null,OS
2023-05-22 23:00:00,21.11,OK,0.11,BDL,null,OS,null,OS,0.49,OK,41.71,OK,null,OS
2023-05-23 00:00:00,7.6,OK,0.08,BDL,null,OS,null,OS,0.6,OK,43.36,OK,null,OS
2023-05-23 01:00:00,6.37,OK,0.44,BDL,null,OS,null,OS,0.45,OK,54.76,OK,null,OS
2023-05-23 02:00:00,13.4,OK,0.34,BDL,null,OS,null,OS,0.39,OK,47.46,OK,null,OS
2023-05-23 03:00:00,10.09,OK,0.35,BDL,null,OS,null,OS,0.42,OK,32.52,OK,null,OS
2023-05-23 04:00:00,9.91,OK,0.3,BDL,null,OS,null,OS,0.43,OK,38.54,OK,null,OS
2023-05-23 05:00:00,10.48,OK,0.36,BDL,null,OS,null,OS,0.62,OK,37.88,OK,null,OS
2023-05-23 06:00:00,21.04,OK,0.25,BDL,null,OS,null,OS,0.51,OK,56.73,OK,null,OS
2023-05-23 07:00:00,32.55,OK,0.32,BDL,null,OS,null,OS,0.48,OK,31.2,OK,null,OS
2023-05-23 08:00:00,39.66,OK,0.22,BDL,null,OS,null,OS,0.44,OK,38.21,OK,null,OS
2023-05-23 09:00:00,44.97,OK,0.17,BDL,null,OS,null,OS,0.41,OK,33.82,OK,null,OS
2023-05-23 10:00:00,51.77,OK,0.15,BDL,null,OS,null,OS,0.43,OK,25.77,OK,null,OS
2023-05-23 11:00:00,49.56,OK,-0.08,BDL,null,OS,null,OS,0.41,OK,18.49,OK,null,OS
2023-05-23 12:00:00,45.3,OK,-0.04,BDL,null,OS,null,OS,0.46,OK,12.64,OK,null,OS
2023-05-23 13:00:00,41.5,OK,-0.13,BDL,null,OS,null,OS,0.46,OK,17.55,OK,null,OS
2023-05-23 14:00:00,40.87,OK,-0.08,BDL,null,OS,null,OS,0.46,OK,29.74,OK,null,OS
2023-05-23 15:00:00,41.0,OK,-0.1,BDL,null,OS,null,OS,0.44,OK,30.46,OK,null,OS
2023-05-23 16:00:00,40.31,OK,-0.09,BDL,null,OS,null,OS,0.43,OK,38.38,OK,null,OS
2023-05-23 17:00:00,37.86,OK,-0.09,BDL,null,OS,null,OS,0.44,OK,26.51,OK,null,OS
2023-05-23 18:00:00,31.51,OK,-0.02,BDL,null,OS,null,OS,0.5,OK,37.46,OK,null,OS
2023-05-23 19:00:00,26.87,OK,-0.11,BDL,null,OS,null,OS,0.5,OK,40.69,OK,null,OS
2023-05-23 20:00:00,23.48,OK,-0.04,BDL,null,OS,null,OS,0.49,OK,47.5,OK,null,OS
2023-05-23 21:00:00,23.74,OK,0.02,BDL,null,OS,null,OS,0.52,OK,62.09,OK,null,OS
2023-05-23 22:00:00,24.04,OK,0.06,BDL,null,OS,null,OS,0.53,OK,41.68,OK,null,OS
2023-05-23 23:00:00,29.42,OK,-0.06,BDL,null,OS,null,OS,0.41,OK,31.03,OK,null,OS
2023-05-24 00:00:00,25.46,OK,0.04,BDL,null,OS,null,OS,0.55,OK,18.35,OK,null,OS
2023-05-24 01:00:00,22.08,OK,0.04,BDL,null,OS,null,OS,0.43,OK,24.54,OK,null,OS
2023-05-24 02:00:00,9.57,OK,0.53,BDL,null,OS,null,OS,0.59,OK,42.26,OK,null,OS
2023-05-24 03:00:00,12.6,OK,0.97,BDL,null,OS,null,OS,0.51,OK,48.63,OK,null,OS
2023-05-24 04:00:00,8.06,OK,0.6,BDL,null,OS,null,OS,0.47,OK,42.82,OK,null,OS
2023-05-24 05:00:00,8.74,OK,0.33,BDL,null,OS,null,OS,0.53,OK,47.52,OK,null,OS
2023-05-24 06:00:00,11.49,OK,0.47,BDL,null,OS,null,OS,0.71,OK,58.78,OK,null,OS
2023-05-24 07:00:00,32.13,OK,0.49,BDL,null,OS,null,OS,0.5,OK,58.31,OK,null,OS
2023-05-24 08:00:00,40.23,OK,0.38,BDL,null,OS,null,OS,0.46,OK,40.05,OK,null,OS
2023-05-24 09:00:00,47.77,OK,0.29,BDL,null,OS,null,OS,0.46,OK,22.87,OK,null,OS
2023-05-24 10:00:00,60.71,OK,0.44,BDL,null,OS,null,OS,0.44,OK,31.04,OK,null,OS
2023-05-24 11:00:00,60.94,OK,0.32,BDL,null,OS,null,OS,0.47,OK,26.15,OK,null,OS
2023-05-24 12:00:00,45.63,OK,0.01,BDL,null,OS,null,OS,0.44,OK,19.87,OK,null,OS
2023-05-24 13:00:00,43.31,OK,0.07,BDL,null,OS,null,OS,0.46,OK,20.07,OK,null,OS
2023-05-24 14:00:00,41.69,OK,0.01,BDL,null,OS,null,OS,0.48,OK,27.4,OK,null,OS
2023-05-24 15:00:00,42.05,OK,-0.08,BDL,null,OS,null,OS,0.45,OK,55.6,OK,null,OS
2023-05-24 16:00:00,38.98,OK,-0.05,BDL,null,OS,null,OS,0.45,OK,115.4,OK,null,OS
2023-05-24 17:00:00,41.31,OK,0.11,BDL,null,OS,null,OS,0.46,OK,70.18,OK,null,OS
2023-05-24 18:00:00,40.33,OK,0.13,BDL,null,OS,null,OS,0.48,OK,44.54,OK,null,OS
2023-05-24 19:00:00,28.57,OK,0.08,BDL,null,OS,null,OS,0.53,OK,34.54,OK,null,OS
2023-05-24 20:00:00,23.98,OK,0.08,BDL,null,OS,null,OS,0.59,OK,30.3,OK,null,OS
2023-05-24 21:00:00,18.92,OK,0.05,BDL,null,OS,null,OS,0.6,OK,38.3,OK,null,OS
2023-05-24 22:00:00,7.89,OK,0.21,BDL,null,OS,null,OS,0.8,OK,42.06,OK,null,OS
2023-05-24 23:00:00,1.69,OK,0.37,BDL,null,OS,null,OS,0.97,OK,69.22,OK,null,OS
2023-05-25 00:00:00,7.06,OK,0.2,BDL,null,OS,null,OS,0.53,OK,68.4,OK,null,OS
2023-05-25 01:00:00,3.87,OK,0.25,BDL,null,OS,null,OS,0.49,OK,63.33,OK,null,OS
2023-05-25 02:00:00,8.69,OK,0.27,BDL,null,OS,null,OS,0.4,OK,43.15,OK,null,OS
2023-05-25 03:00:00,12.21,OK,0.18,BDL,null,OS,null,OS,0.37,OK,42.3,OK,null,OS
2023-05-25 04:00:00,3.61,OK,0.18,BDL,null,OS,null,OS,0.47,OK,35.46,OK,null,OS
2023-05-25 05:00:00,7.17,OK,0.7,BDL,null,OS,null,OS,0.53,OK,48.12,OK,null,OS
2023-05-25 06:00:00,9.14,OK,0.52,BDL,null,OS,null,OS,0.66,OK,62.3,OK,null,OS
2023-05-25 07:00:00,23.64,OK,0.4,BDL,null,OS,null,OS,0.6,OK,64.07,OK,null,OS
2023-05-25 08:00:00,27.85,OK,0.65,BDL,null,OS,null,OS,0.58,OK,57.06,OK,null,OS
