Red Universitaria de Observatorios Atmosfericos (RUOA)
Atmospheric Observatory Hermosillo (erno), Sonora
Lat 29.0814 N, Lon 110.9706 W, Alt 154 masl
Time UTC-7h
Air Quality data
Flags: OK = Reliable data, BDL = Below Detection Limit, OR = Out of Range, OS = Out of Service 
 
Time,O3,O3_flag,SO2,SO2_flag,NO2,NO2_flag,NO,NO_flag,CO,CO_flag,PM10,PM10_flag,PM2.5,PM2.5_flag
yyyy-mm-dd HH:MM:SS,ppb,flag,ppb,flag,ppb,flag,ppb,flag,ppm,flag,ug/m^3,flag,ug/m^3,flag
2023-08-01 00:00:00,24.22,OK,-0.12,BDL,null,OS,null,OS,-0.14,OR,22.29,OK,null,OS
2023-08-01 01:00:00,20.87,OK,-0.14,BDL,null,OS,null,OS,-0.14,OR,20.94,OK,null,OS
2023-08-01 02:00:00,21.14,OK,-0.15,BDL,null,OS,null,OS,-0.11,OR,28.09,OK,null,OS
2023-08-01 03:00:00,21.32,OK,-0.07,BDL,null,OS,null,OS,-0.11,OR,24.05,OK,null,OS
2023-08-01 04:00:00,18.8,OK,-0.11,BDL,null,OS,null,OS,-0.09,OR,22.62,OK,null,OS
2023-08-01 05:00:00,13.63,OK,-0.1,BDL,null,OS,null,OS,-0.02,BDL,24.12,OK,null,OS
2023-08-01 06:00:00,13.39,OK,-0.08,BDL,null,OS,null,OS,0.03,BDL,36.88,OK,null,OS
2023-08-01 07:00:00,32.55,OK,-0.07,BDL,null,OS,null,OS,-0.08,OR,33.73,OK,null,OS
2023-08-01 08:00:00,47.34,OK,-0.09,BDL,null,OS,null,OS,-0.1,OR,26.38,OK,null,OS
2023-08-01 09:00:00,58.05,OK,-0.09,BDL,null,OS,null,OS,-0.13,OR,23.82,OK,null,OS
2023-08-01 10:00:00,67.82,OK,-0.04,BDL,null,OS,null,OS,-0.09,OR,20.77,OK,null,OS
2023-08-01 11:00:00,69.96,OK,-0.07,BDL,null,OS,null,OS,-0.09,OR,21.3,OK,null,OS
2023-08-01 12:00:00,70.01,OK,-0.12,BDL,null,OS,null,OS,-0.12,OR,22.22,OK,null,OS
2023-08-01 13:00:00,62.44,OK,-0.13,BDL,null,OS,null,OS,-0.14,OR,15.35,OK,null,OS
2023-08-01 14:00:00,55.15,OK,-0.1,BDL,null,OS,null,OS,-0.11,OR,14.29,OK,null,OS
2023-08-01 15:00:00,51.11,OK,-0.1,BDL,null,OS,null,OS,-0.1,OR,24.47,OK,null,OS
2023-08-01 16:00:00,42.11,OK,-0.13,BDL,null,OS,null,OS,-0.08,OR,34.58,OK,null,OS
2023-08-01 17:00:00,37.94,OK,-0.12,BDL,null,OS,null,OS,-0.08,OR,34.87,OK,null,OS
2023-08-01 18:00:00,31.9,OK,-0.06,BDL,null,OS,null,OS,-0.07,OR,32.47,OK,null,OS
2023-08-01 19:00:00,26.96,OK,-0.02,BDL,null,OS,null,OS,-0.08,OR,27.89,OK,null,OS
2023-08-01 20:00:00,26.2,OK,-0.12,BDL,null,OS,null,OS,-0.11,OR,27.27,OK,null,OS
2023-08-01 21:00:00,24.35,OK,-0.08,BDL,null,OS,null,OS,-0.14,OR,19.25,OK,null,OS
2023-08-01 22:00:00,20.51,OK,-0.1,BDL,null,OS,null,OS,-0.16,OR,27.99,OK,null,OS
2023-08-01 23:00:00,17.97,OK,-0.09,BDL,null,OS,null,OS,-0.18,OR,19.57,OK,null,OS
2023-08-02 00:00:00,22.34,OK,-0.11,BDL,null,OS,null,OS,-0.22,OR,21.91,OK,null,OS
2023-08-02 01:00:00,21.08,OK,-0.13,BDL,null,OS,null,OS,-0.2,OR,13.13,OK,null,OS
2023-08-02 02:00:00,20.19,OK,-0.12,BDL,null,OS,null,OS,-0.19,OR,12.14,OK,null,OS
2023-08-02 03:00:00,20.37,OK,-0.14,BDL,null,OS,null,OS,-0.2,OR,10.36,OK,null,OS
2023-08-02 04:00:00,17.45,OK,-0.07,BDL,null,OS,null,OS,-0.17,OR,19.78,OK,null,OS
2023-08-02 05:00:00,18.25,OK,-0.11,BDL,null,OS,null,OS,-0.13,OR,15.89,OK,null,OS
2023-08-02 06:00:00,21.77,OK,-0.15,BDL,null,OS,null,OS,-0.1,OR,21.15,OK,null,OS
2023-08-02 07:00:00,24.58,OK,-0.08,BDL,null,OS,null,OS,-0.02,BDL,25.76,OK,null,OS
2023-08-02 08:00:00,35.79,OK,-0.11,BDL,null,OS,null,OS,-0.11,OR,41.49,OK,null,OS
2023-08-02 09:00:00,44.87,OK,-0.16,BDL,null,OS,null,OS,-0.13,OR,26.79,OK,null,OS
2023-08-02 10:00:00,52.65,OK,-0.13,BDL,null,OS,null,OS,-0.12,OR,24.39,OK,null,OS
2023-08-02 11:00:00,64.7,OK,-0.15,BDL,null,OS,null,OS,-0.05,OR,24.54,OK,null,OS
2023-08-02 12:00:00,67.32,OK,-0.12,BDL,null,OS,null,OS,-0.08,OR,29.98,OK,null,OS
2023-08-02 13:00:00,58.05,OK,-0.07,BDL,null,OS,null,OS,-0.11,OR,24.65,OK,null,OS
2023-08-02 14:00:00,59.59,OK,-0.1,BDL,null,OS,null,OS,-0.14,OR,22.89,OK,null,OS
2023-08-02 15:00:00,45.61,OK,-0.04,BDL,null,OS,null,OS,-0.14,OR,18.13,OK,null,OS
2023-08-02 16:00:00,38.52,OK,-0.05,BDL,null,OS,null,OS,-0.1,OR,9.17,OK,null,OS
2023-08-02 17:00:00,32.92,OK,-0.07,BDL,null,OS,null,OS,-0.12,OR,23.05,OK,null,OS
2023-08-02 18:00:00,26.09,OK,-0.05,BDL,null,OS,null,OS,-0.11,OR,29.86,OK,null,OS
2023-08-02 19:00:00,21.57,OK,-0.12,BDL,null,OS,null,OS,-0.12,OR,31.2,OK,null,OS
2023-08-02 20:00:00,21.41,OK,-0.14,BDL,null,OS,null,OS,-0.15,OR,27.24,OK,null,OS
2023-08-02 21:00:00,21.25,OK,-0.09,BDL,null,OS,null,OS,-0.17,OR,28.35,OK,null,OS
2023-08-02 22:00:00,34.96,OK,-0.07,BDL,null,OS,null,OS,-0.2,OR,26.54,OK,null,OS
2023-08-02 23:00:00,37.71,OK,-0.08,BDL,null,OS,null,OS,-0.23,OR,14.84,OK,null,OS
2023-08-03 00:00:00,38.4,OK,-0.11,BDL,null,OS,null,OS,-0.23,OR,6.76,OK,null,OS
2023-08-03 01:00:00,38.61,OK,-0.09,BDL,null,OS,null,OS,-0.23,OR,7.97,OK,null,OS
2023-08-03 02:00:00,35.49,OK,-0.12,BDL,null,OS,null,OS,-0.24,OR,13.22,OK,null,OS
2023-08-03 03:00:00,36.2,OK,-0.11,BDL,null,OS,null,OS,-0.24,OR,9.51,OK,null,OS
2023-08-03 04:00:00,30.06,OK,-0.12,BDL,null,OS,null,OS,-0.21,OR,8.4,OK,null,OS
2023-08-03 05:00:00,23.95,OK,-0.08,BDL,null,OS,null,OS,-0.14,OR,11.89,OK,null,OS
2023-08-03 06:00:00,32.25,OK,-0.06,BDL,null,OS,null,OS,-0.1,OR,20.24,OK,null,OS
2023-08-03 07:00:00,37.72,OK,-0.06,BDL,null,OS,null,OS,-0.04,BDL,29.16,OK,null,OS
2023-08-03 08:00:00,47.22,OK,-0.1,BDL,null,OS,null,OS,-0.09,OR,41.29,OK,null,OS
2023-08-03 09:00:00,59.38,OK,-0.16,BDL,null,OS,null,OS,-0.1,OR,19.39,OK,null,OS
2023-08-03 10:00:00,74.58,OK,-0.06,BDL,null,OS,null,OS,-0.04,BDL,29.53,OK,null,OS
2023-08-03 11:00:00,79.26,OK,-0.05,BDL,null,OS,null,OS,-0.03,BDL,39.02,OK,null,OS
2023-08-03 12:00:00,54.06,OK,-0.02,BDL,null,OS,null,OS,-0.12,OR,23.77,OK,null,OS
2023-08-03 13:00:00,44.7,OK,-0.07,BDL,null,OS,null,OS,-0.13,OR,16.36,OK,null,OS
2023-08-03 14:00:00,38.55,OK,-0.03,BDL,null,OS,null,OS,-0.11,OR,20.32,OK,null,OS
2023-08-03 15:00:00,38.42,OK,-0.08,BDL,null,OS,null,OS,-0.13,OR,21.56,OK,null,OS
2023-08-03 16:00:00,35.36,OK,-0.13,BDL,null,OS,null,OS,-0.08,OR,17.67,OK,null,OS
2023-08-03 17:00:00,30.39,OK,-0.08,BDL,null,OS,null,OS,-0.09,OR,31.06,OK,null,OS
2023-08-03 18:00:00,24.89,OK,-0.09,BDL,null,OS,null,OS,-0.11,OR,27.71,OK,null,OS
2023-08-03 19:00:00,20.66,OK,-0.13,BDL,null,OS,null,OS,-0.11,OR,25.27,OK,null,OS
2023-08-03 20:00:00,18.11,OK,-0.08,BDL,null,OS,null,OS,-0.14,OR,28.68,OK,null,OS
2023-08-03 21:00:00,13.93,OK,-0.12,BDL,null,OS,null,OS,-0.14,OR,32.17,OK,null,OS
2023-08-03 22:00:00,14.4,OK,-0.14,BDL,null,OS,null,OS,-0.13,OR,30.93,OK,null,OS
2023-08-03 23:00:00,13.4,OK,-0.17,BDL,null,OS,null,OS,-0.15,OR,25.95,OK,null,OS
2023-08-04 00:00:00,13.41,OK,-0.07,BDL,null,OS,null,OS,-0.16,OR,17.14,OK,null,OS
2023-08-04 01:00:00,14.03,OK,-0.14,BDL,null,OS,null,OS,-0.18,OR,17.81,OK,null,OS
2023-08-04 02:00:00,15.02,OK,-0.11,BDL,null,OS,null,OS,-0.2,OR,23.71,OK,null,OS
2023-08-04 03:00:00,16.63,OK,-0.12,BDL,null,OS,null,OS,-0.2,OR,19.47,OK,null,OS
2023-08-04 04:00:00,15.61,OK,-0.16,BDL,null,OS,null,OS,-0.19,OR,13.34,OK,null,OS
2023-08-04 05:00:00,11.1,OK,-0.09,BDL,null,OS,null,OS,-0.12,OR,22.01,OK,null,OS
2023-08-04 06:00:00,14.17,OK,-0.1,BDL,null,OS,null,OS,-0.05,OR,29.93,OK,null,OS
2023-08-04 07:00:00,21.45,OK,-0.07,BDL,null,OS,null,OS,-0.08,OR,27.19,OK,null,OS
2023-08-04 08:00:00,29.59,OK,-0.13,BDL,null,OS,null,OS,-0.07,OR,19.45,OK,null,OS
2023-08-04 09:00:00,44.48,OK,-0.11,BDL,null,OS,null,OS,-0.11,OR,26.4,OK,null,OS
2023-08-04 10:00:00,46.85,OK,-0.15,BDL,null,OS,null,OS,-0.12,OR,28.81,OK,null,OS
2023-08-04 11:00:00,45.48,OK,-0.11,BDL,null,OS,null,OS,-0.16,OR,25.93,OK,null,OS
2023-08-04 12:00:00,47.88,OK,-0.11,BDL,null,OS,null,OS,-0.17,OR,22.54,OK,null,OS
2023-08-04 13:00:00,43.06,OK,-0.08,BDL,null,OS,null,OS,-0.13,OR,22.37,OK,null,OS
2023-08-04 14:00:00,40.01,OK,-0.09,BDL,null,OS,null,OS,-0.16,OR,17.61,OK,null,OS
2023-08-04 15:00:00,32.54,OK,-0.16,BDL,null,OS,null,OS,-0.11,OR,27.83,OK,null,OS
2023-08-04 16:00:00,27.53,OK,-0.1,BDL,null,OS,null,OS,-0.12,OR,41.13,OK,null,OS
2023-08-04 17:00:00,25.92,OK,-0.08,BDL,null,OS,null,OS,-0.12,OR,35.95,OK,null,OS
2023-08-04 18:00:00,20.29,OK,-0.1,BDL,null,OS,null,OS,-0.09,OR,34.51,OK,null,OS
2023-08-04 19:00:00,14.99,OK,-0.13,BDL,null,OS,null,OS,-0.06,OR,33.26,OK,null,OS
2023-08-04 20:00:00,15.02,OK,-0.09,BDL,null,OS,null,OS,-0.05,OR,36.58,OK,null,OS
2023-08-04 21:00:00,16.81,OK,-0.11,BDL,null,OS,null,OS,-0.1,OR,31.11,OK,null,OS
2023-08-04 22:00:00,14.35,OK,-0.09,BDL,null,OS,null,OS,-0.1,OR,31.88,OK,null,OS
2023-08-04 23:00:00,14.39,OK,-0.11,BDL,null,OS,null,OS,-0.15,OR,36.32,OK,null,OS
2023-08-05 00:00:00,13.6,OK,-0.12,BDL,null,OS,null,OS,-0.15,OR,33.24,OK,null,OS
2023-08-05 01:00:00,17.98,OK,-0.09,BDL,null,OS,null,OS,-0.18,OR,35.63,OK,null,OS
2023-08-05 02:00:00,20.17,OK,-0.11,BDL,null,OS,null,OS,-0.2,OR,19.24,OK,null,OS
2023-08-05 03:00:00,18.27,OK,-0.13,BDL,null,OS,null,OS,-0.2,OR,25.27,OK,null,OS
2023-08-05 04:00:00,17.45,OK,-0.1,BDL,null,OS,null,OS,-0.2,OR,19.17,OK,null,OS
2023-08-05 05:00:00,18.3,OK,-0.07,BDL,null,OS,null,OS,-0.16,OR,24.87,OK,null,OS
2023-08-05 06:00:00,20.29,OK,-0.15,BDL,null,OS,null,OS,-0.16,OR,16.58,OK,null,OS
2023-08-05 07:00:00,25.67,OK,-0.14,BDL,null,OS,null,OS,-0.14,OR,16.57,OK,null,OS
2023-08-05 08:00:00,28.6,OK,-0.12,BDL,null,OS,null,OS,-0.14,OR,14.56,OK,null,OS
2023-08-05 09:00:00,35.67,OK,-0.13,BDL,null,OS,null,OS,-0.12,OR,14.06,OK,null,OS
2023-08-05 10:00:00,38.72,OK,-0.18,BDL,null,OS,null,OS,-0.1,OR,31.67,OK,null,OS
2023-08-05 11:00:00,46.24,OK,-0.12,BDL,null,OS,null,OS,-0.14,OR,21.63,OK,null,OS
2023-08-05 12:00:00,47.41,OK,-0.1,BDL,null,OS,null,OS,-0.13,OR,24.48,OK,null,OS
2023-08-05 13:00:00,51.15,OK,-0.12,BDL,null,OS,null,OS,-0.17,OR,23.37,OK,null,OS
2023-08-05 14:00:00,48.29,OK,-0.09,BDL,null,OS,null,OS,-0.19,OR,20.89,OK,null,OS
2023-08-05 15:00:00,35.02,OK,-0.04,BDL,null,OS,null,OS,-0.17,OR,29.22,OK,null,OS
2023-08-05 16:00:00,33.97,OK,-0.16,BDL,null,OS,null,OS,-0.15,OR,53.25,OK,null,OS
2023-08-05 17:00:00,31.62,OK,-0.16,BDL,null,OS,null,OS,-0.15,OR,46.12,OK,null,OS
2023-08-05 18:00:00,28.24,OK,-0.08,BDL,null,OS,null,OS,-0.15,OR,34.51,OK,null,OS
2023-08-05 19:00:00,26.84,OK,-0.12,BDL,null,OS,null,OS,-0.14,OR,29.06,OK,null,OS
2023-08-05 20:00:00,28.53,OK,-0.09,BDL,null,OS,null,OS,-0.14,OR,28.73,OK,null,OS
2023-08-05 21:00:00,27.35,OK,-0.07,BDL,null,OS,null,OS,-0.16,OR,30.64,OK,null,OS
2023-08-05 22:00:00,32.34,OK,-0.1,BDL,null,OS,null,OS,-0.19,OR,63.2,OK,null,OS
2023-08-05 23:00:00,23.47,OK,-0.14,BDL,null,OS,null,OS,-0.19,OR,18.99,OK,null,OS
2023-08-06 00:00:00,28.55,OK,-0.1,BDL,null,OS,null,OS,-0.22,OR,3.46,BDL,null,OS
2023-08-06 01:00:00,30.15,OK,-0.14,BDL,null,OS,null,OS,-0.2,OR,5.91,OK,null,OS
2023-08-06 02:00:00,21.78,OK,-0.15,BDL,null,OS,null,OS,-0.22,OR,9.57,OK,null,OS
2023-08-06 03:00:00,20.67,OK,-0.1,BDL,null,OS,null,OS,-0.22,OR,10.48,OK,null,OS
2023-08-06 04:00:00,21.32,OK,-0.17,BDL,null,OS,null,OS,-0.22,OR,7.8,OK,null,OS
2023-08-06 05:00:00,21.49,OK,-0.11,BDL,null,OS,null,OS,-0.2,OR,10.42,OK,null,OS
2023-08-06 06:00:00,24.1,OK,-0.12,BDL,null,OS,null,OS,-0.2,OR,7.65,OK,null,OS
2023-08-06 07:00:00,24.92,OK,-0.12,BDL,null,OS,null,OS,-0.19,OR,8.82,OK,null,OS
2023-08-06 08:00:00,32.11,OK,-0.1,BDL,null,OS,null,OS,-0.19,OR,14.08,OK,null,OS
2023-08-06 09:00:00,38.08,OK,-0.11,BDL,null,OS,null,OS,-0.19,OR,10.77,OK,null,OS
2023-08-06 10:00:00,43.03,OK,-0.15,BDL,null,OS,null,OS,-0.18,OR,14.17,OK,null,OS
2023-08-06 11:00:00,45.77,OK,-0.17,BDL,null,OS,null,OS,-0.21,OR,20.29,OK,null,OS
2023-08-06 12:00:00,42.4,OK,-0.14,BDL,null,OS,null,OS,-0.2,OR,8.78,OK,null,OS
2023-08-06 13:00:00,40.58,OK,-0.13,BDL,null,OS,null,OS,-0.2,OR,10.55,OK,null,OS
2023-08-06 14:00:00,37.25,OK,-0.09,BDL,null,OS,null,OS,-0.21,OR,7.58,OK,null,OS
2023-08-06 15:00:00,34.12,OK,-0.09,BDL,null,OS,null,OS,-0.19,OR,15.07,OK,null,OS
2023-08-06 16:00:00,25.36,OK,-0.12,BDL,null,OS,null,OS,-0.2,OR,16.12,OK,null,OS
2023-08-06 17:00:00,21.9,OK,-0.08,BDL,null,OS,null,OS,-0.2,OR,16.88,OK,null,OS
2023-08-06 18:00:00,20.59,OK,-0.07,BDL,null,OS,null,OS,-0.21,OR,15.67,OK,null,OS
2023-08-06 19:00:00,18.09,OK,-0.08,BDL,null,OS,null,OS,-0.21,OR,17.29,OK,null,OS
2023-08-06 20:00:00,15.12,OK,-0.09,BDL,null,OS,null,OS,-0.17,OR,13.66,OK,null,OS
2023-08-06 21:00:00,16.21,OK,-0.11,BDL,null,OS,null,OS,-0.19,OR,14.83,OK,null,OS
2023-08-06 22:00:00,16.56,OK,-0.08,BDL,null,OS,null,OS,-0.25,OR,12.92,OK,null,OS
2023-08-06 23:00:00,18.22,OK,-0.09,BDL,null,OS,null,OS,-0.25,OR,3.87,BDL,null,OS
2023-08-07 00:00:00,18.56,OK,-0.13,BDL,null,OS,null,OS,-0.27,OR,7.03,OK,null,OS
2023-08-07 01:00:00,17.67,OK,-0.18,BDL,null,OS,null,OS,-0.28,OR,7.15,OK,null,OS
2023-08-07 02:00:00,17.73,OK,-0.11,BDL,null,OS,null,OS,-0.28,OR,9.72,OK,null,OS
2023-08-07 03:00:00,15.47,OK,-0.13,BDL,null,OS,null,OS,-0.26,OR,8.34,OK,null,OS
2023-08-07 04:00:00,13.17,OK,-0.09,BDL,null,OS,null,OS,-0.23,OR,10.32,OK,null,OS
2023-08-07 05:00:00,8.57,OK,-0.1,BDL,null,OS,null,OS,-0.14,OR,18.32,OK,null,OS
2023-08-07 06:00:00,9.73,OK,-0.1,BDL,null,OS,null,OS,-0.1,OR,19.67,OK,null,OS
2023-08-07 07:00:00,15.68,OK,-0.08,BDL,null,OS,null,OS,-0.15,OR,18.67,OK,null,OS
2023-08-07 08:00:00,21.89,OK,-0.11,BDL,null,OS,null,OS,-0.18,OR,13.4,OK,null,OS
2023-08-07 09:00:00,31.42,OK,-0.08,BDL,null,OS,null,OS,-0.17,OR,24.05,OK,null,OS
2023-08-07 10:00:00,32.31,OK,-0.13,BDL,null,OS,null,OS,-0.2,OR,19.6,OK,null,OS
2023-08-07 11:00:00,33.27,OK,-0.06,BDL,null,OS,null,OS,-0.15,OR,18.48,OK,null,OS
2023-08-07 12:00:00,32.79,OK,-0.12,BDL,null,OS,null,OS,-0.13,OR,14.99,OK,null,OS
2023-08-07 13:00:00,32.9,OK,-0.06,BDL,null,OS,null,OS,-0.17,OR,19.06,OK,null,OS
2023-08-07 14:00:00,30.27,OK,-0.04,BDL,null,OS,null,OS,-0.13,OR,15.9,OK,null,OS
2023-08-07 15:00:00,24.02,OK,-0.1,BDL,null,OS,null,OS,-0.12,OR,28.52,OK,null,OS
2023-08-07 16:00:00,23.68,OK,-0.11,BDL,null,OS,null,OS,-0.12,OR,34.97,OK,null,OS
2023-08-07 17:00:00,20.64,OK,-0.08,BDL,null,OS,null,OS,-0.08,OR,31.92,OK,null,OS
2023-08-07 18:00:00,16.25,OK,-0.05,BDL,null,OS,null,OS,-0.14,OR,30.65,OK,null,OS
2023-08-07 19:00:00,14.52,OK,-0.07,BDL,null,OS,null,OS,-0.15,OR,25.59,OK,null,OS
2023-08-07 20:00:00,13.63,OK,-0.08,BDL,null,OS,null,OS,-0.17,OR,30.41,OK,null,OS
2023-08-07 21:00:00,14.9,OK,-0.1,BDL,null,OS,null,OS,-0.23,OR,30.46,OK,null,OS
2023-08-07 22:00:00,21.77,OK,-0.12,BDL,null,OS,null,OS,-0.25,OR,36.7,OK,null,OS
2023-08-07 23:00:00,48.35,OK,-0.07,BDL,null,OS,null,OS,-0.31,OR,18.19,OK,null,OS
2023-08-08 00:00:00,47.6,OK,-0.07,BDL,null,OS,null,OS,-0.32,OR,12.0,OK,null,OS
2023-08-08 01:00:00,45.78,OK,-0.11,BDL,null,OS,null,OS,-0.31,OR,4.7,OK,null,OS
2023-08-08 02:00:00,41.17,OK,-0.12,BDL,null,OS,null,OS,-0.31,OR,6.96,OK,null,OS
2023-08-08 03:00:00,40.86,OK,-0.09,BDL,null,OS,null,OS,-0.29,OR,9.74,OK,null,OS
2023-08-08 04:00:00,38.05,OK,-0.14,BDL,null,OS,null,OS,-0.27,OR,17.18,OK,null,OS
2023-08-08 05:00:00,30.99,OK,-0.09,BDL,null,OS,null,OS,-0.21,OR,20.87,OK,null,OS
2023-08-08 06:00:00,36.02,OK,-0.07,BDL,null,OS,null,OS,-0.18,OR,18.16,OK,null,OS
2023-08-08 07:00:00,44.88,OK,-0.13,BDL,null,OS,null,OS,-0.21,OR,22.1,OK,null,OS
2023-08-08 08:00:00,54.57,OK,-0.15,BDL,null,OS,null,OS,-0.27,OR,16.22,OK,null,OS
2023-08-08 09:00:00,59.35,OK,-0.14,BDL,null,OS,null,OS,-0.22,OR,15.49,OK,null,OS
2023-08-08 10:00:00,63.41,OK,-0.07,BDL,null,OS,null,OS,-0.15,OR,16.89,OK,null,OS
2023-08-08 11:00:00,71.91,OK,-0.09,BDL,null,OS,null,OS,-0.17,OR,16.68,OK,null,OS
2023-08-08 12:00:00,66.68,OK,-0.03,BDL,null,OS,null,OS,-0.2,OR,14.91,OK,null,OS
2023-08-08 13:00:00,65.02,OK,-0.06,BDL,null,OS,null,OS,-0.15,OR,21.67,OK,null,OS
2023-08-08 14:00:00,47.69,OK,-0.04,BDL,null,OS,null,OS,-0.16,OR,19.2,OK,null,OS
2023-08-08 15:00:00,28.47,OK,-0.13,BDL,null,OS,null,OS,-0.17,OR,22.09,OK,null,OS
2023-08-08 16:00:00,23.44,OK,-0.1,BDL,null,OS,null,OS,-0.16,OR,24.72,OK,null,OS
2023-08-08 17:00:00,18.54,OK,-0.11,BDL,null,OS,null,OS,-0.15,OR,21.79,OK,null,OS
2023-08-08 18:00:00,13.81,OK,-0.08,BDL,null,OS,null,OS,-0.08,OR,25.4,OK,null,OS
2023-08-08 19:00:00,13.41,OK,-0.07,BDL,null,OS,null,OS,-0.14,OR,16.66,OK,null,OS
2023-08-08 20:00:00,12.47,OK,-0.09,BDL,null,OS,null,OS,-0.2,OR,9.33,OK,null,OS
2023-08-08 21:00:00,13.82,OK,-0.08,BDL,null,OS,null,OS,-0.2,OR,15.79,OK,null,OS
2023-08-08 22:00:00,13.9,OK,-0.15,BDL,null,OS,null,OS,-0.25,OR,15.04,OK,null,OS
2023-08-08 23:00:00,10.41,OK,-0.1,BDL,null,OS,null,OS,-0.27,OR,18.98,OK,null,OS
2023-08-09 00:00:00,11.89,OK,-0.1,BDL,null,OS,null,OS,-0.3,OR,18.35,OK,null,OS
2023-08-09 01:00:00,10.72,OK,-0.1,BDL,null,OS,null,OS,-0.31,OR,16.03,OK,null,OS
2023-08-09 02:00:00,10.68,OK,-0.08,BDL,null,OS,null,OS,-0.31,OR,20.76,OK,null,OS
2023-08-09 03:00:00,11.57,OK,-0.07,BDL,null,OS,null,OS,-0.32,OR,18.6,OK,null,OS
2023-08-09 04:00:00,8.71,OK,-0.04,BDL,null,OS,null,OS,-0.27,OR,16.12,OK,null,OS
2023-08-09 05:00:00,4.66,OK,0.0,BDL,null,OS,null,OS,-0.08,OR,26.87,OK,null,OS
2023-08-09 06:00:00,7.91,OK,0.04,BDL,null,OS,null,OS,-0.03,BDL,28.37,OK,null,OS
2023-08-09 07:00:00,11.68,OK,0.09,BDL,null,OS,null,OS,0.11,OK,38.83,OK,null,OS
2023-08-09 08:00:00,24.35,OK,0.04,BDL,null,OS,null,OS,-0.01,BDL,39.89,OK,null,OS
2023-08-09 09:00:00,27.43,OK,0.01,BDL,null,OS,null,OS,-0.21,OR,34.79,OK,null,OS
2023-08-09 10:00:00,20.29,OK,0.0,BDL,null,OS,null,OS,-0.15,OR,18.26,OK,null,OS
2023-08-09 11:00:00,20.08,OK,0.04,BDL,null,OS,null,OS,-0.2,OR,10.13,OK,null,OS
2023-08-09 12:00:00,21.38,OK,0.01,BDL,null,OS,null,OS,-0.17,OR,12.67,OK,null,OS
2023-08-09 13:00:00,21.66,OK,0.02,BDL,null,OS,null,OS,-0.13,OR,12.35,OK,null,OS
2023-08-09 14:00:00,21.19,OK,0.04,BDL,null,OS,null,OS,-0.19,OR,17.02,OK,null,OS
2023-08-09 15:00:00,19.95,OK,-0.07,BDL,null,OS,null,OS,-0.18,OR,35.46,OK,null,OS
2023-08-09 16:00:00,18.13,OK,-0.0,BDL,null,OS,null,OS,-0.14,OR,18.47,OK,null,OS
2023-08-09 17:00:00,14.73,OK,0.04,BDL,null,OS,null,OS,-0.13,OR,19.21,OK,null,OS
2023-08-09 18:00:00,14.59,OK,-0.03,BDL,null,OS,null,OS,-0.21,OR,17.14,OK,null,OS
2023-08-09 19:00:00,18.03,OK,-0.09,BDL,null,OS,null,OS,-0.18,OR,45.16,OK,null,OS
2023-08-09 20:00:00,33.89,OK,-0.11,BDL,null,OS,null,OS,-0.24,OR,122.31,OK,null,OS
2023-08-09 21:00:00,37.87,OK,-0.14,BDL,null,OS,null,OS,-0.27,OR,32.88,OK,null,OS
2023-08-09 22:00:00,43.84,OK,-0.07,BDL,null,OS,null,OS,-0.3,OR,7.81,OK,null,OS
2023-08-09 23:00:00,45.92,OK,-0.14,BDL,null,OS,null,OS,-0.31,OR,7.37,OK,null,OS
2023-08-10 00:00:00,44.58,OK,-0.15,BDL,null,OS,null,OS,-0.31,OR,-0.5,BDL,null,OS
2023-08-10 01:00:00,40.57,OK,-0.14,BDL,null,OS,null,OS,-0.29,OR,3.87,BDL,null,OS
2023-08-10 02:00:00,39.46,OK,-0.1,BDL,null,OS,null,OS,-0.31,OR,12.22,OK,null,OS
2023-08-10 03:00:00,39.78,OK,-0.11,BDL,null,OS,null,OS,-0.31,OR,3.3,BDL,null,OS
2023-08-10 04:00:00,34.98,OK,-0.13,BDL,null,OS,null,OS,-0.29,OR,5.83,OK,null,OS
2023-08-10 05:00:00,24.73,OK,-0.08,BDL,null,OS,null,OS,-0.22,OR,21.69,OK,null,OS
2023-08-10 06:00:00,29.72,OK,-0.05,BDL,null,OS,null,OS,-0.18,OR,23.9,OK,null,OS
2023-08-10 07:00:00,31.3,OK,-0.12,BDL,null,OS,null,OS,-0.22,OR,15.19,OK,null,OS
2023-08-10 08:00:00,32.0,OK,-0.12,BDL,null,OS,null,OS,-0.17,OR,24.08,OK,null,OS
2023-08-10 09:00:00,30.41,OK,-0.07,BDL,null,OS,null,OS,-0.14,OR,29.81,OK,null,OS
2023-08-10 10:00:00,33.17,OK,-0.09,BDL,null,OS,null,OS,-0.19,OR,18.77,OK,null,OS
2023-08-10 11:00:00,38.03,OK,-0.14,BDL,null,OS,null,OS,-0.17,OR,25.19,OK,null,OS
2023-08-10 12:00:00,41.06,OK,-0.07,BDL,null,OS,null,OS,-0.15,OR,29.71,OK,null,OS
2023-08-10 13:00:00,36.76,OK,-0.08,BDL,null,OS,null,OS,-0.16,OR,53.33,OK,null,OS
2023-08-10 14:00:00,33.06,OK,-0.12,BDL,null,OS,null,OS,-0.18,OR,67.21,OK,null,OS
2023-08-10 15:00:00,35.31,OK,-0.12,BDL,null,OS,null,OS,-0.17,OR,71.27,OK,null,OS
2023-08-10 16:00:00,32.38,OK,-0.09,BDL,null,OS,null,OS,-0.12,OR,65.78,OK,null,OS
2023-08-10 17:00:00,18.85,OK,-0.07,BDL,null,OS,null,OS,-0.03,BDL,27.91,OK,null,OS
2023-08-10 18:00:00,16.57,OK,-0.08,BDL,null,OS,null,OS,-0.01,BDL,37.88,OK,null,OS
2023-08-10 19:00:00,19.09,OK,-0.05,BDL,null,OS,null,OS,-0.04,BDL,30.77,OK,null,OS
2023-08-10 20:00:00,17.45,OK,-0.08,BDL,null,OS,null,OS,-0.11,OR,36.33,OK,null,OS
2023-08-10 21:00:00,14.92,OK,-0.09,BDL,null,OS,null,OS,-0.09,OR,32.51,OK,null,OS
2023-08-10 22:00:00,11.87,OK,-0.07,BDL,null,OS,null,OS,-0.07,OR,35.08,OK,null,OS
2023-08-10 23:00:00,10.26,OK,-0.12,BDL,null,OS,null,OS,-0.08,OR,27.33,OK,null,OS
2023-08-11 00:00:00,11.07,OK,-0.06,BDL,null,OS,null,OS,-0.09,OR,28.03,OK,null,OS
2023-08-11 01:00:00,20.94,OK,-0.1,BDL,null,OS,null,OS,-0.24,OR,36.01,OK,null,OS
2023-08-11 02:00:00,20.44,OK,-0.1,BDL,null,OS,null,OS,-0.26,OR,11.96,OK,null,OS
2023-08-11 03:00:00,20.0,OK,-0.14,BDL,null,OS,null,OS,-0.26,OR,11.11,OK,null,OS
2023-08-11 04:00:00,17.89,OK,-0.17,BDL,null,OS,null,OS,-0.24,OR,17.33,OK,null,OS
2023-08-11 05:00:00,2.83,OK,-0.05,BDL,null,OS,null,OS,-0.03,BDL,27.44,OK,null,OS
2023-08-11 06:00:00,10.87,OK,-0.07,BDL,null,OS,null,OS,-0.0,BDL,37.17,OK,null,OS
2023-08-11 07:00:00,19.84,OK,-0.13,BDL,null,OS,null,OS,-0.11,OR,22.25,OK,null,OS
2023-08-11 08:00:00,188.45,OK,0.22,BDL,null,OS,null,OS,-0.17,OR,29.66,OK,null,OS
2023-08-11 09:00:00,16.41,OK,27.0,OK,null,OS,null,OS,1.49,OK,31.27,OK,null,OS
2023-08-11 10:00:00,99.47,OK,220.9,OK,null,OS,null,OS,0.39,OK,18.52,OK,null,OS
2023-08-11 11:00:00,381.72,OK,-0.02,BDL,null,OS,null,OS,0.39,OK,17.93,OK,null,OS
2023-08-11 12:00:00,388.42,OK,0.02,BDL,null,OS,null,OS,0.37,OK,14.13,OK,null,OS
2023-08-11 13:00:00,143.11,OK,-0.07,BDL,null,OS,null,OS,0.36,OK,21.53,OK,null,OS
2023-08-11 14:00:00,32.21,OK,-0.02,BDL,null,OS,null,OS,0.34,OK,145.78,OK,null,OS
2023-08-11 15:00:00,37.17,OK,-0.06,BDL,null,OS,null,OS,0.26,OK,101.2,OK,null,OS
2023-08-11 16:00:00,36.99,OK,-0.08,BDL,null,OS,null,OS,0.26,OK,71.47,OK,null,OS
2023-08-11 17:00:00,28.61,OK,-0.09,BDL,null,OS,null,OS,0.3,OK,38.11,OK,null,OS
2023-08-11 18:00:00,26.09,OK,-0.03,BDL,null,OS,null,OS,0.36,OK,25.22,OK,null,OS
2023-08-11 19:00:00,21.74,OK,-0.13,BDL,null,OS,null,OS,0.31,OK,27.01,OK,null,OS
2023-08-11 20:00:00,25.14,OK,-0.04,BDL,null,OS,null,OS,0.25,OK,10.58,OK,null,OS
2023-08-11 21:00:00,26.22,OK,-0.09,BDL,null,OS,null,OS,0.25,OK,8.08,OK,null,OS
2023-08-11 22:00:00,25.08,OK,-0.11,BDL,null,OS,null,OS,0.23,OK,10.03,OK,null,OS
2023-08-11 23:00:00,24.96,OK,-0.1,BDL,null,OS,null,OS,0.21,OK,5.0,OK,null,OS
2023-08-12 00:00:00,21.29,OK,-0.07,BDL,null,OS,null,OS,0.21,OK,7.81,OK,null,OS
2023-08-12 01:00:00,18.68,OK,-0.12,BDL,null,OS,null,OS,0.22,OK,10.42,OK,null,OS
2023-08-12 02:00:00,14.42,OK,-0.13,BDL,null,OS,null,OS,0.22,OK,9.63,OK,null,OS
2023-08-12 03:00:00,14.5,OK,-0.06,BDL,null,OS,null,OS,0.21,OK,12.27,OK,null,OS
2023-08-12 04:00:00,14.56,OK,-0.06,BDL,null,OS,null,OS,0.21,OK,6.83,OK,null,OS
2023-08-12 05:00:00,15.2,OK,-0.12,BDL,null,OS,null,OS,0.23,OK,12.06,OK,null,OS
2023-08-12 06:00:00,17.73,OK,-0.05,BDL,null,OS,null,OS,0.26,OK,5.34,OK,null,OS
2023-08-12 07:00:00,23.44,OK,-0.06,BDL,null,OS,null,OS,0.26,OK,18.02,OK,null,OS
2023-08-12 08:00:00,28.71,OK,-0.05,BDL,null,OS,null,OS,0.26,OK,39.64,OK,null,OS
2023-08-12 09:00:00,44.39,OK,-0.08,BDL,null,OS,null,OS,0.23,OK,18.33,OK,null,OS
2023-08-12 10:00:00,54.87,OK,-0.08,BDL,null,OS,null,OS,0.24,OK,18.09,OK,null,OS
2023-08-12 11:00:00,59.53,OK,-0.09,BDL,null,OS,null,OS,0.25,OK,11.88,OK,null,OS
2023-08-12 12:00:00,63.19,OK,-0.1,BDL,null,OS,null,OS,0.3,OK,10.48,OK,null,OS
2023-08-12 13:00:00,62.58,OK,-0.07,BDL,null,OS,null,OS,0.29,OK,18.56,OK,null,OS
2023-08-12 14:00:00,60.96,OK,-0.06,BDL,null,OS,null,OS,0.25,OK,15.66,OK,null,OS
2023-08-12 15:00:00,55.07,OK,-0.07,BDL,null,OS,null,OS,0.25,OK,27.56,OK,null,OS
2023-08-12 16:00:00,37.29,OK,-0.11,BDL,null,OS,null,OS,0.28,OK,27.43,OK,null,OS
2023-08-12 17:00:00,33.31,OK,-0.14,BDL,null,OS,null,OS,0.28,OK,37.85,OK,null,OS
2023-08-12 18:00:00,27.11,OK,-0.08,BDL,null,OS,null,OS,0.29,OK,28.69,OK,null,OS
2023-08-12 19:00:00,21.01,OK,-0.06,BDL,null,OS,null,OS,0.39,OK,18.13,OK,null,OS
2023-08-12 20:00:00,22.33,OK,-0.09,BDL,null,OS,null,OS,0.31,OK,20.06,OK,null,OS
2023-08-12 21:00:00,21.19,OK,-0.08,BDL,null,OS,null,OS,0.32,OK,22.35,OK,null,OS
2023-08-12 22:00:00,23.27,OK,-0.14,BDL,null,OS,null,OS,0.29,OK,21.79,OK,null,OS
2023-08-12 23:00:00,25.24,OK,-0.08,BDL,null,OS,null,OS,0.27,OK,26.8,OK,null,OS
2023-08-13 00:00:00,25.38,OK,-0.1,BDL,null,OS,null,OS,0.26,OK,10.17,OK,null,OS
2023-08-13 01:00:00,25.22,OK,-0.14,BDL,null,OS,null,OS,0.26,OK,18.04,OK,null,OS
2023-08-13 02:00:00,19.76,OK,-0.12,BDL,null,OS,null,OS,0.25,OK,15.42,OK,null,OS
2023-08-13 03:00:00,22.29,OK,-0.11,BDL,null,OS,null,OS,0.21,OK,21.68,OK,null,OS
2023-08-13 04:00:00,17.58,OK,-0.13,BDL,null,OS,null,OS,0.21,OK,5.88,OK,null,OS
2023-08-13 05:00:00,17.24,OK,-0.12,BDL,null,OS,null,OS,0.22,OK,9.79,OK,null,OS
2023-08-13 06:00:00,20.68,OK,-0.11,BDL,null,OS,null,OS,0.23,OK,6.24,OK,null,OS
2023-08-13 07:00:00,28.18,OK,-0.07,BDL,null,OS,null,OS,0.18,OK,14.9,OK,null,OS
2023-08-13 08:00:00,41.02,OK,-0.07,BDL,null,OS,null,OS,0.17,OK,15.02,OK,null,OS
2023-08-13 09:00:00,48.91,OK,-0.11,BDL,null,OS,null,OS,0.18,OK,15.78,OK,null,OS
2023-08-13 10:00:00,56.64,OK,-0.01,BDL,null,OS,null,OS,0.2,OK,7.75,OK,null,OS
2023-08-13 11:00:00,52.81,OK,-0.08,BDL,null,OS,null,OS,0.19,OK,16.08,OK,null,OS
2023-08-13 12:00:00,56.38,OK,-0.06,BDL,null,OS,null,OS,0.2,OK,12.07,OK,null,OS
2023-08-13 13:00:00,61.77,OK,-0.08,BDL,null,OS,null,OS,0.19,OK,18.41,OK,null,OS
2023-08-13 14:00:00,62.19,OK,-0.06,BDL,null,OS,null,OS,0.24,OK,16.57,OK,null,OS
2023-08-13 15:00:00,54.38,OK,-0.1,BDL,null,OS,null,OS,0.21,OK,22.56,OK,null,OS
2023-08-13 16:00:00,40.06,OK,-0.08,BDL,null,OS,null,OS,0.23,OK,43.5,OK,null,OS
2023-08-13 17:00:00,37.37,OK,-0.1,BDL,null,OS,null,OS,0.21,OK,37.77,OK,null,OS
2023-08-13 18:00:00,32.23,OK,-0.08,BDL,null,OS,null,OS,0.28,OK,21.33,OK,null,OS
2023-08-13 19:00:00,27.92,OK,-0.08,BDL,null,OS,null,OS,0.26,OK,14.15,OK,null,OS
2023-08-13 20:00:00,19.86,OK,-0.08,BDL,null,OS,null,OS,0.3,OK,20.87,OK,null,OS
2023-08-13 21:00:00,25.49,OK,-0.05,BDL,null,OS,null,OS,0.2,OK,25.28,OK,null,OS
2023-08-13 22:00:00,33.27,OK,-0.04,BDL,null,OS,null,OS,0.13,OK,10.12,OK,null,OS
2023-08-13 23:00:00,36.95,OK,-0.07,BDL,null,OS,null,OS,0.12,OK,3.23,BDL,null,OS
2023-08-14 00:00:00,38.11,OK,-0.04,BDL,null,OS,null,OS,0.11,OK,0.05,BDL,null,OS
2023-08-14 01:00:00,30.42,OK,-0.13,BDL,null,OS,null,OS,0.13,OK,5.17,OK,null,OS
2023-08-14 02:00:00,25.74,OK,-0.07,BDL,null,OS,null,OS,0.14,OK,7.15,OK,null,OS
2023-08-14 03:00:00,16.02,OK,-0.07,BDL,null,OS,null,OS,0.2,OK,16.45,OK,null,OS
2023-08-14 04:00:00,14.51,OK,-0.05,BDL,null,OS,null,OS,0.24,OK,20.51,OK,null,OS
2023-08-14 05:00:00,5.37,OK,0.0,BDL,null,OS,null,OS,0.42,OK,40.05,OK,null,OS
2023-08-14 06:00:00,12.02,OK,0.08,BDL,null,OS,null,OS,0.4,OK,27.0,OK,null,OS
2023-08-14 07:00:00,23.82,OK,-0.0,BDL,null,OS,null,OS,0.38,OK,31.4,OK,null,OS
2023-08-14 08:00:00,36.68,OK,-0.01,BDL,null,OS,null,OS,0.33,OK,34.23,OK,null,OS
2023-08-14 09:00:00,53.04,OK,-0.06,BDL,null,OS,null,OS,0.35,OK,29.02,OK,null,OS
2023-08-14 10:00:00,75.15,OK,-0.03,BDL,null,OS,null,OS,0.36,OK,34.11,OK,null,OS
2023-08-14 11:00:00,90.27,OK,-0.08,BDL,null,OS,null,OS,0.34,OK,27.33,OK,null,OS
2023-08-14 12:00:00,90.22,OK,-0.0,BDL,null,OS,null,OS,0.31,OK,23.71,OK,null,OS
2023-08-14 13:00:00,82.37,OK,0.02,BDL,null,OS,null,OS,0.33,OK,22.97,OK,null,OS
2023-08-14 14:00:00,75.42,OK,-0.03,BDL,null,OS,null,OS,0.25,OK,19.58,OK,null,OS
2023-08-14 15:00:00,74.04,OK,0.05,BDL,null,OS,null,OS,0.3,OK,21.2,OK,null,OS
2023-08-14 16:00:00,61.08,OK,0.01,BDL,null,OS,null,OS,0.27,OK,18.84,OK,null,OS
2023-08-14 17:00:00,38.16,OK,0.05,BDL,null,OS,null,OS,0.29,OK,13.97,OK,null,OS
2023-08-14 18:00:00,24.62,OK,-0.0,BDL,null,OS,null,OS,0.31,OK,26.23,OK,null,OS
2023-08-14 19:00:00,18.35,OK,-0.05,BDL,null,OS,null,OS,0.3,OK,22.7,OK,null,OS
2023-08-14 20:00:00,18.17,OK,-0.04,BDL,null,OS,null,OS,0.26,OK,28.78,OK,null,OS
2023-08-14 21:00:00,16.73,OK,-0.03,BDL,null,OS,null,OS,0.24,OK,29.36,OK,null,OS
2023-08-14 22:00:00,18.23,OK,-0.02,BDL,null,OS,null,OS,0.21,OK,30.57,OK,null,OS
2023-08-14 23:00:00,16.54,OK,-0.04,BDL,null,OS,null,OS,0.21,OK,20.76,OK,null,OS
2023-08-15 00:00:00,35.46,OK,-0.09,BDL,null,OS,null,OS,0.15,OK,24.73,OK,null,OS
2023-08-15 01:00:00,49.78,OK,-0.11,BDL,null,OS,null,OS,0.14,OK,15.29,OK,null,OS
2023-08-15 02:00:00,49.49,OK,-0.12,BDL,null,OS,null,OS,0.14,OK,2.57,BDL,null,OS
2023-08-15 03:00:00,49.53,OK,-0.11,BDL,null,OS,null,OS,0.13,OK,8.35,OK,null,OS
2023-08-15 04:00:00,49.95,OK,-0.1,BDL,null,OS,null,OS,0.13,OK,6.13,OK,null,OS
2023-08-15 05:00:00,45.48,OK,-0.08,BDL,null,OS,null,OS,0.17,OK,7.83,OK,null,OS
2023-08-15 06:00:00,45.17,OK,-0.05,BDL,null,OS,null,OS,0.24,OK,14.0,OK,null,OS
2023-08-15 07:00:00,49.42,OK,-0.09,BDL,null,OS,null,OS,0.22,OK,26.88,OK,null,OS
2023-08-15 08:00:00,52.79,OK,-0.04,BDL,null,OS,null,OS,0.21,OK,19.93,OK,null,OS
2023-08-15 09:00:00,55.9,OK,-0.05,BDL,null,OS,null,OS,0.24,OK,19.36,OK,null,OS
2023-08-15 10:00:00,60.29,OK,-0.08,BDL,null,OS,null,OS,0.2,OK,17.19,OK,null,OS
2023-08-15 11:00:00,65.32,OK,-0.03,BDL,null,OS,null,OS,0.22,OK,13.35,OK,null,OS
2023-08-15 12:00:00,77.56,OK,-0.08,BDL,null,OS,null,OS,0.2,OK,17.95,OK,null,OS
2023-08-15 13:00:00,79.76,OK,-0.04,BDL,null,OS,null,OS,0.24,OK,11.62,OK,null,OS
2023-08-15 14:00:00,71.91,OK,0.02,BDL,null,OS,null,OS,0.2,OK,14.08,OK,null,OS
2023-08-15 15:00:00,71.72,OK,-0.01,BDL,null,OS,null,OS,0.35,OK,16.32,OK,null,OS
2023-08-15 16:00:00,63.8,OK,-0.08,BDL,null,OS,null,OS,0.26,OK,16.77,OK,null,OS
2023-08-15 17:00:00,33.27,OK,-0.07,BDL,null,OS,null,OS,0.28,OK,48.85,OK,null,OS
2023-08-15 18:00:00,30.82,OK,-0.05,BDL,null,OS,null,OS,0.28,OK,37.06,OK,null,OS
2023-08-15 19:00:00,31.18,OK,-0.07,BDL,null,OS,null,OS,0.27,OK,26.21,OK,null,OS
2023-08-15 20:00:00,35.42,OK,-0.05,BDL,null,OS,null,OS,0.24,OK,24.55,OK,null,OS
2023-08-15 21:00:00,34.5,OK,-0.04,BDL,null,OS,null,OS,0.22,OK,23.59,OK,null,OS
2023-08-15 22:00:00,31.76,OK,-0.09,BDL,null,OS,null,OS,0.2,OK,24.19,OK,null,OS
2023-08-15 23:00:00,20.58,OK,-0.1,BDL,null,OS,null,OS,0.17,OK,29.38,OK,null,OS
2023-08-16 00:00:00,28.34,OK,-0.06,BDL,null,OS,null,OS,0.18,OK,58.44,OK,null,OS
2023-08-16 01:00:00,29.13,OK,-0.11,BDL,null,OS,null,OS,0.19,OK,38.06,OK,null,OS
2023-08-16 02:00:00,28.76,OK,-0.1,BDL,null,OS,null,OS,0.19,OK,4.79,OK,null,OS
2023-08-16 03:00:00,28.09,OK,-0.12,BDL,null,OS,null,OS,0.18,OK,17.52,OK,null,OS
2023-08-16 04:00:00,35.42,OK,-0.1,BDL,null,OS,null,OS,0.16,OK,4.87,OK,null,OS
2023-08-16 05:00:00,22.4,OK,-0.08,BDL,null,OS,null,OS,0.26,OK,8.63,OK,null,OS
2023-08-16 06:00:00,24.44,OK,-0.11,BDL,null,OS,null,OS,0.33,OK,26.37,OK,null,OS
2023-08-16 07:00:00,31.66,OK,-0.09,BDL,null,OS,null,OS,0.3,OK,16.23,OK,null,OS
2023-08-16 08:00:00,30.12,OK,-0.04,BDL,null,OS,null,OS,0.57,OK,19.95,OK,null,OS
2023-08-16 09:00:00,37.78,OK,-0.04,BDL,null,OS,null,OS,0.53,OK,46.69,OK,null,OS
2023-08-16 10:00:00,44.32,OK,-0.01,BDL,null,OS,null,OS,0.59,OK,49.1,OK,null,OS
2023-08-16 11:00:00,45.53,OK,-0.0,BDL,null,OS,null,OS,0.62,OK,56.31,OK,null,OS
2023-08-16 12:00:00,51.11,OK,-0.02,BDL,null,OS,null,OS,0.51,OK,55.64,OK,null,OS
2023-08-16 13:00:00,48.16,OK,-0.02,BDL,null,OS,null,OS,0.43,OK,40.65,OK,null,OS
2023-08-16 14:00:00,48.07,OK,0.0,BDL,null,OS,null,OS,0.34,OK,23.18,OK,null,OS
2023-08-16 15:00:00,46.09,OK,-0.02,BDL,null,OS,null,OS,0.32,OK,26.6,OK,null,OS
2023-08-16 16:00:00,43.24,OK,0.0,BDL,null,OS,null,OS,0.37,OK,21.54,OK,null,OS
2023-08-16 17:00:00,31.13,OK,0.02,BDL,null,OS,null,OS,0.54,OK,20.18,OK,null,OS
2023-08-16 18:00:00,27.87,OK,0.01,BDL,null,OS,null,OS,0.38,OK,33.96,OK,null,OS
2023-08-16 19:00:00,26.39,OK,-0.06,BDL,null,OS,null,OS,0.38,OK,34.11,OK,null,OS
2023-08-16 20:00:00,28.8,OK,-0.02,BDL,null,OS,null,OS,0.3,OK,33.15,OK,null,OS
2023-08-16 21:00:00,30.42,OK,-0.05,BDL,null,OS,null,OS,0.26,OK,31.59,OK,null,OS
2023-08-16 22:00:00,31.22,OK,-0.05,BDL,null,OS,null,OS,0.28,OK,25.07,OK,null,OS
2023-08-16 23:00:00,30.04,OK,-0.06,BDL,null,OS,null,OS,0.24,OK,30.55,OK,null,OS
2023-08-17 00:00:00,17.84,OK,-0.01,BDL,null,OS,null,OS,0.25,OK,25.02,OK,null,OS
2023-08-17 01:00:00,21.06,OK,-0.06,BDL,null,OS,null,OS,0.19,OK,29.74,OK,null,OS
2023-08-17 02:00:00,17.68,OK,-0.07,BDL,null,OS,null,OS,0.18,OK,24.29,OK,null,OS
2023-08-17 03:00:00,20.24,OK,0.01,BDL,null,OS,null,OS,0.16,OK,21.9,OK,null,OS
2023-08-17 04:00:00,13.65,OK,-0.06,BDL,null,OS,null,OS,0.22,OK,19.72,OK,null,OS
2023-08-17 05:00:00,6.55,OK,-0.01,BDL,null,OS,null,OS,0.37,OK,28.33,OK,null,OS
2023-08-17 06:00:00,9.72,OK,0.07,BDL,null,OS,null,OS,0.59,OK,39.58,OK,null,OS
2023-08-17 07:00:00,29.52,OK,-0.0,BDL,null,OS,null,OS,0.32,OK,40.41,OK,null,OS
2023-08-17 08:00:00,37.96,OK,-0.01,BDL,null,OS,null,OS,0.33,OK,29.31,OK,null,OS
2023-08-17 09:00:00,43.44,OK,-0.02,BDL,null,OS,null,OS,0.32,OK,25.49,OK,null,OS
2023-08-17 10:00:00,58.66,OK,-0.05,BDL,null,OS,null,OS,0.29,OK,27.52,OK,null,OS
2023-08-17 11:00:00,52.8,OK,-0.02,BDL,null,OS,null,OS,0.25,OK,25.25,OK,null,OS
2023-08-17 12:00:00,48.06,OK,-0.1,BDL,null,OS,null,OS,0.29,OK,13.43,OK,null,OS
2023-08-17 13:00:00,44.43,OK,-0.08,BDL,null,OS,null,OS,0.32,OK,20.75,OK,null,OS
2023-08-17 14:00:00,42.61,OK,-0.05,BDL,null,OS,null,OS,0.31,OK,29.43,OK,null,OS
2023-08-17 15:00:00,37.77,OK,-0.06,BDL,null,OS,null,OS,0.28,OK,39.31,OK,null,OS
2023-08-17 16:00:00,38.0,OK,-0.1,BDL,null,OS,null,OS,0.31,OK,51.19,OK,null,OS
2023-08-17 17:00:00,33.79,OK,-0.06,BDL,null,OS,null,OS,0.37,OK,53.93,OK,null,OS
2023-08-17 18:00:00,26.73,OK,-0.09,BDL,null,OS,null,OS,0.33,OK,36.6,OK,null,OS
2023-08-17 19:00:00,28.23,OK,-0.06,BDL,null,OS,null,OS,0.35,OK,40.12,OK,null,OS
2023-08-17 20:00:00,31.11,OK,-0.07,BDL,null,OS,null,OS,0.22,OK,40.45,OK,null,OS
2023-08-17 21:00:00,40.19,OK,-0.05,BDL,null,OS,null,OS,0.17,OK,26.45,OK,null,OS
2023-08-17 22:00:00,36.25,OK,-0.1,BDL,null,OS,null,OS,0.17,OK,12.86,OK,null,OS
2023-08-17 23:00:00,35.67,OK,-0.1,BDL,null,OS,null,OS,0.16,OK,20.91,OK,null,OS
2023-08-18 00:00:00,33.14,OK,-0.08,BDL,null,OS,null,OS,0.15,OK,14.31,OK,null,OS
2023-08-18 01:00:00,28.25,OK,-0.07,BDL,null,OS,null,OS,0.16,OK,20.32,OK,null,OS
2023-08-18 02:00:00,23.58,OK,-0.07,BDL,null,OS,null,OS,0.17,OK,21.83,OK,null,OS
2023-08-18 03:00:00,28.56,OK,-0.15,BDL,null,OS,null,OS,0.16,OK,14.28,OK,null,OS
2023-08-18 04:00:00,29.26,OK,-0.06,BDL,null,OS,null,OS,0.16,OK,23.69,OK,null,OS
2023-08-18 05:00:00,21.52,OK,-0.1,BDL,null,OS,null,OS,0.27,OK,22.54,OK,null,OS
2023-08-18 06:00:00,21.3,OK,-0.06,BDL,null,OS,null,OS,0.3,OK,24.84,OK,null,OS
2023-08-18 07:00:00,26.09,OK,-0.09,BDL,null,OS,null,OS,0.34,OK,31.94,OK,null,OS
2023-08-18 08:00:00,37.05,OK,-0.07,BDL,null,OS,null,OS,0.26,OK,32.68,OK,null,OS
2023-08-18 09:00:00,44.56,OK,-0.07,BDL,null,OS,null,OS,0.23,OK,22.28,OK,null,OS
2023-08-18 10:00:00,45.6,OK,-0.02,BDL,null,OS,null,OS,0.23,OK,17.53,OK,null,OS
2023-08-18 11:00:00,47.46,OK,-0.07,BDL,null,OS,null,OS,0.24,OK,20.13,OK,null,OS
2023-08-18 12:00:00,47.38,OK,-0.07,BDL,null,OS,null,OS,0.25,OK,16.03,OK,null,OS
2023-08-18 13:00:00,47.27,OK,-0.04,BDL,null,OS,null,OS,0.25,OK,18.14,OK,null,OS
2023-08-18 14:00:00,43.61,OK,-0.07,BDL,null,OS,null,OS,0.29,OK,22.27,OK,null,OS
2023-08-18 15:00:00,40.21,OK,-0.08,BDL,null,OS,null,OS,0.3,OK,29.77,OK,null,OS
2023-08-18 16:00:00,40.47,OK,-0.09,BDL,null,OS,null,OS,0.26,OK,26.93,OK,null,OS
2023-08-18 17:00:00,46.57,OK,-0.06,BDL,null,OS,null,OS,0.22,OK,54.41,OK,null,OS
2023-08-18 18:00:00,40.6,OK,-0.07,BDL,null,OS,null,OS,0.27,OK,31.17,OK,null,OS
2023-08-18 19:00:00,40.05,OK,-0.04,BDL,null,OS,null,OS,0.24,OK,17.32,OK,null,OS
2023-08-18 20:00:00,44.1,OK,-0.08,BDL,null,OS,null,OS,0.19,OK,9.0,OK,null,OS
2023-08-18 21:00:00,38.07,OK,-0.04,BDL,null,OS,null,OS,0.15,OK,15.58,OK,null,OS
2023-08-18 22:00:00,45.42,OK,-0.06,BDL,null,OS,null,OS,0.14,OK,45.9,OK,null,OS
2023-08-18 23:00:00,45.01,OK,-0.08,BDL,null,OS,null,OS,0.12,OK,21.13,OK,null,OS
2023-08-19 00:00:00,41.34,OK,-0.08,BDL,null,OS,null,OS,0.12,OK,3.45,BDL,null,OS
2023-08-19 01:00:00,30.58,OK,-0.06,BDL,null,OS,null,OS,0.14,OK,17.69,OK,null,OS
2023-08-19 02:00:00,29.18,OK,-0.08,BDL,null,OS,null,OS,0.13,OK,0.71,BDL,null,OS
2023-08-19 03:00:00,29.1,OK,0.04,BDL,null,OS,null,OS,0.12,OK,0.71,BDL,null,OS
2023-08-19 04:00:00,28.22,OK,0.07,BDL,null,OS,null,OS,0.13,OK,7.83,OK,null,OS
2023-08-19 05:00:00,29.27,OK,0.16,BDL,null,OS,null,OS,0.14,OK,1.25,BDL,null,OS
2023-08-19 06:00:00,26.57,OK,0.18,BDL,null,OS,null,OS,0.2,OK,6.52,OK,null,OS
2023-08-19 07:00:00,26.17,OK,0.2,BDL,null,OS,null,OS,0.19,OK,5.3,OK,null,OS
2023-08-19 08:00:00,31.14,OK,0.14,BDL,null,OS,null,OS,0.19,OK,6.81,OK,null,OS
2023-08-19 09:00:00,37.32,OK,0.24,BDL,null,OS,null,OS,0.17,OK,7.1,OK,null,OS
2023-08-19 10:00:00,36.09,OK,0.19,BDL,null,OS,null,OS,0.19,OK,8.11,OK,null,OS
2023-08-19 11:00:00,36.74,OK,0.19,BDL,null,OS,null,OS,0.26,OK,11.21,OK,null,OS
2023-08-19 12:00:00,40.25,OK,0.16,BDL,null,OS,null,OS,0.28,OK,21.41,OK,null,OS
2023-08-19 13:00:00,44.97,OK,0.2,BDL,null,OS,null,OS,0.21,OK,10.75,OK,null,OS
2023-08-19 14:00:00,45.58,OK,0.18,BDL,null,OS,null,OS,0.17,OK,13.89,OK,null,OS
2023-08-19 15:00:00,43.55,OK,0.21,BDL,null,OS,null,OS,0.17,OK,11.2,OK,null,OS
2023-08-19 16:00:00,38.45,OK,0.2,BDL,null,OS,null,OS,0.19,OK,11.66,OK,null,OS
2023-08-19 17:00:00,30.49,OK,0.2,BDL,null,OS,null,OS,0.22,OK,10.3,OK,null,OS
2023-08-19 18:00:00,25.08,OK,0.17,BDL,null,OS,null,OS,0.22,OK,14.84,OK,null,OS
2023-08-19 19:00:00,18.93,OK,0.17,BDL,null,OS,null,OS,0.24,OK,12.14,OK,null,OS
2023-08-19 20:00:00,20.7,OK,0.18,BDL,null,OS,null,OS,0.16,OK,15.65,OK,null,OS
2023-08-19 21:00:00,22.09,OK,0.25,BDL,null,OS,null,OS,0.15,OK,6.45,OK,null,OS
2023-08-19 22:00:00,24.01,OK,0.17,BDL,null,OS,null,OS,0.14,OK,14.96,OK,null,OS
2023-08-19 23:00:00,23.12,OK,0.19,BDL,null,OS,null,OS,0.12,OK,11.4,OK,null,OS
2023-08-20 00:00:00,20.06,OK,0.17,BDL,null,OS,null,OS,0.11,OK,15.6,OK,null,OS
2023-08-20 01:00:00,18.42,OK,0.16,BDL,null,OS,null,OS,0.08,OK,15.84,OK,null,OS
2023-08-20 02:00:00,18.52,OK,0.15,BDL,null,OS,null,OS,0.08,OK,23.92,OK,null,OS
2023-08-20 03:00:00,17.41,OK,0.14,BDL,null,OS,null,OS,0.1,OK,20.13,OK,null,OS
2023-08-20 04:00:00,19.92,OK,0.16,BDL,null,OS,null,OS,0.11,OK,4.64,OK,null,OS
2023-08-20 05:00:00,19.26,OK,0.16,BDL,null,OS,null,OS,0.11,OK,5.29,OK,null,OS
2023-08-20 06:00:00,16.35,OK,0.14,BDL,null,OS,null,OS,0.13,OK,4.11,OK,null,OS
2023-08-20 07:00:00,17.1,OK,0.21,BDL,null,OS,null,OS,0.13,OK,-15.69,OR,null,OS
2023-08-20 08:00:00,18.99,OK,0.18,BDL,null,OS,null,OS,0.14,OK,-1.09,BDL,null,OS
2023-08-20 09:00:00,20.45,OK,0.15,BDL,null,OS,null,OS,0.16,OK,7.57,OK,null,OS
2023-08-20 10:00:00,20.81,OK,0.18,BDL,null,OS,null,OS,0.16,OK,10.23,OK,null,OS
2023-08-20 11:00:00,19.15,OK,0.15,BDL,null,OS,null,OS,0.18,OK,15.07,OK,null,OS
2023-08-20 12:00:00,23.54,OK,0.16,BDL,null,OS,null,OS,0.15,OK,1.68,BDL,null,OS
2023-08-20 13:00:00,24.33,OK,0.16,BDL,null,OS,null,OS,0.13,OK,19.99,OK,null,OS
2023-08-20 14:00:00,24.42,OK,0.18,BDL,null,OS,null,OS,0.13,OK,6.47,OK,null,OS
2023-08-20 15:00:00,24.36,OK,0.16,BDL,null,OS,null,OS,0.14,OK,1.85,BDL,null,OS
2023-08-20 16:00:00,23.92,OK,0.15,BDL,null,OS,null,OS,0.14,OK,11.91,OK,null,OS
2023-08-20 17:00:00,22.93,OK,0.15,BDL,null,OS,null,OS,0.16,OK,10.67,OK,null,OS
2023-08-20 18:00:00,20.5,OK,0.15,BDL,null,OS,null,OS,0.19,OK,14.64,OK,null,OS
2023-08-20 19:00:00,19.61,OK,0.23,BDL,null,OS,null,OS,0.21,OK,9.67,OK,null,OS
2023-08-20 20:00:00,22.84,OK,0.16,BDL,null,OS,null,OS,0.18,OK,11.41,OK,null,OS
2023-08-20 21:00:00,22.35,OK,0.17,BDL,null,OS,null,OS,0.19,OK,12.59,OK,null,OS
2023-08-20 22:00:00,23.42,OK,0.22,BDL,null,OS,null,OS,0.14,OK,8.55,OK,null,OS
2023-08-20 23:00:00,20.79,OK,0.23,BDL,null,OS,null,OS,0.16,OK,9.93,OK,null,OS
2023-08-21 00:00:00,23.47,OK,0.2,BDL,null,OS,null,OS,0.11,OK,10.88,OK,null,OS
2023-08-21 01:00:00,20.31,OK,0.17,BDL,null,OS,null,OS,0.14,OK,6.88,OK,null,OS
2023-08-21 02:00:00,16.8,OK,0.22,BDL,null,OS,null,OS,0.17,OK,12.11,OK,null,OS
2023-08-21 03:00:00,16.44,OK,0.21,BDL,null,OS,null,OS,0.15,OK,18.66,OK,null,OS
2023-08-21 04:00:00,12.12,OK,0.2,BDL,null,OS,null,OS,0.19,OK,18.97,OK,null,OS
2023-08-21 05:00:00,2.69,OK,0.27,BDL,null,OS,null,OS,0.32,OK,18.36,OK,null,OS
2023-08-21 06:00:00,2.64,OK,0.31,BDL,null,OS,null,OS,0.6,OK,24.01,OK,null,OS
2023-08-21 07:00:00,7.38,OK,0.28,BDL,null,OS,null,OS,0.41,OK,22.42,OK,null,OS
2023-08-21 08:00:00,16.69,OK,0.22,BDL,null,OS,null,OS,0.32,OK,11.5,OK,null,OS
2023-08-21 09:00:00,19.7,OK,0.24,BDL,null,OS,null,OS,0.46,OK,29.13,OK,null,OS
2023-08-21 10:00:00,26.08,OK,0.22,BDL,null,OS,null,OS,0.32,OK,21.16,OK,null,OS
2023-08-21 11:00:00,31.94,OK,0.18,BDL,null,OS,null,OS,0.23,OK,8.92,OK,null,OS
2023-08-21 12:00:00,35.35,OK,0.21,BDL,null,OS,null,OS,0.24,OK,16.9,OK,null,OS
2023-08-21 13:00:00,36.68,OK,0.23,BDL,null,OS,null,OS,0.18,OK,4.7,OK,null,OS
2023-08-21 14:00:00,33.25,OK,0.23,BDL,null,OS,null,OS,0.29,OK,8.87,OK,null,OS
2023-08-21 15:00:00,33.25,OK,0.23,BDL,null,OS,null,OS,0.26,OK,20.05,OK,null,OS
2023-08-21 16:00:00,27.84,OK,0.33,BDL,null,OS,null,OS,0.3,OK,15.21,OK,null,OS
2023-08-21 17:00:00,20.34,OK,0.34,BDL,null,OS,null,OS,0.34,OK,9.83,OK,null,OS
2023-08-21 18:00:00,16.52,OK,0.37,BDL,null,OS,null,OS,0.34,OK,24.15,OK,null,OS
2023-08-21 19:00:00,21.49,OK,0.22,BDL,null,OS,null,OS,0.21,OK,19.69,OK,null,OS
2023-08-21 20:00:00,18.15,OK,0.31,BDL,null,OS,null,OS,0.25,OK,21.49,OK,null,OS
2023-08-21 21:00:00,17.12,OK,0.22,BDL,null,OS,null,OS,0.17,OK,17.91,OK,null,OS
2023-08-21 22:00:00,15.95,OK,0.18,BDL,null,OS,null,OS,0.14,OK,14.47,OK,null,OS
2023-08-21 23:00:00,14.38,OK,0.19,BDL,null,OS,null,OS,0.1,OK,13.49,OK,null,OS
2023-08-22 00:00:00,16.31,OK,0.2,BDL,null,OS,null,OS,0.07,OK,13.16,OK,null,OS
2023-08-22 01:00:00,16.45,OK,0.19,BDL,null,OS,null,OS,0.1,OK,5.01,OK,null,OS
2023-08-22 02:00:00,15.34,OK,0.19,BDL,null,OS,null,OS,0.07,OK,10.53,OK,null,OS
2023-08-22 03:00:00,13.81,OK,0.16,BDL,null,OS,null,OS,0.08,OK,5.84,OK,null,OS
2023-08-22 04:00:00,10.34,OK,0.22,BDL,null,OS,null,OS,0.09,OK,11.74,OK,null,OS
2023-08-22 05:00:00,4.75,OK,0.24,BDL,null,OS,null,OS,0.24,OK,11.73,OK,null,OS
2023-08-22 06:00:00,6.77,OK,0.28,BDL,null,OS,null,OS,0.37,OK,26.23,OK,null,OS
2023-08-22 07:00:00,24.7,OK,0.24,BDL,null,OS,null,OS,0.12,OK,16.91,OK,null,OS
2023-08-22 08:00:00,31.45,OK,0.22,BDL,null,OS,null,OS,0.12,OK,9.66,OK,null,OS
2023-08-22 09:00:00,42.12,OK,0.15,BDL,null,OS,null,OS,0.1,OK,19.15,OK,null,OS
2023-08-22 10:00:00,50.33,OK,0.21,BDL,null,OS,null,OS,0.11,OK,8.53,OK,null,OS
2023-08-22 11:00:00,59.98,OK,0.2,BDL,null,OS,null,OS,0.13,OK,14.04,OK,null,OS
2023-08-22 12:00:00,60.5,OK,0.25,BDL,null,OS,null,OS,0.15,OK,14.29,OK,null,OS
2023-08-22 13:00:00,64.54,OK,0.25,BDL,null,OS,null,OS,0.2,OK,14.0,OK,null,OS
2023-08-22 14:00:00,65.38,OK,0.16,BDL,null,OS,null,OS,0.23,OK,19.22,OK,null,OS
2023-08-22 15:00:00,56.72,OK,0.22,BDL,null,OS,null,OS,0.24,OK,25.03,OK,null,OS
2023-08-22 16:00:00,48.86,OK,0.26,BDL,null,OS,null,OS,0.26,OK,28.43,OK,null,OS
2023-08-22 17:00:00,36.32,OK,0.27,BDL,null,OS,null,OS,0.28,OK,24.17,OK,null,OS
2023-08-22 18:00:00,17.19,OK,0.27,BDL,null,OS,null,OS,0.35,OK,28.61,OK,null,OS
2023-08-22 19:00:00,24.48,OK,0.23,BDL,null,OS,null,OS,0.15,OK,17.87,OK,null,OS
2023-08-22 20:00:00,17.94,OK,0.29,BDL,null,OS,null,OS,0.24,OK,17.81,OK,null,OS
2023-08-22 21:00:00,20.79,OK,0.3,BDL,null,OS,null,OS,0.12,OK,16.65,OK,null,OS
2023-08-22 22:00:00,19.77,OK,0.26,BDL,null,OS,null,OS,0.08,OK,18.95,OK,null,OS
2023-08-22 23:00:00,24.86,OK,0.24,BDL,null,OS,null,OS,0.02,BDL,14.54,OK,null,OS
2023-08-23 00:00:00,24.42,OK,0.24,BDL,null,OS,null,OS,0.02,BDL,2.18,BDL,null,OS
2023-08-23 01:00:00,27.0,OK,0.19,BDL,null,OS,null,OS,0.08,OK,9.01,OK,null,OS
2023-08-23 02:00:00,31.47,OK,0.2,BDL,null,OS,null,OS,0.08,OK,16.26,OK,null,OS
2023-08-23 03:00:00,30.87,OK,0.2,BDL,null,OS,null,OS,0.08,OK,7.76,OK,null,OS
2023-08-23 04:00:00,23.77,OK,0.23,BDL,null,OS,null,OS,0.11,OK,11.91,OK,null,OS
2023-08-23 05:00:00,22.51,OK,0.19,BDL,null,OS,null,OS,0.16,OK,28.3,OK,null,OS
2023-08-23 06:00:00,21.83,OK,0.26,BDL,null,OS,null,OS,0.25,OK,19.34,OK,null,OS
2023-08-23 07:00:00,32.16,OK,0.2,BDL,null,OS,null,OS,0.21,OK,27.5,OK,null,OS
2023-08-23 08:00:00,39.75,OK,0.22,BDL,null,OS,null,OS,0.17,OK,19.6,OK,null,OS
2023-08-23 09:00:00,48.12,OK,0.25,BDL,null,OS,null,OS,0.13,OK,26.47,OK,null,OS
2023-08-23 10:00:00,56.37,OK,0.23,BDL,null,OS,null,OS,0.16,OK,15.72,OK,null,OS
2023-08-23 11:00:00,65.77,OK,0.27,BDL,null,OS,null,OS,0.15,OK,14.94,OK,null,OS
2023-08-23 12:00:00,64.79,OK,0.26,BDL,null,OS,null,OS,0.25,OK,17.04,OK,null,OS
2023-08-23 13:00:00,65.68,OK,0.26,BDL,null,OS,null,OS,0.24,OK,19.12,OK,null,OS
2023-08-23 14:00:00,59.95,OK,0.28,BDL,null,OS,null,OS,0.21,OK,21.04,OK,null,OS
2023-08-23 15:00:00,57.0,OK,0.25,BDL,null,OS,null,OS,0.19,OK,17.92,OK,null,OS
2023-08-23 16:00:00,43.63,OK,0.25,BDL,null,OS,null,OS,0.22,OK,27.81,OK,null,OS
2023-08-23 17:00:00,36.03,OK,0.2,BDL,null,OS,null,OS,0.22,OK,22.84,OK,null,OS
2023-08-23 18:00:00,43.41,OK,0.24,BDL,null,OS,null,OS,0.21,OK,22.64,OK,null,OS
2023-08-23 19:00:00,42.92,OK,0.21,BDL,null,OS,null,OS,0.18,OK,27.45,OK,null,OS
2023-08-23 20:00:00,33.92,OK,0.4,BDL,null,OS,null,OS,0.26,OK,25.97,OK,null,OS
2023-08-23 21:00:00,37.29,OK,0.23,BDL,null,OS,null,OS,0.17,OK,20.81,OK,null,OS
2023-08-23 22:00:00,42.41,OK,0.18,BDL,null,OS,null,OS,0.11,OK,13.24,OK,null,OS
2023-08-23 23:00:00,45.14,OK,0.24,BDL,null,OS,null,OS,0.08,OK,8.72,OK,null,OS
2023-08-24 00:00:00,44.28,OK,0.18,BDL,null,OS,null,OS,0.08,OK,8.15,OK,null,OS
2023-08-24 01:00:00,31.48,OK,0.26,BDL,null,OS,null,OS,0.1,OK,8.94,OK,null,OS
2023-08-24 02:00:00,16.76,OK,0.21,BDL,null,OS,null,OS,0.17,OK,16.53,OK,null,OS
2023-08-24 03:00:00,16.82,OK,0.24,BDL,null,OS,null,OS,0.12,OK,10.24,OK,null,OS
2023-08-24 04:00:00,20.59,OK,0.25,BDL,null,OS,null,OS,0.11,OK,16.92,OK,null,OS
2023-08-24 05:00:00,13.59,OK,0.26,BDL,null,OS,null,OS,0.24,OK,21.16,OK,null,OS
2023-08-24 06:00:00,17.1,OK,0.27,BDL,null,OS,null,OS,0.4,OK,27.89,OK,null,OS
2023-08-24 07:00:00,32.83,OK,0.2,BDL,null,OS,null,OS,0.24,OK,31.05,OK,null,OS
2023-08-24 08:00:00,41.59,OK,0.3,BDL,null,OS,null,OS,0.2,OK,24.47,OK,null,OS
2023-08-24 09:00:00,58.96,OK,0.23,BDL,null,OS,null,OS,0.19,OK,19.97,OK,null,OS
2023-08-24 10:00:00,69.9,OK,0.29,BDL,null,OS,null,OS,0.18,OK,21.6,OK,null,OS
2023-08-24 11:00:00,68.6,OK,0.24,BDL,null,OS,null,OS,0.19,OK,17.38,OK,null,OS
2023-08-24 12:00:00,69.06,OK,0.23,BDL,null,OS,null,OS,0.18,OK,16.9,OK,null,OS
2023-08-24 13:00:00,70.03,OK,0.26,BDL,null,OS,null,OS,0.23,OK,19.72,OK,null,OS
2023-08-24 14:00:00,63.62,OK,0.28,BDL,null,OS,null,OS,0.22,OK,14.09,OK,null,OS
2023-08-24 15:00:00,51.94,OK,0.27,BDL,null,OS,null,OS,0.17,OK,3.32,BDL,null,OS
2023-08-24 16:00:00,45.13,OK,0.26,BDL,null,OS,null,OS,0.22,OK,11.19,OK,null,OS
2023-08-24 17:00:00,40.43,OK,0.23,BDL,null,OS,null,OS,0.24,OK,14.64,OK,null,OS
2023-08-24 18:00:00,32.74,OK,0.26,BDL,null,OS,null,OS,0.26,OK,28.77,OK,null,OS
2023-08-24 19:00:00,26.33,OK,0.3,BDL,null,OS,null,OS,0.22,OK,26.12,OK,null,OS
2023-08-24 20:00:00,29.42,OK,0.23,BDL,null,OS,null,OS,0.15,OK,23.95,OK,null,OS
2023-08-24 21:00:00,24.19,OK,0.3,BDL,null,OS,null,OS,0.19,OK,26.94,OK,null,OS
2023-08-24 22:00:00,22.97,OK,0.24,BDL,null,OS,null,OS,0.19,OK,22.76,OK,null,OS
2023-08-24 23:00:00,26.17,OK,0.24,BDL,null,OS,null,OS,0.07,OK,22.42,OK,null,OS
2023-08-25 00:00:00,25.01,OK,0.26,BDL,null,OS,null,OS,0.06,OK,17.6,OK,null,OS
2023-08-25 01:00:00,26.23,OK,0.24,BDL,null,OS,null,OS,0.05,OK,19.03,OK,null,OS
2023-08-25 02:00:00,20.29,OK,0.24,BDL,null,OS,null,OS,0.09,OK,13.82,OK,null,OS
2023-08-25 03:00:00,7.97,OK,0.25,BDL,null,OS,null,OS,0.13,OK,29.15,OK,null,OS
2023-08-25 04:00:00,3.66,OK,0.29,BDL,null,OS,null,OS,0.21,OK,27.63,OK,null,OS
2023-08-25 05:00:00,3.44,OK,0.36,BDL,null,OS,null,OS,0.3,OK,46.2,OK,null,OS
2023-08-25 06:00:00,14.91,OK,0.37,BDL,null,OS,null,OS,0.29,OK,39.76,OK,null,OS
2023-08-25 07:00:00,27.1,OK,0.28,BDL,null,OS,null,OS,0.22,OK,37.39,OK,null,OS
2023-08-25 08:00:00,43.42,OK,0.3,BDL,null,OS,null,OS,0.13,OK,25.94,OK,null,OS
2023-08-25 09:00:00,53.15,OK,0.26,BDL,null,OS,null,OS,0.13,OK,20.72,OK,null,OS
2023-08-25 10:00:00,61.78,OK,0.33,BDL,null,OS,null,OS,0.19,OK,24.0,OK,null,OS
2023-08-25 11:00:00,81.09,OK,0.27,BDL,null,OS,null,OS,0.19,OK,23.64,OK,null,OS
2023-08-25 12:00:00,74.65,OK,0.35,BDL,null,OS,null,OS,0.24,OK,30.59,OK,null,OS
2023-08-25 13:00:00,55.02,OK,0.42,BDL,null,OS,null,OS,0.21,OK,19.7,OK,null,OS
2023-08-25 14:00:00,48.24,OK,0.35,BDL,null,OS,null,OS,0.19,OK,15.44,OK,null,OS
2023-08-25 15:00:00,46.81,OK,0.32,BDL,null,OS,null,OS,0.17,OK,22.16,OK,null,OS
2023-08-25 16:00:00,42.19,OK,0.32,BDL,null,OS,null,OS,0.18,OK,28.7,OK,null,OS
2023-08-25 17:00:00,35.06,OK,0.27,BDL,null,OS,null,OS,0.17,OK,44.58,OK,null,OS
2023-08-25 18:00:00,28.01,OK,0.31,BDL,null,OS,null,OS,0.17,OK,29.91,OK,null,OS
2023-08-25 19:00:00,26.96,OK,0.28,BDL,null,OS,null,OS,0.13,OK,25.81,OK,null,OS
2023-08-25 20:00:00,25.66,OK,0.26,BDL,null,OS,null,OS,0.15,OK,28.66,OK,null,OS
2023-08-25 21:00:00,21.09,OK,0.28,BDL,null,OS,null,OS,0.16,OK,23.18,OK,null,OS
2023-08-25 22:00:00,23.48,OK,0.3,BDL,null,OS,null,OS,0.13,OK,27.24,OK,null,OS
2023-08-25 23:00:00,34.21,OK,0.25,BDL,null,OS,null,OS,0.13,OK,22.37,OK,null,OS
2023-08-26 00:00:00,36.92,OK,0.25,BDL,null,OS,null,OS,0.09,OK,19.76,OK,null,OS
2023-08-26 01:00:00,32.7,OK,0.32,BDL,null,OS,null,OS,0.08,OK,16.84,OK,null,OS
2023-08-26 02:00:00,26.61,OK,0.32,BDL,null,OS,null,OS,0.12,OK,19.8,OK,null,OS
2023-08-26 03:00:00,29.73,OK,0.33,BDL,null,OS,null,OS,0.04,OK,17.25,OK,null,OS
2023-08-26 04:00:00,26.41,OK,0.27,BDL,null,OS,null,OS,0.07,OK,10.53,OK,null,OS
2023-08-26 05:00:00,10.05,OK,0.24,BDL,null,OS,null,OS,0.19,OK,22.9,OK,null,OS
2023-08-26 06:00:00,19.11,OK,0.28,BDL,null,OS,null,OS,0.2,OK,23.97,OK,null,OS
2023-08-26 07:00:00,30.74,OK,0.28,BDL,null,OS,null,OS,0.2,OK,33.96,OK,null,OS
2023-08-26 08:00:00,39.19,OK,0.26,BDL,null,OS,null,OS,0.16,OK,25.26,OK,null,OS
2023-08-26 09:00:00,43.14,OK,0.31,BDL,null,OS,null,OS,0.15,OK,19.55,OK,null,OS
2023-08-26 10:00:00,52.28,OK,0.25,BDL,null,OS,null,OS,0.13,OK,14.48,OK,null,OS
2023-08-26 11:00:00,58.78,OK,0.26,BDL,null,OS,null,OS,0.18,OK,19.37,OK,null,OS
2023-08-26 12:00:00,65.14,OK,0.19,BDL,null,OS,null,OS,0.18,OK,20.35,OK,null,OS
2023-08-26 13:00:00,62.72,OK,0.27,BDL,null,OS,null,OS,0.19,OK,22.29,OK,null,OS
2023-08-26 14:00:00,59.58,OK,0.27,BDL,null,OS,null,OS,0.16,OK,23.68,OK,null,OS
2023-08-26 15:00:00,58.69,OK,0.18,BDL,null,OS,null,OS,0.13,OK,5.89,OK,null,OS
2023-08-26 16:00:00,43.76,OK,0.34,BDL,null,OS,null,OS,0.15,OK,24.41,OK,null,OS
2023-08-26 17:00:00,31.5,OK,0.36,BDL,null,OS,null,OS,0.17,OK,30.79,OK,null,OS
2023-08-26 18:00:00,28.04,OK,0.3,BDL,null,OS,null,OS,0.22,OK,24.65,OK,null,OS
2023-08-26 19:00:00,24.37,OK,0.31,BDL,null,OS,null,OS,0.27,OK,23.87,OK,null,OS
2023-08-26 20:00:00,27.72,OK,0.28,BDL,null,OS,null,OS,0.14,OK,21.26,OK,null,OS
2023-08-26 21:00:00,22.03,OK,0.29,BDL,null,OS,null,OS,0.2,OK,23.5,OK,null,OS
2023-08-26 22:00:00,21.5,OK,0.31,BDL,null,OS,null,OS,0.15,OK,27.03,OK,null,OS
2023-08-26 23:00:00,23.0,OK,0.33,BDL,null,OS,null,OS,0.16,OK,34.69,OK,null,OS
2023-08-27 00:00:00,22.17,OK,0.24,BDL,null,OS,null,OS,0.12,OK,29.48,OK,null,OS
2023-08-27 01:00:00,23.71,OK,0.28,BDL,null,OS,null,OS,0.07,OK,19.95,OK,null,OS
2023-08-27 02:00:00,15.34,OK,0.26,BDL,null,OS,null,OS,0.13,OK,26.57,OK,null,OS
2023-08-27 03:00:00,14.37,OK,0.28,BDL,null,OS,null,OS,0.12,OK,24.36,OK,null,OS
2023-08-27 04:00:00,11.69,OK,0.22,BDL,null,OS,null,OS,0.12,OK,28.86,OK,null,OS
2023-08-27 05:00:00,15.26,OK,0.24,BDL,null,OS,null,OS,0.12,OK,53.32,OK,null,OS
2023-08-27 06:00:00,23.47,OK,0.25,BDL,null,OS,null,OS,0.11,OK,15.86,OK,null,OS
2023-08-27 07:00:00,22.74,OK,0.2,BDL,null,OS,null,OS,0.11,OK,20.46,OK,null,OS
2023-08-27 08:00:00,37.72,OK,0.22,BDL,null,OS,null,OS,0.1,OK,22.6,OK,null,OS
2023-08-27 09:00:00,45.86,OK,0.2,BDL,null,OS,null,OS,0.12,OK,22.58,OK,null,OS
2023-08-27 10:00:00,52.51,OK,0.21,BDL,null,OS,null,OS,0.14,OK,21.27,OK,null,OS
2023-08-27 11:00:00,54.84,OK,0.23,BDL,null,OS,null,OS,0.15,OK,15.13,OK,null,OS
2023-08-27 12:00:00,50.48,OK,0.23,BDL,null,OS,null,OS,0.14,OK,16.39,OK,null,OS
2023-08-27 13:00:00,52.74,OK,0.26,BDL,null,OS,null,OS,0.12,OK,10.72,OK,null,OS
2023-08-27 14:00:00,52.38,OK,0.26,BDL,null,OS,null,OS,0.1,OK,13.46,OK,null,OS
2023-08-27 15:00:00,44.48,OK,0.25,BDL,null,OS,null,OS,0.14,OK,18.32,OK,null,OS
2023-08-27 16:00:00,35.96,OK,0.32,BDL,null,OS,null,OS,0.15,OK,29.59,OK,null,OS
2023-08-27 17:00:00,35.11,OK,0.23,BDL,null,OS,null,OS,0.13,OK,16.67,OK,null,OS
2023-08-27 18:00:00,29.27,OK,0.27,BDL,null,OS,null,OS,0.16,OK,23.55,OK,null,OS
2023-08-27 19:00:00,25.18,OK,0.33,BDL,null,OS,null,OS,0.16,OK,23.62,OK,null,OS
2023-08-27 20:00:00,21.3,OK,0.35,BDL,null,OS,null,OS,0.18,OK,23.5,OK,null,OS
2023-08-27 21:00:00,20.25,OK,0.4,BDL,null,OS,null,OS,0.19,OK,30.59,OK,null,OS
2023-08-27 22:00:00,23.02,OK,0.43,BDL,null,OS,null,OS,0.12,OK,27.02,OK,null,OS
2023-08-27 23:00:00,24.29,OK,0.34,BDL,null,OS,null,OS,0.08,OK,22.19,OK,null,OS
2023-08-28 00:00:00,24.92,OK,0.29,BDL,null,OS,null,OS,0.08,OK,14.06,OK,null,OS
2023-08-28 01:00:00,23.19,OK,0.28,BDL,null,OS,null,OS,0.07,OK,18.19,OK,null,OS
2023-08-28 02:00:00,22.72,OK,0.21,BDL,null,OS,null,OS,0.08,OK,12.64,OK,null,OS
2023-08-28 03:00:00,23.13,OK,0.19,BDL,null,OS,null,OS,0.08,OK,13.47,OK,null,OS
2023-08-28 04:00:00,21.75,OK,0.18,BDL,null,OS,null,OS,0.11,OK,13.21,OK,null,OS
2023-08-28 05:00:00,7.26,OK,0.3,BDL,null,OS,null,OS,0.21,OK,28.69,OK,null,OS
2023-08-28 06:00:00,11.78,OK,0.26,BDL,null,OS,null,OS,0.27,OK,34.3,OK,null,OS
2023-08-28 07:00:00,20.9,OK,0.25,BDL,null,OS,null,OS,0.18,OK,37.91,OK,null,OS
2023-08-28 08:00:00,29.5,OK,0.22,BDL,null,OS,null,OS,0.17,OK,28.14,OK,null,OS
2023-08-28 09:00:00,33.49,OK,0.26,BDL,null,OS,null,OS,0.22,OK,30.9,OK,null,OS
2023-08-28 10:00:00,44.86,OK,0.28,BDL,null,OS,null,OS,0.2,OK,33.11,OK,null,OS
2023-08-28 11:00:00,50.39,OK,0.19,BDL,null,OS,null,OS,0.21,OK,18.67,OK,null,OS
2023-08-28 12:00:00,52.27,OK,0.32,BDL,null,OS,null,OS,0.21,OK,22.39,OK,null,OS
2023-08-28 13:00:00,54.07,OK,0.29,BDL,null,OS,null,OS,0.19,OK,23.42,OK,null,OS
2023-08-28 14:00:00,52.74,OK,0.3,BDL,null,OS,null,OS,0.15,OK,18.82,OK,null,OS
2023-08-28 15:00:00,38.11,OK,0.28,BDL,null,OS,null,OS,0.18,OK,32.95,OK,null,OS
2023-08-28 16:00:00,32.22,OK,0.26,BDL,null,OS,null,OS,0.2,OK,41.93,OK,null,OS
2023-08-28 17:00:00,27.73,OK,0.29,BDL,null,OS,null,OS,0.21,OK,28.65,OK,null,OS
2023-08-28 18:00:00,26.5,OK,0.36,BDL,null,OS,null,OS,0.26,OK,33.4,OK,null,OS
2023-08-28 19:00:00,45.52,OK,0.23,BDL,null,OS,null,OS,0.11,OK,290.04,OK,null,OS
2023-08-28 20:00:00,43.18,OK,0.25,BDL,null,OS,null,OS,0.09,OK,18.3,OK,null,OS
2023-08-28 21:00:00,37.96,OK,0.21,BDL,null,OS,null,OS,0.08,OK,9.09,OK,null,OS
2023-08-28 22:00:00,37.16,OK,0.23,BDL,null,OS,null,OS,0.07,OK,6.19,OK,null,OS
2023-08-28 23:00:00,41.25,OK,0.16,BDL,null,OS,null,OS,0.05,OK,6.97,OK,null,OS
2023-08-29 00:00:00,38.13,OK,0.17,BDL,null,OS,null,OS,0.06,OK,4.32,OK,null,OS
2023-08-29 01:00:00,30.53,OK,0.22,BDL,null,OS,null,OS,0.07,OK,13.71,OK,null,OS
2023-08-29 02:00:00,25.23,OK,0.18,BDL,null,OS,null,OS,0.08,OK,6.03,OK,null,OS
2023-08-29 03:00:00,21.28,OK,0.2,BDL,null,OS,null,OS,0.08,OK,11.35,OK,null,OS
2023-08-29 04:00:00,21.84,OK,0.22,BDL,null,OS,null,OS,0.11,OK,13.53,OK,null,OS
2023-08-29 05:00:00,12.94,OK,0.2,BDL,null,OS,null,OS,0.24,OK,19.75,OK,null,OS
2023-08-29 06:00:00,12.17,OK,0.19,BDL,null,OS,null,OS,0.29,OK,24.16,OK,null,OS
2023-08-29 07:00:00,22.64,OK,0.24,BDL,null,OS,null,OS,0.19,OK,22.32,OK,null,OS
2023-08-29 08:00:00,25.26,OK,0.2,BDL,null,OS,null,OS,0.16,OK,19.34,OK,null,OS
2023-08-29 09:00:00,38.97,OK,0.2,BDL,null,OS,null,OS,0.18,OK,22.09,OK,null,OS
2023-08-29 10:00:00,50.28,OK,0.17,BDL,null,OS,null,OS,0.14,OK,26.07,OK,null,OS
2023-08-29 11:00:00,55.96,OK,0.12,BDL,null,OS,null,OS,0.14,OK,12.65,OK,null,OS
2023-08-29 12:00:00,58.75,OK,0.21,BDL,null,OS,null,OS,0.1,OK,7.05,OK,null,OS
2023-08-29 13:00:00,61.11,OK,0.17,BDL,null,OS,null,OS,0.07,OK,8.73,OK,null,OS
2023-08-29 14:00:00,58.59,OK,0.25,BDL,null,OS,null,OS,0.07,OK,8.42,OK,null,OS
2023-08-29 15:00:00,56.94,OK,0.27,BDL,null,OS,null,OS,0.12,OK,12.51,OK,null,OS
2023-08-29 16:00:00,31.04,OK,0.19,BDL,null,OS,null,OS,0.23,OK,38.09,OK,null,OS
2023-08-29 17:00:00,26.45,OK,0.2,BDL,null,OS,null,OS,0.29,OK,31.28,OK,null,OS
2023-08-29 18:00:00,23.62,OK,0.2,BDL,null,OS,null,OS,0.28,OK,29.11,OK,null,OS
2023-08-29 19:00:00,22.59,OK,0.25,BDL,null,OS,null,OS,0.22,OK,31.63,OK,null,OS
2023-08-29 20:00:00,22.16,OK,0.21,BDL,null,OS,null,OS,0.21,OK,30.52,OK,null,OS
2023-08-29 21:00:00,25.5,OK,0.18,BDL,null,OS,null,OS,0.18,OK,24.4,OK,null,OS
2023-08-29 22:00:00,37.16,OK,0.21,BDL,null,OS,null,OS,0.1,OK,13.62,OK,null,OS
2023-08-29 23:00:00,36.32,OK,0.19,BDL,null,OS,null,OS,0.08,OK,13.06,OK,null,OS
2023-08-30 00:00:00,41.73,OK,0.18,BDL,null,OS,null,OS,0.05,OK,9.42,OK,null,OS
2023-08-30 01:00:00,23.67,OK,0.16,BDL,null,OS,null,OS,0.07,OK,3.78,BDL,null,OS
2023-08-30 02:00:00,19.74,OK,0.26,BDL,null,OS,null,OS,0.07,OK,11.6,OK,null,OS
2023-08-30 03:00:00,20.64,OK,0.21,BDL,null,OS,null,OS,0.05,OK,14.59,OK,null,OS
2023-08-30 04:00:00,25.1,OK,0.16,BDL,null,OS,null,OS,0.06,OK,16.05,OK,null,OS
2023-08-30 05:00:00,18.02,OK,0.18,BDL,null,OS,null,OS,0.14,OK,9.0,OK,null,OS
2023-08-30 06:00:00,24.08,OK,0.21,BDL,null,OS,null,OS,0.16,OK,14.46,OK,null,OS
2023-08-30 07:00:00,29.24,OK,0.24,BDL,null,OS,null,OS,0.21,OK,6.76,OK,null,OS
2023-08-30 08:00:00,37.32,OK,0.22,BDL,null,OS,null,OS,0.19,OK,16.91,OK,null,OS
2023-08-30 09:00:00,55.57,OK,0.23,BDL,null,OS,null,OS,0.22,OK,20.89,OK,null,OS
2023-08-30 10:00:00,72.78,OK,0.18,BDL,null,OS,null,OS,0.29,OK,26.85,OK,null,OS
2023-08-30 11:00:00,82.46,OK,0.24,BDL,null,OS,null,OS,0.24,OK,25.9,OK,null,OS
2023-08-30 12:00:00,80.94,OK,0.16,BDL,null,OS,null,OS,0.29,OK,25.62,OK,null,OS
2023-08-30 13:00:00,72.86,OK,0.29,BDL,null,OS,null,OS,0.28,OK,23.67,OK,null,OS
2023-08-30 14:00:00,70.26,OK,0.23,BDL,null,OS,null,OS,0.28,OK,16.99,OK,null,OS
2023-08-30 15:00:00,58.42,OK,0.24,BDL,null,OS,null,OS,0.24,OK,20.04,OK,null,OS
2023-08-30 16:00:00,54.26,OK,0.18,BDL,null,OS,null,OS,0.25,OK,27.61,OK,null,OS
2023-08-30 17:00:00,45.02,OK,0.18,BDL,null,OS,null,OS,0.21,OK,31.12,OK,null,OS
2023-08-30 18:00:00,37.9,OK,0.19,BDL,null,OS,null,OS,0.2,OK,21.51,OK,null,OS
2023-08-30 19:00:00,32.96,OK,0.24,BDL,null,OS,null,OS,0.23,OK,24.08,OK,null,OS
2023-08-30 20:00:00,34.18,OK,0.23,BDL,null,OS,null,OS,0.14,OK,23.18,OK,null,OS
2023-08-30 21:00:00,30.12,OK,0.2,BDL,null,OS,null,OS,0.12,OK,23.51,OK,null,OS
2023-08-30 22:00:00,32.3,OK,0.2,BDL,null,OS,null,OS,0.11,OK,24.77,OK,null,OS
2023-08-30 23:00:00,34.81,OK,0.23,BDL,null,OS,null,OS,0.09,OK,13.95,OK,null,OS
2023-08-31 00:00:00,37.05,OK,0.19,BDL,null,OS,null,OS,0.06,OK,13.38,OK,null,OS
2023-08-31 01:00:00,40.75,OK,0.16,BDL,null,OS,null,OS,0.04,OK,14.0,OK,null,OS
