Red Universitaria de Observatorios Atmosfericos (RUOA)
Atmospheric Observatory Hermosillo (erno), Sonora
Lat 29.0814 N, Lon 110.9706 W, Alt 154 masl
Time UTC-7h
Air Quality data
Flags: OK = Reliable data, BDL = Below Detection Limit, OR = Out of Range, OS = Out of Service 
 
Time,O3,O3_flag,SO2,SO2_flag,NO2,NO2_flag,NO,NO_flag,CO,CO_flag,PM10,PM10_flag,PM2.5,PM2.5_flag
yyyy-mm-dd HH:MM:SS,ppb,flag,ppb,flag,ppb,flag,ppb,flag,ppm,flag,ug/m^3,flag,ug/m^3,flag
2023-03-01 00:00:00,29.52,OK,-0.35,BDL,null,OS,null,OS,2.12,OK,11.4,OK,null,OS
2023-03-01 01:00:00,29.67,OK,-0.3,BDL,null,OS,null,OS,2.11,OK,9.48,OK,null,OS
2023-03-01 02:00:00,24.8,OK,-0.27,BDL,null,OS,null,OS,2.13,OK,8.3,OK,null,OS
2023-03-01 03:00:00,23.57,OK,-0.29,BDL,null,OS,null,OS,2.13,OK,12.36,OK,null,OS
2023-03-01 04:00:00,18.88,OK,-0.35,BDL,null,OS,null,OS,2.16,OK,11.95,OK,null,OS
2023-03-01 05:00:00,11.46,OK,-0.3,BDL,null,OS,null,OS,2.3,OK,15.88,OK,null,OS
2023-03-01 06:00:00,7.16,OK,-0.17,BDL,null,OS,null,OS,2.69,OK,44.73,OK,null,OS
2023-03-01 07:00:00,12.41,OK,-0.14,BDL,null,OS,null,OS,2.67,OK,57.07,OK,null,OS
2023-03-01 08:00:00,16.46,OK,-0.11,BDL,null,OS,null,OS,2.62,OK,68.15,OK,null,OS
2023-03-01 09:00:00,20.0,OK,-0.15,BDL,null,OS,null,OS,2.44,OK,65.76,OK,null,OS
2023-03-01 10:00:00,30.56,OK,-0.12,BDL,null,OS,null,OS,2.4,OK,59.54,OK,null,OS
2023-03-01 11:00:00,37.07,OK,-0.15,BDL,null,OS,null,OS,2.28,OK,50.39,OK,null,OS
2023-03-01 12:00:00,36.45,OK,-0.29,BDL,null,OS,null,OS,2.31,OK,30.23,OK,null,OS
2023-03-01 13:00:00,36.38,OK,-0.3,BDL,null,OS,null,OS,2.32,OK,23.19,OK,null,OS
2023-03-01 14:00:00,41.92,OK,-0.3,BDL,null,OS,null,OS,2.25,OK,38.83,OK,null,OS
2023-03-01 15:00:00,42.74,OK,-0.29,BDL,null,OS,null,OS,2.24,OK,40.19,OK,null,OS
2023-03-01 16:00:00,38.45,OK,-0.37,BDL,null,OS,null,OS,2.26,OK,43.76,OK,null,OS
2023-03-01 17:00:00,32.32,OK,-0.26,BDL,null,OS,null,OS,2.34,OK,40.66,OK,null,OS
2023-03-01 18:00:00,29.01,OK,-0.24,BDL,null,OS,null,OS,2.35,OK,31.49,OK,null,OS
2023-03-01 19:00:00,28.63,OK,-0.28,BDL,null,OS,null,OS,2.3,OK,32.36,OK,null,OS
2023-03-01 20:00:00,36.69,OK,-0.32,BDL,null,OS,null,OS,2.18,OK,21.08,OK,null,OS
2023-03-01 21:00:00,38.89,OK,-0.35,BDL,null,OS,null,OS,2.17,OK,11.55,OK,null,OS
2023-03-01 22:00:00,38.38,OK,-0.38,BDL,null,OS,null,OS,2.16,OK,9.74,OK,null,OS
2023-03-01 23:00:00,35.83,OK,-0.38,BDL,null,OS,null,OS,2.17,OK,5.97,OK,null,OS
2023-03-02 00:00:00,39.2,OK,-0.37,BDL,null,OS,null,OS,2.15,OK,16.97,OK,null,OS
2023-03-02 01:00:00,39.45,OK,-0.36,BDL,null,OS,null,OS,2.16,OK,22.43,OK,null,OS
2023-03-02 02:00:00,43.45,OK,-0.43,BDL,null,OS,null,OS,2.18,OK,-9.57,OR,null,OS
2023-03-02 03:00:00,42.43,OK,-0.43,BDL,null,OS,null,OS,2.18,OK,-22.02,OR,null,OS
2023-03-02 04:00:00,38.17,OK,-0.41,BDL,null,OS,null,OS,2.21,OK,-7.74,OR,null,OS
2023-03-02 05:00:00,25.92,OK,-0.39,BDL,null,OS,null,OS,2.41,OK,-13.17,OR,null,OS
2023-03-02 06:00:00,13.99,OK,-0.29,BDL,null,OS,null,OS,2.73,OK,-10.22,OR,null,OS
2023-03-02 07:00:00,23.34,OK,-0.33,BDL,null,OS,null,OS,2.57,OK,10.4,OK,null,OS
2023-03-02 08:00:00,37.99,OK,-0.34,BDL,null,OS,null,OS,2.36,OK,56.95,OK,null,OS
2023-03-02 09:00:00,42.5,OK,-0.3,BDL,null,OS,null,OS,2.24,OK,62.25,OK,null,OS
2023-03-02 10:00:00,45.97,OK,-0.32,BDL,null,OS,null,OS,2.16,OK,40.95,OK,null,OS
2023-03-02 11:00:00,46.78,OK,-0.34,BDL,null,OS,null,OS,2.18,OK,14.88,OK,null,OS
2023-03-02 12:00:00,40.76,OK,-0.28,BDL,null,OS,null,OS,2.33,OK,24.85,OK,null,OS
2023-03-02 13:00:00,42.81,OK,-0.32,BDL,null,OS,null,OS,2.29,OK,20.64,OK,null,OS
2023-03-02 14:00:00,43.61,OK,-0.28,BDL,null,OS,null,OS,2.26,OK,21.64,OK,null,OS
2023-03-02 15:00:00,41.8,OK,-0.28,BDL,null,OS,null,OS,2.29,OK,18.78,OK,null,OS
2023-03-02 16:00:00,39.93,OK,-0.28,BDL,null,OS,null,OS,2.28,OK,17.27,OK,null,OS
2023-03-02 17:00:00,29.11,OK,-0.25,BDL,null,OS,null,OS,2.48,OK,34.77,OK,null,OS
2023-03-02 18:00:00,15.74,OK,-0.18,BDL,null,OS,null,OS,2.7,OK,31.23,OK,null,OS
2023-03-02 19:00:00,33.3,OK,-0.34,BDL,null,OS,null,OS,2.29,OK,32.21,OK,null,OS
2023-03-02 20:00:00,38.43,OK,-0.4,BDL,null,OS,null,OS,2.21,OK,9.31,OK,null,OS
2023-03-02 21:00:00,35.83,OK,-0.36,BDL,null,OS,null,OS,2.22,OK,1.11,BDL,null,OS
2023-03-02 22:00:00,33.39,OK,-0.41,BDL,null,OS,null,OS,2.25,OK,3.31,BDL,null,OS
2023-03-02 23:00:00,24.81,OK,-0.4,BDL,null,OS,null,OS,2.32,OK,14.08,OK,null,OS
2023-03-03 00:00:00,26.83,OK,-0.47,BDL,null,OS,null,OS,2.28,OK,4.03,OK,null,OS
2023-03-03 01:00:00,45.53,OK,-0.41,BDL,null,OS,null,OS,2.18,OK,0.73,BDL,null,OS
2023-03-03 02:00:00,45.85,OK,-0.43,BDL,null,OS,null,OS,2.18,OK,1.17,BDL,null,OS
2023-03-03 03:00:00,43.09,OK,-0.44,BDL,null,OS,null,OS,2.18,OK,13.68,OK,null,OS
2023-03-03 04:00:00,37.48,OK,-0.49,BDL,null,OS,null,OS,2.21,OK,6.83,OK,null,OS
2023-03-03 05:00:00,29.41,OK,-0.44,BDL,null,OS,null,OS,2.32,OK,6.16,OK,null,OS
2023-03-03 06:00:00,8.52,OK,-0.26,BDL,null,OS,null,OS,2.73,OK,29.36,OK,null,OS
2023-03-03 07:00:00,26.22,OK,-0.25,BDL,null,OS,null,OS,2.45,OK,51.82,OK,null,OS
2023-03-03 08:00:00,34.79,OK,-0.31,BDL,null,OS,null,OS,2.35,OK,43.04,OK,null,OS
2023-03-03 09:00:00,33.56,OK,-0.25,BDL,null,OS,null,OS,2.41,OK,62.85,OK,null,OS
2023-03-03 10:00:00,40.77,OK,-0.26,BDL,null,OS,null,OS,2.41,OK,47.61,OK,null,OS
2023-03-03 11:00:00,51.56,OK,-0.04,BDL,null,OS,null,OS,2.3,OK,51.91,OK,null,OS
2023-03-03 12:00:00,48.85,OK,-0.17,BDL,null,OS,null,OS,2.31,OK,28.98,OK,null,OS
2023-03-03 13:00:00,46.76,OK,-0.12,BDL,null,OS,null,OS,2.32,OK,12.11,OK,null,OS
2023-03-03 14:00:00,45.97,OK,-0.12,BDL,null,OS,null,OS,2.36,OK,16.2,OK,null,OS
2023-03-03 15:00:00,44.61,OK,-0.21,BDL,null,OS,null,OS,2.35,OK,16.07,OK,null,OS
2023-03-03 16:00:00,40.17,OK,-0.27,BDL,null,OS,null,OS,2.4,OK,16.79,OK,null,OS
2023-03-03 17:00:00,30.4,OK,-0.29,BDL,null,OS,null,OS,2.55,OK,17.92,OK,null,OS
2023-03-03 18:00:00,24.45,OK,-0.21,BDL,null,OS,null,OS,2.49,OK,35.99,OK,null,OS
2023-03-03 19:00:00,19.69,OK,-0.23,BDL,null,OS,null,OS,2.52,OK,44.46,OK,null,OS
2023-03-03 20:00:00,7.1,OK,-0.12,BDL,null,OS,null,OS,2.73,OK,63.79,OK,null,OS
2023-03-03 21:00:00,4.76,OK,-0.28,BDL,null,OS,null,OS,2.7,OK,66.14,OK,null,OS
2023-03-03 22:00:00,0.97,BDL,-0.15,BDL,null,OS,null,OS,3.0,OK,72.87,OK,null,OS
2023-03-03 23:00:00,7.22,OK,-0.33,BDL,null,OS,null,OS,2.53,OK,63.92,OK,null,OS
2023-03-04 00:00:00,15.9,OK,-0.33,BDL,null,OS,null,OS,2.28,OK,21.7,OK,null,OS
2023-03-04 01:00:00,6.02,OK,-0.37,BDL,null,OS,null,OS,2.4,OK,12.57,OK,null,OS
2023-03-04 02:00:00,5.41,OK,-0.33,BDL,null,OS,null,OS,2.49,OK,35.03,OK,null,OS
2023-03-04 03:00:00,21.23,OK,-0.44,BDL,null,OS,null,OS,2.21,OK,13.18,OK,null,OS
2023-03-04 04:00:00,20.23,OK,-0.44,BDL,null,OS,null,OS,2.22,OK,0.58,BDL,null,OS
2023-03-04 05:00:00,11.91,OK,-0.35,BDL,null,OS,null,OS,2.28,OK,4.01,OK,null,OS
2023-03-04 06:00:00,11.63,OK,-0.37,BDL,null,OS,null,OS,2.34,OK,-0.99,BDL,null,OS
2023-03-04 07:00:00,13.45,OK,-0.24,BDL,null,OS,null,OS,2.44,OK,25.44,OK,null,OS
2023-03-04 08:00:00,18.85,OK,-0.09,BDL,null,OS,null,OS,2.55,OK,56.06,OK,null,OS
2023-03-04 09:00:00,26.5,OK,-0.03,BDL,null,OS,null,OS,2.82,OK,130.03,OK,null,OS
2023-03-04 10:00:00,40.18,OK,-0.11,BDL,null,OS,null,OS,2.64,OK,99.31,OK,null,OS
2023-03-04 11:00:00,47.54,OK,-0.13,BDL,null,OS,null,OS,2.48,OK,74.46,OK,null,OS
2023-03-04 12:00:00,48.38,OK,-0.27,BDL,null,OS,null,OS,2.38,OK,43.01,OK,null,OS
2023-03-04 13:00:00,51.03,OK,-0.25,BDL,null,OS,null,OS,2.32,OK,26.74,OK,null,OS
2023-03-04 14:00:00,50.59,OK,-0.26,BDL,null,OS,null,OS,2.28,OK,9.25,OK,null,OS
2023-03-04 15:00:00,50.63,OK,-0.27,BDL,null,OS,null,OS,2.26,OK,12.59,OK,null,OS
2023-03-04 16:00:00,48.1,OK,-0.31,BDL,null,OS,null,OS,2.25,OK,12.21,OK,null,OS
2023-03-04 17:00:00,37.88,OK,-0.18,BDL,null,OS,null,OS,2.34,OK,31.09,OK,null,OS
2023-03-04 18:00:00,31.34,OK,-0.27,BDL,null,OS,null,OS,2.39,OK,23.03,OK,null,OS
2023-03-04 19:00:00,19.49,OK,-0.14,BDL,null,OS,null,OS,2.58,OK,35.43,OK,null,OS
2023-03-04 20:00:00,7.94,OK,-0.04,BDL,null,OS,null,OS,2.73,OK,41.66,OK,null,OS
2023-03-04 21:00:00,1.36,OK,0.54,BDL,null,OS,null,OS,3.71,OK,61.68,OK,null,OS
2023-03-04 22:00:00,1.54,OK,0.68,BDL,null,OS,null,OS,3.98,OK,149.11,OK,null,OS
2023-03-04 23:00:00,1.49,OK,0.4,BDL,null,OS,null,OS,2.86,OK,92.86,OK,null,OS
2023-03-05 00:00:00,5.26,OK,-0.01,BDL,null,OS,null,OS,2.46,OK,41.82,OK,null,OS
2023-03-05 01:00:00,8.67,OK,-0.27,BDL,null,OS,null,OS,2.3,OK,21.58,OK,null,OS
2023-03-05 02:00:00,7.94,OK,-0.38,BDL,null,OS,null,OS,2.26,OK,7.97,OK,null,OS
2023-03-05 03:00:00,11.35,OK,-0.35,BDL,null,OS,null,OS,2.25,OK,3.94,BDL,null,OS
2023-03-05 04:00:00,10.86,OK,-0.34,BDL,null,OS,null,OS,2.23,OK,0.81,BDL,null,OS
2023-03-05 05:00:00,13.03,OK,-0.38,BDL,null,OS,null,OS,2.25,OK,-2.2,BDL,null,OS
2023-03-05 06:00:00,13.8,OK,-0.36,BDL,null,OS,null,OS,2.28,OK,-9.42,OR,null,OS
2023-03-05 07:00:00,21.28,OK,-0.13,BDL,null,OS,null,OS,2.3,OK,10.81,OK,null,OS
2023-03-05 08:00:00,30.11,OK,-0.16,BDL,null,OS,null,OS,2.28,OK,57.28,OK,null,OS
2023-03-05 09:00:00,38.72,OK,-0.21,BDL,null,OS,null,OS,2.24,OK,55.01,OK,null,OS
2023-03-05 10:00:00,42.78,OK,-0.25,BDL,null,OS,null,OS,2.26,OK,35.82,OK,null,OS
2023-03-05 11:00:00,42.16,OK,-0.25,BDL,null,OS,null,OS,2.25,OK,39.59,OK,null,OS
2023-03-05 12:00:00,46.25,OK,-0.26,BDL,null,OS,null,OS,2.24,OK,24.15,OK,null,OS
2023-03-05 13:00:00,50.33,OK,-0.27,BDL,null,OS,null,OS,2.22,OK,18.0,OK,null,OS
2023-03-05 14:00:00,48.63,OK,-0.2,BDL,null,OS,null,OS,2.21,OK,13.07,OK,null,OS
2023-03-05 15:00:00,46.04,OK,-0.24,BDL,null,OS,null,OS,2.22,OK,24.11,OK,null,OS
2023-03-05 16:00:00,41.69,OK,0.02,BDL,null,OS,null,OS,2.27,OK,15.95,OK,null,OS
2023-03-05 17:00:00,34.33,OK,-0.21,BDL,null,OS,null,OS,2.35,OK,23.45,OK,null,OS
2023-03-05 18:00:00,26.8,OK,-0.13,BDL,null,OS,null,OS,2.38,OK,30.04,OK,null,OS
2023-03-05 19:00:00,21.04,OK,-0.12,BDL,null,OS,null,OS,2.51,OK,34.75,OK,null,OS
2023-03-05 20:00:00,25.29,OK,-0.22,BDL,null,OS,null,OS,2.36,OK,15.12,OK,null,OS
2023-03-05 21:00:00,5.53,OK,0.53,BDL,null,OS,null,OS,2.61,OK,49.17,OK,null,OS
2023-03-05 22:00:00,6.68,OK,0.06,BDL,null,OS,null,OS,2.56,OK,78.52,OK,null,OS
2023-03-05 23:00:00,3.46,OK,-0.06,BDL,null,OS,null,OS,2.62,OK,62.29,OK,null,OS
2023-03-06 00:00:00,0.39,BDL,0.05,BDL,null,OS,null,OS,2.92,OK,66.0,OK,null,OS
2023-03-06 01:00:00,2.21,OK,-0.17,BDL,null,OS,null,OS,2.55,OK,60.1,OK,null,OS
2023-03-06 02:00:00,7.3,OK,-0.28,BDL,null,OS,null,OS,2.25,OK,19.96,OK,null,OS
2023-03-06 03:00:00,13.13,OK,-0.28,BDL,null,OS,null,OS,2.22,OK,6.98,OK,null,OS
2023-03-06 04:00:00,15.01,OK,-0.31,BDL,null,OS,null,OS,2.23,OK,3.45,BDL,null,OS
2023-03-06 05:00:00,6.6,OK,-0.21,BDL,null,OS,null,OS,2.46,OK,16.33,OK,null,OS
2023-03-06 06:00:00,1.9,OK,0.28,BDL,null,OS,null,OS,2.92,OK,39.94,OK,null,OS
2023-03-06 07:00:00,8.28,OK,0.07,BDL,null,OS,null,OS,2.7,OK,62.26,OK,null,OS
2023-03-06 08:00:00,19.1,OK,-0.05,BDL,null,OS,null,OS,2.53,OK,66.77,OK,null,OS
2023-03-06 09:00:00,22.78,OK,0.02,BDL,null,OS,null,OS,2.75,OK,73.7,OK,null,OS
2023-03-06 10:00:00,42.8,OK,-0.13,BDL,null,OS,null,OS,2.37,OK,59.27,OK,null,OS
2023-03-06 11:00:00,43.18,OK,-0.23,BDL,null,OS,null,OS,2.36,OK,37.63,OK,null,OS
2023-03-06 12:00:00,41.95,OK,-0.17,BDL,null,OS,null,OS,2.33,OK,28.35,OK,null,OS
2023-03-06 13:00:00,38.81,OK,-0.14,BDL,null,OS,null,OS,2.36,OK,20.32,OK,null,OS
2023-03-06 14:00:00,35.66,OK,-0.2,BDL,null,OS,null,OS,2.4,OK,25.21,OK,null,OS
2023-03-06 15:00:00,35.07,OK,-0.19,BDL,null,OS,null,OS,2.36,OK,29.53,OK,null,OS
2023-03-06 16:00:00,33.37,OK,-0.19,BDL,null,OS,null,OS,2.4,OK,20.21,OK,null,OS
2023-03-06 17:00:00,23.03,OK,-0.21,BDL,null,OS,null,OS,2.5,OK,22.59,OK,null,OS
2023-03-06 18:00:00,22.04,OK,-0.21,BDL,null,OS,null,OS,2.43,OK,41.57,OK,null,OS
2023-03-06 19:00:00,21.59,OK,-0.3,BDL,null,OS,null,OS,2.38,OK,38.86,OK,null,OS
2023-03-06 20:00:00,18.1,OK,-0.1,BDL,null,OS,null,OS,2.36,OK,43.9,OK,null,OS
2023-03-06 21:00:00,16.41,OK,-0.17,BDL,null,OS,null,OS,2.34,OK,36.29,OK,null,OS
2023-03-06 22:00:00,23.41,OK,-0.17,BDL,null,OS,null,OS,2.25,OK,43.87,OK,null,OS
2023-03-06 23:00:00,22.52,OK,-0.24,BDL,null,OS,null,OS,2.26,OK,37.98,OK,null,OS
2023-03-07 00:00:00,11.78,OK,0.04,BDL,null,OS,null,OS,2.27,OK,44.62,OK,null,OS
2023-03-07 01:00:00,15.21,OK,-0.2,BDL,null,OS,null,OS,2.18,OK,17.02,OK,null,OS
2023-03-07 02:00:00,9.28,OK,-0.26,BDL,null,OS,null,OS,2.22,OK,20.11,OK,null,OS
2023-03-07 03:00:00,3.47,OK,-0.26,BDL,null,OS,null,OS,2.25,OK,22.38,OK,null,OS
2023-03-07 04:00:00,3.94,OK,-0.29,BDL,null,OS,null,OS,2.24,OK,14.38,OK,null,OS
2023-03-07 05:00:00,0.88,BDL,-0.11,BDL,null,OS,null,OS,2.38,OK,30.8,OK,null,OS
2023-03-07 06:00:00,3.39,OK,-0.15,BDL,null,OS,null,OS,2.48,OK,24.55,OK,null,OS
2023-03-07 07:00:00,6.4,OK,-0.02,BDL,null,OS,null,OS,2.68,OK,32.69,OK,null,OS
2023-03-07 08:00:00,15.42,OK,-0.0,BDL,null,OS,null,OS,2.51,OK,58.96,OK,null,OS
2023-03-07 09:00:00,22.43,OK,-0.05,BDL,null,OS,null,OS,2.56,OK,71.1,OK,null,OS
2023-03-07 10:00:00,28.28,OK,-0.09,BDL,null,OS,null,OS,2.58,OK,69.47,OK,null,OS
2023-03-07 11:00:00,43.14,OK,-0.07,BDL,null,OS,null,OS,2.54,OK,68.86,OK,null,OS
2023-03-07 12:00:00,46.2,OK,-0.11,BDL,null,OS,null,OS,2.44,OK,67.54,OK,null,OS
2023-03-07 13:00:00,45.98,OK,-0.12,BDL,null,OS,null,OS,2.36,OK,37.96,OK,null,OS
2023-03-07 14:00:00,47.23,OK,-0.1,BDL,null,OS,null,OS,2.39,OK,31.31,OK,null,OS
2023-03-07 15:00:00,41.97,OK,-0.15,BDL,null,OS,null,OS,2.34,OK,33.82,OK,null,OS
2023-03-07 16:00:00,34.35,OK,-0.19,BDL,null,OS,null,OS,2.43,OK,25.18,OK,null,OS
2023-03-07 17:00:00,16.74,OK,-0.18,BDL,null,OS,null,OS,2.73,OK,42.27,OK,null,OS
2023-03-07 18:00:00,14.3,OK,-0.04,BDL,null,OS,null,OS,2.71,OK,66.0,OK,null,OS
2023-03-07 19:00:00,11.9,OK,-0.13,BDL,null,OS,null,OS,2.58,OK,48.63,OK,null,OS
2023-03-07 20:00:00,9.25,OK,-0.12,BDL,null,OS,null,OS,2.55,OK,50.84,OK,null,OS
2023-03-07 21:00:00,16.54,OK,-0.17,BDL,null,OS,null,OS,2.41,OK,51.89,OK,null,OS
2023-03-07 22:00:00,20.71,OK,-0.24,BDL,null,OS,null,OS,2.33,OK,39.07,OK,null,OS
2023-03-07 23:00:00,4.81,OK,-0.16,BDL,null,OS,null,OS,2.52,OK,45.31,OK,null,OS
2023-03-08 00:00:00,1.59,OK,-0.02,BDL,null,OS,null,OS,2.6,OK,51.02,OK,null,OS
2023-03-08 01:00:00,8.34,OK,-0.14,BDL,null,OS,null,OS,2.3,OK,41.46,OK,null,OS
2023-03-08 02:00:00,12.56,OK,-0.28,BDL,null,OS,null,OS,2.22,OK,15.53,OK,null,OS
2023-03-08 03:00:00,18.02,OK,-0.2,BDL,null,OS,null,OS,2.21,OK,4.7,OK,null,OS
2023-03-08 04:00:00,10.64,OK,-0.23,BDL,null,OS,null,OS,2.24,OK,11.08,OK,null,OS
2023-03-08 05:00:00,4.83,OK,-0.24,BDL,null,OS,null,OS,2.43,OK,19.06,OK,null,OS
2023-03-08 06:00:00,6.14,OK,-0.13,BDL,null,OS,null,OS,2.58,OK,35.49,OK,null,OS
2023-03-08 07:00:00,13.16,OK,0.01,BDL,null,OS,null,OS,2.61,OK,53.03,OK,null,OS
2023-03-08 08:00:00,25.75,OK,-0.09,BDL,null,OS,null,OS,2.41,OK,68.76,OK,null,OS
2023-03-08 09:00:00,33.89,OK,-0.08,BDL,null,OS,null,OS,2.42,OK,55.6,OK,null,OS
2023-03-08 10:00:00,41.06,OK,-0.19,BDL,null,OS,null,OS,2.46,OK,43.31,OK,null,OS
2023-03-08 11:00:00,46.0,OK,-0.04,BDL,null,OS,null,OS,2.38,OK,42.87,OK,null,OS
2023-03-08 12:00:00,44.5,OK,-0.2,BDL,null,OS,null,OS,2.35,OK,46.64,OK,null,OS
2023-03-08 13:00:00,41.85,OK,-0.13,BDL,null,OS,null,OS,2.37,OK,28.6,OK,null,OS
2023-03-08 14:00:00,37.79,OK,-0.17,BDL,null,OS,null,OS,2.39,OK,24.74,OK,null,OS
2023-03-08 15:00:00,35.44,OK,-0.17,BDL,null,OS,null,OS,2.4,OK,27.47,OK,null,OS
2023-03-08 16:00:00,38.01,OK,-0.28,BDL,null,OS,null,OS,2.38,OK,15.39,OK,null,OS
2023-03-08 17:00:00,30.88,OK,-0.17,BDL,null,OS,null,OS,2.48,OK,27.8,OK,null,OS
2023-03-08 18:00:00,24.73,OK,-0.15,BDL,null,OS,null,OS,2.54,OK,47.13,OK,null,OS
2023-03-08 19:00:00,17.52,OK,-0.07,BDL,null,OS,null,OS,2.64,OK,45.72,OK,null,OS
2023-03-08 20:00:00,20.91,OK,-0.06,BDL,null,OS,null,OS,2.46,OK,47.09,OK,null,OS
2023-03-08 21:00:00,12.61,OK,0.01,BDL,null,OS,null,OS,2.51,OK,51.37,OK,null,OS
2023-03-08 22:00:00,9.93,OK,0.04,BDL,null,OS,null,OS,2.55,OK,46.56,OK,null,OS
2023-03-08 23:00:00,13.3,OK,0.11,BDL,null,OS,null,OS,2.51,OK,60.7,OK,null,OS
2023-03-09 00:00:00,10.25,OK,-0.03,BDL,null,OS,null,OS,2.39,OK,49.48,OK,null,OS
2023-03-09 01:00:00,20.13,OK,-0.15,BDL,null,OS,null,OS,2.23,OK,37.55,OK,null,OS
2023-03-09 02:00:00,15.13,OK,-0.15,BDL,null,OS,null,OS,2.21,OK,16.36,OK,null,OS
2023-03-09 03:00:00,14.46,OK,-0.17,BDL,null,OS,null,OS,2.2,OK,11.1,OK,null,OS
2023-03-09 04:00:00,19.72,OK,-0.27,BDL,null,OS,null,OS,2.22,OK,2.97,BDL,null,OS
2023-03-09 05:00:00,12.01,OK,-0.21,BDL,null,OS,null,OS,2.33,OK,23.39,OK,null,OS
2023-03-09 06:00:00,3.02,OK,-0.06,BDL,null,OS,null,OS,2.55,OK,31.27,OK,null,OS
2023-03-09 07:00:00,3.76,OK,0.21,BDL,null,OS,null,OS,2.93,OK,43.55,OK,null,OS
2023-03-09 08:00:00,15.31,OK,0.2,BDL,null,OS,null,OS,2.74,OK,75.79,OK,null,OS
2023-03-09 09:00:00,29.8,OK,-0.04,BDL,null,OS,null,OS,2.49,OK,65.76,OK,null,OS
2023-03-09 10:00:00,42.02,OK,0.05,BDL,null,OS,null,OS,2.49,OK,62.86,OK,null,OS
2023-03-09 11:00:00,45.73,OK,-0.16,BDL,null,OS,null,OS,2.35,OK,52.8,OK,null,OS
2023-03-09 12:00:00,53.72,OK,-0.1,BDL,null,OS,null,OS,2.35,OK,21.47,OK,null,OS
2023-03-09 13:00:00,51.29,OK,-0.11,BDL,null,OS,null,OS,2.35,OK,34.11,OK,null,OS
2023-03-09 14:00:00,45.66,OK,-0.09,BDL,null,OS,null,OS,2.43,OK,26.12,OK,null,OS
2023-03-09 15:00:00,39.73,OK,-0.17,BDL,null,OS,null,OS,2.45,OK,8.98,OK,null,OS
2023-03-09 16:00:00,36.28,OK,-0.21,BDL,null,OS,null,OS,2.48,OK,18.12,OK,null,OS
2023-03-09 17:00:00,18.41,OK,0.03,BDL,null,OS,null,OS,2.91,OK,39.82,OK,null,OS
2023-03-09 18:00:00,5.67,OK,0.2,BDL,null,OS,null,OS,3.2,OK,66.82,OK,null,OS
2023-03-09 19:00:00,16.4,OK,0.1,BDL,null,OS,null,OS,2.63,OK,79.69,OK,null,OS
2023-03-09 20:00:00,19.39,OK,0.02,BDL,null,OS,null,OS,2.55,OK,72.12,OK,null,OS
2023-03-09 21:00:00,25.17,OK,0.02,BDL,null,OS,null,OS,2.4,OK,45.97,OK,null,OS
2023-03-09 22:00:00,12.67,OK,-0.16,BDL,null,OS,null,OS,2.48,OK,39.71,OK,null,OS
2023-03-09 23:00:00,6.93,OK,0.08,BDL,null,OS,null,OS,2.56,OK,63.5,OK,null,OS
2023-03-10 00:00:00,5.2,OK,0.02,BDL,null,OS,null,OS,2.37,OK,56.96,OK,null,OS
2023-03-10 01:00:00,15.23,OK,-0.28,BDL,null,OS,null,OS,2.23,OK,32.77,OK,null,OS
2023-03-10 02:00:00,13.98,OK,-0.02,BDL,null,OS,null,OS,2.25,OK,7.23,OK,null,OS
2023-03-10 03:00:00,8.63,OK,-0.03,BDL,null,OS,null,OS,2.32,OK,0.93,BDL,null,OS
2023-03-10 04:00:00,10.79,OK,-0.16,BDL,null,OS,null,OS,2.33,OK,24.14,OK,null,OS
2023-03-10 05:00:00,16.05,OK,-0.28,BDL,null,OS,null,OS,2.32,OK,27.11,OK,null,OS
2023-03-10 06:00:00,8.56,OK,-0.09,BDL,null,OS,null,OS,2.57,OK,31.85,OK,null,OS
2023-03-10 07:00:00,17.37,OK,-0.02,BDL,null,OS,null,OS,2.57,OK,67.64,OK,null,OS
2023-03-10 08:00:00,20.7,OK,-0.02,BDL,null,OS,null,OS,2.55,OK,72.77,OK,null,OS
2023-03-10 09:00:00,30.44,OK,-0.03,BDL,null,OS,null,OS,2.63,OK,60.83,OK,null,OS
2023-03-10 10:00:00,40.78,OK,-0.05,BDL,null,OS,null,OS,2.77,OK,98.01,OK,null,OS
2023-03-10 11:00:00,49.16,OK,-0.21,BDL,null,OS,null,OS,2.47,OK,62.34,OK,null,OS
2023-03-10 12:00:00,52.64,OK,0.0,BDL,null,OS,null,OS,2.41,OK,35.97,OK,null,OS
2023-03-10 13:00:00,47.8,OK,-0.1,BDL,null,OS,null,OS,2.45,OK,28.51,OK,null,OS
2023-03-10 14:00:00,45.57,OK,-0.12,BDL,null,OS,null,OS,2.45,OK,22.47,OK,null,OS
2023-03-10 15:00:00,42.75,OK,-0.19,BDL,null,OS,null,OS,2.44,OK,27.48,OK,null,OS
2023-03-10 16:00:00,41.59,OK,-0.2,BDL,null,OS,null,OS,2.44,OK,22.76,OK,null,OS
2023-03-10 17:00:00,26.09,OK,-0.1,BDL,null,OS,null,OS,2.63,OK,38.2,OK,null,OS
2023-03-10 18:00:00,23.86,OK,0.0,BDL,null,OS,null,OS,2.58,OK,88.57,OK,null,OS
2023-03-10 19:00:00,13.6,OK,-0.01,BDL,null,OS,null,OS,2.78,OK,49.01,OK,null,OS
2023-03-10 20:00:00,10.47,OK,-0.12,BDL,null,OS,null,OS,2.71,OK,59.38,OK,null,OS
2023-03-10 21:00:00,14.45,OK,-0.16,BDL,null,OS,null,OS,2.55,OK,50.69,OK,null,OS
2023-03-10 22:00:00,7.29,OK,-0.05,BDL,null,OS,null,OS,2.63,OK,48.08,OK,null,OS
2023-03-10 23:00:00,14.18,OK,-0.25,BDL,null,OS,null,OS,2.38,OK,34.62,OK,null,OS
2023-03-11 00:00:00,6.68,OK,-0.23,BDL,null,OS,null,OS,2.46,OK,35.04,OK,null,OS
2023-03-11 01:00:00,0.55,BDL,0.04,BDL,null,OS,null,OS,2.77,OK,55.25,OK,null,OS
2023-03-11 02:00:00,2.65,OK,-0.03,BDL,null,OS,null,OS,2.65,OK,66.62,OK,null,OS
2023-03-11 03:00:00,12.76,OK,-0.24,BDL,null,OS,null,OS,2.23,OK,40.41,OK,null,OS
2023-03-11 04:00:00,16.03,OK,-0.29,BDL,null,OS,null,OS,2.23,OK,15.46,OK,null,OS
2023-03-11 05:00:00,11.84,OK,-0.2,BDL,null,OS,null,OS,2.32,OK,18.99,OK,null,OS
2023-03-11 06:00:00,7.87,OK,0.11,BDL,null,OS,null,OS,2.6,OK,32.64,OK,null,OS
2023-03-11 07:00:00,11.75,OK,0.24,BDL,null,OS,null,OS,2.7,OK,92.19,OK,null,OS
2023-03-11 08:00:00,21.53,OK,0.12,BDL,null,OS,null,OS,2.64,OK,78.88,OK,null,OS
2023-03-11 09:00:00,30.35,OK,0.11,BDL,null,OS,null,OS,2.51,OK,55.0,OK,null,OS
2023-03-11 10:00:00,37.23,OK,0.08,BDL,null,OS,null,OS,2.43,OK,52.53,OK,null,OS
2023-03-11 11:00:00,36.26,OK,-0.02,BDL,null,OS,null,OS,2.37,OK,31.71,OK,null,OS
2023-03-11 12:00:00,30.51,OK,-0.18,BDL,null,OS,null,OS,2.38,OK,28.19,OK,null,OS
2023-03-11 13:00:00,24.8,OK,-0.3,BDL,null,OS,null,OS,2.36,OK,23.69,OK,null,OS
2023-03-11 14:00:00,24.7,OK,-0.28,BDL,null,OS,null,OS,2.33,OK,23.82,OK,null,OS
2023-03-11 15:00:00,23.12,OK,-0.32,BDL,null,OS,null,OS,2.34,OK,21.46,OK,null,OS
2023-03-11 16:00:00,18.96,OK,-0.3,BDL,null,OS,null,OS,2.38,OK,7.99,OK,null,OS
2023-03-11 17:00:00,12.87,OK,-0.21,BDL,null,OS,null,OS,2.52,OK,22.15,OK,null,OS
2023-03-11 18:00:00,11.73,OK,-0.25,BDL,null,OS,null,OS,2.55,OK,20.66,OK,null,OS
2023-03-11 19:00:00,9.93,OK,-0.23,BDL,null,OS,null,OS,2.49,OK,17.71,OK,null,OS
2023-03-11 20:00:00,2.14,OK,-0.08,BDL,null,OS,null,OS,2.67,OK,35.22,OK,null,OS
2023-03-11 21:00:00,0.12,BDL,-0.03,BDL,null,OS,null,OS,2.92,OK,89.98,OK,null,OS
2023-03-11 22:00:00,2.58,OK,-0.05,BDL,null,OS,null,OS,2.7,OK,89.55,OK,null,OS
2023-03-11 23:00:00,1.08,OK,-0.11,BDL,null,OS,null,OS,2.71,OK,55.46,OK,null,OS
2023-03-12 00:00:00,0.39,BDL,-0.1,BDL,null,OS,null,OS,2.72,OK,58.21,OK,null,OS
2023-03-12 01:00:00,0.36,BDL,-0.02,BDL,null,OS,null,OS,2.82,OK,66.37,OK,null,OS
2023-03-12 02:00:00,0.35,BDL,-0.03,BDL,null,OS,null,OS,2.96,OK,90.09,OK,null,OS
2023-03-12 03:00:00,0.33,BDL,-0.03,BDL,null,OS,null,OS,2.8,OK,63.49,OK,null,OS
2023-03-12 04:00:00,1.9,OK,-0.15,BDL,null,OS,null,OS,2.5,OK,49.44,OK,null,OS
2023-03-12 05:00:00,3.48,OK,-0.16,BDL,null,OS,null,OS,2.51,OK,30.22,OK,null,OS
2023-03-12 06:00:00,1.59,OK,-0.04,BDL,null,OS,null,OS,2.83,OK,42.68,OK,null,OS
2023-03-12 07:00:00,8.28,OK,-0.11,BDL,null,OS,null,OS,2.82,OK,68.87,OK,null,OS
2023-03-12 08:00:00,23.45,OK,-0.2,BDL,null,OS,null,OS,2.46,OK,44.97,OK,null,OS
2023-03-12 09:00:00,31.38,OK,-0.26,BDL,null,OS,null,OS,2.36,OK,30.84,OK,null,OS
2023-03-12 10:00:00,35.75,OK,-0.34,BDL,null,OS,null,OS,2.29,OK,27.41,OK,null,OS
2023-03-12 11:00:00,36.15,OK,-0.3,BDL,null,OS,null,OS,2.28,OK,14.18,OK,null,OS
2023-03-12 12:00:00,39.13,OK,-0.35,BDL,null,OS,null,OS,2.24,OK,21.55,OK,null,OS
2023-03-12 13:00:00,43.9,OK,-0.36,BDL,null,OS,null,OS,2.24,OK,14.86,OK,null,OS
2023-03-12 14:00:00,47.46,OK,-0.44,BDL,null,OS,null,OS,2.21,OK,19.57,OK,null,OS
2023-03-12 15:00:00,47.06,OK,-0.39,BDL,null,OS,null,OS,2.22,OK,23.17,OK,null,OS
2023-03-12 16:00:00,45.52,OK,-0.36,BDL,null,OS,null,OS,2.21,OK,12.1,OK,null,OS
2023-03-12 17:00:00,35.98,OK,-0.35,BDL,null,OS,null,OS,2.32,OK,14.85,OK,null,OS
2023-03-12 18:00:00,26.55,OK,-0.33,BDL,null,OS,null,OS,2.45,OK,22.55,OK,null,OS
2023-03-12 19:00:00,28.03,OK,-0.34,BDL,null,OS,null,OS,2.35,OK,16.31,OK,null,OS
2023-03-12 20:00:00,27.3,OK,-0.33,BDL,null,OS,null,OS,2.34,OK,26.23,OK,null,OS
2023-03-12 21:00:00,15.13,OK,-0.29,BDL,null,OS,null,OS,2.51,OK,37.43,OK,null,OS
2023-03-12 22:00:00,16.53,OK,-0.14,BDL,null,OS,null,OS,2.5,OK,56.78,OK,null,OS
2023-03-12 23:00:00,18.96,OK,-0.2,BDL,null,OS,null,OS,2.34,OK,23.69,OK,null,OS
2023-03-13 00:00:00,24.5,OK,-0.29,BDL,null,OS,null,OS,2.25,OK,20.97,OK,null,OS
2023-03-13 01:00:00,25.22,OK,-0.34,BDL,null,OS,null,OS,2.21,OK,18.18,OK,null,OS
2023-03-13 02:00:00,23.66,OK,-0.33,BDL,null,OS,null,OS,2.2,OK,19.5,OK,null,OS
2023-03-13 03:00:00,21.88,OK,-0.35,BDL,null,OS,null,OS,2.21,OK,8.89,OK,null,OS
2023-03-13 04:00:00,8.33,OK,-0.28,BDL,null,OS,null,OS,2.33,OK,10.19,OK,null,OS
2023-03-13 05:00:00,2.34,OK,-0.19,BDL,null,OS,null,OS,2.55,OK,79.03,OK,null,OS
2023-03-13 06:00:00,10.68,OK,-0.24,BDL,null,OS,null,OS,2.48,OK,60.22,OK,null,OS
2023-03-13 07:00:00,14.03,OK,-0.16,BDL,null,OS,null,OS,2.56,OK,45.3,OK,null,OS
2023-03-13 08:00:00,20.39,OK,-0.18,BDL,null,OS,null,OS,2.6,OK,48.64,OK,null,OS
2023-03-13 09:00:00,33.7,OK,-0.24,BDL,null,OS,null,OS,2.49,OK,64.32,OK,null,OS
2023-03-13 10:00:00,44.62,OK,-0.26,BDL,null,OS,null,OS,2.34,OK,45.25,OK,null,OS
2023-03-13 11:00:00,44.29,OK,-0.35,BDL,null,OS,null,OS,2.3,OK,28.53,OK,null,OS
2023-03-13 12:00:00,43.16,OK,-0.38,BDL,null,OS,null,OS,2.28,OK,19.73,OK,null,OS
2023-03-13 13:00:00,40.9,OK,-0.33,BDL,null,OS,null,OS,2.34,OK,18.25,OK,null,OS
2023-03-13 14:00:00,39.97,OK,-0.26,BDL,null,OS,null,OS,2.37,OK,18.07,OK,null,OS
2023-03-13 15:00:00,39.86,OK,-0.25,BDL,null,OS,null,OS,2.39,OK,29.94,OK,null,OS
2023-03-13 16:00:00,34.67,OK,-0.26,BDL,null,OS,null,OS,2.48,OK,34.6,OK,null,OS
2023-03-13 17:00:00,29.6,OK,-0.26,BDL,null,OS,null,OS,2.47,OK,36.17,OK,null,OS
2023-03-13 18:00:00,18.69,OK,-0.17,BDL,null,OS,null,OS,2.59,OK,30.11,OK,null,OS
2023-03-13 19:00:00,12.49,OK,-0.16,BDL,null,OS,null,OS,2.64,OK,41.58,OK,null,OS
2023-03-13 20:00:00,19.96,OK,-0.18,BDL,null,OS,null,OS,2.4,OK,49.68,OK,null,OS
2023-03-13 21:00:00,22.85,OK,-0.24,BDL,null,OS,null,OS,2.33,OK,37.01,OK,null,OS
2023-03-13 22:00:00,17.57,OK,-0.24,BDL,null,OS,null,OS,2.33,OK,23.73,OK,null,OS
2023-03-13 23:00:00,18.93,OK,-0.24,BDL,null,OS,null,OS,2.3,OK,36.27,OK,null,OS
2023-03-14 00:00:00,18.07,OK,-0.17,BDL,null,OS,null,OS,2.27,OK,41.12,OK,null,OS
2023-03-14 01:00:00,12.93,OK,-0.14,BDL,null,OS,null,OS,2.31,OK,37.62,OK,null,OS
2023-03-14 02:00:00,5.09,OK,-0.19,BDL,null,OS,null,OS,2.35,OK,34.0,OK,null,OS
2023-03-14 03:00:00,10.34,OK,-0.26,BDL,null,OS,null,OS,2.27,OK,22.32,OK,null,OS
2023-03-14 04:00:00,10.79,OK,-0.34,BDL,null,OS,null,OS,2.28,OK,22.58,OK,null,OS
2023-03-14 05:00:00,12.32,OK,-0.3,BDL,null,OS,null,OS,2.38,OK,21.46,OK,null,OS
2023-03-14 06:00:00,7.21,OK,-0.2,BDL,null,OS,null,OS,2.68,OK,31.16,OK,null,OS
2023-03-14 07:00:00,14.29,OK,-0.1,BDL,null,OS,null,OS,2.64,OK,64.27,OK,null,OS
2023-03-14 08:00:00,30.11,OK,-0.3,BDL,null,OS,null,OS,2.33,OK,60.9,OK,null,OS
2023-03-14 09:00:00,36.16,OK,-0.22,BDL,null,OS,null,OS,2.37,OK,49.09,OK,null,OS
2023-03-14 10:00:00,42.84,OK,-0.32,BDL,null,OS,null,OS,2.32,OK,43.5,OK,null,OS
2023-03-14 11:00:00,48.72,OK,-0.25,BDL,null,OS,null,OS,2.36,OK,28.68,OK,null,OS
2023-03-14 12:00:00,51.1,OK,-0.14,BDL,null,OS,null,OS,2.42,OK,30.87,OK,null,OS
2023-03-14 13:00:00,53.7,OK,-0.19,BDL,null,OS,null,OS,2.33,OK,25.05,OK,null,OS
2023-03-14 14:00:00,44.31,OK,-0.23,BDL,null,OS,null,OS,2.39,OK,25.66,OK,null,OS
2023-03-14 15:00:00,39.08,OK,-0.24,BDL,null,OS,null,OS,2.43,OK,29.93,OK,null,OS
2023-03-14 16:00:00,33.84,OK,-0.27,BDL,null,OS,null,OS,2.44,OK,30.7,OK,null,OS
2023-03-14 17:00:00,27.59,OK,-0.28,BDL,null,OS,null,OS,2.45,OK,32.1,OK,null,OS
2023-03-14 18:00:00,15.26,OK,-0.2,BDL,null,OS,null,OS,2.58,OK,32.99,OK,null,OS
2023-03-14 19:00:00,11.33,OK,-0.12,BDL,null,OS,null,OS,2.64,OK,44.59,OK,null,OS
2023-03-14 20:00:00,14.1,OK,-0.2,BDL,null,OS,null,OS,2.47,OK,58.72,OK,null,OS
2023-03-14 21:00:00,14.69,OK,-0.05,BDL,null,OS,null,OS,2.42,OK,51.65,OK,null,OS
2023-03-14 22:00:00,9.09,OK,-0.13,BDL,null,OS,null,OS,2.53,OK,43.91,OK,null,OS
2023-03-14 23:00:00,4.02,OK,-0.17,BDL,null,OS,null,OS,2.54,OK,52.76,OK,null,OS
2023-03-15 00:00:00,0.84,BDL,-0.07,BDL,null,OS,null,OS,2.61,OK,50.8,OK,null,OS
2023-03-15 01:00:00,3.27,OK,-0.07,BDL,null,OS,null,OS,2.41,OK,64.9,OK,null,OS
2023-03-15 02:00:00,2.9,OK,-0.1,BDL,null,OS,null,OS,2.37,OK,36.87,OK,null,OS
2023-03-15 03:00:00,4.21,OK,-0.15,BDL,null,OS,null,OS,2.31,OK,30.33,OK,null,OS
2023-03-15 04:00:00,3.47,OK,-0.18,BDL,null,OS,null,OS,2.3,OK,21.83,OK,null,OS
2023-03-15 05:00:00,4.49,OK,-0.18,BDL,null,OS,null,OS,2.43,OK,31.23,OK,null,OS
2023-03-15 06:00:00,5.76,OK,-0.0,BDL,null,OS,null,OS,2.61,OK,33.15,OK,null,OS
2023-03-15 07:00:00,8.87,OK,0.06,BDL,null,OS,null,OS,2.71,OK,68.44,OK,null,OS
2023-03-15 08:00:00,20.9,OK,-0.02,BDL,null,OS,null,OS,2.55,OK,70.92,OK,null,OS
2023-03-15 09:00:00,31.98,OK,-0.11,BDL,null,OS,null,OS,2.46,OK,32.94,OK,null,OS
2023-03-15 10:00:00,36.25,OK,-0.17,BDL,null,OS,null,OS,2.47,OK,46.57,OK,null,OS
2023-03-15 11:00:00,36.59,OK,-0.03,BDL,null,OS,null,OS,2.43,OK,44.56,OK,null,OS
2023-03-15 12:00:00,31.59,OK,-0.08,BDL,null,OS,null,OS,2.5,OK,33.91,OK,null,OS
2023-03-15 13:00:00,32.03,OK,-0.24,BDL,null,OS,null,OS,2.41,OK,24.88,OK,null,OS
2023-03-15 14:00:00,31.28,OK,-0.28,BDL,null,OS,null,OS,2.44,OK,32.49,OK,null,OS
2023-03-15 15:00:00,30.68,OK,-0.27,BDL,null,OS,null,OS,2.38,OK,25.7,OK,null,OS
2023-03-15 16:00:00,29.07,OK,-0.23,BDL,null,OS,null,OS,2.39,OK,32.52,OK,null,OS
2023-03-15 17:00:00,20.9,OK,-0.26,BDL,null,OS,null,OS,2.47,OK,35.68,OK,null,OS
2023-03-15 18:00:00,15.77,OK,-0.24,BDL,null,OS,null,OS,2.57,OK,32.64,OK,null,OS
2023-03-15 19:00:00,14.6,OK,-0.14,BDL,null,OS,null,OS,2.47,OK,37.03,OK,null,OS
2023-03-15 20:00:00,13.94,OK,-0.23,BDL,null,OS,null,OS,2.44,OK,42.15,OK,null,OS
2023-03-15 21:00:00,13.62,OK,-0.07,BDL,null,OS,null,OS,2.47,OK,40.07,OK,null,OS
2023-03-15 22:00:00,18.01,OK,-0.17,BDL,null,OS,null,OS,2.39,OK,25.87,OK,null,OS
2023-03-15 23:00:00,24.46,OK,-0.26,BDL,null,OS,null,OS,2.3,OK,24.75,OK,null,OS
2023-03-16 00:00:00,24.43,OK,-0.07,BDL,null,OS,null,OS,2.24,OK,15.19,OK,null,OS
2023-03-16 01:00:00,24.7,OK,-0.23,BDL,null,OS,null,OS,2.23,OK,20.63,OK,null,OS
2023-03-16 02:00:00,27.18,OK,-0.3,BDL,null,OS,null,OS,2.2,OK,7.0,OK,null,OS
2023-03-16 03:00:00,24.05,OK,-0.29,BDL,null,OS,null,OS,2.2,OK,8.02,OK,null,OS
2023-03-16 04:00:00,17.58,OK,-0.29,BDL,null,OS,null,OS,2.24,OK,21.36,OK,null,OS
2023-03-16 05:00:00,5.15,OK,-0.19,BDL,null,OS,null,OS,2.51,OK,31.96,OK,null,OS
2023-03-16 06:00:00,2.21,OK,-0.01,BDL,null,OS,null,OS,2.82,OK,54.85,OK,null,OS
2023-03-16 07:00:00,8.67,OK,-0.01,BDL,null,OS,null,OS,2.85,OK,60.86,OK,null,OS
2023-03-16 08:00:00,20.53,OK,-0.17,BDL,null,OS,null,OS,2.5,OK,47.82,OK,null,OS
2023-03-16 09:00:00,24.92,OK,-0.22,BDL,null,OS,null,OS,2.39,OK,39.02,OK,null,OS
2023-03-16 10:00:00,25.9,OK,-0.26,BDL,null,OS,null,OS,2.36,OK,9.09,OK,null,OS
2023-03-16 11:00:00,27.12,OK,-0.3,BDL,null,OS,null,OS,2.39,OK,4.45,OK,null,OS
2023-03-16 12:00:00,24.83,OK,-0.3,BDL,null,OS,null,OS,2.46,OK,28.55,OK,null,OS
2023-03-16 13:00:00,23.84,OK,-0.26,BDL,null,OS,null,OS,2.51,OK,28.55,OK,null,OS
2023-03-16 14:00:00,26.05,OK,-0.27,BDL,null,OS,null,OS,2.49,OK,20.58,OK,null,OS
2023-03-16 15:00:00,27.19,OK,-0.24,BDL,null,OS,null,OS,2.48,OK,9.27,OK,null,OS
2023-03-16 16:00:00,27.49,OK,-0.24,BDL,null,OS,null,OS,2.4,OK,27.1,OK,null,OS
2023-03-16 17:00:00,25.7,OK,-0.22,BDL,null,OS,null,OS,2.49,OK,25.47,OK,null,OS
2023-03-16 18:00:00,18.26,OK,-0.28,BDL,null,OS,null,OS,2.62,OK,28.86,OK,null,OS
2023-03-16 19:00:00,8.8,OK,-0.21,BDL,null,OS,null,OS,2.65,OK,48.55,OK,null,OS
2023-03-16 20:00:00,14.0,OK,-0.21,BDL,null,OS,null,OS,2.51,OK,50.7,OK,null,OS
2023-03-16 21:00:00,16.17,OK,-0.21,BDL,null,OS,null,OS,2.49,OK,55.25,OK,null,OS
2023-03-16 22:00:00,17.57,OK,-0.31,BDL,null,OS,null,OS,2.36,OK,45.53,OK,null,OS
2023-03-16 23:00:00,12.81,OK,-0.25,BDL,null,OS,null,OS,2.39,OK,36.08,OK,null,OS
2023-03-17 00:00:00,10.54,OK,-0.31,BDL,null,OS,null,OS,2.38,OK,26.2,OK,null,OS
2023-03-17 01:00:00,2.67,OK,-0.3,BDL,null,OS,null,OS,2.43,OK,25.81,OK,null,OS
2023-03-17 02:00:00,3.33,OK,-0.28,BDL,null,OS,null,OS,2.33,OK,39.93,OK,null,OS
2023-03-17 03:00:00,6.41,OK,-0.36,BDL,null,OS,null,OS,2.26,OK,10.36,OK,null,OS
2023-03-17 04:00:00,4.27,OK,-0.36,BDL,null,OS,null,OS,2.27,OK,3.4,BDL,null,OS
2023-03-17 05:00:00,1.46,OK,-0.36,BDL,null,OS,null,OS,2.47,OK,6.14,OK,null,OS
2023-03-17 06:00:00,2.91,OK,-0.02,BDL,null,OS,null,OS,2.77,OK,52.55,OK,null,OS
2023-03-17 07:00:00,8.54,OK,-0.03,BDL,null,OS,null,OS,2.62,OK,53.49,OK,null,OS
2023-03-17 08:00:00,11.56,OK,-0.03,BDL,null,OS,null,OS,2.62,OK,71.87,OK,null,OS
2023-03-17 09:00:00,20.94,OK,-0.13,BDL,null,OS,null,OS,2.44,OK,62.69,OK,null,OS
2023-03-17 10:00:00,23.84,OK,-0.16,BDL,null,OS,null,OS,2.53,OK,33.98,OK,null,OS
2023-03-17 11:00:00,34.91,OK,-0.27,BDL,null,OS,null,OS,2.43,OK,34.56,OK,null,OS
2023-03-17 12:00:00,38.58,OK,-0.24,BDL,null,OS,null,OS,2.43,OK,30.6,OK,null,OS
2023-03-17 13:00:00,41.52,OK,-0.23,BDL,null,OS,null,OS,2.41,OK,21.02,OK,null,OS
2023-03-17 14:00:00,39.75,OK,-0.29,BDL,null,OS,null,OS,2.45,OK,22.89,OK,null,OS
2023-03-17 15:00:00,36.2,OK,-0.28,BDL,null,OS,null,OS,2.45,OK,27.12,OK,null,OS
2023-03-17 16:00:00,31.39,OK,-0.25,BDL,null,OS,null,OS,2.45,OK,31.83,OK,null,OS
2023-03-17 17:00:00,28.88,OK,-0.27,BDL,null,OS,null,OS,2.39,OK,46.84,OK,null,OS
2023-03-17 18:00:00,26.8,OK,-0.19,BDL,null,OS,null,OS,2.38,OK,22.68,OK,null,OS
2023-03-17 19:00:00,27.19,OK,-0.15,BDL,null,OS,null,OS,2.37,OK,38.53,OK,null,OS
2023-03-17 20:00:00,32.69,OK,-0.24,BDL,null,OS,null,OS,2.31,OK,44.38,OK,null,OS
2023-03-17 21:00:00,27.72,OK,-0.31,BDL,null,OS,null,OS,2.35,OK,30.23,OK,null,OS
2023-03-17 22:00:00,26.77,OK,-0.36,BDL,null,OS,null,OS,2.36,OK,28.85,OK,null,OS
2023-03-17 23:00:00,28.38,OK,-0.39,BDL,null,OS,null,OS,2.28,OK,8.49,OK,null,OS
2023-03-18 00:00:00,30.54,OK,-0.38,BDL,null,OS,null,OS,2.28,OK,2.59,BDL,null,OS
2023-03-18 01:00:00,26.99,OK,-0.37,BDL,null,OS,null,OS,2.3,OK,-1.78,BDL,null,OS
2023-03-18 02:00:00,26.37,OK,-0.41,BDL,null,OS,null,OS,2.31,OK,12.81,OK,null,OS
2023-03-18 03:00:00,14.22,OK,-0.44,BDL,null,OS,null,OS,2.32,OK,7.82,OK,null,OS
2023-03-18 04:00:00,21.49,OK,-0.41,BDL,null,OS,null,OS,2.28,OK,2.63,BDL,null,OS
2023-03-18 05:00:00,15.86,OK,-0.45,BDL,null,OS,null,OS,2.33,OK,3.6,BDL,null,OS
2023-03-18 06:00:00,14.26,OK,-0.31,BDL,null,OS,null,OS,2.4,OK,7.28,OK,null,OS
2023-03-18 07:00:00,22.34,OK,-0.2,BDL,null,OS,null,OS,2.38,OK,35.97,OK,null,OS
2023-03-18 08:00:00,28.69,OK,-0.18,BDL,null,OS,null,OS,2.31,OK,50.05,OK,null,OS
2023-03-18 09:00:00,35.1,OK,-0.2,BDL,null,OS,null,OS,2.34,OK,43.85,OK,null,OS
2023-03-18 10:00:00,38.1,OK,-0.22,BDL,null,OS,null,OS,2.39,OK,30.32,OK,null,OS
2023-03-18 11:00:00,43.55,OK,-0.26,BDL,null,OS,null,OS,2.37,OK,41.22,OK,null,OS
2023-03-18 12:00:00,46.98,OK,-0.22,BDL,null,OS,null,OS,2.36,OK,29.88,OK,null,OS
2023-03-18 13:00:00,48.92,OK,-0.33,BDL,null,OS,null,OS,2.33,OK,18.84,OK,null,OS
2023-03-18 14:00:00,51.64,OK,-0.25,BDL,null,OS,null,OS,2.3,OK,18.99,OK,null,OS
2023-03-18 15:00:00,50.74,OK,-0.22,BDL,null,OS,null,OS,2.33,OK,6.44,OK,null,OS
2023-03-18 16:00:00,45.07,OK,-0.25,BDL,null,OS,null,OS,2.34,OK,22.61,OK,null,OS
2023-03-18 17:00:00,36.43,OK,-0.26,BDL,null,OS,null,OS,2.36,OK,19.31,OK,null,OS
2023-03-18 18:00:00,29.32,OK,-0.24,BDL,null,OS,null,OS,2.4,OK,26.75,OK,null,OS
2023-03-18 19:00:00,28.49,OK,-0.25,BDL,null,OS,null,OS,2.48,OK,33.82,OK,null,OS
2023-03-18 20:00:00,33.06,OK,-0.23,BDL,null,OS,null,OS,2.42,OK,23.35,OK,null,OS
2023-03-18 21:00:00,34.86,OK,-0.33,BDL,null,OS,null,OS,2.35,OK,26.14,OK,null,OS
2023-03-18 22:00:00,26.17,OK,-0.16,BDL,null,OS,null,OS,2.47,OK,30.12,OK,null,OS
2023-03-18 23:00:00,27.14,OK,-0.1,BDL,null,OS,null,OS,2.45,OK,46.16,OK,null,OS
2023-03-19 00:00:00,24.9,OK,-0.19,BDL,null,OS,null,OS,2.44,OK,43.88,OK,null,OS
2023-03-19 01:00:00,22.0,OK,-0.09,BDL,null,OS,null,OS,2.51,OK,47.42,OK,null,OS
2023-03-19 02:00:00,26.31,OK,-0.22,BDL,null,OS,null,OS,2.35,OK,45.13,OK,null,OS
2023-03-19 03:00:00,37.92,OK,-0.31,BDL,null,OS,null,OS,2.23,OK,19.59,OK,null,OS
2023-03-19 04:00:00,34.23,OK,-0.28,BDL,null,OS,null,OS,2.24,OK,9.69,OK,null,OS
2023-03-19 05:00:00,31.22,OK,-0.2,BDL,null,OS,null,OS,2.24,OK,21.43,OK,null,OS
2023-03-19 06:00:00,30.23,OK,0.01,BDL,null,OS,null,OS,2.26,OK,18.95,OK,null,OS
2023-03-19 07:00:00,32.46,OK,0.14,BDL,null,OS,null,OS,2.25,OK,16.68,OK,null,OS
2023-03-19 08:00:00,34.59,OK,-0.03,BDL,null,OS,null,OS,2.26,OK,19.38,OK,null,OS
2023-03-19 09:00:00,37.49,OK,-0.16,BDL,null,OS,null,OS,2.26,OK,10.06,OK,null,OS
2023-03-19 10:00:00,42.73,OK,-0.27,BDL,null,OS,null,OS,2.3,OK,44.42,OK,null,OS
2023-03-19 11:00:00,50.66,OK,-0.29,BDL,null,OS,null,OS,2.28,OK,22.14,OK,null,OS
2023-03-19 12:00:00,51.64,OK,-0.34,BDL,null,OS,null,OS,2.3,OK,16.5,OK,null,OS
2023-03-19 13:00:00,47.75,OK,-0.29,BDL,null,OS,null,OS,2.32,OK,16.66,OK,null,OS
2023-03-19 14:00:00,49.0,OK,-0.33,BDL,null,OS,null,OS,2.3,OK,15.62,OK,null,OS
2023-03-19 15:00:00,48.11,OK,-0.26,BDL,null,OS,null,OS,2.3,OK,12.51,OK,null,OS
2023-03-19 16:00:00,43.59,OK,-0.26,BDL,null,OS,null,OS,2.29,OK,22.01,OK,null,OS
2023-03-19 17:00:00,42.13,OK,-0.29,BDL,null,OS,null,OS,2.3,OK,17.74,OK,null,OS
2023-03-19 18:00:00,33.57,OK,-0.28,BDL,null,OS,null,OS,2.38,OK,23.91,OK,null,OS
2023-03-19 19:00:00,25.16,OK,-0.14,BDL,null,OS,null,OS,2.53,OK,41.41,OK,null,OS
2023-03-19 20:00:00,19.96,OK,-0.1,BDL,null,OS,null,OS,2.61,OK,47.21,OK,null,OS
2023-03-19 21:00:00,30.93,OK,0.04,BDL,null,OS,null,OS,2.36,OK,44.41,OK,null,OS
2023-03-19 22:00:00,33.5,OK,-0.17,BDL,null,OS,null,OS,2.32,OK,22.39,OK,null,OS
2023-03-19 23:00:00,36.04,OK,-0.16,BDL,null,OS,null,OS,2.3,OK,67.77,OK,null,OS
2023-03-20 00:00:00,36.96,OK,-0.13,BDL,null,OS,null,OS,2.29,OK,31.22,OK,null,OS
2023-03-20 01:00:00,26.76,OK,-0.17,BDL,null,OS,null,OS,2.36,OK,32.76,OK,null,OS
2023-03-20 02:00:00,25.82,OK,-0.16,BDL,null,OS,null,OS,2.3,OK,39.6,OK,null,OS
2023-03-20 03:00:00,25.52,OK,-0.18,BDL,null,OS,null,OS,2.29,OK,19.97,OK,null,OS
2023-03-20 04:00:00,17.89,OK,-0.1,BDL,null,OS,null,OS,2.31,OK,22.66,OK,null,OS
2023-03-20 05:00:00,6.86,OK,-0.11,BDL,null,OS,null,OS,2.34,OK,30.15,OK,null,OS
2023-03-20 06:00:00,12.1,OK,-0.04,BDL,null,OS,null,OS,2.36,OK,26.5,OK,null,OS
2023-03-20 07:00:00,24.29,OK,0.07,BDL,null,OS,null,OS,2.33,OK,33.03,OK,null,OS
2023-03-20 08:00:00,29.62,OK,0.03,BDL,null,OS,null,OS,2.32,OK,29.3,OK,null,OS
2023-03-20 09:00:00,32.71,OK,-0.21,BDL,null,OS,null,OS,2.29,OK,23.25,OK,null,OS
2023-03-20 10:00:00,37.62,OK,-0.29,BDL,null,OS,null,OS,2.28,OK,11.17,OK,null,OS
2023-03-20 11:00:00,38.23,OK,-0.28,BDL,null,OS,null,OS,2.29,OK,11.47,OK,null,OS
2023-03-20 12:00:00,35.17,OK,-0.24,BDL,null,OS,null,OS,2.3,OK,26.26,OK,null,OS
2023-03-20 13:00:00,29.05,OK,-0.26,BDL,null,OS,null,OS,2.32,OK,26.69,OK,null,OS
2023-03-20 14:00:00,29.0,OK,-0.28,BDL,null,OS,null,OS,2.31,OK,23.47,OK,null,OS
2023-03-20 15:00:00,27.79,OK,-0.24,BDL,null,OS,null,OS,2.32,OK,36.56,OK,null,OS
2023-03-20 16:00:00,27.16,OK,-0.28,BDL,null,OS,null,OS,2.31,OK,39.74,OK,null,OS
2023-03-20 17:00:00,20.75,OK,-0.27,BDL,null,OS,null,OS,2.32,OK,19.46,OK,null,OS
2023-03-20 18:00:00,18.9,OK,-0.25,BDL,null,OS,null,OS,2.34,OK,13.63,OK,null,OS
2023-03-20 19:00:00,15.85,OK,-0.11,BDL,null,OS,null,OS,2.38,OK,21.86,OK,null,OS
2023-03-20 20:00:00,12.71,OK,-0.18,BDL,null,OS,null,OS,2.44,OK,26.11,OK,null,OS
2023-03-20 21:00:00,10.27,OK,-0.21,BDL,null,OS,null,OS,2.46,OK,39.45,OK,null,OS
2023-03-20 22:00:00,5.74,OK,-0.19,BDL,null,OS,null,OS,2.43,OK,38.28,OK,null,OS
2023-03-20 23:00:00,2.93,OK,-0.22,BDL,null,OS,null,OS,2.47,OK,52.08,OK,null,OS
2023-03-21 00:00:00,0.2,BDL,-0.2,BDL,null,OS,null,OS,2.41,OK,36.23,OK,null,OS
2023-03-21 01:00:00,10.98,OK,-0.31,BDL,null,OS,null,OS,2.25,OK,17.91,OK,null,OS
2023-03-21 02:00:00,2.41,OK,-0.23,BDL,null,OS,null,OS,2.23,OK,10.57,OK,null,OS
2023-03-21 03:00:00,7.01,OK,-0.27,BDL,null,OS,null,OS,2.22,OK,11.13,OK,null,OS
2023-03-21 04:00:00,7.93,OK,-0.26,BDL,null,OS,null,OS,2.24,OK,7.41,OK,null,OS
2023-03-21 05:00:00,4.64,OK,-0.22,BDL,null,OS,null,OS,2.39,OK,24.99,OK,null,OS
2023-03-21 06:00:00,2.76,OK,-0.08,BDL,null,OS,null,OS,2.66,OK,43.49,OK,null,OS
2023-03-21 07:00:00,11.56,OK,-0.2,BDL,null,OS,null,OS,2.54,OK,34.51,OK,null,OS
2023-03-21 08:00:00,17.8,OK,-0.17,BDL,null,OS,null,OS,2.46,OK,29.31,OK,null,OS
2023-03-21 09:00:00,22.8,OK,-0.21,BDL,null,OS,null,OS,2.38,OK,14.03,OK,null,OS
2023-03-21 10:00:00,23.51,OK,-0.3,BDL,null,OS,null,OS,2.37,OK,24.55,OK,null,OS
2023-03-21 11:00:00,26.95,OK,-0.29,BDL,null,OS,null,OS,2.36,OK,13.2,OK,null,OS
2023-03-21 12:00:00,27.06,OK,-0.3,BDL,null,OS,null,OS,2.37,OK,12.69,OK,null,OS
2023-03-21 13:00:00,29.76,OK,-0.29,BDL,null,OS,null,OS,2.34,OK,24.4,OK,null,OS
2023-03-21 14:00:00,31.55,OK,-0.23,BDL,null,OS,null,OS,2.32,OK,34.73,OK,null,OS
2023-03-21 15:00:00,31.12,OK,-0.22,BDL,null,OS,null,OS,2.35,OK,28.47,OK,null,OS
2023-03-21 16:00:00,26.77,OK,-0.1,BDL,null,OS,null,OS,2.38,OK,23.38,OK,null,OS
2023-03-21 17:00:00,20.1,OK,-0.21,BDL,null,OS,null,OS,2.44,OK,43.44,OK,null,OS
2023-03-21 18:00:00,18.25,OK,-0.1,BDL,null,OS,null,OS,2.46,OK,40.06,OK,null,OS
2023-03-21 19:00:00,8.74,OK,-0.26,BDL,null,OS,null,OS,2.54,OK,29.82,OK,null,OS
2023-03-21 20:00:00,5.32,OK,-0.3,BDL,null,OS,null,OS,2.45,OK,37.32,OK,null,OS
2023-03-21 21:00:00,6.19,OK,-0.25,BDL,null,OS,null,OS,2.52,OK,46.07,OK,null,OS
2023-03-21 22:00:00,8.52,OK,-0.18,BDL,null,OS,null,OS,2.41,OK,33.91,OK,null,OS
2023-03-21 23:00:00,8.2,OK,-0.2,BDL,null,OS,null,OS,2.37,OK,39.31,OK,null,OS
2023-03-22 00:00:00,17.25,OK,-0.31,BDL,null,OS,null,OS,2.26,OK,22.12,OK,null,OS
2023-03-22 01:00:00,16.17,OK,-0.31,BDL,null,OS,null,OS,2.24,OK,5.14,OK,null,OS
2023-03-22 02:00:00,9.53,OK,-0.29,BDL,null,OS,null,OS,2.25,OK,10.71,OK,null,OS
2023-03-22 03:00:00,3.19,OK,-0.28,BDL,null,OS,null,OS,2.24,OK,22.62,OK,null,OS
2023-03-22 04:00:00,6.09,OK,-0.28,BDL,null,OS,null,OS,2.27,OK,24.03,OK,null,OS
2023-03-22 05:00:00,0.81,BDL,-0.26,BDL,null,OS,null,OS,2.5,OK,38.46,OK,null,OS
2023-03-22 06:00:00,2.97,OK,0.07,BDL,null,OS,null,OS,2.84,OK,61.27,OK,null,OS
2023-03-22 07:00:00,11.24,OK,-0.11,BDL,null,OS,null,OS,2.56,OK,56.61,OK,null,OS
2023-03-22 08:00:00,20.51,OK,-0.11,BDL,null,OS,null,OS,2.43,OK,26.47,OK,null,OS
2023-03-22 09:00:00,24.49,OK,-0.2,BDL,null,OS,null,OS,2.41,OK,17.05,OK,null,OS
2023-03-22 10:00:00,20.63,OK,-0.27,BDL,null,OS,null,OS,2.35,OK,19.59,OK,null,OS
2023-03-22 11:00:00,17.32,OK,-0.27,BDL,null,OS,null,OS,2.37,OK,20.47,OK,null,OS
2023-03-22 12:00:00,16.16,OK,-0.25,BDL,null,OS,null,OS,2.39,OK,15.03,OK,null,OS
2023-03-22 13:00:00,15.13,OK,-0.3,BDL,null,OS,null,OS,2.35,OK,22.65,OK,null,OS
2023-03-22 14:00:00,15.5,OK,-0.29,BDL,null,OS,null,OS,2.36,OK,17.93,OK,null,OS
2023-03-22 15:00:00,16.91,OK,-0.31,BDL,null,OS,null,OS,2.38,OK,26.39,OK,null,OS
2023-03-22 16:00:00,18.08,OK,-0.28,BDL,null,OS,null,OS,2.41,OK,23.03,OK,null,OS
2023-03-22 17:00:00,18.99,OK,-0.26,BDL,null,OS,null,OS,2.4,OK,21.65,OK,null,OS
2023-03-22 18:00:00,17.53,OK,-0.28,BDL,null,OS,null,OS,2.43,OK,16.47,OK,null,OS
2023-03-22 19:00:00,15.17,OK,-0.26,BDL,null,OS,null,OS,2.49,OK,20.86,OK,null,OS
2023-03-22 20:00:00,20.61,OK,-0.31,BDL,null,OS,null,OS,2.36,OK,13.87,OK,null,OS
2023-03-22 21:00:00,26.98,OK,-0.3,BDL,null,OS,null,OS,2.32,OK,27.87,OK,null,OS
2023-03-22 22:00:00,32.45,OK,-0.3,BDL,null,OS,null,OS,2.27,OK,22.95,OK,null,OS
2023-03-22 23:00:00,33.74,OK,-0.33,BDL,null,OS,null,OS,2.26,OK,14.31,OK,null,OS
2023-03-23 00:00:00,36.81,OK,-0.38,BDL,null,OS,null,OS,2.26,OK,11.8,OK,null,OS
2023-03-23 01:00:00,37.61,OK,-0.41,BDL,null,OS,null,OS,2.22,OK,6.82,OK,null,OS
2023-03-23 02:00:00,38.26,OK,-0.39,BDL,null,OS,null,OS,2.21,OK,6.61,OK,null,OS
2023-03-23 03:00:00,39.25,OK,-0.42,BDL,null,OS,null,OS,2.21,OK,-3.01,BDL,null,OS
2023-03-23 04:00:00,37.68,OK,-0.36,BDL,null,OS,null,OS,2.24,OK,1.76,BDL,null,OS
2023-03-23 05:00:00,30.06,OK,-0.3,BDL,null,OS,null,OS,2.36,OK,15.03,OK,null,OS
2023-03-23 06:00:00,17.67,OK,-0.19,BDL,null,OS,null,OS,2.66,OK,20.04,OK,null,OS
2023-03-23 07:00:00,34.2,OK,-0.22,BDL,null,OS,null,OS,2.48,OK,61.27,OK,null,OS
2023-03-23 08:00:00,44.61,OK,-0.34,BDL,null,OS,null,OS,2.37,OK,42.74,OK,null,OS
2023-03-23 09:00:00,51.31,OK,-0.37,BDL,null,OS,null,OS,2.31,OK,23.48,OK,null,OS
2023-03-23 10:00:00,50.86,OK,-0.37,BDL,null,OS,null,OS,2.3,OK,19.52,OK,null,OS
2023-03-23 11:00:00,51.18,OK,-0.36,BDL,null,OS,null,OS,2.3,OK,10.56,OK,null,OS
2023-03-23 12:00:00,48.58,OK,-0.34,BDL,null,OS,null,OS,2.29,OK,7.46,OK,null,OS
2023-03-23 13:00:00,46.59,OK,-0.31,BDL,null,OS,null,OS,2.34,OK,19.54,OK,null,OS
2023-03-23 14:00:00,46.44,OK,-0.35,BDL,null,OS,null,OS,2.33,OK,15.78,OK,null,OS
2023-03-23 15:00:00,44.44,OK,-0.35,BDL,null,OS,null,OS,2.36,OK,9.72,OK,null,OS
2023-03-23 16:00:00,41.8,OK,-0.29,BDL,null,OS,null,OS,2.38,OK,16.44,OK,null,OS
2023-03-23 17:00:00,41.75,OK,-0.31,BDL,null,OS,null,OS,2.38,OK,57.81,OK,null,OS
2023-03-23 18:00:00,34.74,OK,-0.25,BDL,null,OS,null,OS,2.46,OK,51.6,OK,null,OS
2023-03-23 19:00:00,31.59,OK,-0.26,BDL,null,OS,null,OS,2.48,OK,28.93,OK,null,OS
2023-03-23 20:00:00,32.51,OK,-0.24,BDL,null,OS,null,OS,2.46,OK,23.74,OK,null,OS
2023-03-23 21:00:00,35.99,OK,-0.24,BDL,null,OS,null,OS,2.36,OK,14.33,OK,null,OS
2023-03-23 22:00:00,36.21,OK,-0.28,BDL,null,OS,null,OS,2.34,OK,2.51,BDL,null,OS
2023-03-23 23:00:00,31.86,OK,-0.2,BDL,null,OS,null,OS,2.32,OK,8.15,OK,null,OS
2023-03-24 00:00:00,37.33,OK,-0.28,BDL,null,OS,null,OS,2.26,OK,11.25,OK,null,OS
2023-03-24 01:00:00,34.0,OK,-0.24,BDL,null,OS,null,OS,2.28,OK,-1.08,BDL,null,OS
2023-03-24 02:00:00,32.14,OK,-0.2,BDL,null,OS,null,OS,2.3,OK,4.21,OK,null,OS
2023-03-24 03:00:00,29.39,OK,0.22,BDL,null,OS,null,OS,2.31,OK,17.84,OK,null,OS
2023-03-24 04:00:00,27.02,OK,-0.14,BDL,null,OS,null,OS,2.36,OK,17.57,OK,null,OS
2023-03-24 05:00:00,4.32,OK,-0.21,BDL,null,OS,null,OS,2.46,OK,33.77,OK,null,OS
2023-03-24 06:00:00,11.84,OK,-0.17,BDL,null,OS,null,OS,2.51,OK,24.58,OK,null,OS
2023-03-24 07:00:00,19.06,OK,-0.09,BDL,null,OS,null,OS,2.53,OK,47.27,OK,null,OS
2023-03-24 08:00:00,22.23,OK,-0.02,BDL,null,OS,null,OS,2.59,OK,70.66,OK,null,OS
2023-03-24 09:00:00,37.3,OK,-0.17,BDL,null,OS,null,OS,2.5,OK,67.04,OK,null,OS
2023-03-24 10:00:00,48.51,OK,-0.16,BDL,null,OS,null,OS,2.35,OK,41.43,OK,null,OS
2023-03-24 11:00:00,45.25,OK,-0.17,BDL,null,OS,null,OS,2.4,OK,26.42,OK,null,OS
2023-03-24 12:00:00,48.88,OK,-0.22,BDL,null,OS,null,OS,2.3,OK,14.61,OK,null,OS
2023-03-24 13:00:00,45.58,OK,-0.22,BDL,null,OS,null,OS,2.37,OK,22.29,OK,null,OS
2023-03-24 14:00:00,44.78,OK,-0.15,BDL,null,OS,null,OS,2.37,OK,16.95,OK,null,OS
2023-03-24 15:00:00,44.94,OK,-0.15,BDL,null,OS,null,OS,2.36,OK,9.89,OK,null,OS
2023-03-24 16:00:00,42.53,OK,-0.19,BDL,null,OS,null,OS,2.4,OK,19.19,OK,null,OS
2023-03-24 17:00:00,40.81,OK,-0.17,BDL,null,OS,null,OS,2.39,OK,35.21,OK,null,OS
2023-03-24 18:00:00,36.43,OK,-0.13,BDL,null,OS,null,OS,2.47,OK,34.66,OK,null,OS
2023-03-24 19:00:00,38.07,OK,-0.17,BDL,null,OS,null,OS,2.45,OK,15.88,OK,null,OS
2023-03-24 20:00:00,32.57,OK,-0.13,BDL,null,OS,null,OS,2.5,OK,14.52,OK,null,OS
2023-03-24 21:00:00,31.5,OK,-0.1,BDL,null,OS,null,OS,2.47,OK,27.26,OK,null,OS
2023-03-24 22:00:00,32.16,OK,-0.2,BDL,null,OS,null,OS,2.39,OK,18.65,OK,null,OS
2023-03-24 23:00:00,25.95,OK,-0.23,BDL,null,OS,null,OS,2.44,OK,15.8,OK,null,OS
2023-03-25 00:00:00,33.75,OK,-0.14,BDL,null,OS,null,OS,2.35,OK,22.21,OK,null,OS
2023-03-25 01:00:00,40.64,OK,-0.2,BDL,null,OS,null,OS,2.3,OK,3.94,BDL,null,OS
2023-03-25 02:00:00,32.82,OK,-0.22,BDL,null,OS,null,OS,2.29,OK,11.43,OK,null,OS
2023-03-25 03:00:00,19.36,OK,-0.25,BDL,null,OS,null,OS,2.4,OK,10.7,OK,null,OS
2023-03-25 04:00:00,7.69,OK,-0.19,BDL,null,OS,null,OS,2.44,OK,39.31,OK,null,OS
2023-03-25 05:00:00,6.89,OK,-0.21,BDL,null,OS,null,OS,2.51,OK,47.06,OK,null,OS
2023-03-25 06:00:00,10.29,OK,0.02,BDL,null,OS,null,OS,2.65,OK,37.02,OK,null,OS
2023-03-25 07:00:00,20.48,OK,0.13,BDL,null,OS,null,OS,2.58,OK,65.53,OK,null,OS
2023-03-25 08:00:00,30.84,OK,0.0,BDL,null,OS,null,OS,2.52,OK,114.72,OK,null,OS
2023-03-25 09:00:00,40.35,OK,-0.15,BDL,null,OS,null,OS,2.42,OK,78.59,OK,null,OS
2023-03-25 10:00:00,45.65,OK,-0.08,BDL,null,OS,null,OS,2.4,OK,43.04,OK,null,OS
2023-03-25 11:00:00,50.67,OK,-0.13,BDL,null,OS,null,OS,2.34,OK,30.18,OK,null,OS
2023-03-25 12:00:00,49.63,OK,-0.13,BDL,null,OS,null,OS,2.37,OK,26.3,OK,null,OS
2023-03-25 13:00:00,49.6,OK,-0.13,BDL,null,OS,null,OS,2.39,OK,21.57,OK,null,OS
2023-03-25 14:00:00,49.92,OK,-0.22,BDL,null,OS,null,OS,2.35,OK,24.75,OK,null,OS
2023-03-25 15:00:00,50.5,OK,-0.27,BDL,null,OS,null,OS,2.35,OK,22.16,OK,null,OS
2023-03-25 16:00:00,47.8,OK,-0.2,BDL,null,OS,null,OS,2.38,OK,22.8,OK,null,OS
2023-03-25 17:00:00,43.33,OK,-0.16,BDL,null,OS,null,OS,2.39,OK,28.05,OK,null,OS
2023-03-25 18:00:00,37.54,OK,-0.16,BDL,null,OS,null,OS,2.43,OK,27.87,OK,null,OS
2023-03-25 19:00:00,33.35,OK,-0.2,BDL,null,OS,null,OS,2.51,OK,32.18,OK,null,OS
2023-03-25 20:00:00,29.23,OK,-0.16,BDL,null,OS,null,OS,2.52,OK,29.83,OK,null,OS
2023-03-25 21:00:00,24.93,OK,-0.02,BDL,null,OS,null,OS,2.54,OK,19.25,OK,null,OS
2023-03-25 22:00:00,25.43,OK,0.19,BDL,null,OS,null,OS,2.53,OK,70.82,OK,null,OS
2023-03-25 23:00:00,30.45,OK,-0.02,BDL,null,OS,null,OS,2.41,OK,48.07,OK,null,OS
2023-03-26 00:00:00,27.84,OK,-0.09,BDL,null,OS,null,OS,2.43,OK,29.56,OK,null,OS
2023-03-26 01:00:00,13.99,OK,-0.0,BDL,null,OS,null,OS,2.56,OK,40.47,OK,null,OS
2023-03-26 02:00:00,13.52,OK,-0.15,BDL,null,OS,null,OS,2.44,OK,47.22,OK,null,OS
2023-03-26 03:00:00,18.63,OK,-0.26,BDL,null,OS,null,OS,2.35,OK,16.88,OK,null,OS
2023-03-26 04:00:00,16.62,OK,-0.29,BDL,null,OS,null,OS,2.35,OK,14.2,OK,null,OS
2023-03-26 05:00:00,17.83,OK,-0.32,BDL,null,OS,null,OS,2.37,OK,9.28,OK,null,OS
2023-03-26 06:00:00,24.18,OK,-0.24,BDL,null,OS,null,OS,2.36,OK,2.9,BDL,null,OS
2023-03-26 07:00:00,25.2,OK,-0.11,BDL,null,OS,null,OS,2.36,OK,43.06,OK,null,OS
2023-03-26 08:00:00,35.42,OK,-0.08,BDL,null,OS,null,OS,2.38,OK,55.24,OK,null,OS
2023-03-26 09:00:00,43.0,OK,-0.11,BDL,null,OS,null,OS,2.4,OK,63.95,OK,null,OS
2023-03-26 10:00:00,54.34,OK,-0.18,BDL,null,OS,null,OS,2.34,OK,41.74,OK,null,OS
2023-03-26 11:00:00,60.32,OK,-0.16,BDL,null,OS,null,OS,2.3,OK,28.02,OK,null,OS
2023-03-26 12:00:00,55.05,OK,-0.07,BDL,null,OS,null,OS,2.31,OK,26.05,OK,null,OS
2023-03-26 13:00:00,53.13,OK,-0.24,BDL,null,OS,null,OS,2.31,OK,18.19,OK,null,OS
2023-03-26 14:00:00,53.18,OK,-0.16,BDL,null,OS,null,OS,2.34,OK,15.03,OK,null,OS
2023-03-26 15:00:00,52.65,OK,-0.2,BDL,null,OS,null,OS,2.32,OK,20.38,OK,null,OS
2023-03-26 16:00:00,52.08,OK,-0.21,BDL,null,OS,null,OS,2.33,OK,16.28,OK,null,OS
2023-03-26 17:00:00,46.34,OK,-0.18,BDL,null,OS,null,OS,2.39,OK,22.82,OK,null,OS
2023-03-26 18:00:00,42.78,OK,-0.04,BDL,null,OS,null,OS,2.46,OK,33.83,OK,null,OS
2023-03-26 19:00:00,42.53,OK,-0.09,BDL,null,OS,null,OS,2.44,OK,25.41,OK,null,OS
2023-03-26 20:00:00,42.24,OK,-0.09,BDL,null,OS,null,OS,2.39,OK,19.38,OK,null,OS
2023-03-26 21:00:00,38.78,OK,-0.04,BDL,null,OS,null,OS,2.39,OK,24.18,OK,null,OS
2023-03-26 22:00:00,41.27,OK,0.03,BDL,null,OS,null,OS,2.36,OK,46.24,OK,null,OS
2023-03-26 23:00:00,39.3,OK,-0.14,BDL,null,OS,null,OS,2.35,OK,29.18,OK,null,OS
2023-03-27 00:00:00,35.22,OK,-0.07,BDL,null,OS,null,OS,2.41,OK,20.46,OK,null,OS
2023-03-27 01:00:00,35.89,OK,-0.11,BDL,null,OS,null,OS,2.39,OK,27.95,OK,null,OS
2023-03-27 02:00:00,21.76,OK,-0.16,BDL,null,OS,null,OS,2.45,OK,32.76,OK,null,OS
2023-03-27 03:00:00,27.06,OK,-0.18,BDL,null,OS,null,OS,2.33,OK,21.7,OK,null,OS
2023-03-27 04:00:00,14.79,OK,-0.21,BDL,null,OS,null,OS,2.44,OK,18.11,OK,null,OS
2023-03-27 05:00:00,2.77,OK,-0.05,BDL,null,OS,null,OS,2.7,OK,42.63,OK,null,OS
2023-03-27 06:00:00,5.98,OK,0.12,BDL,null,OS,null,OS,2.84,OK,80.15,OK,null,OS
2023-03-27 07:00:00,13.37,OK,0.16,BDL,null,OS,null,OS,2.9,OK,84.31,OK,null,OS
2023-03-27 08:00:00,26.32,OK,0.09,BDL,null,OS,null,OS,2.72,OK,94.83,OK,null,OS
2023-03-27 09:00:00,40.09,OK,-0.09,BDL,null,OS,null,OS,2.54,OK,89.16,OK,null,OS
2023-03-27 10:00:00,48.2,OK,-0.11,BDL,null,OS,null,OS,2.46,OK,60.83,OK,null,OS
2023-03-27 11:00:00,53.27,OK,-0.05,BDL,null,OS,null,OS,2.45,OK,50.99,OK,null,OS
2023-03-27 12:00:00,59.29,OK,-0.14,BDL,null,OS,null,OS,2.43,OK,33.28,OK,null,OS
2023-03-27 13:00:00,51.94,OK,-0.14,BDL,null,OS,null,OS,2.42,OK,34.29,OK,null,OS
2023-03-27 14:00:00,50.11,OK,-0.1,BDL,null,OS,null,OS,2.42,OK,25.19,OK,null,OS
2023-03-27 15:00:00,47.2,OK,-0.21,BDL,null,OS,null,OS,2.42,OK,28.89,OK,null,OS
2023-03-27 16:00:00,46.07,OK,-0.24,BDL,null,OS,null,OS,2.41,OK,49.9,OK,null,OS
2023-03-27 17:00:00,42.05,OK,-0.18,BDL,null,OS,null,OS,2.43,OK,71.12,OK,null,OS
2023-03-27 18:00:00,38.1,OK,-0.24,BDL,null,OS,null,OS,2.48,OK,35.54,OK,null,OS
2023-03-27 19:00:00,39.59,OK,-0.17,BDL,null,OS,null,OS,2.41,OK,43.08,OK,null,OS
2023-03-27 20:00:00,37.65,OK,-0.05,BDL,null,OS,null,OS,2.39,OK,40.11,OK,null,OS
2023-03-27 21:00:00,36.14,OK,0.01,BDL,null,OS,null,OS,2.39,OK,31.46,OK,null,OS
2023-03-27 22:00:00,38.61,OK,0.02,BDL,null,OS,null,OS,2.38,OK,51.91,OK,null,OS
2023-03-27 23:00:00,37.93,OK,0.41,BDL,null,OS,null,OS,2.35,OK,47.37,OK,null,OS
2023-03-28 00:00:00,39.61,OK,0.13,BDL,null,OS,null,OS,2.32,OK,57.37,OK,null,OS
2023-03-28 01:00:00,37.77,OK,0.51,BDL,null,OS,null,OS,2.35,OK,34.45,OK,null,OS
2023-03-28 02:00:00,21.43,OK,0.67,BDL,null,OS,null,OS,2.4,OK,56.01,OK,null,OS
2023-03-28 03:00:00,8.73,OK,-0.1,BDL,null,OS,null,OS,2.38,OK,44.36,OK,null,OS
2023-03-28 04:00:00,15.59,OK,-0.14,BDL,null,OS,null,OS,2.37,OK,33.29,OK,null,OS
2023-03-28 05:00:00,4.76,OK,-0.17,BDL,null,OS,null,OS,2.57,OK,49.99,OK,null,OS
2023-03-28 06:00:00,4.37,OK,0.18,BDL,null,OS,null,OS,2.91,OK,67.35,OK,null,OS
2023-03-28 07:00:00,10.13,OK,0.38,BDL,null,OS,null,OS,2.92,OK,74.84,OK,null,OS
2023-03-28 08:00:00,20.3,OK,0.17,BDL,null,OS,null,OS,2.83,OK,106.24,OK,null,OS
2023-03-28 09:00:00,33.31,OK,0.12,BDL,null,OS,null,OS,2.57,OK,87.12,OK,null,OS
2023-03-28 10:00:00,44.98,OK,-0.01,BDL,null,OS,null,OS,2.44,OK,61.66,OK,null,OS
2023-03-28 11:00:00,49.12,OK,0.07,BDL,null,OS,null,OS,2.44,OK,46.07,OK,null,OS
2023-03-28 12:00:00,48.19,OK,-0.1,BDL,null,OS,null,OS,2.44,OK,25.15,OK,null,OS
2023-03-28 13:00:00,49.0,OK,-0.14,BDL,null,OS,null,OS,2.42,OK,38.38,OK,null,OS
2023-03-28 14:00:00,49.54,OK,-0.13,BDL,null,OS,null,OS,2.43,OK,29.27,OK,null,OS
2023-03-28 15:00:00,47.44,OK,-0.13,BDL,null,OS,null,OS,2.44,OK,26.32,OK,null,OS
2023-03-28 16:00:00,46.43,OK,-0.15,BDL,null,OS,null,OS,2.47,OK,30.18,OK,null,OS
2023-03-28 17:00:00,42.45,OK,-0.16,BDL,null,OS,null,OS,2.49,OK,31.79,OK,null,OS
2023-03-28 18:00:00,35.31,OK,-0.13,BDL,null,OS,null,OS,2.58,OK,33.36,OK,null,OS
2023-03-28 19:00:00,29.17,OK,-0.11,BDL,null,OS,null,OS,2.65,OK,23.4,OK,null,OS
2023-03-28 20:00:00,8.43,OK,0.17,BDL,null,OS,null,OS,2.8,OK,51.49,OK,null,OS
2023-03-28 21:00:00,1.36,OK,0.71,BDL,null,OS,null,OS,3.15,OK,77.21,OK,null,OS
2023-03-28 22:00:00,1.21,OK,0.43,BDL,null,OS,null,OS,3.05,OK,108.15,OK,null,OS
2023-03-28 23:00:00,7.0,OK,0.11,BDL,null,OS,null,OS,2.54,OK,66.05,OK,null,OS
2023-03-29 00:00:00,21.76,OK,-0.11,BDL,null,OS,null,OS,2.39,OK,52.48,OK,null,OS
2023-03-29 01:00:00,21.2,OK,-0.23,BDL,null,OS,null,OS,2.34,OK,22.64,OK,null,OS
2023-03-29 02:00:00,17.29,OK,-0.22,BDL,null,OS,null,OS,2.36,OK,17.59,OK,null,OS
2023-03-29 03:00:00,15.36,OK,-0.26,BDL,null,OS,null,OS,2.37,OK,7.58,OK,null,OS
2023-03-29 04:00:00,13.3,OK,-0.29,BDL,null,OS,null,OS,2.41,OK,5.42,OK,null,OS
2023-03-29 05:00:00,12.77,OK,-0.18,BDL,null,OS,null,OS,2.49,OK,23.61,OK,null,OS
2023-03-29 06:00:00,11.71,OK,0.03,BDL,null,OS,null,OS,2.67,OK,28.92,OK,null,OS
2023-03-29 07:00:00,19.25,OK,0.05,BDL,null,OS,null,OS,2.65,OK,73.02,OK,null,OS
2023-03-29 08:00:00,33.12,OK,-0.09,BDL,null,OS,null,OS,2.56,OK,84.69,OK,null,OS
2023-03-29 09:00:00,41.28,OK,0.08,BDL,null,OS,null,OS,2.5,OK,54.61,OK,null,OS
2023-03-29 10:00:00,43.46,OK,-0.04,BDL,null,OS,null,OS,2.48,OK,44.68,OK,null,OS
2023-03-29 11:00:00,47.79,OK,-0.2,BDL,null,OS,null,OS,2.42,OK,40.07,OK,null,OS
2023-03-29 12:00:00,46.22,OK,-0.17,BDL,null,OS,null,OS,2.46,OK,25.44,OK,null,OS
2023-03-29 13:00:00,45.63,OK,-0.19,BDL,null,OS,null,OS,2.44,OK,32.81,OK,null,OS
2023-03-29 14:00:00,46.26,OK,-0.19,BDL,null,OS,null,OS,2.43,OK,22.79,OK,null,OS
2023-03-29 15:00:00,43.29,OK,-0.2,BDL,null,OS,null,OS,2.41,OK,28.88,OK,null,OS
2023-03-29 16:00:00,39.43,OK,-0.2,BDL,null,OS,null,OS,2.41,OK,34.11,OK,null,OS
2023-03-29 17:00:00,34.87,OK,-0.26,BDL,null,OS,null,OS,2.47,OK,41.13,OK,null,OS
2023-03-29 18:00:00,29.44,OK,-0.21,BDL,null,OS,null,OS,2.52,OK,33.96,OK,null,OS
2023-03-29 19:00:00,20.03,OK,-0.15,BDL,null,OS,null,OS,2.64,OK,30.4,OK,null,OS
2023-03-29 20:00:00,13.55,OK,-0.0,BDL,null,OS,null,OS,2.66,OK,42.16,OK,null,OS
2023-03-29 21:00:00,20.11,OK,0.1,BDL,null,OS,null,OS,2.58,OK,56.7,OK,null,OS
2023-03-29 22:00:00,27.91,OK,-0.13,BDL,null,OS,null,OS,2.44,OK,47.24,OK,null,OS
2023-03-29 23:00:00,32.65,OK,-0.18,BDL,null,OS,null,OS,2.39,OK,22.73,OK,null,OS
2023-03-30 00:00:00,22.51,OK,-0.13,BDL,null,OS,null,OS,2.45,OK,6.99,OK,null,OS
2023-03-30 01:00:00,23.61,OK,-0.15,BDL,null,OS,null,OS,2.41,OK,21.75,OK,null,OS
2023-03-30 02:00:00,18.77,OK,-0.07,BDL,null,OS,null,OS,2.42,OK,30.13,OK,null,OS
2023-03-30 03:00:00,10.27,OK,-0.15,BDL,null,OS,null,OS,2.47,OK,27.46,OK,null,OS
2023-03-30 04:00:00,2.39,OK,0.04,BDL,null,OS,null,OS,2.57,OK,28.53,OK,null,OS
2023-03-30 05:00:00,1.1,OK,0.44,BDL,null,OS,null,OS,2.9,OK,79.3,OK,null,OS
2023-03-30 06:00:00,3.22,OK,0.46,BDL,null,OS,null,OS,3.02,OK,102.03,OK,null,OS
2023-03-30 07:00:00,12.16,OK,0.28,BDL,null,OS,null,OS,2.88,OK,88.77,OK,null,OS
2023-03-30 08:00:00,26.68,OK,0.04,BDL,null,OS,null,OS,2.68,OK,67.87,OK,null,OS
2023-03-30 09:00:00,38.06,OK,-0.03,BDL,null,OS,null,OS,2.48,OK,52.78,OK,null,OS
2023-03-30 10:00:00,39.05,OK,-0.05,BDL,null,OS,null,OS,2.44,OK,39.69,OK,null,OS
2023-03-30 11:00:00,36.72,OK,-0.25,BDL,null,OS,null,OS,2.41,OK,27.71,OK,null,OS
2023-03-30 12:00:00,36.09,OK,-0.09,BDL,null,OS,null,OS,2.45,OK,42.59,OK,null,OS
2023-03-30 13:00:00,38.09,OK,0.61,BDL,null,OS,null,OS,2.52,OK,72.31,OK,null,OS
2023-03-30 14:00:00,37.22,OK,-0.26,BDL,null,OS,null,OS,2.41,OK,62.18,OK,null,OS
2023-03-30 15:00:00,39.09,OK,-0.2,BDL,null,OS,null,OS,2.39,OK,49.99,OK,null,OS
2023-03-30 16:00:00,40.17,OK,-0.23,BDL,null,OS,null,OS,2.41,OK,35.7,OK,null,OS
2023-03-30 17:00:00,39.52,OK,-0.23,BDL,null,OS,null,OS,2.47,OK,29.07,OK,null,OS
2023-03-30 18:00:00,30.64,OK,-0.2,BDL,null,OS,null,OS,2.52,OK,28.96,OK,null,OS
2023-03-30 19:00:00,30.58,OK,-0.2,BDL,null,OS,null,OS,2.49,OK,33.13,OK,null,OS
2023-03-30 20:00:00,31.74,OK,-0.18,BDL,null,OS,null,OS,2.49,OK,8.24,OK,null,OS
2023-03-30 21:00:00,28.83,OK,-0.21,BDL,null,OS,null,OS,2.5,OK,28.78,OK,null,OS
2023-03-30 22:00:00,30.3,OK,-0.13,BDL,null,OS,null,OS,2.5,OK,30.59,OK,null,OS
2023-03-30 23:00:00,25.99,OK,-0.18,BDL,null,OS,null,OS,2.48,OK,26.82,OK,null,OS
2023-03-31 00:00:00,30.99,OK,-0.16,BDL,null,OS,null,OS,2.36,OK,17.26,OK,null,OS
2023-03-31 01:00:00,35.06,OK,-0.12,BDL,null,OS,null,OS,2.3,OK,12.01,OK,null,OS
