Red Universitaria de Observatorios Atmosfericos (RUOA)
Atmospheric Observatory Hermosillo (erno), Sonora
Lat 29.0814 N, Lon 110.9706 W, Alt 154 masl
Time UTC-7h
Air Quality data
Flags: OK = Reliable data, BDL = Below Detection Limit, OR = Out of Range, OS = Out of Service 
 
Time,O3,O3_flag,SO2,SO2_flag,NO2,NO2_flag,NO,NO_flag,CO,CO_flag,PM10,PM10_flag,PM2.5,PM2.5_flag
yyyy-mm-dd HH:MM:SS,ppb,flag,ppb,flag,ppb,flag,ppb,flag,ppm,flag,ug/m^3,flag,ug/m^3,flag
2024-05-01 00:00:00,7.68,OK,-0.02,BDL,null,OS,null,OS,0.47,OK,26.78,OK,14.44,OK
2024-05-01 01:00:00,8.82,OK,-0.07,BDL,null,OS,null,OS,0.43,OK,32.38,OK,10.31,OK
2024-05-01 02:00:00,11.68,OK,-0.05,BDL,null,OS,null,OS,0.37,OK,26.54,OK,19.83,OK
2024-05-01 03:00:00,18.25,OK,-0.08,BDL,null,OS,null,OS,0.27,OK,23.36,OK,19.5,OK
2024-05-01 04:00:00,25.98,OK,-0.03,BDL,null,OS,null,OS,0.2,OK,13.27,OK,2.9,BDL
2024-05-01 05:00:00,17.58,OK,0.01,BDL,null,OS,null,OS,0.26,OK,21.52,OK,1.16,BDL
2024-05-01 06:00:00,27.71,OK,0.03,BDL,null,OS,null,OS,0.28,OK,15.24,OK,2.3,BDL
2024-05-01 07:00:00,39.1,OK,0.1,BDL,null,OS,null,OS,0.24,OK,7.94,OK,4.64,OK
2024-05-01 08:00:00,40.73,OK,0.24,BDL,null,OS,null,OS,0.23,OK,0.83,BDL,11.85,OK
2024-05-01 09:00:00,44.41,OK,-0.07,BDL,null,OS,null,OS,0.23,OK,12.45,OK,19.41,OK
2024-05-01 10:00:00,42.03,OK,-0.13,BDL,null,OS,null,OS,0.23,OK,11.42,OK,10.37,OK
2024-05-01 11:00:00,44.05,OK,-0.11,BDL,null,OS,null,OS,0.24,OK,10.27,OK,13.8,OK
2024-05-01 12:00:00,45.64,OK,-0.14,BDL,null,OS,null,OS,0.24,OK,12.1,OK,11.61,OK
2024-05-01 13:00:00,45.35,OK,-0.08,BDL,null,OS,null,OS,0.25,OK,16.8,OK,16.01,OK
2024-05-01 14:00:00,41.47,OK,-0.15,BDL,null,OS,null,OS,0.28,OK,24.18,OK,18.56,OK
2024-05-01 15:00:00,40.06,OK,-0.16,BDL,null,OS,null,OS,0.27,OK,29.77,OK,19.2,OK
2024-05-01 16:00:00,40.17,OK,-0.11,BDL,null,OS,null,OS,0.25,OK,30.71,OK,12.13,OK
2024-05-01 17:00:00,41.45,OK,-0.2,BDL,null,OS,null,OS,0.23,OK,23.27,OK,9.3,OK
2024-05-01 18:00:00,36.53,OK,-0.1,BDL,null,OS,null,OS,0.3,OK,18.81,OK,5.71,OK
2024-05-01 19:00:00,29.34,OK,-0.11,BDL,null,OS,null,OS,0.34,OK,16.08,OK,0.66,BDL
2024-05-01 20:00:00,24.16,OK,-0.03,BDL,null,OS,null,OS,0.36,OK,25.54,OK,2.09,BDL
2024-05-01 21:00:00,23.91,OK,-0.06,BDL,null,OS,null,OS,0.34,OK,20.0,OK,9.66,OK
2024-05-01 22:00:00,15.15,OK,-0.1,BDL,null,OS,null,OS,0.44,OK,24.06,OK,11.65,OK
2024-05-01 23:00:00,10.28,OK,-0.04,BDL,null,OS,null,OS,0.47,OK,28.41,OK,18.71,OK
2024-05-02 00:00:00,9.05,OK,0.07,BDL,null,OS,null,OS,0.46,OK,32.28,OK,21.99,OK
2024-05-02 01:00:00,12.28,OK,-0.02,BDL,null,OS,null,OS,0.35,OK,26.17,OK,23.81,OK
2024-05-02 02:00:00,13.72,OK,-0.04,BDL,null,OS,null,OS,0.27,OK,17.54,OK,9.78,OK
2024-05-02 03:00:00,11.88,OK,-0.07,BDL,null,OS,null,OS,0.23,OK,19.95,OK,9.81,OK
2024-05-02 04:00:00,9.01,OK,-0.12,BDL,null,OS,null,OS,0.23,OK,21.75,OK,14.77,OK
2024-05-02 05:00:00,8.15,OK,0.03,BDL,null,OS,null,OS,0.33,OK,21.89,OK,28.76,OK
2024-05-02 06:00:00,20.1,OK,-0.0,BDL,null,OS,null,OS,0.35,OK,18.48,OK,1.65,BDL
2024-05-02 07:00:00,30.17,OK,-0.04,BDL,null,OS,null,OS,0.32,OK,13.85,OK,3.73,BDL
2024-05-02 08:00:00,35.66,OK,-0.01,BDL,null,OS,null,OS,0.28,OK,8.77,OK,9.22,OK
2024-05-02 09:00:00,41.61,OK,-0.04,BDL,null,OS,null,OS,0.3,OK,8.88,OK,15.16,OK
2024-05-02 10:00:00,45.08,OK,-0.08,BDL,null,OS,null,OS,0.31,OK,10.32,OK,15.87,OK
2024-05-02 11:00:00,44.45,OK,-0.12,BDL,null,OS,null,OS,0.33,OK,12.48,OK,19.42,OK
2024-05-02 12:00:00,45.31,OK,-0.12,BDL,null,OS,null,OS,0.29,OK,7.15,OK,11.87,OK
2024-05-02 13:00:00,48.77,OK,-0.12,BDL,null,OS,null,OS,0.29,OK,10.52,OK,13.94,OK
2024-05-02 14:00:00,45.53,OK,-0.15,BDL,null,OS,null,OS,0.31,OK,11.06,OK,23.18,OK
2024-05-02 15:00:00,41.7,OK,-0.19,BDL,null,OS,null,OS,0.32,OK,16.55,OK,15.21,OK
2024-05-02 16:00:00,40.66,OK,-0.15,BDL,null,OS,null,OS,0.32,OK,24.9,OK,15.9,OK
2024-05-02 17:00:00,38.37,OK,-0.14,BDL,null,OS,null,OS,0.31,OK,23.44,OK,5.22,OK
2024-05-02 18:00:00,36.27,OK,-0.13,BDL,null,OS,null,OS,0.31,OK,19.56,OK,14.13,OK
2024-05-02 19:00:00,33.14,OK,-0.13,BDL,null,OS,null,OS,0.33,OK,23.88,OK,-0.46,BDL
2024-05-02 20:00:00,31.89,OK,-0.04,BDL,null,OS,null,OS,0.36,OK,19.42,OK,0.28,BDL
2024-05-02 21:00:00,39.6,OK,-0.01,BDL,null,OS,null,OS,0.37,OK,21.37,OK,6.04,OK
2024-05-02 22:00:00,34.2,OK,-0.03,BDL,null,OS,null,OS,0.42,OK,21.7,OK,8.23,OK
2024-05-02 23:00:00,14.51,OK,0.03,BDL,null,OS,null,OS,0.58,OK,23.14,OK,15.08,OK
2024-05-03 00:00:00,20.98,OK,-0.09,BDL,null,OS,null,OS,0.32,OK,24.05,OK,19.05,OK
2024-05-03 01:00:00,17.01,OK,-0.04,BDL,null,OS,null,OS,0.31,OK,14.88,OK,7.2,OK
2024-05-03 02:00:00,23.52,OK,-0.06,BDL,null,OS,null,OS,0.39,OK,26.03,OK,20.46,OK
2024-05-03 03:00:00,21.2,OK,-0.2,BDL,null,OS,null,OS,0.35,OK,9.47,OK,17.75,OK
2024-05-03 04:00:00,4.36,OK,-0.07,BDL,null,OS,null,OS,0.31,OK,22.2,OK,12.35,OK
2024-05-03 05:00:00,4.29,OK,-0.0,BDL,null,OS,null,OS,0.35,OK,24.97,OK,15.06,OK
2024-05-03 06:00:00,7.39,OK,0.18,BDL,null,OS,null,OS,0.54,OK,25.8,OK,12.29,OK
2024-05-03 07:00:00,23.96,OK,0.09,BDL,null,OS,null,OS,0.4,OK,28.25,OK,18.54,OK
2024-05-03 08:00:00,38.11,OK,0.03,BDL,null,OS,null,OS,0.3,OK,12.72,OK,8.03,OK
2024-05-03 09:00:00,45.7,OK,-0.07,BDL,null,OS,null,OS,0.31,OK,15.18,OK,12.56,OK
2024-05-03 10:00:00,51.98,OK,-0.05,BDL,null,OS,null,OS,0.27,OK,10.31,OK,17.97,OK
2024-05-03 11:00:00,49.0,OK,-0.13,BDL,null,OS,null,OS,0.29,OK,9.46,OK,18.59,OK
2024-05-03 12:00:00,47.36,OK,-0.13,BDL,null,OS,null,OS,0.32,OK,8.91,OK,12.12,OK
2024-05-03 13:00:00,51.96,OK,-0.07,BDL,null,OS,null,OS,0.33,OK,12.09,OK,14.48,OK
2024-05-03 14:00:00,50.79,OK,-0.1,BDL,null,OS,null,OS,0.32,OK,11.86,OK,15.73,OK
2024-05-03 15:00:00,43.94,OK,-0.1,BDL,null,OS,null,OS,0.34,OK,24.08,OK,22.54,OK
2024-05-03 16:00:00,41.98,OK,0.01,BDL,null,OS,null,OS,0.32,OK,34.9,OK,23.15,OK
2024-05-03 17:00:00,39.37,OK,-0.0,BDL,null,OS,null,OS,0.33,OK,30.97,OK,12.25,OK
2024-05-03 18:00:00,36.29,OK,0.02,BDL,null,OS,null,OS,0.35,OK,20.77,OK,20.9,OK
2024-05-03 19:00:00,31.08,OK,-0.02,BDL,null,OS,null,OS,0.41,OK,24.28,OK,5.07,OK
2024-05-03 20:00:00,27.17,OK,-0.02,BDL,null,OS,null,OS,0.41,OK,25.16,OK,7.85,OK
2024-05-03 21:00:00,28.53,OK,-0.06,BDL,null,OS,null,OS,0.45,OK,25.05,OK,10.67,OK
2024-05-03 22:00:00,22.34,OK,-0.06,BDL,null,OS,null,OS,0.47,OK,24.09,OK,14.43,OK
2024-05-03 23:00:00,23.84,OK,-0.1,BDL,null,OS,null,OS,0.43,OK,18.83,OK,14.03,OK
2024-05-04 00:00:00,9.88,OK,-0.01,BDL,null,OS,null,OS,0.57,OK,21.76,OK,16.24,OK
2024-05-04 01:00:00,10.01,OK,-0.0,BDL,null,OS,null,OS,0.41,OK,29.33,OK,24.33,OK
2024-05-04 02:00:00,20.45,OK,-0.08,BDL,null,OS,null,OS,0.29,OK,29.45,OK,48.77,OK
2024-05-04 03:00:00,16.8,OK,-0.04,BDL,null,OS,null,OS,0.24,OK,17.11,OK,8.2,OK
2024-05-04 04:00:00,15.12,OK,-0.1,BDL,null,OS,null,OS,0.23,OK,21.46,OK,18.78,OK
2024-05-04 05:00:00,14.25,OK,-0.03,BDL,null,OS,null,OS,0.31,OK,22.21,OK,16.37,OK
2024-05-04 06:00:00,19.02,OK,0.07,BDL,null,OS,null,OS,0.34,OK,14.34,OK,-1.88,BDL
2024-05-04 07:00:00,32.94,OK,-0.06,BDL,null,OS,null,OS,0.31,OK,14.04,OK,6.2,OK
2024-05-04 08:00:00,38.74,OK,-0.04,BDL,null,OS,null,OS,0.3,OK,12.16,OK,11.7,OK
2024-05-04 09:00:00,44.45,OK,-0.08,BDL,null,OS,null,OS,0.28,OK,10.92,OK,19.08,OK
2024-05-04 10:00:00,50.98,OK,-0.13,BDL,null,OS,null,OS,0.27,OK,12.18,OK,17.98,OK
2024-05-04 11:00:00,50.23,OK,-0.11,BDL,null,OS,null,OS,0.28,OK,8.6,OK,19.24,OK
2024-05-04 12:00:00,49.03,OK,-0.1,BDL,null,OS,null,OS,0.3,OK,11.77,OK,15.69,OK
2024-05-04 13:00:00,47.69,OK,-0.16,BDL,null,OS,null,OS,0.31,OK,15.07,OK,14.4,OK
2024-05-04 14:00:00,49.42,OK,-0.12,BDL,null,OS,null,OS,0.28,OK,17.52,OK,20.29,OK
2024-05-04 15:00:00,52.26,OK,-0.17,BDL,null,OS,null,OS,0.26,OK,14.59,OK,14.08,OK
2024-05-04 16:00:00,51.42,OK,-0.14,BDL,null,OS,null,OS,0.26,OK,24.09,OK,10.84,OK
2024-05-04 17:00:00,46.96,OK,-0.13,BDL,null,OS,null,OS,0.27,OK,20.16,OK,11.51,OK
2024-05-04 18:00:00,42.46,OK,-0.11,BDL,null,OS,null,OS,0.31,OK,17.39,OK,12.15,OK
2024-05-04 19:00:00,37.25,OK,-0.08,BDL,null,OS,null,OS,0.35,OK,18.59,OK,5.73,OK
2024-05-04 20:00:00,30.95,OK,-0.08,BDL,null,OS,null,OS,0.38,OK,24.68,OK,3.63,BDL
2024-05-04 21:00:00,20.64,OK,-0.04,BDL,null,OS,null,OS,0.5,OK,29.67,OK,4.9,OK
2024-05-04 22:00:00,5.86,OK,0.07,BDL,null,OS,null,OS,0.78,OK,24.85,OK,6.73,OK
2024-05-04 23:00:00,0.92,BDL,0.31,BDL,null,OS,null,OS,1.02,OK,40.51,OK,15.84,OK
2024-05-05 00:00:00,8.38,OK,0.07,BDL,null,OS,null,OS,0.57,OK,33.89,OK,21.43,OK
2024-05-05 01:00:00,16.96,OK,-0.05,BDL,null,OS,null,OS,0.39,OK,24.45,OK,4.72,OK
2024-05-05 02:00:00,17.85,OK,0.04,BDL,null,OS,null,OS,0.34,OK,27.33,OK,19.92,OK
2024-05-05 03:00:00,10.07,OK,-0.09,BDL,null,OS,null,OS,0.32,OK,21.15,OK,7.89,OK
2024-05-05 04:00:00,13.6,OK,-0.05,BDL,null,OS,null,OS,0.23,OK,27.79,OK,13.34,OK
2024-05-05 05:00:00,15.82,OK,0.01,BDL,null,OS,null,OS,0.28,OK,25.67,OK,6.44,OK
2024-05-05 06:00:00,20.44,OK,0.07,BDL,null,OS,null,OS,0.29,OK,16.35,OK,3.12,BDL
2024-05-05 07:00:00,33.04,OK,0.07,BDL,null,OS,null,OS,0.28,OK,12.42,OK,9.42,OK
2024-05-05 08:00:00,40.98,OK,-0.03,BDL,null,OS,null,OS,0.27,OK,13.57,OK,36.98,OK
2024-05-05 09:00:00,46.44,OK,-0.03,BDL,null,OS,null,OS,0.28,OK,5.84,OK,17.06,OK
2024-05-05 10:00:00,51.45,OK,-0.07,BDL,null,OS,null,OS,0.28,OK,10.27,OK,23.53,OK
2024-05-05 11:00:00,51.47,OK,-0.09,BDL,null,OS,null,OS,0.26,OK,14.12,OK,16.66,OK
2024-05-05 12:00:00,47.82,OK,-0.11,BDL,null,OS,null,OS,0.26,OK,11.86,OK,16.85,OK
2024-05-05 13:00:00,49.29,OK,-0.18,BDL,null,OS,null,OS,0.27,OK,16.93,OK,15.04,OK
2024-05-05 14:00:00,44.69,OK,-0.14,BDL,null,OS,null,OS,0.3,OK,12.51,OK,14.65,OK
2024-05-05 15:00:00,42.83,OK,-0.11,BDL,null,OS,null,OS,0.26,OK,32.88,OK,19.21,OK
2024-05-05 16:00:00,41.02,OK,-0.11,BDL,null,OS,null,OS,0.27,OK,23.4,OK,23.64,OK
2024-05-05 17:00:00,35.97,OK,-0.1,BDL,null,OS,null,OS,0.32,OK,14.7,OK,5.2,OK
2024-05-05 18:00:00,30.04,OK,-0.12,BDL,null,OS,null,OS,0.32,OK,29.04,OK,41.8,OK
2024-05-05 19:00:00,27.31,OK,-0.12,BDL,null,OS,null,OS,0.33,OK,18.44,OK,0.12,BDL
2024-05-05 20:00:00,21.75,OK,-0.13,BDL,null,OS,null,OS,0.37,OK,15.39,OK,24.91,OK
2024-05-05 21:00:00,19.5,OK,-0.13,BDL,null,OS,null,OS,0.38,OK,18.71,OK,13.15,OK
2024-05-05 22:00:00,23.8,OK,-0.08,BDL,null,OS,null,OS,0.36,OK,14.62,OK,3.56,BDL
2024-05-05 23:00:00,26.79,OK,-0.15,BDL,null,OS,null,OS,0.31,OK,9.77,OK,12.24,OK
2024-05-06 00:00:00,26.44,OK,-0.12,BDL,null,OS,null,OS,0.28,OK,11.72,OK,13.92,OK
2024-05-06 01:00:00,20.37,OK,-0.2,BDL,null,OS,null,OS,0.31,OK,8.47,OK,11.92,OK
2024-05-06 02:00:00,17.92,OK,-0.07,BDL,null,OS,null,OS,0.33,OK,19.27,OK,16.55,OK
2024-05-06 03:00:00,19.88,OK,-0.1,BDL,null,OS,null,OS,0.29,OK,18.14,OK,20.65,OK
2024-05-06 04:00:00,18.91,OK,-0.15,BDL,null,OS,null,OS,0.28,OK,10.59,OK,12.83,OK
2024-05-06 05:00:00,21.32,OK,-0.11,BDL,null,OS,null,OS,0.39,OK,12.19,OK,6.19,OK
2024-05-06 06:00:00,21.69,OK,-0.07,BDL,null,OS,null,OS,0.46,OK,12.33,OK,21.66,OK
2024-05-06 07:00:00,25.48,OK,-0.07,BDL,null,OS,null,OS,0.44,OK,14.82,OK,26.0,OK
2024-05-06 08:00:00,31.09,OK,-0.01,BDL,null,OS,null,OS,0.44,OK,17.14,OK,45.08,OK
2024-05-06 09:00:00,38.02,OK,-0.12,BDL,null,OS,null,OS,0.34,OK,15.35,OK,45.12,OK
2024-05-06 10:00:00,40.71,OK,-0.03,BDL,null,OS,null,OS,0.27,OK,10.65,OK,27.07,OK
2024-05-06 11:00:00,39.64,OK,-0.14,BDL,null,OS,null,OS,0.26,OK,9.72,OK,9.13,OK
2024-05-06 12:00:00,38.85,OK,-0.14,BDL,null,OS,null,OS,0.29,OK,9.29,OK,7.16,OK
2024-05-06 13:00:00,37.18,OK,-0.09,BDL,null,OS,null,OS,0.3,OK,12.28,OK,11.35,OK
2024-05-06 14:00:00,38.23,OK,-0.06,BDL,null,OS,null,OS,0.3,OK,12.37,OK,6.87,OK
2024-05-06 15:00:00,37.81,OK,-0.11,BDL,null,OS,null,OS,0.33,OK,8.8,OK,6.17,OK
2024-05-06 16:00:00,39.18,OK,-0.06,BDL,null,OS,null,OS,0.35,OK,19.59,OK,10.25,OK
2024-05-06 17:00:00,38.56,OK,-0.13,BDL,null,OS,null,OS,0.38,OK,27.41,OK,14.83,OK
2024-05-06 18:00:00,40.04,OK,-0.05,BDL,null,OS,null,OS,0.32,OK,29.68,OK,8.58,OK
2024-05-06 19:00:00,40.57,OK,-0.1,BDL,null,OS,null,OS,0.29,OK,20.76,OK,3.41,BDL
2024-05-06 20:00:00,34.5,OK,-0.08,BDL,null,OS,null,OS,0.31,OK,23.14,OK,1.63,BDL
2024-05-06 21:00:00,28.54,OK,-0.06,BDL,null,OS,null,OS,0.34,OK,24.82,OK,9.67,OK
2024-05-06 22:00:00,30.16,OK,-0.13,BDL,null,OS,null,OS,0.29,OK,30.72,OK,7.35,OK
2024-05-06 23:00:00,32.61,OK,-0.06,BDL,null,OS,null,OS,0.29,OK,29.2,OK,13.8,OK
2024-05-07 00:00:00,30.62,OK,-0.1,BDL,null,OS,null,OS,0.26,OK,18.64,OK,9.69,OK
2024-05-07 01:00:00,21.63,OK,-0.05,BDL,null,OS,null,OS,0.32,OK,19.51,OK,7.47,OK
2024-05-07 02:00:00,20.82,OK,-0.01,BDL,null,OS,null,OS,0.32,OK,21.85,OK,10.85,OK
2024-05-07 03:00:00,6.84,OK,0.04,BDL,null,OS,null,OS,0.33,OK,28.38,OK,13.8,OK
2024-05-07 04:00:00,4.32,OK,-0.05,BDL,null,OS,null,OS,0.29,OK,32.14,OK,23.76,OK
2024-05-07 05:00:00,6.9,OK,-0.04,BDL,null,OS,null,OS,0.37,OK,24.83,OK,13.32,OK
2024-05-07 06:00:00,9.03,OK,0.26,BDL,null,OS,null,OS,0.51,OK,24.9,OK,-1.14,BDL
2024-05-07 07:00:00,25.27,OK,0.27,BDL,null,OS,null,OS,0.45,OK,33.52,OK,18.63,OK
2024-05-07 08:00:00,37.09,OK,0.09,BDL,null,OS,null,OS,0.42,OK,23.33,OK,15.87,OK
2024-05-07 09:00:00,46.41,OK,-0.03,BDL,null,OS,null,OS,0.35,OK,25.86,OK,21.13,OK
2024-05-07 10:00:00,49.83,OK,-0.11,BDL,null,OS,null,OS,0.3,OK,19.47,OK,16.47,OK
2024-05-07 11:00:00,48.71,OK,-0.13,BDL,null,OS,null,OS,0.29,OK,10.46,OK,8.35,OK
2024-05-07 12:00:00,45.97,OK,-0.07,BDL,null,OS,null,OS,0.31,OK,12.59,OK,9.51,OK
2024-05-07 13:00:00,45.84,OK,-0.06,BDL,null,OS,null,OS,0.34,OK,13.9,OK,10.49,OK
2024-05-07 14:00:00,46.81,OK,-0.12,BDL,null,OS,null,OS,0.33,OK,15.19,OK,17.03,OK
2024-05-07 15:00:00,46.49,OK,-0.11,BDL,null,OS,null,OS,0.31,OK,19.16,OK,9.96,OK
2024-05-07 16:00:00,46.5,OK,-0.12,BDL,null,OS,null,OS,0.31,OK,17.38,OK,14.84,OK
2024-05-07 17:00:00,44.29,OK,-0.07,BDL,null,OS,null,OS,0.32,OK,18.06,OK,8.41,OK
2024-05-07 18:00:00,37.95,OK,-0.1,BDL,null,OS,null,OS,0.41,OK,20.52,OK,7.85,OK
2024-05-07 19:00:00,36.47,OK,-0.07,BDL,null,OS,null,OS,0.35,OK,24.37,OK,3.63,BDL
2024-05-07 20:00:00,26.67,OK,0.09,BDL,null,OS,null,OS,0.43,OK,26.06,OK,-0.59,BDL
2024-05-07 21:00:00,31.68,OK,-0.07,BDL,null,OS,null,OS,0.36,OK,22.75,OK,0.19,BDL
2024-05-07 22:00:00,31.2,OK,-0.07,BDL,null,OS,null,OS,0.32,OK,16.5,OK,5.37,OK
2024-05-07 23:00:00,37.55,OK,-0.12,BDL,null,OS,null,OS,0.27,OK,14.68,OK,7.13,OK
2024-05-08 00:00:00,37.84,OK,-0.07,BDL,null,OS,null,OS,0.26,OK,16.12,OK,5.16,OK
2024-05-08 01:00:00,29.96,OK,-0.08,BDL,null,OS,null,OS,0.29,OK,8.21,OK,6.37,OK
2024-05-08 02:00:00,24.18,OK,0.02,BDL,null,OS,null,OS,0.26,OK,18.56,OK,4.81,OK
2024-05-08 03:00:00,26.14,OK,-0.02,BDL,null,OS,null,OS,0.26,OK,17.73,OK,10.73,OK
2024-05-08 04:00:00,24.48,OK,-0.04,BDL,null,OS,null,OS,0.24,OK,22.9,OK,6.45,OK
2024-05-08 05:00:00,15.6,OK,-0.05,BDL,null,OS,null,OS,0.33,OK,16.52,OK,13.75,OK
2024-05-08 06:00:00,26.32,OK,0.0,BDL,null,OS,null,OS,0.34,OK,16.77,OK,-3.87,BDL
2024-05-08 07:00:00,34.04,OK,-0.02,BDL,null,OS,null,OS,0.31,OK,13.12,OK,6.58,OK
2024-05-08 08:00:00,34.11,OK,0.04,BDL,null,OS,null,OS,0.31,OK,10.24,OK,29.65,OK
2024-05-08 09:00:00,41.48,OK,0.06,BDL,null,OS,null,OS,0.34,OK,17.34,OK,39.55,OK
2024-05-08 10:00:00,46.03,OK,-0.06,BDL,null,OS,null,OS,0.29,OK,9.95,OK,17.59,OK
2024-05-08 11:00:00,46.16,OK,-0.11,BDL,null,OS,null,OS,0.29,OK,11.81,OK,40.13,OK
2024-05-08 12:00:00,47.32,OK,-0.09,BDL,null,OS,null,OS,0.32,OK,14.13,OK,33.1,OK
2024-05-08 13:00:00,47.75,OK,-0.11,BDL,null,OS,null,OS,0.3,OK,24.71,OK,43.63,OK
2024-05-08 14:00:00,47.9,OK,-0.09,BDL,null,OS,null,OS,0.34,OK,17.88,OK,29.76,OK
2024-05-08 15:00:00,48.78,OK,-0.09,BDL,null,OS,null,OS,0.32,OK,17.47,OK,39.08,OK
2024-05-08 16:00:00,44.37,OK,-0.05,BDL,null,OS,null,OS,0.35,OK,23.78,OK,30.45,OK
2024-05-08 17:00:00,44.15,OK,-0.1,BDL,null,OS,null,OS,0.31,OK,17.62,OK,36.47,OK
2024-05-08 18:00:00,37.74,OK,-0.06,BDL,null,OS,null,OS,0.34,OK,25.3,OK,23.09,OK
2024-05-08 19:00:00,34.85,OK,-0.15,BDL,null,OS,null,OS,0.32,OK,23.98,OK,16.15,OK
2024-05-08 20:00:00,29.72,OK,-0.13,BDL,null,OS,null,OS,0.35,OK,22.05,OK,10.49,OK
2024-05-08 21:00:00,23.99,OK,-0.16,BDL,null,OS,null,OS,0.46,OK,19.96,OK,11.27,OK
2024-05-08 22:00:00,29.59,OK,-0.13,BDL,null,OS,null,OS,0.33,OK,19.42,OK,10.5,OK
2024-05-08 23:00:00,27.72,OK,-0.15,BDL,null,OS,null,OS,0.32,OK,12.53,OK,4.12,OK
2024-05-09 00:00:00,25.98,OK,-0.09,BDL,null,OS,null,OS,0.3,OK,13.24,OK,5.42,OK
2024-05-09 01:00:00,28.51,OK,-0.21,BDL,null,OS,null,OS,0.29,OK,18.07,OK,7.34,OK
2024-05-09 02:00:00,16.91,OK,-0.18,BDL,null,OS,null,OS,0.34,OK,16.58,OK,14.14,OK
2024-05-09 03:00:00,13.04,OK,-0.15,BDL,null,OS,null,OS,0.3,OK,22.21,OK,17.19,OK
2024-05-09 04:00:00,8.9,OK,-0.1,BDL,null,OS,null,OS,0.34,OK,16.37,OK,11.83,OK
2024-05-09 05:00:00,6.42,OK,0.05,BDL,null,OS,null,OS,0.46,OK,18.68,OK,9.32,OK
2024-05-09 06:00:00,12.99,OK,0.07,BDL,null,OS,null,OS,0.45,OK,24.47,OK,16.07,OK
2024-05-09 07:00:00,32.57,OK,0.01,BDL,null,OS,null,OS,0.36,OK,18.6,OK,22.9,OK
2024-05-09 08:00:00,38.56,OK,0.04,BDL,null,OS,null,OS,0.32,OK,11.11,OK,25.6,OK
2024-05-09 09:00:00,45.77,OK,0.06,BDL,null,OS,null,OS,0.3,OK,7.78,OK,49.42,OK
2024-05-09 10:00:00,53.3,OK,-0.14,BDL,null,OS,null,OS,0.28,OK,14.35,OK,48.41,OK
2024-05-09 11:00:00,56.44,OK,-0.1,BDL,null,OS,null,OS,0.29,OK,7.78,OK,40.69,OK
2024-05-09 12:00:00,56.86,OK,-0.11,BDL,null,OS,null,OS,0.31,OK,3.87,BDL,30.29,OK
2024-05-09 13:00:00,51.99,OK,-0.09,BDL,null,OS,null,OS,0.33,OK,9.75,OK,34.2,OK
2024-05-09 14:00:00,49.17,OK,-0.06,BDL,null,OS,null,OS,0.33,OK,9.34,OK,31.57,OK
2024-05-09 15:00:00,47.96,OK,-0.06,BDL,null,OS,null,OS,0.32,OK,11.96,OK,23.21,OK
2024-05-09 16:00:00,47.99,OK,-0.11,BDL,null,OS,null,OS,0.33,OK,19.01,OK,23.41,OK
2024-05-09 17:00:00,44.06,OK,-0.11,BDL,null,OS,null,OS,0.36,OK,19.69,OK,25.63,OK
2024-05-09 18:00:00,37.03,OK,0.01,BDL,null,OS,null,OS,0.4,OK,21.13,OK,16.79,OK
2024-05-09 19:00:00,35.16,OK,-0.03,BDL,null,OS,null,OS,0.4,OK,20.31,OK,8.66,OK
2024-05-09 20:00:00,29.44,OK,-0.06,BDL,null,OS,null,OS,0.4,OK,23.3,OK,6.99,OK
2024-05-09 21:00:00,28.02,OK,-0.09,BDL,null,OS,null,OS,0.44,OK,26.31,OK,5.97,OK
2024-05-09 22:00:00,30.95,OK,-0.09,BDL,null,OS,null,OS,0.34,OK,23.01,OK,4.87,OK
2024-05-09 23:00:00,26.86,OK,-0.07,BDL,null,OS,null,OS,0.35,OK,22.7,OK,8.46,OK
2024-05-10 00:00:00,24.63,OK,-0.11,BDL,null,OS,null,OS,0.36,OK,19.47,OK,7.72,OK
2024-05-10 01:00:00,17.38,OK,-0.07,BDL,null,OS,null,OS,0.37,OK,20.74,OK,15.74,OK
2024-05-10 02:00:00,3.4,OK,0.37,BDL,null,OS,null,OS,0.43,OK,22.56,OK,13.42,OK
2024-05-10 03:00:00,6.6,OK,0.25,BDL,null,OS,null,OS,0.43,OK,38.6,OK,46.49,OK
2024-05-10 04:00:00,3.28,OK,0.07,BDL,null,OS,null,OS,0.39,OK,26.33,OK,20.5,OK
2024-05-10 05:00:00,8.42,OK,0.15,BDL,null,OS,null,OS,0.38,OK,21.99,OK,-0.11,BDL
2024-05-10 06:00:00,11.92,OK,0.17,BDL,null,OS,null,OS,0.45,OK,20.63,OK,3.45,BDL
2024-05-10 07:00:00,12.83,OK,0.41,BDL,null,OS,null,OS,0.8,OK,28.89,OK,24.37,OK
2024-05-10 08:00:00,32.33,OK,0.16,BDL,null,OS,null,OS,0.62,OK,38.63,OK,34.0,OK
2024-05-10 09:00:00,43.63,OK,0.04,BDL,null,OS,null,OS,0.38,OK,27.43,OK,19.3,OK
2024-05-10 10:00:00,48.81,OK,-0.04,BDL,null,OS,null,OS,0.35,OK,9.12,OK,14.75,OK
2024-05-10 11:00:00,57.31,OK,0.13,BDL,null,OS,null,OS,0.31,OK,6.22,OK,13.93,OK
2024-05-10 12:00:00,56.22,OK,0.11,BDL,null,OS,null,OS,0.35,OK,20.57,OK,24.29,OK
2024-05-10 13:00:00,54.58,OK,-0.08,BDL,null,OS,null,OS,0.35,OK,13.75,OK,11.46,OK
2024-05-10 14:00:00,56.34,OK,-0.0,BDL,null,OS,null,OS,0.32,OK,13.25,OK,17.79,OK
2024-05-10 15:00:00,58.18,OK,-0.06,BDL,null,OS,null,OS,0.33,OK,24.19,OK,18.28,OK
2024-05-10 16:00:00,52.59,OK,-0.08,BDL,null,OS,null,OS,0.31,OK,19.21,OK,18.96,OK
2024-05-10 17:00:00,45.47,OK,-0.14,BDL,null,OS,null,OS,0.31,OK,24.02,OK,14.84,OK
2024-05-10 18:00:00,39.49,OK,-0.05,BDL,null,OS,null,OS,0.36,OK,29.17,OK,11.32,OK
2024-05-10 19:00:00,35.07,OK,-0.08,BDL,null,OS,null,OS,0.35,OK,24.94,OK,6.77,OK
2024-05-10 20:00:00,33.75,OK,-0.09,BDL,null,OS,null,OS,0.37,OK,21.34,OK,3.64,BDL
2024-05-10 21:00:00,31.7,OK,-0.02,BDL,null,OS,null,OS,0.46,OK,26.79,OK,10.33,OK
2024-05-10 22:00:00,33.39,OK,-0.03,BDL,null,OS,null,OS,0.41,OK,25.01,OK,7.38,OK
2024-05-10 23:00:00,33.52,OK,-0.09,BDL,null,OS,null,OS,0.36,OK,17.28,OK,12.07,OK
2024-05-11 00:00:00,29.95,OK,-0.05,BDL,null,OS,null,OS,0.4,OK,17.94,OK,11.44,OK
2024-05-11 01:00:00,27.95,OK,-0.1,BDL,null,OS,null,OS,0.37,OK,14.39,OK,1.53,BDL
2024-05-11 02:00:00,17.49,OK,-0.06,BDL,null,OS,null,OS,0.42,OK,19.06,OK,9.65,OK
2024-05-11 03:00:00,13.38,OK,0.03,BDL,null,OS,null,OS,0.4,OK,15.99,OK,14.13,OK
2024-05-11 04:00:00,6.28,OK,-0.0,BDL,null,OS,null,OS,0.36,OK,27.25,OK,18.01,OK
2024-05-11 05:00:00,9.87,OK,0.14,BDL,null,OS,null,OS,0.35,OK,27.87,OK,7.41,OK
2024-05-11 06:00:00,14.94,OK,0.29,BDL,null,OS,null,OS,0.35,OK,20.72,OK,3.27,BDL
2024-05-11 07:00:00,21.27,OK,0.21,BDL,null,OS,null,OS,0.4,OK,25.22,OK,6.02,OK
2024-05-11 08:00:00,33.95,OK,0.06,BDL,null,OS,null,OS,0.41,OK,21.24,OK,22.94,OK
2024-05-11 09:00:00,51.04,OK,0.02,BDL,null,OS,null,OS,0.36,OK,15.45,OK,18.75,OK
2024-05-11 10:00:00,62.12,OK,-0.03,BDL,null,OS,null,OS,0.3,OK,14.03,OK,21.01,OK
2024-05-11 11:00:00,62.08,OK,0.03,BDL,null,OS,null,OS,0.32,OK,10.14,OK,19.35,OK
2024-05-11 12:00:00,60.97,OK,-0.03,BDL,null,OS,null,OS,0.33,OK,11.25,OK,15.59,OK
2024-05-11 13:00:00,60.15,OK,-0.11,BDL,null,OS,null,OS,0.34,OK,11.91,OK,15.91,OK
2024-05-11 14:00:00,57.49,OK,-0.14,BDL,null,OS,null,OS,0.3,OK,14.68,OK,21.67,OK
2024-05-11 15:00:00,55.98,OK,-0.06,BDL,null,OS,null,OS,0.3,OK,10.43,OK,14.95,OK
2024-05-11 16:00:00,54.04,OK,-0.09,BDL,null,OS,null,OS,0.29,OK,20.67,OK,22.24,OK
2024-05-11 17:00:00,54.46,OK,-0.14,BDL,null,OS,null,OS,0.31,OK,26.03,OK,9.6,OK
2024-05-11 18:00:00,48.25,OK,-0.1,BDL,null,OS,null,OS,0.34,OK,22.32,OK,12.31,OK
2024-05-11 19:00:00,40.24,OK,-0.08,BDL,null,OS,null,OS,0.37,OK,23.72,OK,7.4,OK
2024-05-11 20:00:00,39.33,OK,0.16,BDL,null,OS,null,OS,0.4,OK,25.94,OK,4.77,OK
2024-05-11 21:00:00,36.75,OK,0.07,BDL,null,OS,null,OS,0.47,OK,30.9,OK,1.82,BDL
2024-05-11 22:00:00,35.92,OK,0.03,BDL,null,OS,null,OS,0.42,OK,26.79,OK,7.3,OK
2024-05-11 23:00:00,28.82,OK,-0.07,BDL,null,OS,null,OS,0.48,OK,21.04,OK,14.15,OK
2024-05-12 00:00:00,21.47,OK,-0.01,BDL,null,OS,null,OS,0.5,OK,18.83,OK,8.09,OK
2024-05-12 01:00:00,35.82,OK,-0.01,BDL,null,OS,null,OS,0.37,OK,21.64,OK,16.88,OK
2024-05-12 02:00:00,32.68,OK,-0.01,BDL,null,OS,null,OS,0.36,OK,21.53,OK,7.07,OK
2024-05-12 03:00:00,29.95,OK,-0.01,BDL,null,OS,null,OS,0.37,OK,14.84,OK,12.39,OK
2024-05-12 04:00:00,14.66,OK,-0.0,BDL,null,OS,null,OS,0.43,OK,20.77,OK,15.59,OK
2024-05-12 05:00:00,12.54,OK,0.11,BDL,null,OS,null,OS,0.41,OK,26.15,OK,9.02,OK
2024-05-12 06:00:00,17.87,OK,0.17,BDL,null,OS,null,OS,0.41,OK,24.31,OK,12.56,OK
2024-05-12 07:00:00,35.15,OK,0.04,BDL,null,OS,null,OS,0.31,OK,20.51,OK,15.87,OK
2024-05-12 08:00:00,46.15,OK,-0.02,BDL,null,OS,null,OS,0.29,OK,9.87,OK,21.6,OK
2024-05-12 09:00:00,57.91,OK,0.03,BDL,null,OS,null,OS,0.29,OK,4.14,OK,18.31,OK
2024-05-12 10:00:00,62.48,OK,0.04,BDL,null,OS,null,OS,0.28,OK,8.27,OK,24.05,OK
2024-05-12 11:00:00,62.03,OK,0.0,BDL,null,OS,null,OS,0.26,OK,8.79,OK,11.56,OK
2024-05-12 12:00:00,59.98,OK,0.02,BDL,null,OS,null,OS,0.3,OK,7.88,OK,18.2,OK
2024-05-12 13:00:00,58.97,OK,-0.02,BDL,null,OS,null,OS,0.28,OK,13.39,OK,11.64,OK
2024-05-12 14:00:00,58.68,OK,-0.06,BDL,null,OS,null,OS,0.27,OK,9.18,OK,16.67,OK
2024-05-12 15:00:00,56.15,OK,-0.06,BDL,null,OS,null,OS,0.27,OK,16.71,OK,15.54,OK
2024-05-12 16:00:00,51.54,OK,-0.04,BDL,null,OS,null,OS,0.3,OK,43.57,OK,16.43,OK
2024-05-12 17:00:00,52.33,OK,-0.07,BDL,null,OS,null,OS,0.29,OK,25.23,OK,14.08,OK
2024-05-12 18:00:00,45.05,OK,-0.05,BDL,null,OS,null,OS,0.32,OK,19.98,OK,6.61,OK
2024-05-12 19:00:00,40.59,OK,-0.06,BDL,null,OS,null,OS,0.33,OK,22.35,OK,5.44,OK
2024-05-12 20:00:00,39.89,OK,-0.06,BDL,null,OS,null,OS,0.34,OK,23.5,OK,3.07,BDL
2024-05-12 21:00:00,33.32,OK,-0.0,BDL,null,OS,null,OS,0.39,OK,22.34,OK,6.8,OK
2024-05-12 22:00:00,34.4,OK,-0.05,BDL,null,OS,null,OS,0.33,OK,20.21,OK,10.34,OK
2024-05-12 23:00:00,31.67,OK,-0.06,BDL,null,OS,null,OS,0.36,OK,12.18,OK,5.19,OK
2024-05-13 00:00:00,27.04,OK,-0.07,BDL,null,OS,null,OS,0.4,OK,15.26,OK,6.49,OK
2024-05-13 01:00:00,28.25,OK,-0.09,BDL,null,OS,null,OS,0.38,OK,16.17,OK,8.67,OK
2024-05-13 02:00:00,30.7,OK,-0.03,BDL,null,OS,null,OS,0.35,OK,19.83,OK,17.14,OK
2024-05-13 03:00:00,20.41,OK,-0.09,BDL,null,OS,null,OS,0.44,OK,17.34,OK,17.65,OK
2024-05-13 04:00:00,11.09,OK,-0.01,BDL,null,OS,null,OS,0.44,OK,23.14,OK,15.99,OK
2024-05-13 05:00:00,15.13,OK,0.07,BDL,null,OS,null,OS,0.37,OK,24.31,OK,6.23,OK
2024-05-13 06:00:00,23.5,OK,0.22,BDL,null,OS,null,OS,0.43,OK,20.84,OK,2.88,BDL
2024-05-13 07:00:00,38.19,OK,0.11,BDL,null,OS,null,OS,0.36,OK,15.25,OK,7.7,OK
2024-05-13 08:00:00,46.15,OK,0.06,BDL,null,OS,null,OS,0.33,OK,13.98,OK,19.87,OK
2024-05-13 09:00:00,50.76,OK,0.02,BDL,null,OS,null,OS,0.32,OK,3.52,BDL,11.95,OK
2024-05-13 10:00:00,59.33,OK,0.09,BDL,null,OS,null,OS,0.35,OK,9.08,OK,22.23,OK
2024-05-13 11:00:00,57.08,OK,-0.07,BDL,null,OS,null,OS,0.32,OK,12.33,OK,13.62,OK
2024-05-13 12:00:00,56.32,OK,-0.06,BDL,null,OS,null,OS,0.32,OK,8.23,OK,12.7,OK
2024-05-13 13:00:00,57.1,OK,-0.03,BDL,null,OS,null,OS,0.33,OK,11.56,OK,12.85,OK
2024-05-13 14:00:00,56.06,OK,-0.1,BDL,null,OS,null,OS,0.33,OK,7.57,OK,14.23,OK
2024-05-13 15:00:00,48.04,OK,-0.04,BDL,null,OS,null,OS,0.36,OK,26.74,OK,22.83,OK
2024-05-13 16:00:00,48.27,OK,-0.03,BDL,null,OS,null,OS,0.36,OK,20.5,OK,9.85,OK
2024-05-13 17:00:00,47.61,OK,-0.04,BDL,null,OS,null,OS,0.33,OK,22.3,OK,13.08,OK
2024-05-13 18:00:00,43.49,OK,-0.04,BDL,null,OS,null,OS,0.34,OK,13.95,OK,9.21,OK
2024-05-13 19:00:00,32.36,OK,-0.03,BDL,null,OS,null,OS,0.42,OK,22.57,OK,-0.19,BDL
2024-05-13 20:00:00,33.38,OK,-0.1,BDL,null,OS,null,OS,0.36,OK,18.36,OK,0.86,BDL
2024-05-13 21:00:00,32.52,OK,-0.11,BDL,null,OS,null,OS,0.34,OK,22.3,OK,2.39,BDL
2024-05-13 22:00:00,33.15,OK,-0.09,BDL,null,OS,null,OS,0.34,OK,16.51,OK,2.64,BDL
2024-05-13 23:00:00,30.88,OK,-0.04,BDL,null,OS,null,OS,0.37,OK,13.27,OK,2.77,BDL
2024-05-14 00:00:00,30.97,OK,-0.05,BDL,null,OS,null,OS,0.36,OK,12.49,OK,2.88,BDL
2024-05-14 01:00:00,22.66,OK,-0.07,BDL,null,OS,null,OS,0.37,OK,15.57,OK,3.84,BDL
2024-05-14 02:00:00,21.49,OK,-0.09,BDL,null,OS,null,OS,0.31,OK,14.71,OK,7.73,OK
2024-05-14 03:00:00,24.16,OK,-0.0,BDL,null,OS,null,OS,0.28,OK,17.51,OK,9.54,OK
2024-05-14 04:00:00,21.88,OK,0.05,BDL,null,OS,null,OS,0.27,OK,10.95,OK,5.02,OK
2024-05-14 05:00:00,13.42,OK,0.16,BDL,null,OS,null,OS,0.43,OK,21.08,OK,5.31,OK
2024-05-14 06:00:00,15.88,OK,0.14,BDL,null,OS,null,OS,0.53,OK,22.13,OK,4.61,OK
2024-05-14 07:00:00,34.69,OK,0.06,BDL,null,OS,null,OS,0.42,OK,16.97,OK,7.79,OK
2024-05-14 08:00:00,41.34,OK,0.08,BDL,null,OS,null,OS,0.38,OK,13.37,OK,21.16,OK
2024-05-14 09:00:00,49.64,OK,-0.01,BDL,null,OS,null,OS,0.36,OK,12.4,OK,24.9,OK
2024-05-14 10:00:00,53.49,OK,-0.07,BDL,null,OS,null,OS,0.33,OK,8.63,OK,17.22,OK
2024-05-14 11:00:00,51.76,OK,0.01,BDL,null,OS,null,OS,0.37,OK,12.64,OK,9.19,OK
2024-05-14 12:00:00,53.06,OK,-0.04,BDL,null,OS,null,OS,0.35,OK,8.64,OK,18.7,OK
2024-05-14 13:00:00,54.13,OK,-0.04,BDL,null,OS,null,OS,0.35,OK,14.36,OK,15.2,OK
2024-05-14 14:00:00,51.77,OK,-0.07,BDL,null,OS,null,OS,0.32,OK,16.08,OK,11.61,OK
2024-05-14 15:00:00,50.04,OK,-0.09,BDL,null,OS,null,OS,0.32,OK,5.2,OK,15.24,OK
2024-05-14 16:00:00,45.03,OK,-0.14,BDL,null,OS,null,OS,0.33,OK,24.18,OK,9.37,OK
2024-05-14 17:00:00,42.27,OK,-0.1,BDL,null,OS,null,OS,0.33,OK,19.36,OK,11.45,OK
2024-05-14 18:00:00,38.48,OK,-0.07,BDL,null,OS,null,OS,0.39,OK,16.82,OK,3.76,BDL
2024-05-14 19:00:00,31.01,OK,-0.08,BDL,null,OS,null,OS,0.47,OK,18.59,OK,0.78,BDL
2024-05-14 20:00:00,29.28,OK,-0.03,BDL,null,OS,null,OS,0.42,OK,16.43,OK,2.44,BDL
2024-05-14 21:00:00,41.0,OK,-0.01,BDL,null,OS,null,OS,0.32,OK,18.41,OK,9.59,OK
2024-05-14 22:00:00,43.19,OK,-0.03,BDL,null,OS,null,OS,0.35,OK,13.46,OK,5.49,OK
2024-05-14 23:00:00,42.12,OK,-0.04,BDL,null,OS,null,OS,0.35,OK,9.26,OK,5.6,OK
2024-05-15 00:00:00,40.52,OK,-0.06,BDL,null,OS,null,OS,0.29,OK,8.63,OK,6.55,OK
2024-05-15 01:00:00,32.69,OK,-0.11,BDL,null,OS,null,OS,0.31,OK,15.72,OK,3.6,BDL
2024-05-15 02:00:00,25.19,OK,-0.01,BDL,null,OS,null,OS,0.34,OK,10.7,OK,4.81,OK
2024-05-15 03:00:00,18.92,OK,0.01,BDL,null,OS,null,OS,0.34,OK,19.6,OK,10.66,OK
2024-05-15 04:00:00,20.6,OK,0.01,BDL,null,OS,null,OS,0.34,OK,13.94,OK,13.76,OK
2024-05-15 05:00:00,12.54,OK,0.03,BDL,null,OS,null,OS,0.47,OK,18.99,OK,10.46,OK
2024-05-15 06:00:00,16.93,OK,0.2,BDL,null,OS,null,OS,0.48,OK,20.14,OK,14.3,OK
2024-05-15 07:00:00,35.41,OK,0.2,BDL,null,OS,null,OS,0.39,OK,18.38,OK,9.22,OK
2024-05-15 08:00:00,38.8,OK,0.16,BDL,null,OS,null,OS,0.43,OK,6.63,OK,15.43,OK
2024-05-15 09:00:00,47.74,OK,0.06,BDL,null,OS,null,OS,0.35,OK,17.72,OK,21.23,OK
2024-05-15 10:00:00,42.51,OK,-0.01,BDL,null,OS,null,OS,0.33,OK,8.81,OK,15.07,OK
2024-05-15 11:00:00,38.19,OK,-0.1,BDL,null,OS,null,OS,0.34,OK,11.22,OK,17.16,OK
2024-05-15 12:00:00,38.86,OK,-0.05,BDL,null,OS,null,OS,0.33,OK,8.27,OK,14.39,OK
2024-05-15 13:00:00,40.69,OK,-0.13,BDL,null,OS,null,OS,0.31,OK,15.42,OK,10.93,OK
2024-05-15 14:00:00,44.5,OK,-0.13,BDL,null,OS,null,OS,0.33,OK,15.86,OK,7.8,OK
2024-05-15 15:00:00,45.36,OK,0.05,BDL,null,OS,null,OS,0.33,OK,27.01,OK,19.07,OK
2024-05-15 16:00:00,43.16,OK,-0.13,BDL,null,OS,null,OS,0.34,OK,15.71,OK,10.82,OK
2024-05-15 17:00:00,37.81,OK,-0.09,BDL,null,OS,null,OS,0.34,OK,17.18,OK,11.57,OK
2024-05-15 18:00:00,33.18,OK,-0.19,BDL,null,OS,null,OS,0.35,OK,17.19,OK,11.42,OK
2024-05-15 19:00:00,31.0,OK,-0.15,BDL,null,OS,null,OS,0.38,OK,17.33,OK,17.35,OK
2024-05-15 20:00:00,31.87,OK,-0.12,BDL,null,OS,null,OS,0.37,OK,21.85,OK,4.96,OK
2024-05-15 21:00:00,28.49,OK,-0.08,BDL,null,OS,null,OS,0.37,OK,16.36,OK,6.66,OK
2024-05-15 22:00:00,31.23,OK,-0.04,BDL,null,OS,null,OS,0.32,OK,16.16,OK,9.85,OK
2024-05-15 23:00:00,32.45,OK,-0.14,BDL,null,OS,null,OS,0.33,OK,16.77,OK,8.14,OK
2024-05-16 00:00:00,32.8,OK,-0.15,BDL,null,OS,null,OS,0.29,OK,12.53,OK,6.7,OK
2024-05-16 01:00:00,32.72,OK,-0.14,BDL,null,OS,null,OS,0.28,OK,9.83,OK,18.52,OK
2024-05-16 02:00:00,25.88,OK,-0.2,BDL,null,OS,null,OS,0.3,OK,9.23,OK,2.87,BDL
2024-05-16 03:00:00,19.18,OK,-0.14,BDL,null,OS,null,OS,0.28,OK,13.71,OK,6.59,OK
2024-05-16 04:00:00,14.12,OK,-0.1,BDL,null,OS,null,OS,0.32,OK,12.23,OK,13.48,OK
2024-05-16 05:00:00,9.93,OK,-0.06,BDL,null,OS,null,OS,0.42,OK,30.96,OK,12.61,OK
2024-05-16 06:00:00,22.37,OK,0.04,BDL,null,OS,null,OS,0.42,OK,26.9,OK,14.76,OK
2024-05-16 07:00:00,29.23,OK,-0.03,BDL,null,OS,null,OS,0.37,OK,10.67,OK,10.2,OK
2024-05-16 08:00:00,37.42,OK,0.01,BDL,null,OS,null,OS,0.33,OK,8.39,OK,12.45,OK
2024-05-16 09:00:00,42.7,OK,-0.07,BDL,null,OS,null,OS,0.33,OK,5.96,OK,18.22,OK
2024-05-16 10:00:00,48.34,OK,-0.14,BDL,null,OS,null,OS,0.3,OK,8.35,OK,22.47,OK
2024-05-16 11:00:00,48.95,OK,-0.13,BDL,null,OS,null,OS,0.3,OK,7.63,OK,12.34,OK
2024-05-16 12:00:00,46.27,OK,-0.08,BDL,null,OS,null,OS,0.35,OK,6.65,OK,15.39,OK
2024-05-16 13:00:00,48.95,OK,-0.12,BDL,null,OS,null,OS,0.33,OK,7.93,OK,13.19,OK
2024-05-16 14:00:00,47.22,OK,-0.08,BDL,null,OS,null,OS,0.33,OK,15.17,OK,11.12,OK
2024-05-16 15:00:00,48.05,OK,-0.11,BDL,null,OS,null,OS,0.3,OK,22.5,OK,11.98,OK
2024-05-16 16:00:00,43.63,OK,-0.11,BDL,null,OS,null,OS,0.32,OK,26.3,OK,13.58,OK
2024-05-16 17:00:00,41.92,OK,-0.11,BDL,null,OS,null,OS,0.32,OK,22.02,OK,8.23,OK
2024-05-16 18:00:00,38.08,OK,-0.06,BDL,null,OS,null,OS,0.37,OK,15.97,OK,3.28,BDL
2024-05-16 19:00:00,33.93,OK,-0.07,BDL,null,OS,null,OS,0.4,OK,14.22,OK,4.22,OK
2024-05-16 20:00:00,30.72,OK,-0.08,BDL,null,OS,null,OS,0.36,OK,19.36,OK,2.35,BDL
2024-05-16 21:00:00,26.97,OK,-0.03,BDL,null,OS,null,OS,0.41,OK,14.56,OK,-1.97,BDL
2024-05-16 22:00:00,24.97,OK,-0.12,BDL,null,OS,null,OS,0.38,OK,17.96,OK,-1.07,BDL
2024-05-16 23:00:00,15.32,OK,-0.02,BDL,null,OS,null,OS,0.53,OK,15.71,OK,3.14,BDL
2024-05-17 00:00:00,2.62,OK,0.1,BDL,null,OS,null,OS,0.56,OK,25.25,OK,4.5,OK
2024-05-17 01:00:00,14.32,OK,0.03,BDL,null,OS,null,OS,0.37,OK,27.8,OK,21.08,OK
2024-05-17 02:00:00,8.54,OK,-0.01,BDL,null,OS,null,OS,0.36,OK,19.24,OK,6.39,OK
2024-05-17 03:00:00,3.78,OK,0.04,BDL,null,OS,null,OS,0.37,OK,21.67,OK,15.81,OK
2024-05-17 04:00:00,2.41,OK,0.04,BDL,null,OS,null,OS,0.36,OK,20.37,OK,13.0,OK
2024-05-17 05:00:00,7.39,OK,0.13,BDL,null,OS,null,OS,0.37,OK,31.64,OK,8.57,OK
2024-05-17 06:00:00,13.15,OK,0.13,BDL,null,OS,null,OS,0.51,OK,33.29,OK,3.51,BDL
2024-05-17 07:00:00,29.77,OK,-0.01,BDL,null,OS,null,OS,0.36,OK,25.32,OK,9.26,OK
2024-05-17 08:00:00,42.99,OK,-0.08,BDL,null,OS,null,OS,0.31,OK,20.81,OK,20.21,OK
2024-05-17 09:00:00,48.59,OK,-0.13,BDL,null,OS,null,OS,0.32,OK,14.09,OK,15.25,OK
2024-05-17 10:00:00,51.18,OK,-0.07,BDL,null,OS,null,OS,0.38,OK,9.9,OK,15.28,OK
2024-05-17 11:00:00,54.82,OK,-0.04,BDL,null,OS,null,OS,0.38,OK,10.9,OK,24.39,OK
2024-05-17 12:00:00,51.44,OK,-0.04,BDL,null,OS,null,OS,0.38,OK,14.77,OK,15.87,OK
2024-05-17 13:00:00,49.04,OK,-0.06,BDL,null,OS,null,OS,0.41,OK,15.49,OK,19.54,OK
2024-05-17 14:00:00,47.1,OK,-0.09,BDL,null,OS,null,OS,0.44,OK,16.11,OK,15.88,OK
2024-05-17 15:00:00,50.09,OK,-0.1,BDL,null,OS,null,OS,0.36,OK,22.32,OK,14.73,OK
2024-05-17 16:00:00,48.68,OK,-0.03,BDL,null,OS,null,OS,0.38,OK,19.05,OK,15.48,OK
2024-05-17 17:00:00,45.38,OK,0.02,BDL,null,OS,null,OS,0.43,OK,15.53,OK,7.9,OK
2024-05-17 18:00:00,41.09,OK,-0.08,BDL,null,OS,null,OS,0.44,OK,19.96,OK,9.54,OK
2024-05-17 19:00:00,33.05,OK,-0.03,BDL,null,OS,null,OS,0.48,OK,17.04,OK,6.57,OK
2024-05-17 20:00:00,25.68,OK,0.14,BDL,null,OS,null,OS,0.55,OK,19.24,OK,2.9,BDL
2024-05-17 21:00:00,20.85,OK,0.08,BDL,null,OS,null,OS,0.59,OK,28.47,OK,6.76,OK
2024-05-17 22:00:00,17.55,OK,0.03,BDL,null,OS,null,OS,0.62,OK,29.74,OK,12.66,OK
2024-05-17 23:00:00,4.35,OK,0.02,BDL,null,OS,null,OS,0.78,OK,32.16,OK,14.22,OK
2024-05-18 00:00:00,0.83,BDL,0.28,BDL,null,OS,null,OS,0.99,OK,33.61,OK,20.78,OK
2024-05-18 01:00:00,4.75,OK,0.34,BDL,null,OS,null,OS,0.76,OK,42.78,OK,19.24,OK
2024-05-18 02:00:00,16.57,OK,0.02,BDL,null,OS,null,OS,0.36,OK,28.73,OK,20.23,OK
2024-05-18 03:00:00,23.87,OK,-0.08,BDL,null,OS,null,OS,0.27,OK,21.49,OK,9.51,OK
2024-05-18 04:00:00,18.24,OK,0.03,BDL,null,OS,null,OS,0.26,OK,9.06,OK,4.15,OK
2024-05-18 05:00:00,15.1,OK,0.1,BDL,null,OS,null,OS,0.35,OK,14.91,OK,6.63,OK
2024-05-18 06:00:00,14.4,OK,0.15,BDL,null,OS,null,OS,0.49,OK,43.52,OK,7.21,OK
2024-05-18 07:00:00,27.78,OK,0.13,BDL,null,OS,null,OS,0.48,OK,56.78,OK,23.6,OK
2024-05-18 08:00:00,45.02,OK,0.04,BDL,null,OS,null,OS,0.43,OK,23.58,OK,21.52,OK
2024-05-18 09:00:00,53.97,OK,-0.02,BDL,null,OS,null,OS,0.4,OK,14.72,OK,21.92,OK
2024-05-18 10:00:00,59.07,OK,-0.09,BDL,null,OS,null,OS,0.36,OK,10.24,OK,27.7,OK
2024-05-18 11:00:00,57.45,OK,-0.01,BDL,null,OS,null,OS,0.38,OK,10.25,OK,15.6,OK
2024-05-18 12:00:00,53.36,OK,-0.12,BDL,null,OS,null,OS,0.39,OK,12.23,OK,18.6,OK
2024-05-18 13:00:00,53.52,OK,-0.08,BDL,null,OS,null,OS,0.37,OK,13.52,OK,12.8,OK
2024-05-18 14:00:00,53.5,OK,-0.09,BDL,null,OS,null,OS,0.34,OK,12.1,OK,16.88,OK
2024-05-18 15:00:00,52.13,OK,-0.08,BDL,null,OS,null,OS,0.37,OK,7.39,OK,16.11,OK
2024-05-18 16:00:00,52.22,OK,-0.09,BDL,null,OS,null,OS,0.33,OK,22.1,OK,14.27,OK
2024-05-18 17:00:00,47.9,OK,-0.11,BDL,null,OS,null,OS,0.35,OK,17.01,OK,42.16,OK
2024-05-18 18:00:00,39.26,OK,-0.11,BDL,null,OS,null,OS,0.41,OK,17.17,OK,12.48,OK
2024-05-18 19:00:00,31.43,OK,-0.07,BDL,null,OS,null,OS,0.48,OK,25.53,OK,7.37,OK
2024-05-18 20:00:00,27.48,OK,-0.07,BDL,null,OS,null,OS,0.48,OK,25.32,OK,7.97,OK
2024-05-18 21:00:00,27.27,OK,0.01,BDL,null,OS,null,OS,0.49,OK,26.78,OK,16.49,OK
2024-05-18 22:00:00,29.27,OK,-0.03,BDL,null,OS,null,OS,0.49,OK,19.59,OK,15.76,OK
2024-05-18 23:00:00,23.23,OK,-0.01,BDL,null,OS,null,OS,0.5,OK,17.57,OK,6.51,OK
2024-05-19 00:00:00,30.69,OK,-0.1,BDL,null,OS,null,OS,0.4,OK,11.69,OK,5.01,OK
2024-05-19 01:00:00,13.9,OK,-0.02,BDL,null,OS,null,OS,0.59,OK,10.7,OK,5.95,OK
2024-05-19 02:00:00,5.84,OK,-0.01,BDL,null,OS,null,OS,0.63,OK,18.25,OK,10.65,OK
2024-05-19 03:00:00,15.64,OK,0.01,BDL,null,OS,null,OS,0.37,OK,19.61,OK,9.57,OK
2024-05-19 04:00:00,10.42,OK,-0.02,BDL,null,OS,null,OS,0.36,OK,22.89,OK,8.44,OK
2024-05-19 05:00:00,15.14,OK,-0.02,BDL,null,OS,null,OS,0.31,OK,22.52,OK,7.32,OK
2024-05-19 06:00:00,18.9,OK,0.07,BDL,null,OS,null,OS,0.34,OK,17.37,OK,-0.2,BDL
2024-05-19 07:00:00,30.11,OK,0.03,BDL,null,OS,null,OS,0.35,OK,16.49,OK,6.63,OK
2024-05-19 08:00:00,45.38,OK,-0.09,BDL,null,OS,null,OS,0.34,OK,11.38,OK,12.1,OK
2024-05-19 09:00:00,49.71,OK,-0.05,BDL,null,OS,null,OS,0.32,OK,6.04,OK,21.04,OK
2024-05-19 10:00:00,42.08,OK,-0.09,BDL,null,OS,null,OS,0.29,OK,1.06,BDL,19.02,OK
2024-05-19 11:00:00,42.81,OK,-0.16,BDL,null,OS,null,OS,0.28,OK,2.65,BDL,9.01,OK
2024-05-19 12:00:00,44.14,OK,-0.14,BDL,null,OS,null,OS,0.29,OK,5.54,OK,7.06,OK
2024-05-19 13:00:00,42.82,OK,-0.09,BDL,null,OS,null,OS,0.31,OK,9.25,OK,10.36,OK
2024-05-19 14:00:00,42.63,OK,-0.11,BDL,null,OS,null,OS,0.32,OK,4.87,OK,10.16,OK
2024-05-19 15:00:00,49.01,OK,-0.18,BDL,null,OS,null,OS,0.28,OK,1.97,BDL,12.4,OK
2024-05-19 16:00:00,45.85,OK,-0.15,BDL,null,OS,null,OS,0.3,OK,5.79,OK,9.58,OK
2024-05-19 17:00:00,45.56,OK,-0.15,BDL,null,OS,null,OS,0.3,OK,12.8,OK,12.46,OK
2024-05-19 18:00:00,41.6,OK,-0.17,BDL,null,OS,null,OS,0.32,OK,7.82,OK,1.68,BDL
2024-05-19 19:00:00,30.36,OK,-0.1,BDL,null,OS,null,OS,0.39,OK,17.96,OK,-1.48,BDL
2024-05-19 20:00:00,22.91,OK,-0.05,BDL,null,OS,null,OS,0.39,OK,19.94,OK,0.37,BDL
2024-05-19 21:00:00,18.53,OK,-0.11,BDL,null,OS,null,OS,0.41,OK,22.18,OK,11.19,OK
2024-05-19 22:00:00,20.55,OK,0.02,BDL,null,OS,null,OS,0.41,OK,23.64,OK,12.46,OK
2024-05-19 23:00:00,22.26,OK,-0.09,BDL,null,OS,null,OS,0.42,OK,14.88,OK,3.86,BDL
2024-05-20 00:00:00,27.64,OK,-0.11,BDL,null,OS,null,OS,0.27,OK,13.42,OK,3.6,BDL
2024-05-20 01:00:00,21.68,OK,-0.09,BDL,null,OS,null,OS,0.3,OK,8.03,OK,4.59,OK
2024-05-20 02:00:00,18.08,OK,-0.06,BDL,null,OS,null,OS,0.33,OK,9.6,OK,17.12,OK
2024-05-20 03:00:00,15.4,OK,-0.06,BDL,null,OS,null,OS,0.36,OK,10.19,OK,11.24,OK
2024-05-20 04:00:00,15.21,OK,0.1,BDL,null,OS,null,OS,0.33,OK,12.33,OK,11.97,OK
2024-05-20 05:00:00,10.91,OK,0.08,BDL,null,OS,null,OS,0.36,OK,19.66,OK,9.72,OK
2024-05-20 06:00:00,8.12,OK,0.24,BDL,null,OS,null,OS,0.65,OK,25.98,OK,3.17,BDL
2024-05-20 07:00:00,20.03,OK,0.15,BDL,null,OS,null,OS,0.62,OK,30.24,OK,14.66,OK
2024-05-20 08:00:00,30.88,OK,0.09,BDL,null,OS,null,OS,0.57,OK,14.99,OK,16.4,OK
2024-05-20 09:00:00,43.92,OK,-0.0,BDL,null,OS,null,OS,0.49,OK,14.14,OK,20.78,OK
2024-05-20 10:00:00,48.98,OK,0.08,BDL,null,OS,null,OS,0.39,OK,15.93,OK,17.08,OK
2024-05-20 11:00:00,43.97,OK,-0.1,BDL,null,OS,null,OS,0.38,OK,9.77,OK,18.41,OK
2024-05-20 12:00:00,44.32,OK,-0.1,BDL,null,OS,null,OS,0.39,OK,14.04,OK,14.03,OK
2024-05-20 13:00:00,42.66,OK,-0.08,BDL,null,OS,null,OS,0.45,OK,11.45,OK,15.36,OK
2024-05-20 14:00:00,40.69,OK,-0.07,BDL,null,OS,null,OS,0.44,OK,4.96,OK,15.75,OK
2024-05-20 15:00:00,40.92,OK,0.0,BDL,null,OS,null,OS,0.43,OK,14.49,OK,15.5,OK
2024-05-20 16:00:00,36.34,OK,-0.08,BDL,null,OS,null,OS,0.47,OK,14.54,OK,16.95,OK
2024-05-20 17:00:00,31.95,OK,-0.04,BDL,null,OS,null,OS,0.46,OK,14.3,OK,12.8,OK
2024-05-20 18:00:00,27.88,OK,-0.06,BDL,null,OS,null,OS,0.45,OK,22.76,OK,1.99,BDL
2024-05-20 19:00:00,25.42,OK,-0.08,BDL,null,OS,null,OS,0.43,OK,16.08,OK,6.03,OK
2024-05-20 20:00:00,25.19,OK,-0.15,BDL,null,OS,null,OS,0.42,OK,14.58,OK,3.04,BDL
2024-05-20 21:00:00,27.9,OK,-0.16,BDL,null,OS,null,OS,0.35,OK,14.28,OK,-2.0,BDL
2024-05-20 22:00:00,23.34,OK,-0.09,BDL,null,OS,null,OS,0.35,OK,16.08,OK,0.65,BDL
2024-05-20 23:00:00,19.16,OK,-0.04,BDL,null,OS,null,OS,0.37,OK,19.8,OK,4.48,OK
2024-05-21 00:00:00,16.83,OK,0.05,BDL,null,OS,null,OS,0.37,OK,16.56,OK,9.7,OK
2024-05-21 01:00:00,14.92,OK,0.13,BDL,null,OS,null,OS,0.4,OK,26.4,OK,14.93,OK
2024-05-21 02:00:00,12.29,OK,-0.01,BDL,null,OS,null,OS,0.37,OK,15.95,OK,13.23,OK
2024-05-21 03:00:00,12.56,OK,-0.06,BDL,null,OS,null,OS,0.32,OK,18.91,OK,9.28,OK
2024-05-21 04:00:00,9.98,OK,-0.04,BDL,null,OS,null,OS,0.32,OK,15.41,OK,7.79,OK
2024-05-21 05:00:00,3.87,OK,0.09,BDL,null,OS,null,OS,0.5,OK,26.66,OK,3.12,BDL
2024-05-21 06:00:00,9.1,OK,0.2,BDL,null,OS,null,OS,0.65,OK,28.27,OK,4.18,OK
2024-05-21 07:00:00,15.21,OK,0.19,BDL,null,OS,null,OS,0.74,OK,25.95,OK,27.25,OK
2024-05-21 08:00:00,29.86,OK,-0.02,BDL,null,OS,null,OS,0.42,OK,17.29,OK,16.2,OK
2024-05-21 09:00:00,33.88,OK,-0.04,BDL,null,OS,null,OS,0.37,OK,8.43,OK,16.03,OK
2024-05-21 10:00:00,33.08,OK,-0.08,BDL,null,OS,null,OS,0.35,OK,8.24,OK,12.44,OK
2024-05-21 11:00:00,36.88,OK,-0.08,BDL,null,OS,null,OS,0.34,OK,10.18,OK,10.6,OK
2024-05-21 12:00:00,38.05,OK,-0.11,BDL,null,OS,null,OS,0.37,OK,10.52,OK,10.04,OK
2024-05-21 13:00:00,37.34,OK,0.02,BDL,null,OS,null,OS,0.42,OK,13.82,OK,4.0,OK
2024-05-21 14:00:00,38.73,OK,-0.09,BDL,null,OS,null,OS,0.4,OK,15.92,OK,16.04,OK
2024-05-21 15:00:00,42.33,OK,-0.1,BDL,null,OS,null,OS,0.39,OK,19.1,OK,13.9,OK
2024-05-21 16:00:00,41.78,OK,-0.07,BDL,null,OS,null,OS,0.37,OK,15.67,OK,11.12,OK
2024-05-21 17:00:00,40.01,OK,-0.09,BDL,null,OS,null,OS,0.43,OK,12.24,OK,5.96,OK
2024-05-21 18:00:00,34.29,OK,-0.12,BDL,null,OS,null,OS,0.47,OK,15.25,OK,6.09,OK
2024-05-21 19:00:00,30.29,OK,-0.03,BDL,null,OS,null,OS,0.48,OK,23.7,OK,2.01,BDL
2024-05-21 20:00:00,32.99,OK,-0.05,BDL,null,OS,null,OS,0.37,OK,22.49,OK,-1.37,BDL
2024-05-21 21:00:00,30.84,OK,-0.06,BDL,null,OS,null,OS,0.37,OK,18.35,OK,-3.41,BDL
2024-05-21 22:00:00,32.05,OK,-0.07,BDL,null,OS,null,OS,0.36,OK,16.6,OK,-2.75,BDL
2024-05-21 23:00:00,25.54,OK,-0.01,BDL,null,OS,null,OS,0.41,OK,24.43,OK,1.82,BDL
2024-05-22 00:00:00,12.76,OK,0.01,BDL,null,OS,null,OS,0.47,OK,18.82,OK,4.84,OK
2024-05-22 01:00:00,6.41,OK,0.1,BDL,null,OS,null,OS,0.46,OK,23.47,OK,11.1,OK
2024-05-22 02:00:00,17.66,OK,0.02,BDL,null,OS,null,OS,0.31,OK,18.26,OK,7.4,OK
2024-05-22 03:00:00,19.88,OK,-0.06,BDL,null,OS,null,OS,0.29,OK,17.92,OK,8.27,OK
2024-05-22 04:00:00,21.05,OK,0.1,BDL,null,OS,null,OS,0.29,OK,13.87,OK,10.73,OK
2024-05-22 05:00:00,20.59,OK,-0.05,BDL,null,OS,null,OS,0.37,OK,21.05,OK,5.35,OK
2024-05-22 06:00:00,16.97,OK,0.09,BDL,null,OS,null,OS,0.49,OK,24.41,OK,1.32,BDL
2024-05-22 07:00:00,25.68,OK,0.06,BDL,null,OS,null,OS,0.52,OK,21.75,OK,7.62,OK
2024-05-22 08:00:00,41.36,OK,-0.06,BDL,null,OS,null,OS,0.43,OK,23.56,OK,15.1,OK
2024-05-22 09:00:00,50.69,OK,-0.08,BDL,null,OS,null,OS,0.4,OK,10.42,OK,19.77,OK
2024-05-22 10:00:00,53.79,OK,-0.08,BDL,null,OS,null,OS,0.39,OK,7.32,OK,18.33,OK
2024-05-22 11:00:00,57.29,OK,-0.09,BDL,null,OS,null,OS,0.36,OK,8.08,OK,16.54,OK
2024-05-22 12:00:00,57.31,OK,-0.09,BDL,null,OS,null,OS,0.37,OK,8.7,OK,10.53,OK
2024-05-22 13:00:00,56.52,OK,-0.04,BDL,null,OS,null,OS,0.41,OK,19.6,OK,15.03,OK
2024-05-22 14:00:00,58.85,OK,-0.08,BDL,null,OS,null,OS,0.39,OK,15.07,OK,11.7,OK
2024-05-22 15:00:00,62.63,OK,-0.14,BDL,null,OS,null,OS,0.39,OK,22.13,OK,14.7,OK
2024-05-22 16:00:00,59.08,OK,-0.1,BDL,null,OS,null,OS,0.41,OK,25.63,OK,9.26,OK
2024-05-22 17:00:00,52.12,OK,-0.15,BDL,null,OS,null,OS,0.41,OK,18.7,OK,10.39,OK
2024-05-22 18:00:00,47.29,OK,-0.15,BDL,null,OS,null,OS,0.44,OK,23.0,OK,7.31,OK
2024-05-22 19:00:00,46.3,OK,-0.11,BDL,null,OS,null,OS,0.44,OK,18.66,OK,0.86,BDL
2024-05-22 20:00:00,37.96,OK,-0.08,BDL,null,OS,null,OS,0.53,OK,21.24,OK,2.6,BDL
2024-05-22 21:00:00,31.39,OK,-0.01,BDL,null,OS,null,OS,0.5,OK,19.31,OK,4.59,OK
2024-05-22 22:00:00,28.96,OK,-0.04,BDL,null,OS,null,OS,0.47,OK,17.72,OK,8.78,OK
2024-05-22 23:00:00,19.02,OK,0.04,BDL,null,OS,null,OS,0.55,OK,19.57,OK,8.34,OK
2024-05-23 00:00:00,13.8,OK,0.02,BDL,null,OS,null,OS,0.52,OK,24.79,OK,7.75,OK
2024-05-23 01:00:00,19.53,OK,0.04,BDL,null,OS,null,OS,0.41,OK,25.05,OK,10.3,OK
2024-05-23 02:00:00,27.53,OK,-0.07,BDL,null,OS,null,OS,0.32,OK,17.93,OK,11.22,OK
2024-05-23 03:00:00,29.06,OK,-0.14,BDL,null,OS,null,OS,0.3,OK,11.64,OK,8.38,OK
2024-05-23 04:00:00,23.04,OK,-0.12,BDL,null,OS,null,OS,0.32,OK,21.64,OK,3.88,BDL
2024-05-23 05:00:00,13.76,OK,0.02,BDL,null,OS,null,OS,0.45,OK,26.34,OK,7.21,OK
2024-05-23 06:00:00,17.12,OK,0.09,BDL,null,OS,null,OS,0.51,OK,30.16,OK,5.51,OK
2024-05-23 07:00:00,31.91,OK,0.02,BDL,null,OS,null,OS,0.5,OK,25.25,OK,10.64,OK
2024-05-23 08:00:00,41.99,OK,0.02,BDL,null,OS,null,OS,0.46,OK,16.72,OK,9.81,OK
2024-05-23 09:00:00,55.51,OK,-0.07,BDL,null,OS,null,OS,0.37,OK,14.03,OK,20.11,OK
2024-05-23 10:00:00,58.59,OK,-0.08,BDL,null,OS,null,OS,0.36,OK,10.85,OK,30.0,OK
2024-05-23 11:00:00,58.38,OK,-0.13,BDL,null,OS,null,OS,0.36,OK,9.86,OK,22.74,OK
2024-05-23 12:00:00,60.72,OK,0.02,BDL,null,OS,null,OS,0.38,OK,23.82,OK,20.71,OK
2024-05-23 13:00:00,60.17,OK,-0.08,BDL,null,OS,null,OS,0.41,OK,19.9,OK,13.46,OK
2024-05-23 14:00:00,60.15,OK,-0.05,BDL,null,OS,null,OS,0.39,OK,12.59,OK,15.85,OK
2024-05-23 15:00:00,56.26,OK,-0.1,BDL,null,OS,null,OS,0.39,OK,28.21,OK,18.28,OK
2024-05-23 16:00:00,57.24,OK,-0.07,BDL,null,OS,null,OS,0.39,OK,26.58,OK,13.16,OK
2024-05-23 17:00:00,52.42,OK,-0.1,BDL,null,OS,null,OS,0.38,OK,18.66,OK,8.22,OK
2024-05-23 18:00:00,45.34,OK,-0.07,BDL,null,OS,null,OS,0.43,OK,18.7,OK,10.8,OK
2024-05-23 19:00:00,39.23,OK,0.06,BDL,null,OS,null,OS,0.57,OK,22.14,OK,5.49,OK
2024-05-23 20:00:00,38.97,OK,-0.05,BDL,null,OS,null,OS,0.47,OK,23.83,OK,23.05,OK
2024-05-23 21:00:00,37.14,OK,0.01,BDL,null,OS,null,OS,0.47,OK,22.39,OK,14.34,OK
2024-05-23 22:00:00,35.9,OK,0.04,BDL,null,OS,null,OS,0.53,OK,14.08,OK,2.51,BDL
2024-05-23 23:00:00,18.08,OK,0.06,BDL,null,OS,null,OS,0.69,OK,14.47,OK,2.85,BDL
2024-05-24 00:00:00,3.56,OK,0.12,BDL,null,OS,null,OS,0.75,OK,34.59,OK,6.44,OK
2024-05-24 01:00:00,16.56,OK,0.39,BDL,null,OS,null,OS,0.51,OK,33.24,OK,24.42,OK
2024-05-24 02:00:00,25.54,OK,0.08,BDL,null,OS,null,OS,0.38,OK,25.16,OK,22.45,OK
2024-05-24 03:00:00,23.18,OK,-0.0,BDL,null,OS,null,OS,0.34,OK,14.99,OK,7.49,OK
2024-05-24 04:00:00,13.98,OK,0.07,BDL,null,OS,null,OS,0.34,OK,21.82,OK,12.57,OK
2024-05-24 05:00:00,11.12,OK,0.06,BDL,null,OS,null,OS,0.43,OK,28.58,OK,6.92,OK
2024-05-24 06:00:00,24.43,OK,0.06,BDL,null,OS,null,OS,0.51,OK,26.89,OK,3.98,BDL
2024-05-24 07:00:00,42.99,OK,-0.03,BDL,null,OS,null,OS,0.39,OK,15.88,OK,5.53,OK
2024-05-24 08:00:00,50.31,OK,-0.04,BDL,null,OS,null,OS,0.4,OK,10.61,OK,15.52,OK
2024-05-24 09:00:00,52.32,OK,0.02,BDL,null,OS,null,OS,0.39,OK,13.57,OK,24.18,OK
2024-05-24 10:00:00,56.45,OK,0.02,BDL,null,OS,null,OS,0.39,OK,7.71,OK,21.56,OK
2024-05-24 11:00:00,55.2,OK,-0.06,BDL,null,OS,null,OS,0.4,OK,8.97,OK,14.83,OK
2024-05-24 12:00:00,52.81,OK,-0.02,BDL,null,OS,null,OS,0.41,OK,6.53,OK,9.86,OK
2024-05-24 13:00:00,51.02,OK,-0.1,BDL,null,OS,null,OS,0.42,OK,14.78,OK,18.07,OK
2024-05-24 14:00:00,51.26,OK,-0.08,BDL,null,OS,null,OS,0.42,OK,13.81,OK,11.71,OK
2024-05-24 15:00:00,50.95,OK,-0.09,BDL,null,OS,null,OS,0.4,OK,17.18,OK,12.32,OK
2024-05-24 16:00:00,49.91,OK,-0.1,BDL,null,OS,null,OS,0.38,OK,25.48,OK,15.5,OK
2024-05-24 17:00:00,46.6,OK,-0.07,BDL,null,OS,null,OS,0.42,OK,17.85,OK,7.65,OK
2024-05-24 18:00:00,42.16,OK,-0.08,BDL,null,OS,null,OS,0.44,OK,14.98,OK,11.27,OK
2024-05-24 19:00:00,35.54,OK,-0.04,BDL,null,OS,null,OS,0.48,OK,21.78,OK,1.27,BDL
2024-05-24 20:00:00,32.51,OK,-0.03,BDL,null,OS,null,OS,0.49,OK,28.11,OK,-0.99,BDL
2024-05-24 21:00:00,31.26,OK,-0.04,BDL,null,OS,null,OS,0.53,OK,19.83,OK,11.64,OK
2024-05-24 22:00:00,29.0,OK,-0.0,BDL,null,OS,null,OS,0.54,OK,11.36,OK,4.51,OK
2024-05-24 23:00:00,10.29,OK,0.07,BDL,null,OS,null,OS,0.75,OK,19.93,OK,6.02,OK
2024-05-25 00:00:00,0.79,BDL,0.37,BDL,null,OS,null,OS,1.24,OK,27.8,OK,11.54,OK
2024-05-25 01:00:00,0.74,BDL,0.34,BDL,null,OS,null,OS,1.08,OK,45.39,OK,20.72,OK
2024-05-25 02:00:00,7.18,OK,0.07,BDL,null,OS,null,OS,0.63,OK,27.2,OK,15.63,OK
2024-05-25 03:00:00,5.99,OK,0.05,BDL,null,OS,null,OS,0.51,OK,22.5,OK,9.21,OK
2024-05-25 04:00:00,7.8,OK,0.07,BDL,null,OS,null,OS,0.45,OK,26.75,OK,17.57,OK
2024-05-25 05:00:00,9.19,OK,0.1,BDL,null,OS,null,OS,0.46,OK,21.27,OK,10.87,OK
2024-05-25 06:00:00,12.73,OK,0.17,BDL,null,OS,null,OS,0.6,OK,30.34,OK,0.93,BDL
2024-05-25 07:00:00,33.57,OK,0.02,BDL,null,OS,null,OS,0.45,OK,19.67,OK,15.21,OK
2024-05-25 08:00:00,41.38,OK,0.01,BDL,null,OS,null,OS,0.41,OK,13.68,OK,17.62,OK
2024-05-25 09:00:00,49.21,OK,-0.02,BDL,null,OS,null,OS,0.37,OK,8.92,OK,15.79,OK
2024-05-25 10:00:00,54.75,OK,-0.04,BDL,null,OS,null,OS,0.41,OK,13.96,OK,19.11,OK
2024-05-25 11:00:00,53.21,OK,-0.06,BDL,null,OS,null,OS,0.39,OK,15.17,OK,21.29,OK
2024-05-25 12:00:00,48.24,OK,-0.03,BDL,null,OS,null,OS,0.39,OK,14.68,OK,14.02,OK
2024-05-25 13:00:00,48.99,OK,-0.01,BDL,null,OS,null,OS,0.4,OK,15.23,OK,10.18,OK
2024-05-25 14:00:00,48.11,OK,-0.09,BDL,null,OS,null,OS,0.37,OK,12.7,OK,13.19,OK
2024-05-25 15:00:00,47.28,OK,-0.05,BDL,null,OS,null,OS,0.39,OK,20.03,OK,11.94,OK
2024-05-25 16:00:00,46.32,OK,-0.06,BDL,null,OS,null,OS,0.36,OK,8.59,OK,14.63,OK
2024-05-25 17:00:00,39.0,OK,-0.11,BDL,null,OS,null,OS,0.37,OK,17.27,OK,11.93,OK
2024-05-25 18:00:00,32.91,OK,-0.12,BDL,null,OS,null,OS,0.41,OK,13.74,OK,5.28,OK
2024-05-25 19:00:00,26.41,OK,-0.04,BDL,null,OS,null,OS,0.45,OK,17.74,OK,5.42,OK
2024-05-25 20:00:00,21.84,OK,-0.05,BDL,null,OS,null,OS,0.5,OK,25.04,OK,-0.0,BDL
2024-05-25 21:00:00,24.03,OK,-0.05,BDL,null,OS,null,OS,0.48,OK,17.41,OK,1.9,BDL
2024-05-25 22:00:00,24.01,OK,-0.02,BDL,null,OS,null,OS,0.47,OK,23.25,OK,6.81,OK
2024-05-25 23:00:00,22.5,OK,-0.05,BDL,null,OS,null,OS,0.41,OK,10.54,OK,6.37,OK
2024-05-26 00:00:00,12.34,OK,-0.11,BDL,null,OS,null,OS,0.59,OK,17.05,OK,3.86,BDL
2024-05-26 01:00:00,3.67,OK,0.04,BDL,null,OS,null,OS,0.73,OK,18.73,OK,2.72,BDL
2024-05-26 02:00:00,4.54,OK,0.02,BDL,null,OS,null,OS,0.58,OK,24.81,OK,5.84,OK
2024-05-26 03:00:00,16.9,OK,-0.02,BDL,null,OS,null,OS,0.32,OK,22.66,OK,8.96,OK
2024-05-26 04:00:00,22.93,OK,-0.05,BDL,null,OS,null,OS,0.29,OK,14.74,OK,5.29,OK
2024-05-26 05:00:00,22.74,OK,-0.08,BDL,null,OS,null,OS,0.33,OK,9.6,OK,-2.12,BDL
2024-05-26 06:00:00,29.04,OK,-0.03,BDL,null,OS,null,OS,0.33,OK,7.29,OK,-1.49,BDL
2024-05-26 07:00:00,35.9,OK,-0.07,BDL,null,OS,null,OS,0.31,OK,4.18,OK,5.81,OK
2024-05-26 08:00:00,42.07,OK,-0.09,BDL,null,OS,null,OS,0.31,OK,6.77,OK,10.89,OK
2024-05-26 09:00:00,44.74,OK,-0.11,BDL,null,OS,null,OS,0.31,OK,-0.25,BDL,8.36,OK
2024-05-26 10:00:00,51.57,OK,-0.09,BDL,null,OS,null,OS,0.34,OK,2.92,BDL,19.89,OK
2024-05-26 11:00:00,59.19,OK,-0.11,BDL,null,OS,null,OS,0.34,OK,11.27,OK,12.95,OK
2024-05-26 12:00:00,60.73,OK,-0.09,BDL,null,OS,null,OS,0.34,OK,7.97,OK,6.86,OK
2024-05-26 13:00:00,56.59,OK,-0.04,BDL,null,OS,null,OS,0.34,OK,8.93,OK,14.97,OK
2024-05-26 14:00:00,55.37,OK,-0.06,BDL,null,OS,null,OS,0.34,OK,3.71,BDL,14.48,OK
2024-05-26 15:00:00,53.3,OK,-0.09,BDL,null,OS,null,OS,0.36,OK,8.47,OK,16.89,OK
2024-05-26 16:00:00,50.81,OK,-0.1,BDL,null,OS,null,OS,0.36,OK,12.1,OK,6.92,OK
2024-05-26 17:00:00,40.2,OK,-0.13,BDL,null,OS,null,OS,0.37,OK,21.22,OK,11.36,OK
2024-05-26 18:00:00,34.27,OK,-0.06,BDL,null,OS,null,OS,0.41,OK,16.88,OK,6.85,OK
2024-05-26 19:00:00,26.54,OK,-0.04,BDL,null,OS,null,OS,0.46,OK,25.13,OK,1.93,BDL
2024-05-26 20:00:00,24.3,OK,-0.05,BDL,null,OS,null,OS,0.44,OK,21.65,OK,-1.2,BDL
2024-05-26 21:00:00,25.59,OK,-0.12,BDL,null,OS,null,OS,0.42,OK,22.58,OK,5.17,OK
2024-05-26 22:00:00,24.65,OK,-0.12,BDL,null,OS,null,OS,0.49,OK,19.04,OK,6.44,OK
2024-05-26 23:00:00,19.49,OK,-0.02,BDL,null,OS,null,OS,0.48,OK,14.28,OK,0.13,BDL
2024-05-27 00:00:00,3.87,OK,-0.0,BDL,null,OS,null,OS,0.66,OK,17.63,OK,1.65,BDL
2024-05-27 01:00:00,8.75,OK,0.07,BDL,null,OS,null,OS,0.5,OK,26.3,OK,4.81,OK
2024-05-27 02:00:00,10.48,OK,-0.06,BDL,null,OS,null,OS,0.39,OK,20.06,OK,9.85,OK
2024-05-27 03:00:00,7.48,OK,-0.05,BDL,null,OS,null,OS,0.38,OK,19.63,OK,9.41,OK
2024-05-27 04:00:00,5.44,OK,0.01,BDL,null,OS,null,OS,0.37,OK,31.72,OK,7.21,OK
2024-05-27 05:00:00,5.68,OK,0.17,BDL,null,OS,null,OS,0.45,OK,28.73,OK,3.62,BDL
2024-05-27 06:00:00,8.72,OK,0.3,BDL,null,OS,null,OS,0.61,OK,36.24,OK,3.33,BDL
2024-05-27 07:00:00,20.63,OK,0.11,BDL,null,OS,null,OS,0.52,OK,31.59,OK,10.09,OK
2024-05-27 08:00:00,32.19,OK,0.01,BDL,null,OS,null,OS,0.47,OK,17.1,OK,19.83,OK
2024-05-27 09:00:00,45.59,OK,-0.05,BDL,null,OS,null,OS,0.44,OK,14.94,OK,18.87,OK
2024-05-27 10:00:00,55.67,OK,-0.15,BDL,null,OS,null,OS,0.38,OK,6.81,OK,20.98,OK
2024-05-27 11:00:00,61.77,OK,-0.05,BDL,null,OS,null,OS,0.38,OK,10.39,OK,8.73,OK
2024-05-27 12:00:00,57.59,OK,-0.1,BDL,null,OS,null,OS,0.42,OK,8.74,OK,12.49,OK
2024-05-27 13:00:00,54.89,OK,-0.08,BDL,null,OS,null,OS,0.41,OK,10.27,OK,16.17,OK
2024-05-27 14:00:00,53.12,OK,-0.07,BDL,null,OS,null,OS,0.43,OK,15.86,OK,14.99,OK
2024-05-27 15:00:00,51.92,OK,-0.06,BDL,null,OS,null,OS,0.42,OK,28.71,OK,13.78,OK
2024-05-27 16:00:00,44.32,OK,-0.04,BDL,null,OS,null,OS,0.44,OK,27.73,OK,16.44,OK
2024-05-27 17:00:00,40.04,OK,-0.05,BDL,null,OS,null,OS,0.42,OK,21.73,OK,6.57,OK
2024-05-27 18:00:00,32.82,OK,0.01,BDL,null,OS,null,OS,0.49,OK,18.68,OK,7.62,OK
2024-05-27 19:00:00,27.11,OK,-0.09,BDL,null,OS,null,OS,0.47,OK,25.64,OK,2.67,BDL
2024-05-27 20:00:00,24.32,OK,-0.11,BDL,null,OS,null,OS,0.5,OK,25.31,OK,-1.83,BDL
2024-05-27 21:00:00,24.2,OK,-0.07,BDL,null,OS,null,OS,0.47,OK,20.36,OK,7.64,OK
2024-05-27 22:00:00,18.3,OK,-0.05,BDL,null,OS,null,OS,0.49,OK,22.06,OK,7.39,OK
2024-05-27 23:00:00,21.57,OK,-0.07,BDL,null,OS,null,OS,0.5,OK,15.65,OK,0.68,BDL
2024-05-28 00:00:00,22.08,OK,-0.1,BDL,null,OS,null,OS,0.42,OK,10.71,OK,2.73,BDL
2024-05-28 01:00:00,12.34,OK,-0.02,BDL,null,OS,null,OS,0.48,OK,18.05,OK,3.73,BDL
2024-05-28 02:00:00,6.7,OK,0.02,BDL,null,OS,null,OS,0.55,OK,13.91,OK,5.7,OK
2024-05-28 03:00:00,8.79,OK,0.59,BDL,null,OS,null,OS,0.43,OK,25.01,OK,25.0,OK
2024-05-28 04:00:00,3.68,OK,0.12,BDL,null,OS,null,OS,0.41,OK,27.39,OK,10.29,OK
2024-05-28 05:00:00,7.68,OK,0.25,BDL,null,OS,null,OS,0.47,OK,25.87,OK,4.41,OK
2024-05-28 06:00:00,10.31,OK,0.34,BDL,null,OS,null,OS,0.51,OK,28.9,OK,3.43,BDL
2024-05-28 07:00:00,18.56,OK,0.21,BDL,null,OS,null,OS,0.45,OK,39.78,OK,9.07,OK
2024-05-28 08:00:00,31.67,OK,0.05,BDL,null,OS,null,OS,2.1,OK,26.28,OK,19.23,OK
2024-05-28 09:00:00,42.3,OK,0.09,BDL,null,OS,null,OS,0.34,OK,21.6,OK,22.27,OK
2024-05-28 10:00:00,50.32,OK,0.02,BDL,null,OS,null,OS,0.25,OK,17.79,OK,23.79,OK
2024-05-28 11:00:00,51.95,OK,-0.06,BDL,null,OS,null,OS,0.24,OK,14.18,OK,10.94,OK
2024-05-28 12:00:00,51.28,OK,-0.09,BDL,null,OS,null,OS,0.27,OK,9.29,OK,13.41,OK
2024-05-28 13:00:00,49.57,OK,-0.08,BDL,null,OS,null,OS,0.27,OK,17.64,OK,13.21,OK
2024-05-28 14:00:00,48.77,OK,-0.06,BDL,null,OS,null,OS,0.24,OK,17.99,OK,18.21,OK
2024-05-28 15:00:00,47.03,OK,-0.19,BDL,null,OS,null,OS,0.23,OK,31.68,OK,16.42,OK
2024-05-28 16:00:00,50.38,OK,-0.08,BDL,null,OS,null,OS,0.21,OK,17.62,OK,6.58,OK
2024-05-28 17:00:00,46.86,OK,-0.01,BDL,null,OS,null,OS,0.25,OK,17.25,OK,7.38,OK
2024-05-28 18:00:00,36.65,OK,-0.12,BDL,null,OS,null,OS,0.31,OK,17.36,OK,7.68,OK
2024-05-28 19:00:00,34.16,OK,-0.12,BDL,null,OS,null,OS,0.29,OK,26.67,OK,2.71,BDL
2024-05-28 20:00:00,24.8,OK,-0.03,BDL,null,OS,null,OS,0.42,OK,25.51,OK,-0.65,BDL
2024-05-28 21:00:00,25.89,OK,-0.05,BDL,null,OS,null,OS,0.35,OK,24.08,OK,-1.73,BDL
2024-05-28 22:00:00,28.23,OK,-0.02,BDL,null,OS,null,OS,0.31,OK,15.54,OK,-1.36,BDL
2024-05-28 23:00:00,20.54,OK,0.06,BDL,null,OS,null,OS,0.35,OK,17.64,OK,-1.12,BDL
2024-05-29 00:00:00,12.39,OK,2.62,OK,null,OS,null,OS,0.68,OK,-189.85,OR,3.84,BDL
2024-05-29 01:00:00,28.14,OK,1.61,OK,null,OS,null,OS,0.35,OK,-226.24,OR,25.67,OK
2024-05-29 02:00:00,39.34,OK,9.94,OK,null,OS,null,OS,0.63,OK,-64.58,OR,-15.79,OR
2024-05-29 03:00:00,4.22,OK,0.35,BDL,null,OS,null,OS,0.26,OK,-23.31,OR,-19.9,OR
2024-05-29 04:00:00,6.75,OK,0.05,BDL,null,OS,null,OS,0.24,OK,0.49,BDL,-14.19,OR
2024-05-29 05:00:00,11.37,OK,0.15,BDL,null,OS,null,OS,0.33,OK,4.78,OK,-13.09,OR
2024-05-29 06:00:00,19.53,OK,0.08,BDL,null,OS,null,OS,0.39,OK,24.17,OK,-13.78,OR
2024-05-29 07:00:00,33.81,OK,-0.0,BDL,null,OS,null,OS,0.29,OK,10.9,OK,-7.06,OR
2024-05-29 08:00:00,36.17,OK,0.06,BDL,null,OS,null,OS,0.28,OK,10.24,OK,1.64,BDL
2024-05-29 09:00:00,41.43,OK,0.08,BDL,null,OS,null,OS,0.26,OK,17.04,OK,13.27,OK
2024-05-29 10:00:00,36.19,OK,0.36,BDL,null,OS,null,OS,0.29,OK,1.44,BDL,16.51,OK
2024-05-29 11:00:00,28.25,OK,0.41,BDL,null,OS,null,OS,0.28,OK,6.42,OK,7.49,OK
2024-05-29 12:00:00,28.07,OK,0.54,BDL,null,OS,null,OS,0.31,OK,14.62,OK,16.79,OK
2024-05-29 13:00:00,27.62,OK,0.62,BDL,null,OS,null,OS,0.32,OK,16.07,OK,5.84,OK
2024-05-29 14:00:00,25.66,OK,0.65,BDL,null,OS,null,OS,0.3,OK,19.46,OK,13.67,OK
2024-05-29 15:00:00,25.92,OK,0.53,BDL,null,OS,null,OS,0.29,OK,18.42,OK,9.77,OK
2024-05-29 16:00:00,28.59,OK,0.52,BDL,null,OS,null,OS,0.3,OK,15.19,OK,8.71,OK
2024-05-29 17:00:00,22.44,OK,0.99,BDL,null,OS,null,OS,0.35,OK,13.36,OK,5.42,OK
2024-05-29 18:00:00,22.65,OK,1.39,OK,null,OS,null,OS,0.39,OK,13.9,OK,9.16,OK
2024-05-29 19:00:00,22.52,OK,2.2,OK,null,OS,null,OS,0.49,OK,21.41,OK,4.14,OK
2024-05-29 20:00:00,20.05,OK,2.85,OK,null,OS,null,OS,0.51,OK,24.37,OK,-1.82,BDL
2024-05-29 21:00:00,22.21,OK,2.99,OK,null,OS,null,OS,0.62,OK,25.55,OK,2.84,BDL
2024-05-29 22:00:00,13.41,OK,3.4,OK,null,OS,null,OS,0.59,OK,21.77,OK,7.98,OK
2024-05-29 23:00:00,20.17,OK,4.67,OK,null,OS,null,OS,0.66,OK,13.47,OK,2.01,BDL
2024-05-30 00:00:00,23.4,OK,5.65,OK,null,OS,null,OS,0.73,OK,18.09,OK,3.7,BDL
2024-05-30 01:00:00,-3.38,OR,1.78,OK,null,OS,null,OS,0.36,OK,19.96,OK,6.14,OK
2024-05-30 02:00:00,8.24,OK,1.36,OK,null,OS,null,OS,0.32,OK,19.11,OK,10.1,OK
2024-05-30 03:00:00,6.22,OK,0.55,BDL,null,OS,null,OS,0.25,OK,21.75,OK,6.92,OK
2024-05-30 04:00:00,3.8,OK,0.46,BDL,null,OS,null,OS,0.23,OK,22.16,OK,14.14,OK
2024-05-30 05:00:00,6.79,OK,0.25,BDL,null,OS,null,OS,0.26,OK,19.79,OK,-1.02,BDL
2024-05-30 06:00:00,8.85,OK,0.23,BDL,null,OS,null,OS,0.44,OK,25.01,OK,-3.75,BDL
2024-05-30 07:00:00,27.1,OK,0.03,BDL,null,OS,null,OS,0.32,OK,23.88,OK,5.08,OK
2024-05-30 08:00:00,37.47,OK,0.11,BDL,null,OS,null,OS,0.29,OK,16.95,OK,12.74,OK
2024-05-30 09:00:00,38.19,OK,0.09,BDL,null,OS,null,OS,0.28,OK,13.3,OK,19.89,OK
2024-05-30 10:00:00,37.98,OK,0.24,BDL,null,OS,null,OS,0.28,OK,5.7,OK,16.9,OK
2024-05-30 11:00:00,39.21,OK,0.26,BDL,null,OS,null,OS,0.3,OK,8.58,OK,19.56,OK
2024-05-30 12:00:00,38.03,OK,0.19,BDL,null,OS,null,OS,0.29,OK,8.45,OK,9.55,OK
2024-05-30 13:00:00,34.91,OK,0.23,BDL,null,OS,null,OS,0.31,OK,6.65,OK,14.81,OK
2024-05-30 14:00:00,33.4,OK,0.21,BDL,null,OS,null,OS,0.31,OK,6.94,OK,16.47,OK
2024-05-30 15:00:00,23.49,OK,0.22,BDL,null,OS,null,OS,0.31,OK,29.61,OK,19.46,OK
2024-05-30 16:00:00,19.24,OK,0.27,BDL,null,OS,null,OS,0.35,OK,23.37,OK,13.38,OK
2024-05-30 17:00:00,18.11,OK,0.2,BDL,null,OS,null,OS,0.33,OK,22.52,OK,3.31,BDL
2024-05-30 18:00:00,18.25,OK,0.4,BDL,null,OS,null,OS,0.36,OK,15.95,OK,4.12,OK
2024-05-30 19:00:00,16.8,OK,0.61,BDL,null,OS,null,OS,0.39,OK,27.4,OK,4.18,OK
2024-05-30 20:00:00,14.58,OK,0.75,BDL,null,OS,null,OS,0.5,OK,31.92,OK,2.41,BDL
2024-05-30 21:00:00,12.8,OK,0.69,BDL,null,OS,null,OS,0.58,OK,32.61,OK,2.43,BDL
2024-05-30 22:00:00,13.39,OK,0.63,BDL,null,OS,null,OS,0.44,OK,21.17,OK,1.85,BDL
2024-05-30 23:00:00,14.99,OK,1.42,OK,null,OS,null,OS,0.51,OK,18.07,OK,1.2,BDL
2024-05-31 00:00:00,3.65,OK,1.17,OK,null,OS,null,OS,0.6,OK,17.91,OK,5.48,OK
2024-05-31 01:00:00,39.1,OK,1.43,OK,null,OS,null,OS,0.55,OK,17.56,OK,6.77,OK
