Red Universitaria de Observatorios Atmosfericos (RUOA)
Atmospheric Observatory Hermosillo (erno), Sonora
Lat 29.0814 N, Lon 110.9706 W, Alt 154 masl
Time UTC-7h
Air Quality data
Flags: OK = Reliable data, BDL = Below Detection Limit, OR = Out of Range, OS = Out of Service 
 
Time,O3,O3_flag,SO2,SO2_flag,NO2,NO2_flag,NO,NO_flag,CO,CO_flag,PM10,PM10_flag,PM2.5,PM2.5_flag
yyyy-mm-dd HH:MM:SS,ppb,flag,ppb,flag,ppb,flag,ppb,flag,ppm,flag,ug/m^3,flag,ug/m^3,flag
2024-08-01 00:00:00,26.6,OK,0.3,BDL,null,OS,null,OS,-0.26,OR,0.0,BDL,4.5,OK
2024-08-01 01:00:00,23.8,OK,0.22,BDL,null,OS,null,OS,-0.26,OR,0.0,BDL,-26.25,OR
2024-08-01 02:00:00,22.58,OK,0.27,BDL,null,OS,null,OS,-0.25,OR,0.0,BDL,0.63,BDL
2024-08-01 03:00:00,19.13,OK,0.19,BDL,null,OS,null,OS,-0.25,OR,0.0,BDL,16.96,OK
2024-08-01 04:00:00,15.5,OK,0.27,BDL,null,OS,null,OS,-0.24,OR,0.0,BDL,9.14,OK
2024-08-01 05:00:00,12.73,OK,0.2,BDL,null,OS,null,OS,-0.2,OR,0.0,BDL,15.42,OK
2024-08-01 06:00:00,16.74,OK,0.3,BDL,null,OS,null,OS,-0.2,OR,0.0,BDL,5.1,OK
2024-08-01 07:00:00,19.01,OK,0.27,BDL,null,OS,null,OS,-0.2,OR,0.0,BDL,-3.58,BDL
2024-08-01 08:00:00,20.77,OK,0.3,BDL,null,OS,null,OS,-0.19,OR,0.0,BDL,-5.05,OR
2024-08-01 09:00:00,25.81,OK,0.27,BDL,null,OS,null,OS,-0.19,OR,null,OS,3.07,BDL
2024-08-01 10:00:00,26.89,OK,0.3,BDL,null,OS,null,OS,-0.18,OR,null,OS,14.43,OK
2024-08-01 11:00:00,31.97,OK,0.23,BDL,null,OS,null,OS,-0.17,OR,null,OS,18.0,OK
2024-08-01 12:00:00,35.47,OK,0.28,BDL,null,OS,null,OS,-0.19,OR,null,OS,5.22,OK
2024-08-01 13:00:00,34.17,OK,0.31,BDL,null,OS,null,OS,-0.18,OR,null,OS,11.7,OK
2024-08-01 14:00:00,35.66,OK,0.17,BDL,null,OS,null,OS,-0.18,OR,null,OS,17.64,OK
2024-08-01 15:00:00,37.18,OK,0.24,BDL,null,OS,null,OS,-0.19,OR,null,OS,13.47,OK
2024-08-01 16:00:00,35.36,OK,0.28,BDL,null,OS,null,OS,-0.18,OR,null,OS,22.11,OK
2024-08-01 17:00:00,13.75,OK,0.3,BDL,null,OS,null,OS,-0.12,OR,null,OS,29.79,OK
2024-08-01 18:00:00,12.37,OK,0.3,BDL,null,OS,null,OS,-0.14,OR,null,OS,17.42,OK
2024-08-01 19:00:00,12.53,OK,0.31,BDL,null,OS,null,OS,-0.13,OR,null,OS,18.82,OK
2024-08-01 20:00:00,10.66,OK,0.21,BDL,null,OS,null,OS,-0.15,OR,null,OS,13.32,OK
2024-08-01 21:00:00,10.9,OK,0.25,BDL,null,OS,null,OS,-0.19,OR,null,OS,10.64,OK
2024-08-01 22:00:00,11.32,OK,0.23,BDL,null,OS,null,OS,-0.19,OR,null,OS,12.18,OK
2024-08-01 23:00:00,12.47,OK,0.24,BDL,null,OS,null,OS,-0.2,OR,null,OS,4.64,OK
2024-08-02 00:00:00,12.85,OK,0.29,BDL,null,OS,null,OS,-0.2,OR,null,OS,5.85,OK
2024-08-02 01:00:00,9.56,OK,0.3,BDL,null,OS,null,OS,-0.2,OR,null,OS,12.08,OK
2024-08-02 02:00:00,4.38,OK,0.28,BDL,null,OS,null,OS,-0.2,OR,null,OS,15.9,OK
2024-08-02 03:00:00,10.57,OK,0.31,BDL,null,OS,null,OS,-0.23,OR,null,OS,4.49,OK
2024-08-02 04:00:00,6.0,OK,0.33,BDL,null,OS,null,OS,-0.21,OR,null,OS,11.03,OK
2024-08-02 05:00:00,6.85,OK,0.27,BDL,null,OS,null,OS,-0.18,OR,null,OS,14.2,OK
2024-08-02 06:00:00,12.84,OK,0.26,BDL,null,OS,null,OS,-0.16,OR,null,OS,-27.44,OR
2024-08-02 07:00:00,22.25,OK,0.29,BDL,null,OS,null,OS,-0.2,OR,null,OS,-27.63,OR
2024-08-02 08:00:00,29.0,OK,0.29,BDL,null,OS,null,OS,-0.22,OR,null,OS,-14.73,OR
2024-08-02 09:00:00,39.07,OK,0.29,BDL,null,OS,null,OS,-0.24,OR,null,OS,5.76,OK
2024-08-02 10:00:00,36.46,OK,0.29,BDL,null,OS,null,OS,-0.24,OR,null,OS,11.78,OK
2024-08-02 11:00:00,28.75,OK,0.27,BDL,null,OS,null,OS,-0.27,OR,null,OS,16.84,OK
2024-08-02 12:00:00,34.15,OK,0.28,BDL,null,OS,null,OS,-0.28,OR,null,OS,10.87,OK
2024-08-02 13:00:00,37.47,OK,0.23,BDL,null,OS,null,OS,-0.27,OR,null,OS,9.65,OK
2024-08-02 14:00:00,40.59,OK,0.3,BDL,null,OS,null,OS,-0.26,OR,null,OS,18.72,OK
2024-08-02 15:00:00,46.94,OK,0.33,BDL,null,OS,null,OS,-0.17,OR,null,OS,19.02,OK
2024-08-02 16:00:00,36.04,OK,0.34,BDL,null,OS,null,OS,-0.16,OR,null,OS,33.33,OK
2024-08-02 17:00:00,20.27,OK,0.21,BDL,null,OS,null,OS,-0.11,OR,null,OS,9.85,OK
2024-08-02 18:00:00,11.33,OK,0.27,BDL,null,OS,null,OS,-0.13,OR,null,OS,16.82,OK
2024-08-02 19:00:00,8.29,OK,0.28,BDL,null,OS,null,OS,-0.16,OR,null,OS,1.56,BDL
2024-08-02 20:00:00,11.68,OK,0.32,BDL,null,OS,null,OS,-0.17,OR,null,OS,3.45,BDL
2024-08-02 21:00:00,12.17,OK,0.25,BDL,null,OS,null,OS,-0.17,OR,null,OS,3.17,BDL
2024-08-02 22:00:00,16.97,OK,0.27,BDL,null,OS,null,OS,-0.18,OR,null,OS,2.44,BDL
2024-08-02 23:00:00,14.95,OK,0.23,BDL,null,OS,null,OS,-0.21,OR,null,OS,3.48,BDL
2024-08-03 00:00:00,18.76,OK,0.21,BDL,null,OS,null,OS,-0.24,OR,null,OS,3.7,BDL
2024-08-03 01:00:00,22.21,OK,0.25,BDL,null,OS,null,OS,-0.24,OR,null,OS,5.5,OK
2024-08-03 02:00:00,17.52,OK,0.23,BDL,null,OS,null,OS,-0.25,OR,null,OS,45.01,OK
2024-08-03 03:00:00,14.45,OK,0.19,BDL,null,OS,null,OS,-0.25,OR,null,OS,40.71,OK
2024-08-03 04:00:00,9.62,OK,0.22,BDL,null,OS,null,OS,-0.22,OR,null,OS,2.73,BDL
2024-08-03 05:00:00,12.35,OK,0.22,BDL,null,OS,null,OS,-0.22,OR,null,OS,-3.35,BDL
2024-08-03 06:00:00,12.9,OK,0.22,BDL,null,OS,null,OS,-0.2,OR,null,OS,-12.78,OR
2024-08-03 07:00:00,15.92,OK,0.2,BDL,null,OS,null,OS,-0.2,OR,null,OS,-15.69,OR
2024-08-03 08:00:00,15.83,OK,0.28,BDL,null,OS,null,OS,-0.15,OR,null,OS,-6.36,OR
2024-08-03 09:00:00,23.21,OK,0.27,BDL,null,OS,null,OS,-0.15,OR,null,OS,0.04,BDL
2024-08-03 10:00:00,20.78,OK,0.26,BDL,null,OS,null,OS,-0.12,OR,0.0,BDL,6.61,OK
2024-08-03 11:00:00,30.69,OK,0.22,BDL,null,OS,null,OS,-0.15,OR,null,OS,24.75,OK
2024-08-03 12:00:00,31.89,OK,0.2,BDL,null,OS,null,OS,-0.15,OR,null,OS,14.57,OK
2024-08-03 13:00:00,28.12,OK,0.24,BDL,null,OS,null,OS,-0.15,OR,null,OS,17.41,OK
2024-08-03 14:00:00,27.78,OK,0.25,BDL,null,OS,null,OS,-0.19,OR,null,OS,18.88,OK
2024-08-03 15:00:00,24.65,OK,0.24,BDL,null,OS,null,OS,-0.19,OR,null,OS,10.63,OK
2024-08-03 16:00:00,12.84,OK,0.23,BDL,null,OS,null,OS,-0.2,OR,null,OS,30.29,OK
2024-08-03 17:00:00,11.6,OK,0.27,BDL,null,OS,null,OS,-0.2,OR,null,OS,2.23,BDL
2024-08-03 18:00:00,15.75,OK,0.22,BDL,null,OS,null,OS,-0.18,OR,null,OS,1.21,BDL
2024-08-03 19:00:00,19.9,OK,0.3,BDL,null,OS,null,OS,-0.08,OR,null,OS,-1.92,BDL
2024-08-03 20:00:00,18.96,OK,0.27,BDL,null,OS,null,OS,-0.13,OR,null,OS,-2.74,BDL
2024-08-03 21:00:00,22.58,OK,0.3,BDL,null,OS,null,OS,-0.16,OR,null,OS,2.13,BDL
2024-08-03 22:00:00,13.62,OK,0.26,BDL,null,OS,null,OS,-0.13,OR,null,OS,10.5,OK
2024-08-03 23:00:00,9.54,OK,0.25,BDL,null,OS,null,OS,-0.19,OR,null,OS,18.94,OK
2024-08-04 00:00:00,11.13,OK,0.22,BDL,null,OS,null,OS,-0.21,OR,null,OS,4.59,OK
2024-08-04 01:00:00,11.99,OK,0.19,BDL,null,OS,null,OS,-0.21,OR,null,OS,14.16,OK
2024-08-04 02:00:00,11.61,OK,0.22,BDL,null,OS,null,OS,-0.24,OR,null,OS,10.79,OK
2024-08-04 03:00:00,13.35,OK,0.26,BDL,null,OS,null,OS,-0.26,OR,null,OS,1.9,BDL
2024-08-04 04:00:00,17.23,OK,0.24,BDL,null,OS,null,OS,-0.26,OR,null,OS,4.09,OK
2024-08-04 05:00:00,16.18,OK,0.24,BDL,null,OS,null,OS,-0.26,OR,null,OS,-1.52,BDL
2024-08-04 06:00:00,17.41,OK,0.25,BDL,null,OS,null,OS,-0.25,OR,null,OS,-6.65,OR
2024-08-04 07:00:00,18.5,OK,0.18,BDL,null,OS,null,OS,-0.24,OR,null,OS,-6.84,OR
2024-08-04 08:00:00,19.76,OK,0.2,BDL,null,OS,null,OS,-0.23,OR,null,OS,-4.46,OR
2024-08-04 09:00:00,20.95,OK,0.22,BDL,null,OS,null,OS,-0.24,OR,null,OS,1.99,BDL
2024-08-04 10:00:00,23.8,OK,0.3,BDL,null,OS,null,OS,-0.25,OR,null,OS,14.73,OK
2024-08-04 11:00:00,23.56,OK,0.3,BDL,null,OS,null,OS,-0.24,OR,null,OS,13.82,OK
2024-08-04 12:00:00,34.59,OK,0.25,BDL,null,OS,null,OS,-0.24,OR,null,OS,14.82,OK
2024-08-04 13:00:00,38.71,OK,0.22,BDL,null,OS,null,OS,-0.22,OR,null,OS,14.22,OK
2024-08-04 14:00:00,43.99,OK,0.23,BDL,null,OS,null,OS,-0.22,OR,null,OS,24.14,OK
2024-08-04 15:00:00,32.81,OK,0.23,BDL,null,OS,null,OS,-0.22,OR,null,OS,23.02,OK
2024-08-04 16:00:00,23.74,OK,0.22,BDL,null,OS,null,OS,-0.21,OR,null,OS,17.74,OK
2024-08-04 17:00:00,20.14,OK,0.27,BDL,null,OS,null,OS,-0.22,OR,null,OS,11.3,OK
2024-08-04 18:00:00,18.45,OK,0.28,BDL,null,OS,null,OS,-0.21,OR,null,OS,6.01,OK
2024-08-04 19:00:00,13.8,OK,0.25,BDL,null,OS,null,OS,-0.21,OR,null,OS,0.71,BDL
2024-08-04 20:00:00,13.84,OK,0.25,BDL,null,OS,null,OS,-0.23,OR,null,OS,3.63,BDL
2024-08-04 21:00:00,19.88,OK,0.28,BDL,null,OS,null,OS,-0.23,OR,null,OS,4.16,OK
2024-08-04 22:00:00,17.22,OK,0.24,BDL,null,OS,null,OS,-0.24,OR,null,OS,0.83,BDL
2024-08-04 23:00:00,20.14,OK,0.24,BDL,null,OS,null,OS,-0.27,OR,null,OS,4.56,OK
2024-08-05 00:00:00,23.04,OK,0.18,BDL,null,OS,null,OS,-0.27,OR,null,OS,9.12,OK
2024-08-05 01:00:00,12.79,OK,0.22,BDL,null,OS,null,OS,-0.29,OR,null,OS,30.06,OK
2024-08-05 02:00:00,26.25,OK,0.27,BDL,null,OS,null,OS,-0.29,OR,null,OS,-15.29,OR
2024-08-05 03:00:00,21.95,OK,0.21,BDL,null,OS,null,OS,-0.27,OR,null,OS,-9.69,OR
2024-08-05 04:00:00,22.19,OK,0.23,BDL,null,OS,null,OS,-0.26,OR,null,OS,7.27,OK
2024-08-05 05:00:00,21.75,OK,0.26,BDL,null,OS,null,OS,-0.22,OR,null,OS,30.15,OK
2024-08-05 06:00:00,18.19,OK,0.23,BDL,null,OS,null,OS,-0.18,OR,null,OS,-18.81,OR
2024-08-05 07:00:00,14.71,OK,0.25,BDL,null,OS,null,OS,-0.16,OR,null,OS,-21.0,OR
2024-08-05 08:00:00,15.21,OK,0.31,BDL,null,OS,null,OS,-0.14,OR,null,OS,-17.24,OR
2024-08-05 09:00:00,18.15,OK,0.27,BDL,null,OS,null,OS,-0.09,OR,null,OS,-17.26,OR
2024-08-05 10:00:00,25.98,OK,0.28,BDL,null,OS,null,OS,-0.18,OR,null,OS,-7.1,OR
2024-08-05 11:00:00,29.7,OK,0.25,BDL,null,OS,null,OS,-0.18,OR,null,OS,14.45,OK
2024-08-05 12:00:00,34.57,OK,0.25,BDL,null,OS,null,OS,-0.16,OR,null,OS,19.15,OK
2024-08-05 13:00:00,37.02,OK,0.22,BDL,null,OS,null,OS,-0.17,OR,null,OS,14.22,OK
2024-08-05 14:00:00,26.0,OK,0.24,BDL,null,OS,null,OS,-0.18,OR,null,OS,20.45,OK
2024-08-05 15:00:00,27.85,OK,0.24,BDL,null,OS,null,OS,-0.16,OR,null,OS,17.39,OK
2024-08-05 16:00:00,26.72,OK,0.26,BDL,null,OS,null,OS,-0.13,OR,null,OS,21.83,OK
2024-08-05 17:00:00,23.81,OK,0.27,BDL,null,OS,null,OS,-0.14,OR,null,OS,2.54,BDL
2024-08-05 18:00:00,13.32,OK,0.29,BDL,null,OS,null,OS,-0.11,OR,null,OS,4.34,OK
2024-08-05 19:00:00,12.38,OK,0.24,BDL,null,OS,null,OS,-0.13,OR,null,OS,9.08,OK
2024-08-05 20:00:00,12.42,OK,0.25,BDL,null,OS,null,OS,-0.17,OR,null,OS,13.25,OK
2024-08-05 21:00:00,12.65,OK,0.23,BDL,null,OS,null,OS,-0.2,OR,null,OS,11.39,OK
2024-08-05 22:00:00,13.13,OK,0.2,BDL,null,OS,null,OS,-0.22,OR,null,OS,7.05,OK
2024-08-05 23:00:00,26.86,OK,0.27,BDL,null,OS,null,OS,-0.27,OR,null,OS,7.5,OK
2024-08-06 00:00:00,28.25,OK,0.22,BDL,null,OS,null,OS,-0.29,OR,null,OS,3.99,BDL
2024-08-06 01:00:00,16.91,OK,0.28,BDL,null,OS,null,OS,-0.26,OR,null,OS,-3.84,BDL
2024-08-06 02:00:00,29.12,OK,0.2,BDL,null,OS,null,OS,-0.3,OR,null,OS,1.9,BDL
2024-08-06 03:00:00,29.42,OK,0.25,BDL,null,OS,null,OS,-0.29,OR,null,OS,11.26,OK
2024-08-06 04:00:00,27.64,OK,0.22,BDL,null,OS,null,OS,-0.28,OR,null,OS,-1.94,BDL
2024-08-06 05:00:00,18.01,OK,0.22,BDL,null,OS,null,OS,-0.18,OR,null,OS,1.72,BDL
2024-08-06 06:00:00,22.62,OK,0.25,BDL,null,OS,null,OS,-0.16,OR,null,OS,1.02,BDL
2024-08-06 07:00:00,32.03,OK,0.25,BDL,null,OS,null,OS,-0.18,OR,null,OS,-7.62,OR
2024-08-06 08:00:00,41.28,OK,0.28,BDL,null,OS,null,OS,-0.19,OR,null,OS,-6.8,OR
2024-08-06 09:00:00,45.3,OK,0.24,BDL,null,OS,null,OS,-0.23,OR,null,OS,4.03,OK
2024-08-06 10:00:00,46.1,OK,0.28,BDL,null,OS,null,OS,-0.22,OR,null,OS,11.51,OK
2024-08-06 11:00:00,47.42,OK,0.24,BDL,null,OS,null,OS,-0.21,OR,null,OS,6.22,OK
2024-08-06 12:00:00,42.92,OK,0.22,BDL,null,OS,null,OS,-0.18,OR,null,OS,7.07,OK
2024-08-06 13:00:00,42.87,OK,0.24,BDL,null,OS,null,OS,-0.2,OR,null,OS,10.22,OK
2024-08-06 14:00:00,40.64,OK,0.21,BDL,null,OS,null,OS,-0.17,OR,null,OS,17.3,OK
2024-08-06 15:00:00,34.37,OK,0.24,BDL,null,OS,null,OS,-0.2,OR,null,OS,4.44,OK
2024-08-06 16:00:00,26.61,OK,0.28,BDL,null,OS,null,OS,-0.18,OR,null,OS,12.35,OK
2024-08-06 17:00:00,18.72,OK,0.27,BDL,null,OS,null,OS,-0.16,OR,null,OS,12.62,OK
2024-08-06 18:00:00,21.49,OK,0.26,BDL,null,OS,null,OS,-0.17,OR,null,OS,3.27,BDL
2024-08-06 19:00:00,13.77,OK,0.27,BDL,null,OS,null,OS,-0.18,OR,null,OS,13.87,OK
2024-08-06 20:00:00,14.89,OK,0.25,BDL,null,OS,null,OS,-0.17,OR,null,OS,5.77,OK
2024-08-06 21:00:00,19.06,OK,0.27,BDL,null,OS,null,OS,-0.21,OR,null,OS,8.46,OK
2024-08-06 22:00:00,14.48,OK,0.27,BDL,null,OS,null,OS,-0.22,OR,null,OS,8.1,OK
2024-08-06 23:00:00,21.85,OK,0.2,BDL,null,OS,null,OS,-0.26,OR,null,OS,6.36,OK
2024-08-07 00:00:00,15.3,OK,0.23,BDL,null,OS,null,OS,-0.26,OR,null,OS,1.11,BDL
2024-08-07 01:00:00,7.16,OK,0.27,BDL,null,OS,null,OS,-0.22,OR,null,OS,19.39,OK
2024-08-07 02:00:00,9.68,OK,0.24,BDL,null,OS,null,OS,-0.27,OR,null,OS,-4.96,OR
2024-08-07 03:00:00,11.03,OK,0.24,BDL,null,OS,null,OS,-0.25,OR,null,OS,-0.78,BDL
2024-08-07 04:00:00,9.05,OK,0.26,BDL,null,OS,null,OS,-0.23,OR,null,OS,5.41,OK
2024-08-07 05:00:00,12.34,OK,0.25,BDL,null,OS,null,OS,-0.18,OR,null,OS,15.94,OK
2024-08-07 06:00:00,13.49,OK,0.27,BDL,null,OS,null,OS,-0.16,OR,null,OS,-18.07,OR
2024-08-07 07:00:00,22.1,OK,0.24,BDL,null,OS,null,OS,-0.23,OR,null,OS,-11.27,OR
2024-08-07 08:00:00,26.79,OK,0.2,BDL,null,OS,null,OS,-0.26,OR,null,OS,0.09,BDL
2024-08-07 09:00:00,27.89,OK,0.27,BDL,null,OS,null,OS,-0.27,OR,null,OS,2.76,BDL
2024-08-07 10:00:00,27.6,OK,0.27,BDL,null,OS,null,OS,-0.27,OR,null,OS,2.97,BDL
2024-08-07 11:00:00,33.07,OK,0.2,BDL,null,OS,null,OS,-0.24,OR,null,OS,12.07,OK
2024-08-07 12:00:00,25.54,OK,0.25,BDL,null,OS,null,OS,-0.22,OR,null,OS,17.8,OK
2024-08-07 13:00:00,31.24,OK,0.24,BDL,null,OS,null,OS,-0.19,OR,null,OS,8.02,OK
2024-08-07 14:00:00,26.85,OK,0.24,BDL,null,OS,null,OS,-0.21,OR,null,OS,7.69,OK
2024-08-07 15:00:00,29.25,OK,0.25,BDL,null,OS,null,OS,-0.23,OR,null,OS,7.52,OK
2024-08-07 16:00:00,16.41,OK,0.3,BDL,null,OS,null,OS,-0.2,OR,null,OS,16.95,OK
2024-08-07 17:00:00,10.02,OK,0.36,BDL,null,OS,null,OS,-0.2,OR,null,OS,16.12,OK
2024-08-07 18:00:00,8.4,OK,0.27,BDL,null,OS,null,OS,-0.21,OR,null,OS,-0.54,BDL
2024-08-07 19:00:00,7.82,OK,0.3,BDL,null,OS,null,OS,-0.21,OR,null,OS,1.75,BDL
2024-08-07 20:00:00,8.55,OK,0.27,BDL,null,OS,null,OS,-0.21,OR,null,OS,3.94,BDL
2024-08-07 21:00:00,8.93,OK,0.28,BDL,null,OS,null,OS,-0.22,OR,null,OS,0.13,BDL
2024-08-07 22:00:00,8.8,OK,0.2,BDL,null,OS,null,OS,-0.25,OR,null,OS,0.31,BDL
2024-08-07 23:00:00,8.43,OK,0.2,BDL,null,OS,null,OS,-0.26,OR,null,OS,8.03,OK
2024-08-08 00:00:00,7.29,OK,0.22,BDL,null,OS,null,OS,-0.27,OR,null,OS,9.4,OK
2024-08-08 01:00:00,7.36,OK,0.24,BDL,null,OS,null,OS,-0.27,OR,null,OS,14.06,OK
2024-08-08 02:00:00,7.88,OK,0.24,BDL,null,OS,null,OS,-0.29,OR,null,OS,10.43,OK
2024-08-08 03:00:00,6.95,OK,0.22,BDL,null,OS,null,OS,-0.28,OR,null,OS,7.16,OK
2024-08-08 04:00:00,5.35,OK,0.28,BDL,null,OS,null,OS,-0.25,OR,null,OS,24.36,OK
2024-08-08 05:00:00,3.6,OK,0.24,BDL,null,OS,null,OS,-0.17,OR,null,OS,12.77,OK
2024-08-08 06:00:00,4.09,OK,0.22,BDL,null,OS,null,OS,-0.07,OR,null,OS,-13.67,OR
2024-08-08 07:00:00,6.19,OK,0.19,BDL,null,OS,null,OS,-0.11,OR,null,OS,-28.17,OR
2024-08-08 08:00:00,10.54,OK,0.22,BDL,null,OS,null,OS,-0.09,OR,null,OS,-14.64,OR
2024-08-08 09:00:00,18.74,OK,0.2,BDL,null,OS,null,OS,-0.16,OR,null,OS,5.89,OK
2024-08-08 10:00:00,26.93,OK,0.17,BDL,null,OS,null,OS,-0.19,OR,null,OS,12.54,OK
2024-08-08 11:00:00,28.16,OK,0.18,BDL,null,OS,null,OS,-0.22,OR,null,OS,14.17,OK
2024-08-08 12:00:00,31.44,OK,0.21,BDL,null,OS,null,OS,-0.17,OR,null,OS,15.77,OK
2024-08-08 13:00:00,27.8,OK,0.2,BDL,null,OS,null,OS,-0.2,OR,null,OS,14.38,OK
2024-08-08 14:00:00,22.35,OK,0.25,BDL,null,OS,null,OS,-0.23,OR,null,OS,20.19,OK
2024-08-08 15:00:00,21.47,OK,0.2,BDL,null,OS,null,OS,-0.24,OR,null,OS,11.37,OK
2024-08-08 16:00:00,14.44,OK,0.18,BDL,null,OS,null,OS,-0.21,OR,null,OS,6.63,OK
2024-08-08 17:00:00,10.01,OK,0.17,BDL,null,OS,null,OS,-0.22,OR,null,OS,12.86,OK
2024-08-08 18:00:00,10.15,OK,0.2,BDL,null,OS,null,OS,-0.2,OR,null,OS,3.91,BDL
2024-08-08 19:00:00,8.2,OK,0.24,BDL,null,OS,null,OS,-0.21,OR,null,OS,-2.14,BDL
2024-08-08 20:00:00,8.86,OK,0.16,BDL,null,OS,null,OS,-0.24,OR,null,OS,-4.44,OR
2024-08-08 21:00:00,9.05,OK,0.14,BDL,null,OS,null,OS,-0.25,OR,null,OS,-0.4,BDL
2024-08-08 22:00:00,10.92,OK,0.15,BDL,null,OS,null,OS,-0.28,OR,null,OS,7.62,OK
2024-08-08 23:00:00,11.9,OK,0.12,BDL,null,OS,null,OS,-0.29,OR,null,OS,6.04,OK
2024-08-09 00:00:00,12.44,OK,0.13,BDL,null,OS,null,OS,-0.31,OR,null,OS,3.08,BDL
2024-08-09 01:00:00,20.21,OK,0.07,BDL,null,OS,null,OS,-0.33,OR,null,OS,4.79,OK
2024-08-09 02:00:00,29.56,OK,0.05,BDL,null,OS,null,OS,-0.34,OR,null,OS,6.47,OK
2024-08-09 03:00:00,27.96,OK,0.09,BDL,null,OS,null,OS,-0.33,OR,null,OS,8.06,OK
2024-08-09 04:00:00,28.88,OK,0.03,BDL,null,OS,null,OS,-0.33,OR,null,OS,2.96,BDL
2024-08-09 05:00:00,25.64,OK,0.06,BDL,null,OS,null,OS,-0.28,OR,null,OS,2.55,BDL
2024-08-09 06:00:00,26.25,OK,0.02,BDL,null,OS,null,OS,-0.26,OR,null,OS,3.67,BDL
2024-08-09 07:00:00,30.12,OK,0.03,BDL,null,OS,null,OS,-0.27,OR,null,OS,2.89,BDL
2024-08-09 08:00:00,33.51,OK,0.01,BDL,null,OS,null,OS,-0.29,OR,null,OS,4.72,OK
2024-08-09 09:00:00,35.98,OK,0.01,BDL,null,OS,null,OS,-0.3,OR,null,OS,9.69,OK
2024-08-09 10:00:00,31.28,OK,-0.05,BDL,null,OS,null,OS,-0.3,OR,null,OS,11.95,OK
2024-08-09 11:00:00,33.87,OK,-0.07,BDL,null,OS,null,OS,-0.23,OR,null,OS,19.53,OK
2024-08-09 12:00:00,36.22,OK,-0.05,BDL,null,OS,null,OS,-0.25,OR,null,OS,23.04,OK
2024-08-09 13:00:00,33.0,OK,-0.01,BDL,null,OS,null,OS,-0.19,OR,null,OS,21.73,OK
2024-08-09 14:00:00,36.73,OK,-0.03,BDL,null,OS,null,OS,-0.18,OR,null,OS,17.13,OK
2024-08-09 15:00:00,42.28,OK,-0.05,BDL,null,OS,null,OS,-0.19,OR,null,OS,8.84,OK
2024-08-09 16:00:00,15.61,OK,-0.04,BDL,null,OS,null,OS,-0.21,OR,null,OS,10.98,OK
2024-08-09 17:00:00,12.93,OK,-0.03,BDL,null,OS,null,OS,-0.22,OR,null,OS,2.57,BDL
2024-08-09 18:00:00,10.93,OK,0.02,BDL,null,OS,null,OS,-0.21,OR,null,OS,7.14,OK
2024-08-09 19:00:00,9.29,OK,-0.02,BDL,null,OS,null,OS,-0.22,OR,null,OS,1.74,BDL
2024-08-09 20:00:00,10.82,OK,-0.04,BDL,null,OS,null,OS,-0.26,OR,null,OS,-3.4,BDL
2024-08-09 21:00:00,14.67,OK,-0.06,BDL,null,OS,null,OS,-0.26,OR,null,OS,-3.01,BDL
2024-08-09 22:00:00,17.18,OK,-0.02,BDL,null,OS,null,OS,-0.29,OR,null,OS,-0.48,BDL
2024-08-09 23:00:00,17.29,OK,-0.09,BDL,null,OS,null,OS,-0.25,OR,null,OS,3.53,BDL
2024-08-10 00:00:00,16.24,OK,-0.06,BDL,null,OS,null,OS,-0.28,OR,null,OS,4.59,OK
2024-08-10 01:00:00,13.08,OK,-0.03,BDL,null,OS,null,OS,-0.29,OR,null,OS,2.89,BDL
2024-08-10 02:00:00,12.58,OK,-0.05,BDL,null,OS,null,OS,-0.33,OR,null,OS,3.61,BDL
2024-08-10 03:00:00,17.11,OK,-0.04,BDL,null,OS,null,OS,-0.33,OR,null,OS,6.37,OK
2024-08-10 04:00:00,14.8,OK,-0.04,BDL,null,OS,null,OS,-0.32,OR,null,OS,10.43,OK
2024-08-10 05:00:00,16.76,OK,-0.04,BDL,null,OS,null,OS,-0.3,OR,null,OS,3.89,BDL
2024-08-10 06:00:00,19.78,OK,-0.08,BDL,null,OS,null,OS,-0.3,OR,null,OS,2.34,BDL
2024-08-10 07:00:00,22.68,OK,-0.06,BDL,null,OS,null,OS,-0.28,OR,null,OS,3.28,BDL
2024-08-10 08:00:00,25.28,OK,-0.07,BDL,null,OS,null,OS,-0.27,OR,null,OS,6.67,OK
2024-08-10 09:00:00,27.09,OK,-0.04,BDL,null,OS,null,OS,-0.25,OR,null,OS,8.99,OK
2024-08-10 10:00:00,28.52,OK,-0.09,BDL,null,OS,null,OS,-0.27,OR,null,OS,14.93,OK
2024-08-10 11:00:00,34.14,OK,-0.11,BDL,null,OS,null,OS,-0.28,OR,null,OS,19.9,OK
2024-08-10 12:00:00,31.77,OK,-0.01,BDL,null,OS,null,OS,-0.26,OR,null,OS,17.05,OK
2024-08-10 13:00:00,38.06,OK,-0.05,BDL,null,OS,null,OS,-0.28,OR,null,OS,22.92,OK
2024-08-10 14:00:00,36.2,OK,-0.03,BDL,null,OS,null,OS,-0.26,OR,null,OS,17.1,OK
2024-08-10 15:00:00,27.85,OK,-0.01,BDL,null,OS,null,OS,-0.25,OR,null,OS,13.39,OK
2024-08-10 16:00:00,16.26,OK,-0.11,BDL,null,OS,null,OS,-0.25,OR,null,OS,18.31,OK
2024-08-10 17:00:00,15.81,OK,-0.09,BDL,null,OS,null,OS,-0.2,OR,null,OS,13.79,OK
2024-08-10 18:00:00,12.86,OK,-0.08,BDL,null,OS,null,OS,-0.2,OR,null,OS,11.11,OK
2024-08-10 19:00:00,13.0,OK,-0.04,BDL,null,OS,null,OS,-0.19,OR,null,OS,-0.8,BDL
2024-08-10 20:00:00,11.71,OK,-0.0,BDL,null,OS,null,OS,-0.2,OR,null,OS,-2.89,BDL
2024-08-10 21:00:00,29.32,OK,-0.08,BDL,null,OS,null,OS,-0.26,OR,null,OS,0.17,BDL
2024-08-10 22:00:00,32.55,OK,-0.04,BDL,null,OS,null,OS,-0.3,OR,null,OS,23.19,OK
2024-08-10 23:00:00,17.11,OK,-0.09,BDL,null,OS,null,OS,-0.26,OR,null,OS,-11.39,OR
2024-08-11 00:00:00,28.96,OK,-0.09,BDL,null,OS,null,OS,-0.29,OR,null,OS,0.05,BDL
2024-08-11 01:00:00,28.95,OK,-0.09,BDL,null,OS,null,OS,-0.32,OR,null,OS,2.22,BDL
2024-08-11 02:00:00,32.88,OK,-0.08,BDL,null,OS,null,OS,-0.33,OR,null,OS,-1.54,BDL
2024-08-11 03:00:00,32.46,OK,-0.06,BDL,null,OS,null,OS,-0.34,OR,null,OS,0.15,BDL
2024-08-11 04:00:00,29.4,OK,-0.11,BDL,null,OS,null,OS,-0.33,OR,null,OS,3.72,BDL
2024-08-11 05:00:00,29.8,OK,-0.05,BDL,null,OS,null,OS,-0.33,OR,null,OS,3.13,BDL
2024-08-11 06:00:00,29.2,OK,-0.06,BDL,null,OS,null,OS,-0.32,OR,null,OS,-2.49,BDL
2024-08-11 07:00:00,27.46,OK,-0.1,BDL,null,OS,null,OS,-0.3,OR,null,OS,-7.53,OR
2024-08-11 08:00:00,31.93,OK,-0.09,BDL,null,OS,null,OS,-0.3,OR,null,OS,-2.32,BDL
2024-08-11 09:00:00,37.8,OK,-0.06,BDL,null,OS,null,OS,-0.3,OR,null,OS,9.44,OK
2024-08-11 10:00:00,41.29,OK,-0.13,BDL,null,OS,null,OS,-0.3,OR,null,OS,9.67,OK
2024-08-11 11:00:00,43.84,OK,-0.09,BDL,null,OS,null,OS,-0.3,OR,null,OS,8.45,OK
2024-08-11 12:00:00,40.2,OK,-0.07,BDL,null,OS,null,OS,-0.3,OR,null,OS,16.55,OK
2024-08-11 13:00:00,33.3,OK,-0.07,BDL,null,OS,null,OS,-0.29,OR,null,OS,7.59,OK
2024-08-11 14:00:00,33.68,OK,-0.05,BDL,null,OS,null,OS,-0.27,OR,null,OS,23.71,OK
2024-08-11 15:00:00,38.03,OK,-0.04,BDL,null,OS,null,OS,-0.3,OR,null,OS,18.15,OK
2024-08-11 16:00:00,24.32,OK,-0.08,BDL,null,OS,null,OS,-0.26,OR,null,OS,5.91,OK
2024-08-11 17:00:00,15.17,OK,-0.06,BDL,null,OS,null,OS,-0.25,OR,null,OS,21.7,OK
2024-08-11 18:00:00,16.07,OK,-0.03,BDL,null,OS,null,OS,-0.23,OR,null,OS,17.97,OK
2024-08-11 19:00:00,19.97,OK,-0.06,BDL,null,OS,null,OS,-0.19,OR,null,OS,107.79,OK
2024-08-11 20:00:00,9.36,OK,-0.02,BDL,null,OS,null,OS,-0.03,BDL,null,OS,-15.71,OR
2024-08-11 21:00:00,9.15,OK,-0.02,BDL,null,OS,null,OS,0.03,BDL,null,OS,-33.73,OR
2024-08-11 22:00:00,11.72,OK,-0.02,BDL,null,OS,null,OS,-0.06,OR,null,OS,-20.3,OR
2024-08-11 23:00:00,12.97,OK,-0.05,BDL,null,OS,null,OS,-0.17,OR,null,OS,-12.95,OR
2024-08-12 00:00:00,11.16,OK,-0.03,BDL,null,OS,null,OS,-0.24,OR,null,OS,2.53,BDL
2024-08-12 01:00:00,12.62,OK,-0.02,BDL,null,OS,null,OS,-0.28,OR,null,OS,6.15,OK
2024-08-12 02:00:00,9.73,OK,-0.05,BDL,null,OS,null,OS,-0.3,OR,null,OS,4.58,OK
2024-08-12 03:00:00,9.67,OK,-0.08,BDL,null,OS,null,OS,-0.31,OR,null,OS,20.56,OK
2024-08-12 04:00:00,8.0,OK,-0.05,BDL,null,OS,null,OS,-0.3,OR,null,OS,36.84,OK
2024-08-12 05:00:00,4.22,OK,-0.0,BDL,null,OS,null,OS,-0.22,OR,null,OS,-3.62,BDL
2024-08-12 06:00:00,5.78,OK,-0.01,BDL,null,OS,null,OS,-0.12,OR,null,OS,-10.9,OR
2024-08-12 07:00:00,8.39,OK,0.0,BDL,null,OS,null,OS,-0.15,OR,null,OS,-19.28,OR
2024-08-12 08:00:00,10.89,OK,-0.06,BDL,null,OS,null,OS,-0.22,OR,null,OS,-12.25,OR
2024-08-12 09:00:00,18.19,OK,-0.02,BDL,null,OS,null,OS,-0.25,OR,null,OS,2.86,BDL
2024-08-12 10:00:00,24.88,OK,-0.03,BDL,null,OS,null,OS,-0.24,OR,null,OS,4.61,OK
2024-08-12 11:00:00,26.1,OK,-0.07,BDL,null,OS,null,OS,-0.17,OR,null,OS,22.27,OK
2024-08-12 12:00:00,38.56,OK,-0.06,BDL,null,OS,null,OS,-0.17,OR,null,OS,13.33,OK
2024-08-12 13:00:00,36.1,OK,-0.09,BDL,null,OS,null,OS,-0.15,OR,null,OS,11.29,OK
2024-08-12 14:00:00,32.6,OK,-0.06,BDL,null,OS,null,OS,-0.21,OR,null,OS,19.64,OK
2024-08-12 15:00:00,18.26,OK,-0.03,BDL,null,OS,null,OS,-0.2,OR,null,OS,21.64,OK
2024-08-12 16:00:00,10.44,OK,-0.01,BDL,null,OS,null,OS,-0.21,OR,null,OS,25.34,OK
2024-08-12 17:00:00,9.19,OK,-0.09,BDL,null,OS,null,OS,-0.22,OR,null,OS,-3.57,BDL
2024-08-12 18:00:00,8.83,OK,-0.05,BDL,null,OS,null,OS,-0.24,OR,null,OS,1.32,BDL
2024-08-12 19:00:00,11.63,OK,-0.0,BDL,null,OS,null,OS,-0.24,OR,null,OS,2.19,BDL
2024-08-12 20:00:00,23.62,OK,-0.06,BDL,null,OS,null,OS,-0.29,OR,null,OS,2.69,BDL
2024-08-12 21:00:00,23.65,OK,-0.07,BDL,null,OS,null,OS,-0.31,OR,null,OS,29.24,OK
2024-08-12 22:00:00,18.5,OK,-0.07,BDL,null,OS,null,OS,-0.31,OR,null,OS,-24.08,OR
2024-08-12 23:00:00,27.99,OK,-0.06,BDL,null,OS,null,OS,-0.35,OR,null,OS,-21.48,OR
2024-08-13 00:00:00,27.07,OK,-0.0,BDL,null,OS,null,OS,-0.35,OR,null,OS,-11.7,OR
2024-08-13 01:00:00,32.23,OK,-0.07,BDL,null,OS,null,OS,-0.36,OR,null,OS,-5.9,OR
2024-08-13 02:00:00,27.18,OK,-0.04,BDL,null,OS,null,OS,-0.35,OR,null,OS,-4.26,OR
2024-08-13 03:00:00,23.67,OK,-0.03,BDL,null,OS,null,OS,-0.35,OR,null,OS,2.56,BDL
2024-08-13 04:00:00,20.14,OK,-0.06,BDL,null,OS,null,OS,-0.34,OR,null,OS,12.22,OK
2024-08-13 05:00:00,17.54,OK,-0.06,BDL,null,OS,null,OS,-0.3,OR,null,OS,-2.2,BDL
2024-08-13 06:00:00,17.9,OK,-0.07,BDL,null,OS,null,OS,-0.27,OR,null,OS,-4.23,OR
2024-08-13 07:00:00,23.0,OK,-0.02,BDL,null,OS,null,OS,-0.26,OR,null,OS,-6.24,OR
2024-08-13 08:00:00,27.18,OK,-0.07,BDL,null,OS,null,OS,-0.27,OR,null,OS,-3.39,BDL
2024-08-13 09:00:00,27.7,OK,-0.01,BDL,null,OS,null,OS,-0.26,OR,null,OS,5.05,OK
2024-08-13 10:00:00,34.65,OK,-0.02,BDL,null,OS,null,OS,-0.29,OR,null,OS,7.0,OK
