Red Universitaria de Observatorios Atmosfericos (RUOA)
Atmospheric Observatory Hermosillo (erno), Sonora
Lat 29.0814 N, Lon 110.9706 W, Alt 154 masl
Time UTC-7h
Air Quality data
Flags: OK = Reliable data, BDL = Below Detection Limit, OR = Out of Range, OS = Out of Service 
 
Time,O3,O3_flag,SO2,SO2_flag,NO2,NO2_flag,NO,NO_flag,CO,CO_flag,PM10,PM10_flag,PM2.5,PM2.5_flag
yyyy-mm-dd HH:MM:SS,ppb,flag,ppb,flag,ppb,flag,ppb,flag,ppm,flag,ug/m^3,flag,ug/m^3,flag
2024-06-01 00:00:00,11.03,OK,1.14,OK,null,OS,null,OS,0.57,OK,13.67,OK,3.62,BDL
2024-06-01 01:00:00,0.96,BDL,0.29,BDL,null,OS,null,OS,0.47,OK,23.23,OK,7.17,OK
2024-06-01 02:00:00,3.95,OK,0.2,BDL,null,OS,null,OS,0.36,OK,29.4,OK,15.11,OK
2024-06-01 03:00:00,10.96,OK,0.01,BDL,null,OS,null,OS,0.25,OK,29.02,OK,10.06,OK
2024-06-01 04:00:00,8.38,OK,0.08,BDL,null,OS,null,OS,0.22,OK,23.75,OK,8.49,OK
2024-06-01 05:00:00,8.37,OK,0.07,BDL,null,OS,null,OS,0.24,OK,18.71,OK,4.36,OK
2024-06-01 06:00:00,17.34,OK,0.07,BDL,null,OS,null,OS,0.29,OK,21.28,OK,0.68,BDL
2024-06-01 07:00:00,24.84,OK,-0.05,BDL,null,OS,null,OS,0.29,OK,18.86,OK,4.98,OK
2024-06-01 08:00:00,31.64,OK,-0.02,BDL,null,OS,null,OS,0.28,OK,16.09,OK,16.75,OK
2024-06-01 09:00:00,38.01,OK,-0.05,BDL,null,OS,null,OS,0.26,OK,11.42,OK,15.28,OK
2024-06-01 10:00:00,33.59,OK,0.03,BDL,null,OS,null,OS,0.3,OK,12.36,OK,22.33,OK
2024-06-01 11:00:00,27.62,OK,0.02,BDL,null,OS,null,OS,0.31,OK,12.3,OK,21.39,OK
2024-06-01 12:00:00,22.56,OK,-0.0,BDL,null,OS,null,OS,0.31,OK,4.0,OK,11.32,OK
2024-06-01 13:00:00,24.52,OK,0.01,BDL,null,OS,null,OS,0.29,OK,16.43,OK,14.82,OK
2024-06-01 14:00:00,21.34,OK,0.02,BDL,null,OS,null,OS,0.31,OK,25.08,OK,17.18,OK
2024-06-01 15:00:00,21.49,OK,0.03,BDL,null,OS,null,OS,0.3,OK,24.39,OK,16.28,OK
2024-06-01 16:00:00,19.26,OK,-0.01,BDL,null,OS,null,OS,0.28,OK,33.41,OK,12.81,OK
2024-06-01 17:00:00,19.76,OK,-0.02,BDL,null,OS,null,OS,0.29,OK,17.59,OK,8.53,OK
2024-06-01 18:00:00,17.47,OK,0.05,BDL,null,OS,null,OS,0.3,OK,16.78,OK,5.33,OK
2024-06-01 19:00:00,16.8,OK,0.15,BDL,null,OS,null,OS,0.35,OK,16.61,OK,4.0,OK
2024-06-01 20:00:00,15.59,OK,0.22,BDL,null,OS,null,OS,0.38,OK,20.04,OK,-1.57,BDL
2024-06-01 21:00:00,14.03,OK,0.34,BDL,null,OS,null,OS,0.52,OK,18.53,OK,-2.22,BDL
2024-06-01 22:00:00,9.74,OK,0.16,BDL,null,OS,null,OS,0.56,OK,24.74,OK,3.84,BDL
2024-06-01 23:00:00,7.98,OK,0.4,BDL,null,OS,null,OS,0.69,OK,25.9,OK,6.36,OK
2024-06-02 00:00:00,-1.79,OR,0.33,BDL,null,OS,null,OS,0.81,OK,30.62,OK,7.77,OK
2024-06-02 01:00:00,5.19,OK,0.25,BDL,null,OS,null,OS,0.49,OK,39.03,OK,18.84,OK
2024-06-02 02:00:00,6.87,OK,-0.02,BDL,null,OS,null,OS,0.33,OK,26.68,OK,9.59,OK
2024-06-02 03:00:00,11.0,OK,0.02,BDL,null,OS,null,OS,0.24,OK,33.13,OK,16.03,OK
2024-06-02 04:00:00,19.12,OK,0.04,BDL,null,OS,null,OS,0.21,OK,20.74,OK,6.47,OK
2024-06-02 05:00:00,21.19,OK,0.02,BDL,null,OS,null,OS,0.23,OK,16.74,OK,0.76,BDL
2024-06-02 06:00:00,21.81,OK,0.02,BDL,null,OS,null,OS,0.25,OK,11.74,OK,-1.31,BDL
2024-06-02 07:00:00,25.94,OK,-0.04,BDL,null,OS,null,OS,0.24,OK,12.02,OK,5.47,OK
2024-06-02 08:00:00,28.42,OK,0.02,BDL,null,OS,null,OS,0.28,OK,5.65,OK,13.97,OK
2024-06-02 09:00:00,27.75,OK,0.02,BDL,null,OS,null,OS,0.29,OK,11.29,OK,20.57,OK
2024-06-02 10:00:00,28.04,OK,-0.01,BDL,null,OS,null,OS,0.28,OK,9.34,OK,14.47,OK
2024-06-02 11:00:00,26.86,OK,-0.04,BDL,null,OS,null,OS,0.27,OK,12.8,OK,18.84,OK
2024-06-02 12:00:00,35.39,OK,-0.04,BDL,null,OS,null,OS,0.26,OK,4.41,OK,7.92,OK
2024-06-02 13:00:00,31.18,OK,-0.02,BDL,null,OS,null,OS,0.3,OK,9.95,OK,10.91,OK
2024-06-02 14:00:00,25.78,OK,-0.03,BDL,null,OS,null,OS,0.33,OK,11.99,OK,15.56,OK
2024-06-02 15:00:00,19.45,OK,-0.12,BDL,null,OS,null,OS,0.33,OK,38.98,OK,19.31,OK
2024-06-02 16:00:00,17.37,OK,-0.05,BDL,null,OS,null,OS,0.31,OK,26.99,OK,14.08,OK
2024-06-02 17:00:00,17.39,OK,-0.07,BDL,null,OS,null,OS,0.31,OK,25.3,OK,7.17,OK
2024-06-02 18:00:00,14.72,OK,-0.0,BDL,null,OS,null,OS,0.33,OK,16.13,OK,5.29,OK
2024-06-02 19:00:00,12.44,OK,0.04,BDL,null,OS,null,OS,0.37,OK,18.18,OK,4.99,OK
2024-06-02 20:00:00,10.32,OK,-0.02,BDL,null,OS,null,OS,0.37,OK,19.46,OK,10.32,OK
2024-06-02 21:00:00,9.74,OK,0.05,BDL,null,OS,null,OS,0.43,OK,17.74,OK,22.05,OK
2024-06-02 22:00:00,8.75,OK,0.14,BDL,null,OS,null,OS,0.49,OK,19.0,OK,11.49,OK
2024-06-02 23:00:00,8.3,OK,0.11,BDL,null,OS,null,OS,0.46,OK,21.19,OK,9.75,OK
2024-06-03 00:00:00,3.65,OK,0.04,BDL,null,OS,null,OS,0.46,OK,17.07,OK,13.43,OK
2024-06-03 01:00:00,8.88,OK,-0.17,BDL,null,OS,null,OS,0.33,OK,25.41,OK,11.13,OK
2024-06-03 02:00:00,13.43,OK,-0.08,BDL,null,OS,null,OS,0.28,OK,17.53,OK,10.02,OK
2024-06-03 03:00:00,8.5,OK,-0.13,BDL,null,OS,null,OS,0.29,OK,14.84,OK,4.6,OK
2024-06-03 04:00:00,5.56,OK,-0.11,BDL,null,OS,null,OS,0.28,OK,23.01,OK,12.82,OK
2024-06-03 05:00:00,10.47,OK,-0.1,BDL,null,OS,null,OS,0.33,OK,24.55,OK,3.89,BDL
2024-06-03 06:00:00,13.13,OK,-0.07,BDL,null,OS,null,OS,0.42,OK,29.56,OK,-2.0,BDL
2024-06-03 07:00:00,16.64,OK,0.08,BDL,null,OS,null,OS,0.38,OK,25.5,OK,1.89,BDL
2024-06-03 08:00:00,22.11,OK,0.08,BDL,null,OS,null,OS,0.37,OK,11.33,OK,16.26,OK
2024-06-03 09:00:00,22.42,OK,0.04,BDL,null,OS,null,OS,0.33,OK,15.77,OK,16.62,OK
2024-06-03 10:00:00,20.19,OK,0.01,BDL,null,OS,null,OS,0.32,OK,14.57,OK,12.3,OK
2024-06-03 11:00:00,24.39,OK,-0.05,BDL,null,OS,null,OS,0.3,OK,10.9,OK,12.12,OK
2024-06-03 12:00:00,21.21,OK,-0.08,BDL,null,OS,null,OS,0.32,OK,13.73,OK,13.56,OK
2024-06-03 13:00:00,17.25,OK,-0.09,BDL,null,OS,null,OS,0.34,OK,16.05,OK,15.53,OK
2024-06-03 14:00:00,16.4,OK,-0.05,BDL,null,OS,null,OS,0.32,OK,51.09,OK,111.21,OK
2024-06-03 15:00:00,15.71,OK,-0.06,BDL,null,OS,null,OS,0.3,OK,57.73,OK,9.73,OK
2024-06-03 16:00:00,16.58,OK,-0.06,BDL,null,OS,null,OS,0.32,OK,18.62,OK,12.27,OK
2024-06-03 17:00:00,14.73,OK,-0.03,BDL,null,OS,null,OS,0.31,OK,20.07,OK,7.44,OK
2024-06-03 18:00:00,15.09,OK,-0.06,BDL,null,OS,null,OS,0.35,OK,18.71,OK,9.08,OK
2024-06-03 19:00:00,13.15,OK,-0.03,BDL,null,OS,null,OS,0.37,OK,20.62,OK,5.94,OK
2024-06-03 20:00:00,12.47,OK,0.0,BDL,null,OS,null,OS,0.42,OK,17.12,OK,4.15,OK
2024-06-03 21:00:00,12.27,OK,0.06,BDL,null,OS,null,OS,0.4,OK,15.5,OK,5.5,OK
2024-06-03 22:00:00,8.13,OK,0.06,BDL,null,OS,null,OS,0.49,OK,19.09,OK,7.01,OK
2024-06-03 23:00:00,6.86,OK,-0.07,BDL,null,OS,null,OS,0.4,OK,17.41,OK,5.08,OK
2024-06-04 00:00:00,5.22,OK,0.03,BDL,null,OS,null,OS,0.37,OK,17.75,OK,7.46,OK
2024-06-04 01:00:00,7.25,OK,0.11,BDL,null,OS,null,OS,0.43,OK,27.07,OK,51.86,OK
2024-06-04 02:00:00,6.02,OK,0.12,BDL,null,OS,null,OS,0.45,OK,14.46,OK,24.32,OK
2024-06-04 03:00:00,3.93,OK,0.04,BDL,null,OS,null,OS,0.37,OK,15.54,OK,12.95,OK
2024-06-04 04:00:00,1.55,OK,-0.06,BDL,null,OS,null,OS,0.23,OK,17.97,OK,-19.06,OR
2024-06-04 05:00:00,3.19,OK,0.02,BDL,null,OS,null,OS,0.32,OK,20.24,OK,-10.53,OR
2024-06-04 06:00:00,7.45,OK,0.01,BDL,null,OS,null,OS,0.43,OK,29.08,OK,21.17,OK
2024-06-04 07:00:00,14.76,OK,-0.07,BDL,null,OS,null,OS,0.41,OK,32.26,OK,10.74,OK
2024-06-04 08:00:00,25.07,OK,-0.01,BDL,null,OS,null,OS,0.36,OK,17.67,OK,29.85,OK
2024-06-04 09:00:00,36.13,OK,-0.09,BDL,null,OS,null,OS,0.3,OK,12.76,OK,67.34,OK
2024-06-04 10:00:00,37.8,OK,-0.09,BDL,null,OS,null,OS,0.29,OK,8.97,OK,47.99,OK
2024-06-04 11:00:00,29.78,OK,-0.14,BDL,null,OS,null,OS,0.31,OK,11.45,OK,57.88,OK
2024-06-04 12:00:00,27.89,OK,-0.1,BDL,null,OS,null,OS,0.31,OK,10.49,OK,57.7,OK
2024-06-04 13:00:00,30.91,OK,-0.08,BDL,null,OS,null,OS,0.33,OK,10.74,OK,30.8,OK
2024-06-04 14:00:00,25.24,OK,-0.14,BDL,null,OS,null,OS,0.34,OK,10.55,OK,50.85,OK
2024-06-04 15:00:00,14.46,OK,-0.16,BDL,null,OS,null,OS,0.36,OK,30.58,OK,49.65,OK
2024-06-04 16:00:00,12.02,OK,-0.13,BDL,null,OS,null,OS,0.38,OK,34.13,OK,25.31,OK
2024-06-04 17:00:00,9.07,OK,-0.11,BDL,null,OS,null,OS,0.38,OK,30.58,OK,21.79,OK
2024-06-04 18:00:00,8.59,OK,-0.16,BDL,null,OS,null,OS,0.45,OK,22.06,OK,17.8,OK
2024-06-04 19:00:00,9.41,OK,-0.08,BDL,null,OS,null,OS,0.45,OK,17.61,OK,1.87,BDL
2024-06-04 20:00:00,8.95,OK,-0.15,BDL,null,OS,null,OS,0.47,OK,23.76,OK,-3.64,BDL
2024-06-04 21:00:00,9.76,OK,-0.12,BDL,null,OS,null,OS,0.39,OK,16.23,OK,4.26,OK
2024-06-04 22:00:00,9.45,OK,-0.1,BDL,null,OS,null,OS,0.38,OK,9.81,OK,12.46,OK
2024-06-04 23:00:00,8.12,OK,-0.05,BDL,null,OS,null,OS,0.42,OK,26.42,OK,9.11,OK
2024-06-05 00:00:00,8.44,OK,0.03,BDL,null,OS,null,OS,0.42,OK,16.46,OK,9.95,OK
2024-06-05 01:00:00,8.47,OK,0.02,BDL,null,OS,null,OS,0.41,OK,17.56,OK,9.53,OK
2024-06-05 02:00:00,6.65,OK,0.11,BDL,null,OS,null,OS,0.42,OK,16.23,OK,7.08,OK
2024-06-05 03:00:00,-0.63,BDL,0.02,BDL,null,OS,null,OS,0.36,OK,24.31,OK,5.35,OK
2024-06-05 04:00:00,-0.11,BDL,-0.05,BDL,null,OS,null,OS,0.3,OK,27.93,OK,12.36,OK
2024-06-05 05:00:00,2.69,OK,-0.02,BDL,null,OS,null,OS,0.36,OK,25.29,OK,3.82,BDL
2024-06-05 06:00:00,5.1,OK,0.01,BDL,null,OS,null,OS,0.47,OK,28.81,OK,7.01,OK
2024-06-05 07:00:00,10.81,OK,-0.05,BDL,null,OS,null,OS,0.47,OK,30.38,OK,49.8,OK
2024-06-05 08:00:00,10.92,OK,0.02,BDL,null,OS,null,OS,0.48,OK,18.58,OK,53.71,OK
2024-06-05 09:00:00,19.59,OK,0.09,BDL,null,OS,null,OS,0.39,OK,22.11,OK,46.81,OK
2024-06-05 10:00:00,25.53,OK,0.01,BDL,null,OS,null,OS,0.35,OK,23.15,OK,23.87,OK
2024-06-05 11:00:00,26.33,OK,-0.03,BDL,null,OS,null,OS,0.34,OK,18.52,OK,25.19,OK
2024-06-05 12:00:00,22.53,OK,-0.03,BDL,null,OS,null,OS,0.34,OK,14.86,OK,20.1,OK
2024-06-05 13:00:00,24.74,OK,-0.04,BDL,null,OS,null,OS,0.32,OK,16.62,OK,12.83,OK
2024-06-05 14:00:00,22.69,OK,-0.05,BDL,null,OS,null,OS,0.32,OK,9.98,OK,12.78,OK
2024-06-05 15:00:00,21.55,OK,-0.08,BDL,null,OS,null,OS,0.34,OK,21.05,OK,16.06,OK
2024-06-05 16:00:00,13.87,OK,-0.09,BDL,null,OS,null,OS,0.38,OK,20.08,OK,18.71,OK
2024-06-05 17:00:00,13.79,OK,-0.11,BDL,null,OS,null,OS,0.38,OK,24.4,OK,9.68,OK
2024-06-05 18:00:00,13.1,OK,-0.12,BDL,null,OS,null,OS,0.38,OK,20.52,OK,0.22,BDL
2024-06-05 19:00:00,10.62,OK,-0.03,BDL,null,OS,null,OS,0.41,OK,21.63,OK,0.28,BDL
2024-06-05 20:00:00,12.3,OK,-0.06,BDL,null,OS,null,OS,0.37,OK,24.31,OK,0.22,BDL
2024-06-05 21:00:00,10.61,OK,0.04,BDL,null,OS,null,OS,0.39,OK,15.87,OK,0.82,BDL
2024-06-05 22:00:00,11.38,OK,0.06,BDL,null,OS,null,OS,0.39,OK,17.94,OK,2.0,BDL
2024-06-05 23:00:00,9.98,OK,0.07,BDL,null,OS,null,OS,0.43,OK,17.82,OK,2.43,BDL
2024-06-06 00:00:00,10.08,OK,0.13,BDL,null,OS,null,OS,0.39,OK,14.42,OK,2.61,BDL
2024-06-06 01:00:00,3.71,OK,0.08,BDL,null,OS,null,OS,0.43,OK,30.76,OK,11.03,OK
2024-06-06 02:00:00,1.75,OK,-0.05,BDL,null,OS,null,OS,0.32,OK,31.58,OK,19.09,OK
2024-06-06 03:00:00,1.92,OK,-0.01,BDL,null,OS,null,OS,0.29,OK,23.01,OK,3.22,BDL
2024-06-06 04:00:00,0.35,BDL,0.02,BDL,null,OS,null,OS,0.25,OK,26.2,OK,7.15,OK
2024-06-06 05:00:00,2.71,OK,0.14,BDL,null,OS,null,OS,0.29,OK,31.02,OK,6.15,OK
2024-06-06 06:00:00,4.03,OK,0.14,BDL,null,OS,null,OS,0.45,OK,28.24,OK,3.88,BDL
2024-06-06 07:00:00,5.2,OK,0.27,BDL,null,OS,null,OS,0.63,OK,33.31,OK,7.77,OK
2024-06-06 08:00:00,12.89,OK,0.19,BDL,null,OS,null,OS,0.51,OK,24.16,OK,25.22,OK
2024-06-06 09:00:00,20.15,OK,0.04,BDL,null,OS,null,OS,0.4,OK,20.58,OK,27.39,OK
2024-06-06 10:00:00,20.85,OK,0.05,BDL,null,OS,null,OS,0.36,OK,25.73,OK,15.61,OK
2024-06-06 11:00:00,24.88,OK,0.03,BDL,null,OS,null,OS,0.35,OK,22.42,OK,28.26,OK
2024-06-06 12:00:00,22.63,OK,0.1,BDL,null,OS,null,OS,0.39,OK,14.63,OK,13.74,OK
2024-06-06 13:00:00,18.19,OK,0.04,BDL,null,OS,null,OS,0.37,OK,17.6,OK,16.75,OK
2024-06-06 14:00:00,14.8,OK,-0.05,BDL,null,OS,null,OS,0.35,OK,16.5,OK,22.28,OK
2024-06-06 15:00:00,16.14,OK,-0.04,BDL,null,OS,null,OS,0.35,OK,22.4,OK,6.19,OK
2024-06-06 16:00:00,13.93,OK,-0.07,BDL,null,OS,null,OS,0.35,OK,14.43,OK,9.19,OK
2024-06-06 17:00:00,11.07,OK,-0.11,BDL,null,OS,null,OS,0.36,OK,13.95,OK,13.49,OK
2024-06-06 18:00:00,7.81,OK,-0.09,BDL,null,OS,null,OS,0.39,OK,18.73,OK,5.39,OK
2024-06-06 19:00:00,8.58,OK,-0.07,BDL,null,OS,null,OS,0.37,OK,26.02,OK,1.25,BDL
2024-06-06 20:00:00,10.44,OK,-0.07,BDL,null,OS,null,OS,0.36,OK,18.26,OK,8.58,OK
2024-06-06 21:00:00,10.13,OK,-0.05,BDL,null,OS,null,OS,0.34,OK,19.08,OK,7.05,OK
2024-06-06 22:00:00,10.36,OK,-0.09,BDL,null,OS,null,OS,0.35,OK,10.52,OK,0.63,BDL
2024-06-06 23:00:00,12.35,OK,-0.06,BDL,null,OS,null,OS,0.29,OK,12.5,OK,1.88,BDL
2024-06-07 00:00:00,11.92,OK,-0.04,BDL,null,OS,null,OS,0.29,OK,6.1,OK,8.08,OK
2024-06-07 01:00:00,9.08,OK,-0.04,BDL,null,OS,null,OS,0.32,OK,16.2,OK,8.25,OK
2024-06-07 02:00:00,10.47,OK,-0.04,BDL,null,OS,null,OS,0.3,OK,14.35,OK,7.25,OK
2024-06-07 03:00:00,9.34,OK,-0.06,BDL,null,OS,null,OS,0.28,OK,6.06,OK,6.13,OK
2024-06-07 04:00:00,5.7,OK,-0.03,BDL,null,OS,null,OS,0.27,OK,14.67,OK,4.24,OK
2024-06-07 05:00:00,3.7,OK,0.08,BDL,null,OS,null,OS,0.34,OK,30.43,OK,5.83,OK
2024-06-07 06:00:00,4.9,OK,0.2,BDL,null,OS,null,OS,0.51,OK,33.36,OK,3.77,BDL
2024-06-07 07:00:00,13.46,OK,0.1,BDL,null,OS,null,OS,0.36,OK,40.33,OK,17.2,OK
2024-06-07 08:00:00,17.41,OK,0.02,BDL,null,OS,null,OS,0.37,OK,17.54,OK,20.71,OK
2024-06-07 09:00:00,22.37,OK,0.05,BDL,null,OS,null,OS,0.37,OK,26.88,OK,24.55,OK
2024-06-07 10:00:00,22.68,OK,0.07,BDL,null,OS,null,OS,0.33,OK,21.61,OK,18.17,OK
2024-06-07 11:00:00,18.46,OK,0.01,BDL,null,OS,null,OS,0.35,OK,20.26,OK,14.19,OK
2024-06-07 12:00:00,18.62,OK,0.06,BDL,null,OS,null,OS,0.32,OK,13.25,OK,15.5,OK
2024-06-07 13:00:00,16.94,OK,0.05,BDL,null,OS,null,OS,0.35,OK,13.59,OK,11.9,OK
2024-06-07 14:00:00,17.19,OK,0.08,BDL,null,OS,null,OS,0.37,OK,10.59,OK,19.54,OK
2024-06-07 15:00:00,15.97,OK,-0.02,BDL,null,OS,null,OS,0.34,OK,25.71,OK,20.01,OK
2024-06-07 16:00:00,14.21,OK,-0.08,BDL,null,OS,null,OS,0.35,OK,23.07,OK,14.99,OK
2024-06-07 17:00:00,10.65,OK,-0.11,BDL,null,OS,null,OS,0.35,OK,22.18,OK,5.16,OK
2024-06-07 18:00:00,8.3,OK,-0.1,BDL,null,OS,null,OS,0.34,OK,20.02,OK,2.4,BDL
2024-06-07 19:00:00,7.24,OK,-0.09,BDL,null,OS,null,OS,0.35,OK,25.76,OK,1.17,BDL
2024-06-07 20:00:00,8.68,OK,-0.11,BDL,null,OS,null,OS,0.33,OK,18.29,OK,-1.31,BDL
2024-06-07 21:00:00,9.22,OK,-0.08,BDL,null,OS,null,OS,0.35,OK,15.26,OK,-3.73,BDL
2024-06-07 22:00:00,9.22,OK,-0.15,BDL,null,OS,null,OS,0.37,OK,14.44,OK,-3.84,BDL
2024-06-07 23:00:00,7.59,OK,-0.1,BDL,null,OS,null,OS,0.42,OK,12.04,OK,0.11,BDL
2024-06-08 00:00:00,9.27,OK,-0.08,BDL,null,OS,null,OS,0.32,OK,12.53,OK,1.91,BDL
2024-06-08 01:00:00,8.4,OK,-0.16,BDL,null,OS,null,OS,0.27,OK,17.02,OK,3.69,BDL
2024-06-08 02:00:00,8.21,OK,-0.21,BDL,null,OS,null,OS,0.26,OK,17.29,OK,26.19,OK
2024-06-08 03:00:00,9.74,OK,-0.19,BDL,null,OS,null,OS,0.24,OK,8.25,OK,7.22,OK
2024-06-08 04:00:00,6.92,OK,-0.23,BDL,null,OS,null,OS,0.27,OK,18.88,OK,-1.0,BDL
2024-06-08 05:00:00,11.65,OK,-0.19,BDL,null,OS,null,OS,0.26,OK,7.17,OK,-0.44,BDL
2024-06-08 06:00:00,9.75,OK,-0.17,BDL,null,OS,null,OS,0.29,OK,19.68,OK,1.88,BDL
2024-06-08 07:00:00,15.21,OK,-0.25,BDL,null,OS,null,OS,0.28,OK,14.59,OK,3.4,BDL
2024-06-08 08:00:00,22.93,OK,-0.22,BDL,null,OS,null,OS,0.26,OK,17.59,OK,5.57,OK
2024-06-08 09:00:00,21.54,OK,-0.12,BDL,null,OS,null,OS,0.24,OK,8.54,OK,23.27,OK
2024-06-08 10:00:00,22.43,OK,-0.13,BDL,null,OS,null,OS,0.29,OK,11.1,OK,17.01,OK
2024-06-08 11:00:00,24.34,OK,-0.17,BDL,null,OS,null,OS,0.25,OK,5.99,OK,6.74,OK
2024-06-08 12:00:00,20.87,OK,-0.14,BDL,null,OS,null,OS,0.3,OK,13.27,OK,15.45,OK
2024-06-08 13:00:00,15.19,OK,-0.1,BDL,null,OS,null,OS,0.27,OK,8.85,OK,17.52,OK
2024-06-08 14:00:00,18.6,OK,-0.1,BDL,null,OS,null,OS,0.26,OK,5.05,OK,4.37,OK
2024-06-08 15:00:00,15.15,OK,-0.12,BDL,null,OS,null,OS,0.28,OK,22.22,OK,17.09,OK
2024-06-08 16:00:00,12.25,OK,-0.13,BDL,null,OS,null,OS,0.27,OK,36.37,OK,12.43,OK
2024-06-08 17:00:00,11.65,OK,-0.15,BDL,null,OS,null,OS,0.28,OK,26.63,OK,2.15,BDL
2024-06-08 18:00:00,9.92,OK,-0.05,BDL,null,OS,null,OS,0.3,OK,23.61,OK,3.0,BDL
2024-06-08 19:00:00,7.04,OK,-0.06,BDL,null,OS,null,OS,0.39,OK,20.63,OK,2.6,BDL
2024-06-08 20:00:00,5.16,OK,-0.1,BDL,null,OS,null,OS,0.45,OK,27.62,OK,2.63,BDL
2024-06-08 21:00:00,5.51,OK,-0.13,BDL,null,OS,null,OS,0.45,OK,32.56,OK,6.22,OK
2024-06-08 22:00:00,5.17,OK,-0.08,BDL,null,OS,null,OS,0.46,OK,26.07,OK,13.02,OK
2024-06-08 23:00:00,5.52,OK,-0.03,BDL,null,OS,null,OS,0.44,OK,24.05,OK,15.93,OK
2024-06-09 00:00:00,6.28,OK,-0.08,BDL,null,OS,null,OS,0.42,OK,23.13,OK,12.47,OK
2024-06-09 01:00:00,4.08,OK,-0.12,BDL,null,OS,null,OS,0.49,OK,35.93,OK,21.48,OK
2024-06-09 02:00:00,3.8,OK,-0.09,BDL,null,OS,null,OS,0.49,OK,29.21,OK,31.29,OK
2024-06-09 03:00:00,0.12,BDL,-0.02,BDL,null,OS,null,OS,0.46,OK,32.7,OK,16.69,OK
2024-06-09 04:00:00,1.56,OK,-0.13,BDL,null,OS,null,OS,0.29,OK,26.23,OK,0.63,BDL
2024-06-09 05:00:00,5.06,OK,-0.11,BDL,null,OS,null,OS,0.26,OK,26.93,OK,5.42,OK
2024-06-09 06:00:00,11.46,OK,-0.15,BDL,null,OS,null,OS,0.27,OK,22.67,OK,17.79,OK
2024-06-09 07:00:00,17.57,OK,-0.17,BDL,null,OS,null,OS,0.27,OK,15.37,OK,9.36,OK
2024-06-09 08:00:00,20.04,OK,-0.14,BDL,null,OS,null,OS,0.25,OK,13.86,OK,13.36,OK
2024-06-09 09:00:00,21.16,OK,-0.12,BDL,null,OS,null,OS,0.24,OK,13.38,OK,11.92,OK
2024-06-09 10:00:00,20.66,OK,-0.0,BDL,null,OS,null,OS,0.23,OK,9.84,OK,18.04,OK
2024-06-09 11:00:00,17.56,OK,0.03,BDL,null,OS,null,OS,0.22,OK,12.04,OK,16.76,OK
2024-06-09 12:00:00,16.59,OK,-0.08,BDL,null,OS,null,OS,0.23,OK,16.97,OK,16.14,OK
2024-06-09 13:00:00,16.98,OK,-0.08,BDL,null,OS,null,OS,0.25,OK,15.27,OK,30.09,OK
2024-06-09 14:00:00,13.65,OK,-0.05,BDL,null,OS,null,OS,0.27,OK,32.04,OK,21.65,OK
2024-06-09 15:00:00,11.5,OK,-0.08,BDL,null,OS,null,OS,0.27,OK,66.96,OK,26.3,OK
2024-06-09 16:00:00,11.05,OK,-0.12,BDL,null,OS,null,OS,0.26,OK,52.26,OK,17.54,OK
2024-06-09 17:00:00,8.87,OK,-0.11,BDL,null,OS,null,OS,0.27,OK,21.72,OK,13.41,OK
2024-06-09 18:00:00,6.97,OK,-0.13,BDL,null,OS,null,OS,0.3,OK,17.53,OK,6.4,OK
2024-06-09 19:00:00,6.02,OK,-0.08,BDL,null,OS,null,OS,0.37,OK,23.92,OK,24.14,OK
2024-06-09 20:00:00,5.21,OK,-0.11,BDL,null,OS,null,OS,0.43,OK,23.4,OK,50.12,OK
2024-06-09 21:00:00,5.49,OK,-0.08,BDL,null,OS,null,OS,0.43,OK,21.19,OK,26.59,OK
2024-06-09 22:00:00,5.37,OK,-0.12,BDL,null,OS,null,OS,0.38,OK,18.8,OK,15.14,OK
2024-06-09 23:00:00,5.62,OK,-0.13,BDL,null,OS,null,OS,0.41,OK,15.51,OK,17.37,OK
2024-06-10 00:00:00,5.19,OK,-0.09,BDL,null,OS,null,OS,0.4,OK,18.13,OK,18.68,OK
2024-06-10 01:00:00,5.58,OK,-0.09,BDL,null,OS,null,OS,0.34,OK,19.27,OK,15.83,OK
2024-06-10 02:00:00,4.88,OK,-0.09,BDL,null,OS,null,OS,0.32,OK,21.96,OK,11.86,OK
2024-06-10 03:00:00,7.03,OK,-0.14,BDL,null,OS,null,OS,0.29,OK,24.85,OK,6.91,OK
2024-06-10 04:00:00,5.5,OK,-0.09,BDL,null,OS,null,OS,0.28,OK,21.54,OK,3.18,BDL
2024-06-10 05:00:00,3.2,OK,-0.1,BDL,null,OS,null,OS,0.37,OK,22.45,OK,4.55,OK
2024-06-10 06:00:00,7.37,OK,-0.05,BDL,null,OS,null,OS,0.45,OK,25.35,OK,5.11,OK
2024-06-10 07:00:00,13.27,OK,-0.06,BDL,null,OS,null,OS,0.43,OK,35.08,OK,28.25,OK
2024-06-10 08:00:00,18.29,OK,0.0,BDL,null,OS,null,OS,0.28,OK,20.28,OK,31.62,OK
2024-06-10 09:00:00,17.7,OK,0.01,BDL,null,OS,null,OS,0.25,OK,6.6,OK,20.6,OK
2024-06-10 10:00:00,17.73,OK,-0.02,BDL,null,OS,null,OS,0.22,OK,2.58,BDL,22.01,OK
2024-06-10 11:00:00,13.51,OK,-0.05,BDL,null,OS,null,OS,0.25,OK,7.26,OK,30.65,OK
2024-06-10 12:00:00,13.94,OK,-0.03,BDL,null,OS,null,OS,0.26,OK,6.89,OK,5.72,OK
2024-06-10 13:00:00,13.75,OK,-0.01,BDL,null,OS,null,OS,0.29,OK,8.12,OK,4.89,OK
2024-06-10 14:00:00,14.02,OK,-0.08,BDL,null,OS,null,OS,0.26,OK,9.91,OK,11.54,OK
2024-06-10 15:00:00,13.03,OK,-0.06,BDL,null,OS,null,OS,0.26,OK,22.41,OK,9.43,OK
2024-06-10 16:00:00,14.34,OK,-0.01,BDL,null,OS,null,OS,0.27,OK,14.59,OK,11.1,OK
2024-06-10 17:00:00,13.8,OK,0.01,BDL,null,OS,null,OS,0.34,OK,11.1,OK,9.75,OK
2024-06-10 18:00:00,10.57,OK,-0.07,BDL,null,OS,null,OS,0.36,OK,16.28,OK,6.37,OK
2024-06-10 19:00:00,8.15,OK,-0.1,BDL,null,OS,null,OS,0.36,OK,18.08,OK,4.8,OK
2024-06-10 20:00:00,6.03,OK,-0.07,BDL,null,OS,null,OS,0.35,OK,28.77,OK,1.88,BDL
2024-06-10 21:00:00,6.82,OK,-0.07,BDL,null,OS,null,OS,0.36,OK,26.02,OK,1.98,BDL
2024-06-10 22:00:00,6.84,OK,-0.11,BDL,null,OS,null,OS,0.32,OK,27.08,OK,7.43,OK
2024-06-10 23:00:00,7.01,OK,-0.08,BDL,null,OS,null,OS,0.3,OK,20.84,OK,24.06,OK
2024-06-11 00:00:00,7.06,OK,-0.07,BDL,null,OS,null,OS,0.32,OK,17.54,OK,8.48,OK
2024-06-11 01:00:00,7.21,OK,-0.01,BDL,null,OS,null,OS,0.33,OK,13.47,OK,4.93,OK
2024-06-11 02:00:00,4.06,OK,-0.05,BDL,null,OS,null,OS,0.36,OK,15.78,OK,8.79,OK
2024-06-11 03:00:00,3.36,OK,0.02,BDL,null,OS,null,OS,0.21,OK,26.7,OK,5.75,OK
2024-06-11 04:00:00,4.05,OK,0.12,BDL,null,OS,null,OS,0.19,OK,19.42,OK,5.46,OK
2024-06-11 05:00:00,2.49,OK,0.3,BDL,null,OS,null,OS,0.28,OK,26.31,OK,7.46,OK
2024-06-11 06:00:00,3.33,OK,0.31,BDL,null,OS,null,OS,0.47,OK,25.93,OK,2.17,BDL
2024-06-11 07:00:00,5.03,OK,0.38,BDL,null,OS,null,OS,0.59,OK,33.86,OK,8.42,OK
2024-06-11 08:00:00,10.98,OK,0.17,BDL,null,OS,null,OS,0.56,OK,27.91,OK,27.61,OK
2024-06-11 09:00:00,21.52,OK,0.13,BDL,null,OS,null,OS,0.41,OK,26.9,OK,24.57,OK
2024-06-11 10:00:00,24.18,OK,0.18,BDL,null,OS,null,OS,0.31,OK,29.1,OK,25.71,OK
2024-06-11 11:00:00,18.72,OK,-0.0,BDL,null,OS,null,OS,0.28,OK,11.97,OK,13.84,OK
2024-06-11 12:00:00,17.81,OK,-0.04,BDL,null,OS,null,OS,0.31,OK,13.91,OK,17.43,OK
2024-06-11 13:00:00,19.76,OK,0.02,BDL,null,OS,null,OS,0.3,OK,12.57,OK,20.22,OK
2024-06-11 14:00:00,20.05,OK,0.01,BDL,null,OS,null,OS,0.31,OK,14.4,OK,15.17,OK
2024-06-11 15:00:00,21.01,OK,-0.06,BDL,null,OS,null,OS,0.3,OK,14.28,OK,21.19,OK
2024-06-11 16:00:00,19.96,OK,-0.03,BDL,null,OS,null,OS,0.35,OK,16.05,OK,23.55,OK
2024-06-11 17:00:00,17.68,OK,0.01,BDL,null,OS,null,OS,0.38,OK,15.81,OK,15.61,OK
2024-06-11 18:00:00,12.08,OK,-0.03,BDL,null,OS,null,OS,0.45,OK,18.07,OK,2.49,BDL
2024-06-11 19:00:00,9.44,OK,0.09,BDL,null,OS,null,OS,0.43,OK,10.11,OK,1.62,BDL
2024-06-11 20:00:00,8.41,OK,0.07,BDL,null,OS,null,OS,0.41,OK,15.86,OK,-0.56,BDL
2024-06-11 21:00:00,9.97,OK,-0.04,BDL,null,OS,null,OS,0.31,OK,13.2,OK,-4.62,OR
2024-06-11 22:00:00,8.44,OK,-0.03,BDL,null,OS,null,OS,0.28,OK,11.71,OK,-4.22,OR
2024-06-11 23:00:00,5.89,OK,-0.02,BDL,null,OS,null,OS,0.32,OK,15.32,OK,-2.55,BDL
2024-06-12 00:00:00,1.09,OK,0.16,BDL,null,OS,null,OS,0.41,OK,23.72,OK,-0.41,BDL
2024-06-12 01:00:00,0.91,BDL,0.14,BDL,null,OS,null,OS,0.38,OK,21.37,OK,5.9,OK
2024-06-12 02:00:00,0.56,BDL,0.4,BDL,null,OS,null,OS,0.34,OK,20.68,OK,13.47,OK
2024-06-12 03:00:00,7.8,OK,0.01,BDL,null,OS,null,OS,0.17,OK,20.22,OK,13.8,OK
2024-06-12 04:00:00,8.68,OK,0.01,BDL,null,OS,null,OS,0.15,OK,13.18,OK,2.9,BDL
2024-06-12 05:00:00,3.45,OK,0.26,BDL,null,OS,null,OS,0.3,OK,26.18,OK,-0.18,BDL
2024-06-12 06:00:00,2.54,OK,0.52,BDL,null,OS,null,OS,0.64,OK,32.51,OK,14.36,OK
2024-06-12 07:00:00,4.48,OK,0.75,BDL,null,OS,null,OS,0.92,OK,47.27,OK,35.72,OK
2024-06-12 08:00:00,12.52,OK,0.35,BDL,null,OS,null,OS,0.66,OK,38.93,OK,28.96,OK
2024-06-12 09:00:00,25.74,OK,0.13,BDL,null,OS,null,OS,0.4,OK,45.65,OK,40.32,OK
2024-06-12 10:00:00,20.81,OK,0.01,BDL,null,OS,null,OS,0.34,OK,22.7,OK,29.89,OK
2024-06-12 11:00:00,21.79,OK,0.04,BDL,null,OS,null,OS,0.33,OK,12.12,OK,32.29,OK
2024-06-12 12:00:00,23.65,OK,0.01,BDL,null,OS,null,OS,0.3,OK,19.82,OK,29.94,OK
2024-06-12 13:00:00,25.48,OK,0.02,BDL,null,OS,null,OS,0.29,OK,18.57,OK,39.6,OK
2024-06-12 14:00:00,26.01,OK,0.04,BDL,null,OS,null,OS,0.33,OK,18.77,OK,36.19,OK
2024-06-12 15:00:00,27.82,OK,0.05,BDL,null,OS,null,OS,0.32,OK,17.22,OK,33.9,OK
2024-06-12 16:00:00,24.18,OK,0.06,BDL,null,OS,null,OS,0.38,OK,23.2,OK,24.47,OK
2024-06-12 17:00:00,19.22,OK,-0.04,BDL,null,OS,null,OS,0.38,OK,30.68,OK,12.79,OK
2024-06-12 18:00:00,18.51,OK,0.0,BDL,null,OS,null,OS,0.39,OK,22.66,OK,-1.6,BDL
2024-06-12 19:00:00,23.13,OK,-0.01,BDL,null,OS,null,OS,0.36,OK,9.44,OK,-7.52,OR
2024-06-12 20:00:00,21.34,OK,-0.02,BDL,null,OS,null,OS,0.39,OK,10.55,OK,-9.08,OR
2024-06-12 21:00:00,20.53,OK,0.02,BDL,null,OS,null,OS,0.32,OK,17.86,OK,-5.15,OR
2024-06-12 22:00:00,16.76,OK,0.02,BDL,null,OS,null,OS,0.39,OK,12.21,OK,0.6,BDL
2024-06-12 23:00:00,18.69,OK,0.02,BDL,null,OS,null,OS,0.33,OK,21.3,OK,8.67,OK
2024-06-13 00:00:00,16.39,OK,0.08,BDL,null,OS,null,OS,0.32,OK,20.68,OK,10.49,OK
2024-06-13 01:00:00,16.51,OK,0.42,BDL,null,OS,null,OS,0.23,OK,26.37,OK,18.41,OK
2024-06-13 02:00:00,19.32,OK,0.01,BDL,null,OS,null,OS,0.21,OK,19.55,OK,13.48,OK
2024-06-13 03:00:00,13.82,OK,-0.05,BDL,null,OS,null,OS,0.23,OK,16.53,OK,14.0,OK
2024-06-13 04:00:00,14.06,OK,-0.12,BDL,null,OS,null,OS,0.24,OK,21.83,OK,19.69,OK
2024-06-13 05:00:00,4.58,OK,-0.14,BDL,null,OS,null,OS,0.33,OK,20.56,OK,8.62,OK
2024-06-13 06:00:00,7.31,OK,-0.09,BDL,null,OS,null,OS,0.41,OK,29.09,OK,15.26,OK
2024-06-13 07:00:00,14.3,OK,-0.13,BDL,null,OS,null,OS,0.38,OK,26.71,OK,24.17,OK
2024-06-13 08:00:00,18.4,OK,-0.09,BDL,null,OS,null,OS,0.35,OK,23.49,OK,12.94,OK
2024-06-13 09:00:00,16.12,OK,-0.13,BDL,null,OS,null,OS,0.34,OK,16.43,OK,4.99,OK
2024-06-13 10:00:00,10.59,OK,-0.11,BDL,null,OS,null,OS,0.38,OK,21.1,OK,27.09,OK
2024-06-13 11:00:00,12.32,OK,-0.07,BDL,null,OS,null,OS,0.41,OK,17.1,OK,15.18,OK
2024-06-13 12:00:00,14.22,OK,-0.07,BDL,null,OS,null,OS,0.38,OK,22.54,OK,34.62,OK
2024-06-13 13:00:00,21.23,OK,-0.01,BDL,null,OS,null,OS,0.34,OK,16.05,OK,54.41,OK
2024-06-13 14:00:00,19.67,OK,-0.01,BDL,null,OS,null,OS,0.35,OK,19.91,OK,42.69,OK
2024-06-13 15:00:00,14.48,OK,-0.04,BDL,null,OS,null,OS,0.36,OK,27.76,OK,22.51,OK
2024-06-13 16:00:00,9.69,OK,-0.07,BDL,null,OS,null,OS,0.38,OK,44.72,OK,37.79,OK
2024-06-13 17:00:00,8.34,OK,-0.09,BDL,null,OS,null,OS,0.36,OK,37.3,OK,27.71,OK
2024-06-13 18:00:00,6.77,OK,-0.07,BDL,null,OS,null,OS,0.36,OK,30.49,OK,16.18,OK
2024-06-13 19:00:00,3.8,OK,-0.11,BDL,null,OS,null,OS,0.36,OK,22.94,OK,50.93,OK
2024-06-13 20:00:00,2.57,OK,-0.07,BDL,null,OS,null,OS,0.35,OK,25.89,OK,40.96,OK
2024-06-13 21:00:00,4.03,OK,-0.07,BDL,null,OS,null,OS,0.38,OK,20.29,OK,6.28,OK
2024-06-13 22:00:00,6.91,OK,-0.13,BDL,null,OS,null,OS,0.32,OK,7.48,OK,-0.36,BDL
2024-06-13 23:00:00,6.61,OK,-0.1,BDL,null,OS,null,OS,0.31,OK,12.62,OK,6.37,OK
2024-06-14 00:00:00,5.29,OK,-0.05,BDL,null,OS,null,OS,0.3,OK,14.28,OK,32.33,OK
2024-06-14 01:00:00,2.41,OK,-0.08,BDL,null,OS,null,OS,0.32,OK,15.65,OK,26.24,OK
2024-06-14 02:00:00,1.57,OK,-0.09,BDL,null,OS,null,OS,0.31,OK,7.93,OK,31.05,OK
2024-06-14 03:00:00,2.3,OK,-0.16,BDL,null,OS,null,OS,0.29,OK,12.24,OK,0.04,BDL
2024-06-14 04:00:00,3.82,OK,-0.12,BDL,null,OS,null,OS,0.3,OK,14.13,OK,-33.77,OR
2024-06-14 05:00:00,2.71,OK,-0.12,BDL,null,OS,null,OS,0.36,OK,20.1,OK,-12.47,OR
2024-06-14 06:00:00,3.35,OK,-0.07,BDL,null,OS,null,OS,0.5,OK,26.27,OK,-3.27,BDL
2024-06-14 07:00:00,9.19,OK,-0.13,BDL,null,OS,null,OS,0.46,OK,26.19,OK,-7.57,OR
2024-06-14 08:00:00,10.93,OK,-0.13,BDL,null,OS,null,OS,0.39,OK,25.81,OK,27.64,OK
2024-06-14 09:00:00,14.81,OK,-0.05,BDL,null,OS,null,OS,0.34,OK,18.7,OK,36.06,OK
2024-06-14 10:00:00,18.84,OK,-0.12,BDL,null,OS,null,OS,0.34,OK,19.29,OK,29.89,OK
2024-06-14 11:00:00,18.53,OK,-0.19,BDL,null,OS,null,OS,0.35,OK,19.81,OK,16.47,OK
2024-06-14 12:00:00,18.81,OK,-0.12,BDL,null,OS,null,OS,0.35,OK,17.29,OK,17.19,OK
2024-06-14 13:00:00,19.46,OK,-0.08,BDL,null,OS,null,OS,0.36,OK,19.87,OK,16.64,OK
2024-06-14 14:00:00,19.01,OK,-0.06,BDL,null,OS,null,OS,0.37,OK,21.16,OK,26.78,OK
2024-06-14 15:00:00,13.68,OK,-0.07,BDL,null,OS,null,OS,0.35,OK,19.61,OK,20.62,OK
2024-06-14 16:00:00,12.88,OK,-0.05,BDL,null,OS,null,OS,0.34,OK,27.11,OK,22.48,OK
2024-06-14 17:00:00,11.35,OK,-0.06,BDL,null,OS,null,OS,0.35,OK,17.8,OK,38.62,OK
2024-06-14 18:00:00,10.21,OK,-0.05,BDL,null,OS,null,OS,0.37,OK,22.04,OK,50.68,OK
2024-06-14 19:00:00,6.84,OK,-0.02,BDL,null,OS,null,OS,0.4,OK,18.34,OK,30.56,OK
2024-06-14 20:00:00,5.58,OK,-0.09,BDL,null,OS,null,OS,0.36,OK,26.5,OK,29.28,OK
2024-06-14 21:00:00,4.32,OK,-0.06,BDL,null,OS,null,OS,0.36,OK,26.19,OK,19.56,OK
2024-06-14 22:00:00,4.22,OK,-0.12,BDL,null,OS,null,OS,0.36,OK,17.91,OK,13.67,OK
2024-06-14 23:00:00,3.12,OK,-0.08,BDL,null,OS,null,OS,0.37,OK,18.89,OK,14.95,OK
2024-06-15 00:00:00,2.38,OK,-0.1,BDL,null,OS,null,OS,0.37,OK,17.36,OK,20.76,OK
2024-06-15 01:00:00,1.52,OK,-0.1,BDL,null,OS,null,OS,0.41,OK,20.04,OK,22.72,OK
2024-06-15 02:00:00,1.8,OK,-0.16,BDL,null,OS,null,OS,0.39,OK,20.55,OK,25.76,OK
2024-06-15 03:00:00,2.18,OK,-0.14,BDL,null,OS,null,OS,0.3,OK,11.25,OK,42.75,OK
2024-06-15 04:00:00,2.24,OK,-0.14,BDL,null,OS,null,OS,0.26,OK,18.31,OK,55.77,OK
2024-06-15 05:00:00,1.44,OK,-0.14,BDL,null,OS,null,OS,0.31,OK,12.19,OK,-27.29,OR
2024-06-15 06:00:00,4.72,OK,-0.14,BDL,null,OS,null,OS,0.32,OK,16.51,OK,-49.3,OR
2024-06-15 07:00:00,8.45,OK,-0.17,BDL,null,OS,null,OS,0.31,OK,20.38,OK,-37.84,OR
2024-06-15 08:00:00,12.99,OK,-0.19,BDL,null,OS,null,OS,0.33,OK,11.92,OK,-15.02,OR
2024-06-15 09:00:00,18.31,OK,-0.15,BDL,null,OS,null,OS,0.37,OK,20.35,OK,7.18,OK
2024-06-15 10:00:00,18.77,OK,-0.16,BDL,null,OS,null,OS,0.34,OK,25.69,OK,18.74,OK
2024-06-15 11:00:00,19.88,OK,-0.17,BDL,null,OS,null,OS,0.32,OK,22.96,OK,24.2,OK
2024-06-15 12:00:00,22.08,OK,-0.19,BDL,null,OS,null,OS,0.31,OK,19.56,OK,15.78,OK
2024-06-15 13:00:00,23.34,OK,-0.12,BDL,null,OS,null,OS,0.28,OK,10.28,OK,16.62,OK
2024-06-15 14:00:00,21.62,OK,-0.13,BDL,null,OS,null,OS,0.28,OK,15.6,OK,23.47,OK
2024-06-15 15:00:00,21.24,OK,-0.15,BDL,null,OS,null,OS,0.3,OK,11.78,OK,18.27,OK
2024-06-15 16:00:00,16.6,OK,-0.1,BDL,null,OS,null,OS,0.27,OK,21.32,OK,24.35,OK
2024-06-15 17:00:00,14.21,OK,-0.13,BDL,null,OS,null,OS,0.3,OK,17.76,OK,15.46,OK
2024-06-15 18:00:00,12.62,OK,-0.14,BDL,null,OS,null,OS,0.32,OK,15.08,OK,11.35,OK
2024-06-15 19:00:00,10.61,OK,-0.13,BDL,null,OS,null,OS,0.42,OK,17.85,OK,12.53,OK
2024-06-15 20:00:00,7.57,OK,-0.13,BDL,null,OS,null,OS,0.41,OK,22.17,OK,0.86,BDL
2024-06-15 21:00:00,4.89,OK,-0.1,BDL,null,OS,null,OS,0.37,OK,26.42,OK,-0.98,BDL
2024-06-15 22:00:00,5.89,OK,-0.06,BDL,null,OS,null,OS,0.34,OK,23.16,OK,7.46,OK
2024-06-15 23:00:00,4.25,OK,-0.05,BDL,null,OS,null,OS,0.37,OK,19.63,OK,16.43,OK
2024-06-16 00:00:00,2.73,OK,-0.1,BDL,null,OS,null,OS,0.41,OK,20.78,OK,24.0,OK
2024-06-16 01:00:00,2.67,OK,-0.06,BDL,null,OS,null,OS,0.37,OK,21.4,OK,24.77,OK
2024-06-16 02:00:00,5.6,OK,-0.14,BDL,null,OS,null,OS,0.33,OK,29.09,OK,5.33,OK
2024-06-16 03:00:00,13.1,OK,-0.13,BDL,null,OS,null,OS,0.21,OK,18.95,OK,-4.21,OR
2024-06-16 04:00:00,12.78,OK,-0.14,BDL,null,OS,null,OS,0.21,OK,14.56,OK,0.75,BDL
2024-06-16 05:00:00,7.06,OK,-0.12,BDL,null,OS,null,OS,0.27,OK,11.7,OK,5.06,OK
2024-06-16 06:00:00,10.72,OK,-0.14,BDL,null,OS,null,OS,0.25,OK,15.7,OK,-1.18,BDL
2024-06-16 07:00:00,14.82,OK,-0.14,BDL,null,OS,null,OS,0.24,OK,20.79,OK,-1.01,BDL
2024-06-16 08:00:00,20.38,OK,-0.13,BDL,null,OS,null,OS,0.24,OK,15.48,OK,12.24,OK
2024-06-16 09:00:00,25.82,OK,-0.15,BDL,null,OS,null,OS,0.22,OK,15.67,OK,18.25,OK
2024-06-16 10:00:00,31.49,OK,-0.09,BDL,null,OS,null,OS,0.2,OK,7.57,OK,15.67,OK
2024-06-16 11:00:00,30.47,OK,-0.11,BDL,null,OS,null,OS,0.19,OK,9.39,OK,20.69,OK
2024-06-16 12:00:00,28.0,OK,-0.07,BDL,null,OS,null,OS,0.2,OK,10.83,OK,19.97,OK
2024-06-16 13:00:00,29.47,OK,-0.06,BDL,null,OS,null,OS,0.21,OK,7.58,OK,18.72,OK
2024-06-16 14:00:00,23.57,OK,-0.05,BDL,null,OS,null,OS,0.23,OK,10.68,OK,19.42,OK
2024-06-16 15:00:00,17.47,OK,-0.11,BDL,null,OS,null,OS,0.24,OK,35.53,OK,29.61,OK
2024-06-16 16:00:00,16.58,OK,-0.05,BDL,null,OS,null,OS,0.23,OK,27.8,OK,14.69,OK
2024-06-16 17:00:00,15.84,OK,-0.08,BDL,null,OS,null,OS,0.23,OK,22.44,OK,10.15,OK
2024-06-16 18:00:00,11.92,OK,-0.11,BDL,null,OS,null,OS,0.25,OK,23.48,OK,11.46,OK
2024-06-16 19:00:00,9.05,OK,-0.14,BDL,null,OS,null,OS,0.29,OK,20.12,OK,9.52,OK
2024-06-16 20:00:00,9.77,OK,-0.15,BDL,null,OS,null,OS,0.3,OK,27.71,OK,14.99,OK
2024-06-16 21:00:00,13.43,OK,-0.06,BDL,null,OS,null,OS,0.3,OK,14.68,OK,13.24,OK
2024-06-16 22:00:00,9.35,OK,-0.09,BDL,null,OS,null,OS,0.3,OK,19.57,OK,7.23,OK
2024-06-16 23:00:00,7.3,OK,-0.11,BDL,null,OS,null,OS,0.29,OK,19.42,OK,23.67,OK
2024-06-17 00:00:00,6.86,OK,-0.15,BDL,null,OS,null,OS,0.28,OK,17.17,OK,12.33,OK
2024-06-17 01:00:00,11.71,OK,-0.21,BDL,null,OS,null,OS,0.2,OK,18.28,OK,15.81,OK
2024-06-17 02:00:00,17.12,OK,-0.11,BDL,null,OS,null,OS,0.16,OK,14.36,OK,-4.77,OR
2024-06-17 03:00:00,15.0,OK,-0.11,BDL,null,OS,null,OS,0.17,OK,14.25,OK,-5.24,OR
2024-06-17 04:00:00,15.47,OK,-0.11,BDL,null,OS,null,OS,0.17,OK,18.78,OK,2.84,BDL
2024-06-17 05:00:00,16.17,OK,-0.04,BDL,null,OS,null,OS,0.21,OK,14.57,OK,3.16,BDL
2024-06-17 06:00:00,15.21,OK,-0.12,BDL,null,OS,null,OS,0.27,OK,19.54,OK,1.65,BDL
2024-06-17 07:00:00,22.33,OK,-0.1,BDL,null,OS,null,OS,0.27,OK,26.71,OK,14.1,OK
2024-06-17 08:00:00,23.28,OK,-0.11,BDL,null,OS,null,OS,0.25,OK,13.96,OK,13.99,OK
2024-06-17 09:00:00,23.98,OK,-0.07,BDL,null,OS,null,OS,0.23,OK,13.92,OK,17.85,OK
2024-06-17 10:00:00,22.7,OK,-0.04,BDL,null,OS,null,OS,0.21,OK,15.45,OK,20.25,OK
2024-06-17 11:00:00,20.16,OK,0.0,BDL,null,OS,null,OS,0.21,OK,8.71,OK,12.87,OK
2024-06-17 12:00:00,18.98,OK,-0.01,BDL,null,OS,null,OS,0.21,OK,16.06,OK,12.37,OK
2024-06-17 13:00:00,18.68,OK,-0.03,BDL,null,OS,null,OS,0.24,OK,13.81,OK,15.68,OK
2024-06-17 14:00:00,14.42,OK,-0.0,BDL,null,OS,null,OS,0.23,OK,25.69,OK,17.17,OK
2024-06-17 15:00:00,13.64,OK,-0.05,BDL,null,OS,null,OS,0.21,OK,63.91,OK,21.85,OK
2024-06-17 16:00:00,14.74,OK,-0.03,BDL,null,OS,null,OS,0.21,OK,58.64,OK,11.8,OK
2024-06-17 17:00:00,12.75,OK,-0.09,BDL,null,OS,null,OS,0.24,OK,39.97,OK,9.23,OK
2024-06-17 18:00:00,11.24,OK,-0.03,BDL,null,OS,null,OS,0.27,OK,29.97,OK,12.28,OK
2024-06-17 19:00:00,11.53,OK,-0.05,BDL,null,OS,null,OS,0.26,OK,19.81,OK,2.69,BDL
2024-06-17 20:00:00,13.71,OK,-0.01,BDL,null,OS,null,OS,0.26,OK,24.51,OK,-3.04,BDL
2024-06-17 21:00:00,11.56,OK,-0.05,BDL,null,OS,null,OS,0.29,OK,16.27,OK,-1.97,BDL
2024-06-17 22:00:00,11.56,OK,-0.05,BDL,null,OS,null,OS,0.27,OK,21.61,OK,2.34,BDL
2024-06-17 23:00:00,10.87,OK,-0.06,BDL,null,OS,null,OS,0.31,OK,14.37,OK,4.19,OK
2024-06-18 00:00:00,9.18,OK,-0.06,BDL,null,OS,null,OS,0.33,OK,14.44,OK,7.94,OK
2024-06-18 01:00:00,10.34,OK,-0.04,BDL,null,OS,null,OS,0.23,OK,15.9,OK,2.89,BDL
2024-06-18 02:00:00,11.4,OK,-0.04,BDL,null,OS,null,OS,0.16,OK,20.14,OK,1.66,BDL
2024-06-18 03:00:00,14.37,OK,-0.08,BDL,null,OS,null,OS,0.15,OK,15.66,OK,4.92,OK
2024-06-18 04:00:00,17.17,OK,-0.04,BDL,null,OS,null,OS,0.16,OK,19.74,OK,5.63,OK
2024-06-18 05:00:00,13.49,OK,-0.07,BDL,null,OS,null,OS,0.24,OK,20.42,OK,34.71,OK
2024-06-18 06:00:00,12.36,OK,-0.11,BDL,null,OS,null,OS,0.32,OK,23.46,OK,-4.42,OR
2024-06-18 07:00:00,17.91,OK,-0.13,BDL,null,OS,null,OS,0.3,OK,24.62,OK,11.49,OK
2024-06-18 08:00:00,22.74,OK,-0.09,BDL,null,OS,null,OS,0.26,OK,17.01,OK,4.03,OK
2024-06-18 09:00:00,23.17,OK,-0.14,BDL,null,OS,null,OS,0.29,OK,15.87,OK,6.81,OK
2024-06-18 10:00:00,22.74,OK,-0.1,BDL,null,OS,null,OS,0.26,OK,22.21,OK,12.84,OK
2024-06-18 11:00:00,21.93,OK,-0.12,BDL,null,OS,null,OS,0.22,OK,12.12,OK,15.21,OK
2024-06-18 12:00:00,24.18,OK,-0.09,BDL,null,OS,null,OS,0.23,OK,16.74,OK,18.59,OK
2024-06-18 13:00:00,15.85,OK,-0.08,BDL,null,OS,null,OS,0.27,OK,14.28,OK,19.3,OK
2024-06-18 14:00:00,11.63,OK,-0.07,BDL,null,OS,null,OS,0.26,OK,27.42,OK,29.48,OK
2024-06-18 15:00:00,9.73,OK,-0.06,BDL,null,OS,null,OS,0.23,OK,37.72,OK,11.62,OK
2024-06-18 16:00:00,9.21,OK,-0.06,BDL,null,OS,null,OS,0.23,OK,31.94,OK,13.96,OK
2024-06-18 17:00:00,10.93,OK,0.0,BDL,null,OS,null,OS,0.23,OK,21.06,OK,6.01,OK
2024-06-18 18:00:00,11.18,OK,-0.05,BDL,null,OS,null,OS,0.26,OK,16.66,OK,6.18,OK
2024-06-18 19:00:00,10.49,OK,-0.01,BDL,null,OS,null,OS,0.25,OK,16.19,OK,0.73,BDL
2024-06-18 20:00:00,9.72,OK,-0.02,BDL,null,OS,null,OS,0.25,OK,20.18,OK,-2.31,BDL
2024-06-18 21:00:00,10.57,OK,-0.06,BDL,null,OS,null,OS,0.28,OK,17.62,OK,-3.92,BDL
2024-06-18 22:00:00,9.86,OK,-0.04,BDL,null,OS,null,OS,0.28,OK,15.84,OK,-2.34,BDL
2024-06-18 23:00:00,9.33,OK,0.03,BDL,null,OS,null,OS,0.27,OK,19.11,OK,2.53,BDL
2024-06-19 00:00:00,9.08,OK,0.05,BDL,null,OS,null,OS,0.27,OK,15.99,OK,7.21,OK
2024-06-19 01:00:00,7.54,OK,-0.0,BDL,null,OS,null,OS,0.24,OK,13.63,OK,10.56,OK
2024-06-19 02:00:00,2.74,OK,0.01,BDL,null,OS,null,OS,0.17,OK,22.8,OK,3.06,BDL
2024-06-19 03:00:00,7.06,OK,0.01,BDL,null,OS,null,OS,0.15,OK,15.21,OK,2.29,BDL
2024-06-19 04:00:00,5.94,OK,0.0,BDL,null,OS,null,OS,0.16,OK,21.08,OK,6.28,OK
2024-06-19 05:00:00,4.7,OK,0.03,BDL,null,OS,null,OS,0.25,OK,25.36,OK,6.37,OK
2024-06-19 06:00:00,6.83,OK,0.1,BDL,null,OS,null,OS,0.38,OK,39.01,OK,3.29,BDL
2024-06-19 07:00:00,17.04,OK,0.06,BDL,null,OS,null,OS,0.26,OK,39.27,OK,14.68,OK
2024-06-19 08:00:00,20.63,OK,0.08,BDL,null,OS,null,OS,0.23,OK,6.33,OK,11.9,OK
2024-06-19 09:00:00,25.97,OK,0.08,BDL,null,OS,null,OS,0.2,OK,27.82,OK,21.52,OK
2024-06-19 10:00:00,21.93,OK,0.09,BDL,null,OS,null,OS,0.19,OK,12.62,OK,15.27,OK
2024-06-19 11:00:00,21.1,OK,-0.02,BDL,null,OS,null,OS,0.19,OK,12.39,OK,16.78,OK
2024-06-19 12:00:00,18.71,OK,0.03,BDL,null,OS,null,OS,0.22,OK,11.28,OK,7.0,OK
2024-06-19 13:00:00,17.51,OK,-0.0,BDL,null,OS,null,OS,0.24,OK,9.65,OK,11.71,OK
2024-06-19 14:00:00,15.58,OK,0.03,BDL,null,OS,null,OS,0.23,OK,21.37,OK,18.97,OK
2024-06-19 15:00:00,20.71,OK,-0.03,BDL,null,OS,null,OS,0.22,OK,21.57,OK,13.77,OK
2024-06-19 16:00:00,17.15,OK,-0.01,BDL,null,OS,null,OS,0.22,OK,22.39,OK,13.47,OK
2024-06-19 17:00:00,13.99,OK,-0.03,BDL,null,OS,null,OS,0.23,OK,12.44,OK,8.89,OK
2024-06-19 18:00:00,14.53,OK,0.01,BDL,null,OS,null,OS,0.25,OK,10.01,OK,1.29,BDL
2024-06-19 19:00:00,12.92,OK,0.06,BDL,null,OS,null,OS,0.31,OK,22.76,OK,0.3,BDL
2024-06-19 20:00:00,11.71,OK,0.08,BDL,null,OS,null,OS,0.29,OK,28.05,OK,-0.82,BDL
2024-06-19 21:00:00,11.47,OK,0.13,BDL,null,OS,null,OS,0.29,OK,29.05,OK,1.89,BDL
2024-06-19 22:00:00,12.41,OK,0.11,BDL,null,OS,null,OS,0.27,OK,27.25,OK,7.51,OK
2024-06-19 23:00:00,13.55,OK,0.02,BDL,null,OS,null,OS,0.24,OK,28.18,OK,5.72,OK
2024-06-20 00:00:00,14.76,OK,-0.0,BDL,null,OS,null,OS,0.24,OK,25.25,OK,5.59,OK
2024-06-20 01:00:00,17.11,OK,0.02,BDL,null,OS,null,OS,0.22,OK,21.54,OK,15.2,OK
2024-06-20 02:00:00,7.56,OK,0.07,BDL,null,OS,null,OS,0.22,OK,23.9,OK,7.07,OK
2024-06-20 03:00:00,3.33,OK,0.06,BDL,null,OS,null,OS,0.25,OK,21.12,OK,9.44,OK
2024-06-20 04:00:00,1.82,OK,0.1,BDL,null,OS,null,OS,0.27,OK,26.98,OK,8.52,OK
2024-06-20 05:00:00,2.83,OK,0.2,BDL,null,OS,null,OS,0.34,OK,29.67,OK,1.43,BDL
2024-06-20 06:00:00,7.56,OK,0.18,BDL,null,OS,null,OS,0.41,OK,28.71,OK,7.82,OK
2024-06-20 07:00:00,10.44,OK,0.22,BDL,null,OS,null,OS,0.43,OK,26.81,OK,17.08,OK
2024-06-20 08:00:00,20.57,OK,0.17,BDL,null,OS,null,OS,0.39,OK,32.3,OK,24.94,OK
2024-06-20 09:00:00,25.76,OK,0.15,BDL,null,OS,null,OS,0.27,OK,30.78,OK,23.72,OK
2024-06-20 10:00:00,29.98,OK,0.16,BDL,null,OS,null,OS,0.24,OK,31.49,OK,20.86,OK
2024-06-20 11:00:00,25.18,OK,0.2,BDL,null,OS,null,OS,0.27,OK,18.84,OK,20.15,OK
2024-06-20 12:00:00,23.08,OK,0.21,BDL,null,OS,null,OS,0.25,OK,12.45,OK,16.11,OK
2024-06-20 13:00:00,22.58,OK,0.2,BDL,null,OS,null,OS,0.25,OK,15.07,OK,20.3,OK
2024-06-20 14:00:00,25.02,OK,0.11,BDL,null,OS,null,OS,0.24,OK,12.86,OK,21.74,OK
2024-06-20 15:00:00,22.17,OK,0.04,BDL,null,OS,null,OS,0.25,OK,-4.96,OR,28.0,OK
2024-06-20 16:00:00,19.25,OK,0.11,BDL,null,OS,null,OS,0.3,OK,9.97,OK,14.19,OK
2024-06-20 17:00:00,19.79,OK,0.12,BDL,null,OS,null,OS,0.33,OK,11.15,OK,11.7,OK
2024-06-20 18:00:00,15.19,OK,0.07,BDL,null,OS,null,OS,0.37,OK,17.02,OK,5.75,OK
2024-06-20 19:00:00,17.27,OK,0.05,BDL,null,OS,null,OS,0.24,OK,8.14,OK,-2.65,BDL
2024-06-20 20:00:00,19.44,OK,0.02,BDL,null,OS,null,OS,0.22,OK,13.84,OK,-7.13,OR
2024-06-20 21:00:00,18.51,OK,0.07,BDL,null,OS,null,OS,0.22,OK,17.14,OK,-7.12,OR
2024-06-20 22:00:00,17.53,OK,0.04,BDL,null,OS,null,OS,0.22,OK,19.25,OK,-2.5,BDL
2024-06-20 23:00:00,20.66,OK,0.02,BDL,null,OS,null,OS,0.17,OK,20.32,OK,1.69,BDL
2024-06-21 00:00:00,16.61,OK,0.06,BDL,null,OS,null,OS,0.23,OK,19.85,OK,2.98,BDL
2024-06-21 01:00:00,8.8,OK,0.08,BDL,null,OS,null,OS,0.27,OK,21.36,OK,11.02,OK
2024-06-21 02:00:00,0.79,BDL,0.2,BDL,null,OS,null,OS,0.17,OK,14.64,OK,10.6,OK
2024-06-21 03:00:00,7.08,OK,0.29,BDL,null,OS,null,OS,0.14,OK,21.8,OK,5.8,OK
2024-06-21 04:00:00,16.44,OK,0.1,BDL,null,OS,null,OS,0.11,OK,19.73,OK,12.13,OK
2024-06-21 05:00:00,8.95,OK,0.31,BDL,null,OS,null,OS,0.23,OK,23.62,OK,6.61,OK
2024-06-21 06:00:00,8.9,OK,0.22,BDL,null,OS,null,OS,0.36,OK,38.83,OK,8.96,OK
2024-06-21 07:00:00,14.02,OK,0.45,BDL,null,OS,null,OS,0.31,OK,45.16,OK,23.61,OK
2024-06-21 08:00:00,18.0,OK,0.04,BDL,null,OS,null,OS,0.32,OK,32.36,OK,18.32,OK
2024-06-21 09:00:00,19.78,OK,0.01,BDL,null,OS,null,OS,0.29,OK,21.63,OK,21.01,OK
2024-06-21 10:00:00,20.02,OK,-0.11,BDL,null,OS,null,OS,0.3,OK,19.71,OK,9.41,OK
2024-06-21 11:00:00,17.15,OK,-0.01,BDL,null,OS,null,OS,0.36,OK,24.99,OK,17.63,OK
2024-06-21 12:00:00,14.94,OK,-0.01,BDL,null,OS,null,OS,0.23,OK,17.65,OK,13.9,OK
2024-06-21 13:00:00,8.74,OK,0.01,BDL,null,OS,null,OS,6.69,OK,21.89,OK,16.02,OK
2024-06-21 14:00:00,13.0,OK,77.65,OK,null,OS,null,OS,0.73,OK,21.56,OK,15.73,OK
2024-06-21 15:00:00,15.42,OK,-0.06,BDL,null,OS,null,OS,0.39,OK,32.17,OK,21.06,OK
2024-06-21 16:00:00,14.11,OK,0.14,BDL,null,OS,null,OS,0.44,OK,27.95,OK,6.01,OK
2024-06-21 17:00:00,11.42,OK,0.0,BDL,null,OS,null,OS,0.43,OK,20.15,OK,15.94,OK
2024-06-21 18:00:00,10.41,OK,-0.06,BDL,null,OS,null,OS,0.41,OK,23.17,OK,7.47,OK
2024-06-21 19:00:00,10.76,OK,0.01,BDL,null,OS,null,OS,0.34,OK,24.13,OK,13.15,OK
2024-06-21 20:00:00,10.15,OK,-0.04,BDL,null,OS,null,OS,0.31,OK,20.13,OK,1.32,BDL
2024-06-21 21:00:00,17.27,OK,-0.07,BDL,null,OS,null,OS,0.27,OK,26.4,OK,8.53,OK
2024-06-21 22:00:00,18.0,OK,-0.06,BDL,null,OS,null,OS,0.25,OK,18.56,OK,10.9,OK
2024-06-21 23:00:00,17.29,OK,-0.08,BDL,null,OS,null,OS,0.24,OK,15.75,OK,2.75,BDL
2024-06-22 00:00:00,10.72,OK,-0.05,BDL,null,OS,null,OS,0.3,OK,18.23,OK,7.09,OK
2024-06-22 01:00:00,12.73,OK,0.01,BDL,null,OS,null,OS,0.24,OK,30.29,OK,22.45,OK
2024-06-22 02:00:00,13.06,OK,-0.02,BDL,null,OS,null,OS,0.2,OK,21.55,OK,29.28,OK
2024-06-22 03:00:00,12.55,OK,-0.05,BDL,null,OS,null,OS,0.2,OK,16.03,OK,22.04,OK
2024-06-22 04:00:00,7.32,OK,-0.05,BDL,null,OS,null,OS,0.26,OK,8.17,OK,34.63,OK
2024-06-22 05:00:00,3.47,OK,-0.06,BDL,null,OS,null,OS,0.32,OK,24.3,OK,39.98,OK
2024-06-22 06:00:00,5.15,OK,-0.07,BDL,null,OS,null,OS,0.29,OK,8.88,OK,3.13,BDL
2024-06-22 07:00:00,7.53,OK,-0.03,BDL,null,OS,null,OS,0.33,OK,8.21,OK,-56.06,OR
2024-06-22 08:00:00,9.48,OK,-0.06,BDL,null,OS,null,OS,0.32,OK,19.24,OK,-37.26,OR
2024-06-22 09:00:00,12.22,OK,-0.08,BDL,null,OS,null,OS,0.34,OK,10.13,OK,-7.91,OR
2024-06-22 10:00:00,19.73,OK,-0.07,BDL,null,OS,null,OS,0.34,OK,14.05,OK,0.87,BDL
2024-06-22 11:00:00,21.44,OK,-0.06,BDL,null,OS,null,OS,0.32,OK,12.12,OK,0.81,BDL
2024-06-22 12:00:00,23.07,OK,-0.03,BDL,null,OS,null,OS,0.32,OK,14.12,OK,17.15,OK
2024-06-22 13:00:00,24.28,OK,-0.04,BDL,null,OS,null,OS,0.28,OK,8.51,OK,5.18,OK
2024-06-22 14:00:00,20.81,OK,-0.04,BDL,null,OS,null,OS,0.27,OK,12.97,OK,10.52,OK
2024-06-22 15:00:00,20.53,OK,0.01,BDL,null,OS,null,OS,0.3,OK,9.17,OK,26.44,OK
2024-06-22 16:00:00,14.96,OK,-0.1,BDL,null,OS,null,OS,0.3,OK,11.3,OK,21.45,OK
2024-06-22 17:00:00,12.12,OK,-0.04,BDL,null,OS,null,OS,0.26,OK,8.74,OK,10.63,OK
2024-06-22 18:00:00,8.99,OK,-0.05,BDL,null,OS,null,OS,0.22,OK,10.29,OK,-2.62,BDL
2024-06-22 19:00:00,8.04,OK,-0.06,BDL,null,OS,null,OS,0.23,OK,9.63,OK,-7.02,OR
2024-06-22 20:00:00,12.32,OK,-0.06,BDL,null,OS,null,OS,0.21,OK,11.89,OK,-5.97,OR
2024-06-22 21:00:00,16.41,OK,-0.07,BDL,null,OS,null,OS,0.24,OK,7.97,OK,-0.97,BDL
2024-06-22 22:00:00,13.92,OK,-0.04,BDL,null,OS,null,OS,0.22,OK,20.65,OK,12.1,OK
2024-06-22 23:00:00,15.42,OK,-0.09,BDL,null,OS,null,OS,0.18,OK,6.63,OK,-26.52,OR
2024-06-23 00:00:00,11.31,OK,-0.08,BDL,null,OS,null,OS,0.18,OK,7.75,OK,0.07,BDL
2024-06-23 01:00:00,9.7,OK,-0.08,BDL,null,OS,null,OS,0.19,OK,11.95,OK,61.99,OK
2024-06-23 02:00:00,9.57,OK,-0.05,BDL,null,OS,null,OS,0.2,OK,11.88,OK,12.16,OK
2024-06-23 03:00:00,10.55,OK,-0.12,BDL,null,OS,null,OS,0.2,OK,-5.94,OR,13.48,OK
2024-06-23 04:00:00,8.82,OK,-0.04,BDL,null,OS,null,OS,0.19,OK,5.11,OK,-10.87,OR
2024-06-23 05:00:00,7.88,OK,-0.09,BDL,null,OS,null,OS,0.22,OK,1.64,BDL,-32.62,OR
2024-06-23 06:00:00,13.37,OK,-0.07,BDL,null,OS,null,OS,0.2,OK,0.11,BDL,-59.2,OR
2024-06-23 07:00:00,14.38,OK,-0.09,BDL,null,OS,null,OS,0.23,OK,2.77,BDL,-56.88,OR
2024-06-23 08:00:00,15.5,OK,-0.07,BDL,null,OS,null,OS,0.23,OK,1.56,BDL,-19.11,OR
2024-06-23 09:00:00,14.87,OK,-0.07,BDL,null,OS,null,OS,0.22,OK,4.95,OK,6.74,OK
2024-06-23 10:00:00,19.42,OK,-0.1,BDL,null,OS,null,OS,0.23,OK,-1.28,BDL,7.73,OK
2024-06-23 11:00:00,24.61,OK,-0.09,BDL,null,OS,null,OS,0.22,OK,9.47,OK,7.71,OK
2024-06-23 12:00:00,25.97,OK,-0.05,BDL,null,OS,null,OS,0.21,OK,4.55,OK,7.94,OK
2024-06-23 13:00:00,30.5,OK,-0.1,BDL,null,OS,null,OS,0.21,OK,1.32,BDL,5.59,OK
2024-06-23 14:00:00,35.12,OK,-0.05,BDL,null,OS,null,OS,0.2,OK,3.02,BDL,11.58,OK
2024-06-23 15:00:00,26.9,OK,-0.1,BDL,null,OS,null,OS,0.2,OK,28.28,OK,12.88,OK
2024-06-23 16:00:00,21.87,OK,-0.07,BDL,null,OS,null,OS,0.2,OK,291.9,OK,12.76,OK
2024-06-23 17:00:00,14.3,OK,-0.06,BDL,null,OS,null,OS,0.2,OK,-2678.8,OR,14.74,OK
2024-06-23 18:00:00,8.41,OK,-0.11,BDL,null,OS,null,OS,0.21,OK,0.0,BDL,15.17,OK
2024-06-23 19:00:00,6.44,OK,-0.06,BDL,null,OS,null,OS,0.22,OK,0.0,BDL,8.75,OK
2024-06-23 20:00:00,4.36,OK,-0.11,BDL,null,OS,null,OS,0.23,OK,0.0,BDL,40.98,OK
2024-06-23 21:00:00,4.02,OK,-0.04,BDL,null,OS,null,OS,0.23,OK,0.0,BDL,7.35,OK
2024-06-23 22:00:00,5.96,OK,-0.0,BDL,null,OS,null,OS,0.2,OK,0.0,BDL,5.27,OK
2024-06-23 23:00:00,7.99,OK,-0.02,BDL,null,OS,null,OS,0.18,OK,0.0,BDL,12.41,OK
2024-06-24 00:00:00,8.62,OK,-0.04,BDL,null,OS,null,OS,0.17,OK,0.0,BDL,8.43,OK
2024-06-24 01:00:00,8.93,OK,-0.07,BDL,null,OS,null,OS,0.17,OK,0.0,BDL,8.08,OK
2024-06-24 02:00:00,7.87,OK,-0.05,BDL,null,OS,null,OS,0.18,OK,0.0,BDL,8.5,OK
2024-06-24 03:00:00,6.49,OK,-0.06,BDL,null,OS,null,OS,0.22,OK,0.0,BDL,8.26,OK
2024-06-24 04:00:00,6.27,OK,-0.07,BDL,null,OS,null,OS,0.22,OK,0.0,BDL,8.92,OK
2024-06-24 05:00:00,6.77,OK,-0.07,BDL,null,OS,null,OS,0.21,OK,0.0,BDL,-0.75,BDL
2024-06-24 06:00:00,6.2,OK,-0.1,BDL,null,OS,null,OS,0.3,OK,0.0,BDL,-0.44,BDL
2024-06-24 07:00:00,5.71,OK,-0.05,BDL,null,OS,null,OS,0.3,OK,0.0,BDL,5.8,OK
2024-06-24 08:00:00,9.04,OK,-0.07,BDL,null,OS,null,OS,0.26,OK,0.0,BDL,4.29,OK
2024-06-24 09:00:00,13.62,OK,-0.03,BDL,null,OS,null,OS,0.27,OK,0.0,BDL,-6.95,OR
2024-06-24 10:00:00,23.42,OK,-0.06,BDL,null,OS,null,OS,0.3,OK,0.0,BDL,-2.44,BDL
2024-06-24 11:00:00,27.53,OK,-0.05,BDL,null,OS,null,OS,0.27,OK,0.0,BDL,19.05,OK
2024-06-24 12:00:00,24.32,OK,-0.05,BDL,null,OS,null,OS,0.24,OK,0.0,BDL,11.73,OK
2024-06-24 13:00:00,21.34,OK,-0.04,BDL,null,OS,null,OS,0.22,OK,0.0,BDL,9.52,OK
2024-06-24 14:00:00,18.44,OK,-0.08,BDL,null,OS,null,OS,0.24,OK,0.0,BDL,17.98,OK
2024-06-24 15:00:00,9.85,OK,-0.05,BDL,null,OS,null,OS,0.22,OK,0.0,BDL,18.26,OK
2024-06-24 16:00:00,8.94,OK,-0.06,BDL,null,OS,null,OS,0.21,OK,0.0,BDL,20.01,OK
2024-06-24 17:00:00,8.85,OK,-0.04,BDL,null,OS,null,OS,0.21,OK,0.0,BDL,0.36,BDL
2024-06-24 18:00:00,8.0,OK,-0.03,BDL,null,OS,null,OS,0.22,OK,0.0,BDL,0.83,BDL
2024-06-24 19:00:00,6.2,OK,-0.08,BDL,null,OS,null,OS,0.2,OK,0.0,BDL,6.16,OK
2024-06-24 20:00:00,5.71,OK,-0.06,BDL,null,OS,null,OS,0.2,OK,0.0,BDL,2.73,BDL
2024-06-24 21:00:00,5.49,OK,-0.04,BDL,null,OS,null,OS,0.2,OK,0.0,BDL,-0.29,BDL
2024-06-24 22:00:00,4.81,OK,-0.05,BDL,null,OS,null,OS,0.17,OK,0.0,BDL,3.44,BDL
2024-06-24 23:00:00,7.77,OK,-0.04,BDL,null,OS,null,OS,0.15,OK,0.0,BDL,11.31,OK
2024-06-25 00:00:00,9.12,OK,-0.09,BDL,null,OS,null,OS,0.12,OK,0.0,BDL,7.92,OK
2024-06-25 01:00:00,16.82,OK,-0.01,BDL,null,OS,null,OS,0.12,OK,0.0,BDL,5.48,OK
2024-06-25 02:00:00,14.98,OK,-0.07,BDL,null,OS,null,OS,0.11,OK,0.0,BDL,3.25,BDL
2024-06-25 03:00:00,6.29,OK,-0.06,BDL,null,OS,null,OS,0.12,OK,0.0,BDL,8.05,OK
2024-06-25 04:00:00,7.2,OK,-0.11,BDL,null,OS,null,OS,0.15,OK,0.0,BDL,10.46,OK
2024-06-25 05:00:00,6.71,OK,-0.05,BDL,null,OS,null,OS,0.19,OK,0.0,BDL,4.23,OK
2024-06-25 06:00:00,4.26,OK,-0.01,BDL,null,OS,null,OS,0.31,OK,0.0,BDL,8.14,OK
2024-06-25 07:00:00,5.4,OK,-0.05,BDL,null,OS,null,OS,0.35,OK,0.0,BDL,9.84,OK
2024-06-25 08:00:00,10.47,OK,-0.01,BDL,null,OS,null,OS,0.28,OK,0.0,BDL,3.79,BDL
2024-06-25 09:00:00,14.59,OK,-0.02,BDL,null,OS,null,OS,0.26,OK,0.0,BDL,10.13,OK
2024-06-25 10:00:00,16.77,OK,-0.05,BDL,null,OS,null,OS,0.21,OK,0.0,BDL,9.83,OK
2024-06-25 11:00:00,17.57,OK,-0.08,BDL,null,OS,null,OS,0.23,OK,0.0,BDL,17.86,OK
2024-06-25 12:00:00,18.34,OK,-0.02,BDL,null,OS,null,OS,0.21,OK,0.0,BDL,16.54,OK
2024-06-25 13:00:00,16.9,OK,-0.08,BDL,null,OS,null,OS,0.21,OK,0.0,BDL,13.27,OK
2024-06-25 14:00:00,15.38,OK,-0.01,BDL,null,OS,null,OS,0.22,OK,0.0,BDL,16.53,OK
2024-06-25 15:00:00,11.05,OK,-0.03,BDL,null,OS,null,OS,0.18,OK,0.0,BDL,18.82,OK
2024-06-25 16:00:00,8.84,OK,0.04,BDL,null,OS,null,OS,0.18,OK,0.0,BDL,11.63,OK
2024-06-25 17:00:00,7.47,OK,0.02,BDL,null,OS,null,OS,0.19,OK,0.0,BDL,9.17,OK
2024-06-25 18:00:00,7.82,OK,-0.03,BDL,null,OS,null,OS,0.18,OK,0.0,BDL,5.37,OK
2024-06-25 19:00:00,6.56,OK,-0.02,BDL,null,OS,null,OS,0.18,OK,0.0,BDL,1.45,BDL
2024-06-25 20:00:00,7.11,OK,-0.05,BDL,null,OS,null,OS,0.17,OK,0.0,BDL,-0.81,BDL
2024-06-25 21:00:00,7.6,OK,-0.06,BDL,null,OS,null,OS,0.17,OK,0.0,BDL,0.65,BDL
2024-06-25 22:00:00,10.08,OK,-0.02,BDL,null,OS,null,OS,0.14,OK,0.0,BDL,3.7,BDL
2024-06-25 23:00:00,12.9,OK,-0.05,BDL,null,OS,null,OS,0.11,OK,0.0,BDL,3.41,BDL
2024-06-26 00:00:00,10.68,OK,-0.04,BDL,null,OS,null,OS,0.1,OK,0.0,BDL,6.13,OK
2024-06-26 01:00:00,8.14,OK,-0.08,BDL,null,OS,null,OS,0.11,OK,0.0,BDL,6.25,OK
2024-06-26 02:00:00,10.77,OK,-0.04,BDL,null,OS,null,OS,0.09,OK,0.0,BDL,2.86,BDL
2024-06-26 03:00:00,10.97,OK,-0.1,BDL,null,OS,null,OS,0.09,OK,0.0,BDL,1.11,BDL
2024-06-26 04:00:00,9.88,OK,-0.07,BDL,null,OS,null,OS,0.1,OK,0.0,BDL,13.95,OK
2024-06-26 05:00:00,9.11,OK,-0.02,BDL,null,OS,null,OS,0.14,OK,0.0,BDL,17.33,OK
2024-06-26 06:00:00,12.41,OK,-0.05,BDL,null,OS,null,OS,0.2,OK,0.0,BDL,-4.19,OR
2024-06-26 07:00:00,11.81,OK,-0.03,BDL,null,OS,null,OS,0.19,OK,0.0,BDL,-5.45,OR
2024-06-26 08:00:00,14.94,OK,-0.05,BDL,null,OS,null,OS,0.15,OK,0.0,BDL,-4.41,OR
2024-06-26 09:00:00,17.92,OK,-0.02,BDL,null,OS,null,OS,0.15,OK,0.0,BDL,5.91,OK
2024-06-26 10:00:00,15.27,OK,-0.03,BDL,null,OS,null,OS,0.17,OK,0.0,BDL,12.28,OK
2024-06-26 11:00:00,19.03,OK,-0.01,BDL,null,OS,null,OS,0.17,OK,0.0,BDL,17.54,OK
2024-06-26 12:00:00,17.04,OK,-0.03,BDL,null,OS,null,OS,0.18,OK,0.0,BDL,10.27,OK
2024-06-26 13:00:00,18.0,OK,-0.03,BDL,null,OS,null,OS,0.19,OK,0.0,BDL,13.34,OK
2024-06-26 14:00:00,14.22,OK,-0.01,BDL,null,OS,null,OS,0.21,OK,0.0,BDL,16.27,OK
2024-06-26 15:00:00,10.11,OK,0.01,BDL,null,OS,null,OS,0.2,OK,0.0,BDL,24.12,OK
2024-06-26 16:00:00,8.82,OK,0.04,BDL,null,OS,null,OS,0.19,OK,0.0,BDL,12.38,OK
2024-06-26 17:00:00,7.63,OK,0.02,BDL,null,OS,null,OS,0.2,OK,0.0,BDL,6.33,OK
2024-06-26 18:00:00,7.04,OK,0.04,BDL,null,OS,null,OS,0.19,OK,0.0,BDL,7.33,OK
2024-06-26 19:00:00,5.98,OK,0.03,BDL,null,OS,null,OS,0.18,OK,0.0,BDL,7.58,OK
2024-06-26 20:00:00,7.79,OK,-0.01,BDL,null,OS,null,OS,0.2,OK,0.0,BDL,1.84,BDL
2024-06-26 21:00:00,7.35,OK,0.01,BDL,null,OS,null,OS,0.16,OK,0.0,BDL,2.17,BDL
2024-06-26 22:00:00,6.43,OK,-0.03,BDL,null,OS,null,OS,0.16,OK,0.0,BDL,4.29,OK
2024-06-26 23:00:00,7.37,OK,-0.02,BDL,null,OS,null,OS,0.14,OK,0.0,BDL,6.66,OK
2024-06-27 00:00:00,7.78,OK,-0.02,BDL,null,OS,null,OS,0.12,OK,0.0,BDL,4.2,OK
2024-06-27 01:00:00,11.96,OK,0.01,BDL,null,OS,null,OS,0.06,OK,0.0,BDL,1.91,BDL
2024-06-27 02:00:00,9.57,OK,-0.04,BDL,null,OS,null,OS,0.07,OK,0.0,BDL,2.42,BDL
2024-06-27 03:00:00,11.6,OK,-0.04,BDL,null,OS,null,OS,0.06,OK,0.0,BDL,10.1,OK
2024-06-27 04:00:00,6.65,OK,-0.01,BDL,null,OS,null,OS,0.08,OK,0.0,BDL,8.35,OK
2024-06-27 05:00:00,2.67,OK,0.01,BDL,null,OS,null,OS,0.13,OK,0.0,BDL,9.76,OK
2024-06-27 06:00:00,5.27,OK,0.04,BDL,null,OS,null,OS,0.19,OK,0.0,BDL,-3.55,BDL
2024-06-27 07:00:00,10.66,OK,0.01,BDL,null,OS,null,OS,0.18,OK,0.0,BDL,-1.83,BDL
2024-06-27 08:00:00,13.01,OK,-0.01,BDL,null,OS,null,OS,0.2,OK,0.0,BDL,8.26,OK
2024-06-27 09:00:00,16.85,OK,-0.02,BDL,null,OS,null,OS,0.17,OK,0.0,BDL,19.09,OK
2024-06-27 10:00:00,17.87,OK,0.06,BDL,null,OS,null,OS,0.16,OK,0.0,BDL,15.43,OK
2024-06-27 11:00:00,20.11,OK,-0.02,BDL,null,OS,null,OS,0.15,OK,0.0,BDL,12.87,OK
2024-06-27 12:00:00,17.98,OK,0.02,BDL,null,OS,null,OS,0.2,OK,0.0,BDL,11.93,OK
2024-06-27 13:00:00,17.52,OK,0.01,BDL,null,OS,null,OS,0.18,OK,0.0,BDL,15.21,OK
2024-06-27 14:00:00,14.43,OK,-0.02,BDL,null,OS,null,OS,0.19,OK,0.0,BDL,14.79,OK
2024-06-27 15:00:00,12.47,OK,-0.03,BDL,null,OS,null,OS,0.17,OK,0.0,BDL,19.27,OK
2024-06-27 16:00:00,9.22,OK,-0.01,BDL,null,OS,null,OS,0.19,OK,0.0,BDL,12.83,OK
2024-06-27 17:00:00,6.52,OK,0.02,BDL,null,OS,null,OS,0.18,OK,0.0,BDL,11.36,OK
2024-06-27 18:00:00,4.82,OK,-0.0,BDL,null,OS,null,OS,0.16,OK,0.0,BDL,5.5,OK
2024-06-27 19:00:00,5.34,OK,0.03,BDL,null,OS,null,OS,0.16,OK,0.0,BDL,4.26,OK
2024-06-27 20:00:00,6.61,OK,0.01,BDL,null,OS,null,OS,0.17,OK,0.0,BDL,-0.19,BDL
2024-06-27 21:00:00,8.13,OK,-0.0,BDL,null,OS,null,OS,0.17,OK,0.0,BDL,-2.86,BDL
2024-06-27 22:00:00,10.4,OK,-0.02,BDL,null,OS,null,OS,0.09,OK,0.0,BDL,0.76,BDL
2024-06-27 23:00:00,11.12,OK,-0.01,BDL,null,OS,null,OS,0.07,OK,0.0,BDL,5.89,OK
2024-06-28 00:00:00,12.07,OK,0.01,BDL,null,OS,null,OS,0.05,OK,0.0,BDL,5.43,OK
2024-06-28 01:00:00,12.68,OK,0.06,BDL,null,OS,null,OS,0.03,BDL,0.0,BDL,2.07,BDL
2024-06-28 02:00:00,11.27,OK,0.02,BDL,null,OS,null,OS,0.02,BDL,0.0,BDL,2.17,BDL
2024-06-28 03:00:00,11.69,OK,-0.04,BDL,null,OS,null,OS,0.03,BDL,0.0,BDL,4.08,OK
2024-06-28 04:00:00,12.18,OK,-0.01,BDL,null,OS,null,OS,0.05,OK,0.0,BDL,7.56,OK
2024-06-28 05:00:00,12.34,OK,0.02,BDL,null,OS,null,OS,0.08,OK,0.0,BDL,5.68,OK
2024-06-28 06:00:00,13.58,OK,-0.03,BDL,null,OS,null,OS,0.14,OK,0.0,BDL,-0.35,BDL
2024-06-28 07:00:00,11.95,OK,-0.02,BDL,null,OS,null,OS,0.17,OK,0.0,BDL,1.56,BDL
2024-06-28 08:00:00,13.03,OK,0.02,BDL,null,OS,null,OS,0.14,OK,0.0,BDL,14.13,OK
2024-06-28 09:00:00,16.66,OK,0.05,BDL,null,OS,null,OS,0.14,OK,0.0,BDL,17.45,OK
2024-06-28 10:00:00,15.18,OK,-0.01,BDL,null,OS,null,OS,0.17,OK,0.0,BDL,19.85,OK
2024-06-28 11:00:00,16.22,OK,0.06,BDL,null,OS,null,OS,0.18,OK,0.0,BDL,15.92,OK
2024-06-28 12:00:00,18.91,OK,0.01,BDL,null,OS,null,OS,0.15,OK,0.0,BDL,13.07,OK
2024-06-28 13:00:00,15.67,OK,0.08,BDL,null,OS,null,OS,0.21,OK,0.0,BDL,21.12,OK
2024-06-28 14:00:00,15.32,OK,0.01,BDL,null,OS,null,OS,0.21,OK,0.0,BDL,5.61,OK
2024-06-28 15:00:00,16.03,OK,-0.04,BDL,null,OS,null,OS,0.17,OK,0.0,BDL,18.1,OK
2024-06-28 16:00:00,10.7,OK,-0.02,BDL,null,OS,null,OS,0.18,OK,0.0,BDL,11.79,OK
2024-06-28 17:00:00,7.81,OK,-0.0,BDL,null,OS,null,OS,0.18,OK,0.0,BDL,10.88,OK
2024-06-28 18:00:00,6.74,OK,0.02,BDL,null,OS,null,OS,0.18,OK,0.0,BDL,9.96,OK
2024-06-28 19:00:00,5.92,OK,0.02,BDL,null,OS,null,OS,0.19,OK,0.0,BDL,8.58,OK
2024-06-28 20:00:00,5.93,OK,-0.01,BDL,null,OS,null,OS,0.16,OK,0.0,BDL,-0.83,BDL
2024-06-28 21:00:00,7.32,OK,-0.01,BDL,null,OS,null,OS,0.16,OK,0.0,BDL,1.25,BDL
2024-06-28 22:00:00,7.01,OK,0.05,BDL,null,OS,null,OS,0.15,OK,0.0,BDL,13.51,OK
2024-06-28 23:00:00,4.41,OK,0.03,BDL,null,OS,null,OS,0.19,OK,0.0,BDL,74.47,OK
2024-06-29 00:00:00,6.11,OK,0.0,BDL,null,OS,null,OS,0.16,OK,0.0,BDL,-7.4,OR
2024-06-29 01:00:00,4.96,OK,0.02,BDL,null,OS,null,OS,0.19,OK,0.0,BDL,-43.44,OR
2024-06-29 02:00:00,6.93,OK,0.02,BDL,null,OS,null,OS,0.13,OK,0.0,BDL,6.3,OK
2024-06-29 03:00:00,5.2,OK,-0.08,BDL,null,OS,null,OS,0.1,OK,0.0,BDL,15.63,OK
2024-06-29 04:00:00,0.29,BDL,-0.03,BDL,null,OS,null,OS,0.11,OK,0.0,BDL,-7.16,OR
2024-06-29 05:00:00,2.57,OK,0.0,BDL,null,OS,null,OS,0.12,OK,0.0,BDL,-18.13,OR
2024-06-29 06:00:00,3.75,OK,0.03,BDL,null,OS,null,OS,0.15,OK,0.0,BDL,-26.5,OR
2024-06-29 07:00:00,7.46,OK,0.04,BDL,null,OS,null,OS,0.11,OK,0.0,BDL,-24.73,OR
2024-06-29 08:00:00,11.95,OK,0.0,BDL,null,OS,null,OS,0.17,OK,0.0,BDL,-9.26,OR
2024-06-29 09:00:00,16.27,OK,-0.01,BDL,null,OS,null,OS,0.17,OK,0.0,BDL,15.98,OK
2024-06-29 10:00:00,18.16,OK,-0.04,BDL,null,OS,null,OS,0.16,OK,0.0,BDL,18.71,OK
2024-06-29 11:00:00,22.38,OK,-0.03,BDL,null,OS,null,OS,0.15,OK,0.0,BDL,10.44,OK
2024-06-29 12:00:00,25.41,OK,-0.04,BDL,null,OS,null,OS,0.16,OK,0.0,BDL,16.32,OK
2024-06-29 13:00:00,29.61,OK,-0.03,BDL,null,OS,null,OS,0.14,OK,0.0,BDL,7.52,OK
2024-06-29 14:00:00,27.66,OK,-0.01,BDL,null,OS,null,OS,0.13,OK,0.0,BDL,16.27,OK
2024-06-29 15:00:00,19.45,OK,-0.01,BDL,null,OS,null,OS,0.13,OK,0.0,BDL,16.39,OK
2024-06-29 16:00:00,13.19,OK,-0.03,BDL,null,OS,null,OS,0.13,OK,0.0,BDL,13.59,OK
2024-06-29 17:00:00,11.04,OK,0.01,BDL,null,OS,null,OS,0.12,OK,0.0,BDL,10.7,OK
2024-06-29 18:00:00,7.94,OK,-0.01,BDL,null,OS,null,OS,0.12,OK,0.0,BDL,9.06,OK
2024-06-29 19:00:00,5.97,OK,0.06,BDL,null,OS,null,OS,0.14,OK,0.0,BDL,12.75,OK
2024-06-29 20:00:00,13.44,OK,-0.02,BDL,null,OS,null,OS,0.15,OK,0.0,BDL,-0.85,BDL
2024-06-29 21:00:00,13.16,OK,-0.01,BDL,null,OS,null,OS,0.14,OK,0.0,BDL,33.94,OK
2024-06-29 22:00:00,13.2,OK,-0.01,BDL,null,OS,null,OS,0.12,OK,0.0,BDL,34.34,OK
2024-06-29 23:00:00,12.1,OK,-0.0,BDL,null,OS,null,OS,0.11,OK,0.0,BDL,-7.41,OR
2024-06-30 00:00:00,11.21,OK,-0.01,BDL,null,OS,null,OS,0.13,OK,0.0,BDL,-27.62,OR
2024-06-30 01:00:00,11.66,OK,-0.0,BDL,null,OS,null,OS,0.12,OK,0.0,BDL,-34.8,OR
2024-06-30 02:00:00,12.86,OK,0.11,BDL,null,OS,null,OS,0.1,OK,0.0,BDL,-30.08,OR
