Red Universitaria de Observatorios Atmosfericos (RUOA)
Atmospheric Observatory Hermosillo (erno), Sonora
Lat 29.0814 N, Lon 110.9706 W, Alt 154 masl
Time UTC-7h
Air Quality data
Flags: OK = Reliable data, BDL = Below Detection Limit, OR = Out of Range, OS = Out of Service 
 
Time,O3,O3_flag,NO2,NO2_flag,NO,NO_flag,CO,CO_flag,PM10,PM10_flag,PM2.5,PM2.5_flag
yyyy-mm-dd HH:MM:SS,ppb,flag,ppb,flag,ppb,flag,ppm,flag,ug/m^3,flag,ug/m^3,flag
2024-02-01 00:00:00,0.22,BDL,null,OS,null,OS,1.66,OK,43.37,OK,26.57,OK
2024-02-01 01:00:00,0.26,BDL,null,OS,null,OS,1.04,OK,32.94,OK,39.24,OK
2024-02-01 02:00:00,0.13,BDL,null,OS,null,OS,1.06,OK,26.83,OK,34.86,OK
2024-02-01 03:00:00,-0.06,BDL,null,OS,null,OS,1.0,OK,23.87,OK,19.25,OK
2024-02-01 04:00:00,-0.07,BDL,null,OS,null,OS,0.95,OK,21.27,OK,7.96,OK
2024-02-01 05:00:00,-0.1,BDL,null,OS,null,OS,1.1,OK,19.57,OK,5.23,OK
2024-02-01 06:00:00,0.25,BDL,null,OS,null,OS,1.23,OK,20.82,OK,6.62,OK
2024-02-01 07:00:00,3.91,OK,null,OS,null,OS,1.24,OK,18.7,OK,-1.41,BDL
2024-02-01 08:00:00,12.7,OK,null,OS,null,OS,1.16,OK,13.3,OK,-5.19,OR
2024-02-01 09:00:00,28.29,OK,null,OS,null,OS,0.97,OK,9.1,OK,-0.93,BDL
2024-02-01 10:00:00,30.03,OK,null,OS,null,OS,1.02,OK,2.94,BDL,13.68,OK
2024-02-01 11:00:00,32.03,OK,null,OS,null,OS,1.02,OK,5.93,OK,10.99,OK
2024-02-01 12:00:00,33.59,OK,null,OS,null,OS,0.98,OK,8.86,OK,9.5,OK
2024-02-01 13:00:00,32.9,OK,null,OS,null,OS,0.96,OK,23.47,OK,11.12,OK
2024-02-01 14:00:00,31.81,OK,null,OS,null,OS,0.95,OK,37.2,OK,15.92,OK
2024-02-01 15:00:00,28.9,OK,null,OS,null,OS,0.95,OK,47.09,OK,16.35,OK
2024-02-01 16:00:00,27.35,OK,null,OS,null,OS,0.95,OK,48.4,OK,4.19,OK
2024-02-01 17:00:00,28.47,OK,null,OS,null,OS,0.98,OK,26.45,OK,6.08,OK
2024-02-01 18:00:00,24.47,OK,null,OS,null,OS,1.07,OK,26.97,OK,4.66,OK
2024-02-01 19:00:00,22.67,OK,null,OS,null,OS,1.04,OK,23.8,OK,0.72,BDL
2024-02-01 20:00:00,30.21,OK,null,OS,null,OS,0.92,OK,21.83,OK,1.04,BDL
2024-02-01 21:00:00,33.23,OK,null,OS,null,OS,0.88,OK,24.03,OK,4.67,OK
2024-02-01 22:00:00,33.84,OK,null,OS,null,OS,0.86,OK,16.14,OK,8.82,OK
2024-02-01 23:00:00,33.85,OK,null,OS,null,OS,0.84,OK,10.86,OK,10.02,OK
2024-02-02 00:00:00,34.04,OK,null,OS,null,OS,0.84,OK,6.42,OK,7.22,OK
2024-02-02 01:00:00,30.99,OK,null,OS,null,OS,0.87,OK,-0.34,BDL,7.22,OK
2024-02-02 02:00:00,28.57,OK,null,OS,null,OS,0.86,OK,-4.85,OR,-0.75,BDL
2024-02-02 03:00:00,28.18,OK,null,OS,null,OS,0.85,OK,6.8,OK,-4.78,OR
2024-02-02 04:00:00,24.33,OK,null,OS,null,OS,0.85,OK,7.41,OK,-2.07,BDL
2024-02-02 05:00:00,19.39,OK,null,OS,null,OS,0.92,OK,8.12,OK,5.07,OK
2024-02-02 06:00:00,11.2,OK,null,OS,null,OS,1.28,OK,6.92,OK,12.11,OK
2024-02-02 07:00:00,16.82,OK,null,OS,null,OS,1.16,OK,4.63,OK,2.84,BDL
2024-02-02 08:00:00,21.51,OK,null,OS,null,OS,1.16,OK,4.01,OK,-5.63,OR
2024-02-02 09:00:00,34.33,OK,null,OS,null,OS,1.04,OK,-2.61,BDL,-5.44,OR
2024-02-02 10:00:00,39.91,OK,null,OS,null,OS,0.98,OK,-2.49,BDL,-3.99,BDL
2024-02-02 11:00:00,41.22,OK,null,OS,null,OS,0.98,OK,0.62,BDL,-2.49,BDL
2024-02-02 12:00:00,40.82,OK,null,OS,null,OS,1.01,OK,4.13,OK,2.36,BDL
2024-02-02 13:00:00,40.54,OK,null,OS,null,OS,1.03,OK,11.45,OK,4.64,OK
2024-02-02 14:00:00,39.56,OK,null,OS,null,OS,1.04,OK,9.13,OK,10.92,OK
2024-02-02 15:00:00,37.44,OK,null,OS,null,OS,1.05,OK,15.01,OK,12.7,OK
2024-02-02 16:00:00,35.97,OK,null,OS,null,OS,1.02,OK,18.63,OK,5.57,OK
2024-02-02 17:00:00,27.29,OK,null,OS,null,OS,1.13,OK,10.32,OK,6.38,OK
2024-02-02 18:00:00,21.26,OK,null,OS,null,OS,1.25,OK,25.74,OK,5.4,OK
2024-02-02 19:00:00,24.77,OK,null,OS,null,OS,1.07,OK,19.39,OK,8.34,OK
2024-02-02 20:00:00,22.58,OK,null,OS,null,OS,1.12,OK,20.84,OK,6.86,OK
2024-02-02 21:00:00,20.44,OK,null,OS,null,OS,1.13,OK,16.22,OK,14.89,OK
2024-02-02 22:00:00,11.79,OK,null,OS,null,OS,1.17,OK,13.52,OK,6.73,OK
2024-02-02 23:00:00,10.05,OK,null,OS,null,OS,1.21,OK,17.08,OK,3.64,BDL
2024-02-03 00:00:00,3.23,OK,null,OS,null,OS,1.29,OK,20.72,OK,4.0,OK
2024-02-03 01:00:00,5.18,OK,null,OS,null,OS,1.2,OK,21.99,OK,12.5,OK
2024-02-03 02:00:00,20.86,OK,null,OS,null,OS,0.9,OK,2.2,BDL,-15.89,OR
2024-02-03 03:00:00,16.53,OK,null,OS,null,OS,0.9,OK,-1.69,BDL,-12.36,OR
2024-02-03 04:00:00,12.2,OK,null,OS,null,OS,0.91,OK,-2.38,BDL,-5.81,OR
2024-02-03 05:00:00,5.29,OK,null,OS,null,OS,0.95,OK,-4.19,OR,-0.59,BDL
2024-02-03 06:00:00,4.51,OK,null,OS,null,OS,1.04,OK,1.4,BDL,-1.2,BDL
2024-02-03 07:00:00,13.03,OK,null,OS,null,OS,1.04,OK,5.01,OK,-12.47,OR
2024-02-03 08:00:00,25.34,OK,null,OS,null,OS,1.0,OK,12.19,OK,-16.75,OR
2024-02-03 09:00:00,33.02,OK,null,OS,null,OS,1.01,OK,28.38,OK,-7.32,OR
2024-02-03 10:00:00,39.57,OK,null,OS,null,OS,0.99,OK,19.03,OK,25.7,OK
2024-02-03 11:00:00,43.66,OK,null,OS,null,OS,0.97,OK,13.36,OK,21.02,OK
2024-02-03 12:00:00,45.13,OK,null,OS,null,OS,0.98,OK,12.83,OK,20.9,OK
2024-02-03 13:00:00,46.89,OK,null,OS,null,OS,0.95,OK,15.27,OK,14.11,OK
2024-02-03 14:00:00,45.9,OK,null,OS,null,OS,0.95,OK,8.29,OK,9.03,OK
2024-02-03 15:00:00,45.25,OK,null,OS,null,OS,0.94,OK,3.29,BDL,12.84,OK
2024-02-03 16:00:00,42.9,OK,null,OS,null,OS,0.94,OK,13.09,OK,10.55,OK
2024-02-03 17:00:00,26.71,OK,null,OS,null,OS,1.13,OK,17.26,OK,12.76,OK
2024-02-03 18:00:00,2.92,OK,null,OS,null,OS,1.67,OK,44.36,OK,2.93,BDL
2024-02-03 19:00:00,16.42,OK,null,OS,null,OS,1.22,OK,54.58,OK,29.29,OK
2024-02-03 20:00:00,11.36,OK,null,OS,null,OS,1.25,OK,31.96,OK,7.99,OK
2024-02-03 21:00:00,2.21,OK,null,OS,null,OS,1.47,OK,21.56,OK,12.12,OK
2024-02-03 22:00:00,7.83,OK,null,OS,null,OS,1.35,OK,48.74,OK,19.99,OK
2024-02-03 23:00:00,12.82,OK,null,OS,null,OS,1.16,OK,28.52,OK,15.81,OK
2024-02-04 00:00:00,0.27,BDL,null,OS,null,OS,1.34,OK,13.26,OK,8.29,OK
2024-02-04 01:00:00,9.46,OK,null,OS,null,OS,1.06,OK,17.96,OK,8.1,OK
2024-02-04 02:00:00,13.23,OK,null,OS,null,OS,0.97,OK,8.96,OK,-0.22,BDL
2024-02-04 03:00:00,5.53,OK,null,OS,null,OS,0.98,OK,1.62,BDL,-1.29,BDL
2024-02-04 04:00:00,7.1,OK,null,OS,null,OS,0.94,OK,0.14,BDL,1.62,BDL
2024-02-04 05:00:00,10.78,OK,null,OS,null,OS,0.94,OK,4.42,OK,1.94,BDL
2024-02-04 06:00:00,16.52,OK,null,OS,null,OS,0.97,OK,-7.13,OR,-2.26,BDL
2024-02-04 07:00:00,21.57,OK,null,OS,null,OS,0.99,OK,6.24,OK,-7.19,OR
2024-02-04 08:00:00,29.36,OK,null,OS,null,OS,0.92,OK,17.94,OK,-11.48,OR
2024-02-04 09:00:00,37.03,OK,null,OS,null,OS,0.89,OK,29.16,OK,3.98,BDL
2024-02-04 10:00:00,40.46,OK,null,OS,null,OS,0.9,OK,17.8,OK,19.84,OK
2024-02-04 11:00:00,47.12,OK,null,OS,null,OS,0.87,OK,8.28,OK,19.16,OK
2024-02-04 12:00:00,49.67,OK,null,OS,null,OS,0.86,OK,8.01,OK,14.46,OK
2024-02-04 13:00:00,51.07,OK,null,OS,null,OS,0.87,OK,2.72,BDL,17.95,OK
2024-02-04 14:00:00,50.94,OK,null,OS,null,OS,0.88,OK,8.52,OK,20.8,OK
2024-02-04 15:00:00,51.9,OK,null,OS,null,OS,0.85,OK,16.23,OK,23.65,OK
2024-02-04 16:00:00,42.81,OK,null,OS,null,OS,0.96,OK,9.86,OK,6.04,OK
2024-02-04 17:00:00,11.42,OK,null,OS,null,OS,1.55,OK,16.17,OK,17.61,OK
2024-02-04 18:00:00,1.32,OK,null,OS,null,OS,2.32,OK,36.15,OK,19.11,OK
2024-02-04 19:00:00,7.12,OK,null,OS,null,OS,2.23,OK,51.17,OK,21.31,OK
2024-02-04 20:00:00,4.37,OK,null,OS,null,OS,1.38,OK,32.2,OK,0.46,BDL
2024-02-04 21:00:00,2.5,OK,null,OS,null,OS,1.56,OK,31.04,OK,1.24,BDL
2024-02-04 22:00:00,0.76,BDL,null,OS,null,OS,1.77,OK,30.73,OK,9.46,OK
2024-02-04 23:00:00,0.44,BDL,null,OS,null,OS,1.4,OK,32.84,OK,14.0,OK
2024-02-05 00:00:00,3.08,OK,null,OS,null,OS,1.08,OK,30.96,OK,14.1,OK
2024-02-05 01:00:00,9.24,OK,null,OS,null,OS,0.95,OK,8.21,OK,8.3,OK
2024-02-05 02:00:00,18.39,OK,null,OS,null,OS,0.89,OK,1.2,BDL,-4.38,OR
2024-02-05 03:00:00,24.29,OK,null,OS,null,OS,0.87,OK,1.02,BDL,-11.07,OR
2024-02-05 04:00:00,25.48,OK,null,OS,null,OS,0.87,OK,-1.25,BDL,-8.3,OR
2024-02-05 05:00:00,24.3,OK,null,OS,null,OS,0.88,OK,2.92,BDL,-3.31,BDL
2024-02-05 06:00:00,20.93,OK,null,OS,null,OS,0.93,OK,3.02,BDL,0.14,BDL
2024-02-05 07:00:00,26.31,OK,null,OS,null,OS,0.9,OK,15.56,OK,0.1,BDL
2024-02-05 08:00:00,31.63,OK,null,OS,null,OS,0.89,OK,14.75,OK,-0.07,BDL
2024-02-05 09:00:00,36.7,OK,null,OS,null,OS,0.9,OK,19.34,OK,14.31,OK
2024-02-05 10:00:00,39.75,OK,null,OS,null,OS,0.89,OK,5.81,OK,20.19,OK
2024-02-05 11:00:00,42.86,OK,null,OS,null,OS,0.9,OK,0.75,BDL,17.74,OK
2024-02-05 12:00:00,46.74,OK,null,OS,null,OS,0.92,OK,5.5,OK,8.33,OK
2024-02-05 13:00:00,51.51,OK,null,OS,null,OS,0.97,OK,1.88,BDL,26.37,OK
2024-02-05 14:00:00,55.91,OK,null,OS,null,OS,0.99,OK,11.08,OK,22.18,OK
2024-02-05 15:00:00,55.08,OK,null,OS,null,OS,1.01,OK,16.21,OK,21.81,OK
2024-02-05 16:00:00,39.47,OK,null,OS,null,OS,1.12,OK,15.2,OK,1.61,BDL
2024-02-05 17:00:00,11.02,OK,null,OS,null,OS,1.54,OK,28.01,OK,7.21,OK
2024-02-05 18:00:00,1.1,OK,null,OS,null,OS,2.37,OK,40.11,OK,15.24,OK
2024-02-05 19:00:00,0.97,BDL,null,OS,null,OS,2.99,OK,59.51,OK,17.71,OK
2024-02-05 20:00:00,0.64,BDL,null,OS,null,OS,2.64,OK,71.55,OK,31.76,OK
2024-02-05 21:00:00,0.84,BDL,null,OS,null,OS,2.67,OK,71.66,OK,21.81,OK
2024-02-05 22:00:00,0.55,BDL,null,OS,null,OS,2.46,OK,57.36,OK,38.65,OK
2024-02-05 23:00:00,2.92,OK,null,OS,null,OS,1.59,OK,38.81,OK,25.18,OK
2024-02-06 00:00:00,12.36,OK,null,OS,null,OS,1.06,OK,24.34,OK,18.91,OK
2024-02-06 01:00:00,18.18,OK,null,OS,null,OS,0.96,OK,21.68,OK,29.11,OK
2024-02-06 02:00:00,19.79,OK,null,OS,null,OS,0.92,OK,9.85,OK,9.96,OK
2024-02-06 03:00:00,23.95,OK,null,OS,null,OS,0.89,OK,9.53,OK,5.03,OK
2024-02-06 04:00:00,14.46,OK,null,OS,null,OS,0.95,OK,6.26,OK,3.83,BDL
2024-02-06 05:00:00,1.42,OK,null,OS,null,OS,1.15,OK,18.07,OK,6.4,OK
2024-02-06 06:00:00,0.6,BDL,null,OS,null,OS,1.43,OK,38.66,OK,14.74,OK
2024-02-06 07:00:00,1.95,OK,null,OS,null,OS,1.49,OK,36.58,OK,13.3,OK
2024-02-06 08:00:00,1.76,OK,null,OS,null,OS,1.49,OK,36.3,OK,14.87,OK
2024-02-06 09:00:00,3.98,OK,null,OS,null,OS,1.85,OK,40.39,OK,6.44,OK
2024-02-06 10:00:00,19.07,OK,null,OS,null,OS,1.22,OK,47.69,OK,15.06,OK
2024-02-06 11:00:00,22.6,OK,null,OS,null,OS,1.14,OK,25.11,OK,15.33,OK
2024-02-06 12:00:00,22.24,OK,null,OS,null,OS,1.18,OK,19.52,OK,3.78,BDL
2024-02-06 13:00:00,16.29,OK,null,OS,null,OS,1.36,OK,28.82,OK,9.57,OK
2024-02-06 14:00:00,8.35,OK,null,OS,null,OS,1.5,OK,16.18,OK,13.85,OK
2024-02-06 15:00:00,8.38,OK,null,OS,null,OS,1.43,OK,14.6,OK,2.02,BDL
2024-02-06 16:00:00,5.7,OK,null,OS,null,OS,1.37,OK,12.38,OK,22.74,OK
2024-02-06 17:00:00,1.69,OK,null,OS,null,OS,1.49,OK,8.77,OK,15.02,OK
2024-02-06 18:00:00,7.65,OK,null,OS,null,OS,1.18,OK,4.05,OK,4.73,OK
2024-02-06 19:00:00,17.17,OK,null,OS,null,OS,1.02,OK,6.97,OK,1.94,BDL
2024-02-06 20:00:00,11.98,OK,null,OS,null,OS,1.05,OK,1.8,BDL,0.06,BDL
2024-02-06 21:00:00,11.31,OK,null,OS,null,OS,1.06,OK,0.98,BDL,2.34,BDL
2024-02-06 22:00:00,11.72,OK,null,OS,null,OS,1.02,OK,7.59,OK,9.95,OK
2024-02-06 23:00:00,24.0,OK,null,OS,null,OS,0.91,OK,2.06,BDL,11.34,OK
2024-02-07 00:00:00,26.79,OK,null,OS,null,OS,0.89,OK,3.45,BDL,8.88,OK
2024-02-07 01:00:00,27.78,OK,null,OS,null,OS,0.88,OK,4.56,OK,4.21,OK
2024-02-07 02:00:00,26.92,OK,null,OS,null,OS,0.88,OK,-6.12,OR,1.08,BDL
2024-02-07 03:00:00,26.26,OK,null,OS,null,OS,0.89,OK,-4.72,OR,-1.16,BDL
2024-02-07 04:00:00,24.44,OK,null,OS,null,OS,0.95,OK,-5.53,OR,-2.41,BDL
2024-02-07 05:00:00,13.67,OK,null,OS,null,OS,1.2,OK,-2.13,BDL,-4.68,OR
2024-02-07 06:00:00,2.38,OK,null,OS,null,OS,1.85,OK,3.2,BDL,-3.04,BDL
2024-02-07 07:00:00,12.32,OK,null,OS,null,OS,1.53,OK,14.75,OK,-3.08,BDL
2024-02-07 08:00:00,25.44,OK,null,OS,null,OS,1.16,OK,14.38,OK,-8.36,OR
2024-02-07 09:00:00,34.67,OK,null,OS,null,OS,1.08,OK,20.91,OK,-3.53,BDL
2024-02-07 10:00:00,38.53,OK,null,OS,null,OS,1.14,OK,11.23,OK,14.95,OK
2024-02-07 11:00:00,40.96,OK,null,OS,null,OS,1.12,OK,8.32,OK,9.04,OK
2024-02-07 12:00:00,36.5,OK,null,OS,null,OS,1.15,OK,5.61,OK,20.83,OK
2024-02-07 13:00:00,37.37,OK,null,OS,null,OS,1.08,OK,13.81,OK,3.78,BDL
2024-02-07 14:00:00,35.87,OK,null,OS,null,OS,1.09,OK,14.51,OK,2.88,BDL
2024-02-07 15:00:00,35.76,OK,null,OS,null,OS,1.02,OK,16.43,OK,10.78,OK
2024-02-07 16:00:00,32.62,OK,null,OS,null,OS,1.11,OK,14.44,OK,4.13,OK
2024-02-07 17:00:00,18.6,OK,null,OS,null,OS,1.36,OK,17.43,OK,12.04,OK
2024-02-07 18:00:00,4.62,OK,null,OS,null,OS,1.64,OK,36.62,OK,8.41,OK
2024-02-07 19:00:00,9.08,OK,null,OS,null,OS,1.31,OK,27.26,OK,9.2,OK
2024-02-07 20:00:00,11.52,OK,null,OS,null,OS,1.18,OK,16.48,OK,6.29,OK
2024-02-07 21:00:00,3.61,OK,null,OS,null,OS,1.37,OK,13.65,OK,4.22,OK
2024-02-07 22:00:00,0.18,BDL,null,OS,null,OS,1.43,OK,13.28,OK,2.57,BDL
2024-02-07 23:00:00,0.19,BDL,null,OS,null,OS,1.51,OK,7.53,OK,4.68,OK
2024-02-08 00:00:00,2.05,OK,null,OS,null,OS,1.16,OK,13.98,OK,8.81,OK
2024-02-08 01:00:00,6.6,OK,null,OS,null,OS,1.0,OK,-1.06,BDL,5.51,OK
2024-02-08 02:00:00,2.27,OK,null,OS,null,OS,0.97,OK,-3.3,BDL,-2.89,BDL
2024-02-08 03:00:00,3.9,OK,null,OS,null,OS,0.95,OK,-3.54,BDL,-16.35,OR
2024-02-08 04:00:00,2.73,OK,null,OS,null,OS,0.97,OK,-3.94,BDL,-4.36,OR
2024-02-08 05:00:00,1.22,OK,null,OS,null,OS,1.11,OK,-2.23,BDL,1.81,BDL
2024-02-08 06:00:00,0.43,BDL,null,OS,null,OS,1.6,OK,13.66,OK,-1.72,BDL
2024-02-08 07:00:00,2.01,OK,null,OS,null,OS,1.93,OK,24.92,OK,-4.3,OR
2024-02-08 08:00:00,12.09,OK,null,OS,null,OS,1.34,OK,29.64,OK,-8.05,OR
2024-02-08 09:00:00,18.98,OK,null,OS,null,OS,1.2,OK,25.77,OK,-4.8,OR
2024-02-08 10:00:00,26.75,OK,null,OS,null,OS,1.21,OK,39.01,OK,19.83,OK
2024-02-08 11:00:00,36.31,OK,null,OS,null,OS,1.09,OK,26.7,OK,31.87,OK
2024-02-08 12:00:00,39.12,OK,null,OS,null,OS,1.03,OK,20.12,OK,22.2,OK
2024-02-08 13:00:00,41.2,OK,null,OS,null,OS,1.02,OK,16.55,OK,17.79,OK
2024-02-08 14:00:00,40.45,OK,null,OS,null,OS,1.06,OK,12.26,OK,29.23,OK
2024-02-08 15:00:00,39.78,OK,null,OS,null,OS,1.08,OK,19.74,OK,3.53,BDL
2024-02-08 16:00:00,32.42,OK,null,OS,null,OS,1.24,OK,18.39,OK,15.96,OK
2024-02-08 17:00:00,21.12,OK,null,OS,null,OS,1.39,OK,19.4,OK,6.67,OK
2024-02-08 18:00:00,17.39,OK,null,OS,null,OS,1.29,OK,28.87,OK,2.79,BDL
2024-02-08 19:00:00,17.64,OK,null,OS,null,OS,1.13,OK,26.69,OK,8.29,OK
2024-02-08 20:00:00,15.41,OK,null,OS,null,OS,1.15,OK,23.43,OK,8.25,OK
2024-02-08 21:00:00,10.31,OK,null,OS,null,OS,1.24,OK,23.1,OK,-9.25,OR
2024-02-08 22:00:00,7.6,OK,null,OS,null,OS,1.26,OK,17.49,OK,3.89,BDL
2024-02-08 23:00:00,7.94,OK,null,OS,null,OS,1.27,OK,22.95,OK,5.81,OK
2024-02-09 00:00:00,6.5,OK,null,OS,null,OS,1.21,OK,10.22,OK,15.35,OK
2024-02-09 01:00:00,5.85,OK,null,OS,null,OS,1.21,OK,20.27,OK,24.81,OK
2024-02-09 02:00:00,3.88,OK,null,OS,null,OS,1.09,OK,21.49,OK,17.61,OK
2024-02-09 03:00:00,9.08,OK,null,OS,null,OS,0.97,OK,5.84,OK,4.0,OK
2024-02-09 04:00:00,6.17,OK,null,OS,null,OS,0.96,OK,3.05,BDL,2.9,BDL
2024-02-09 05:00:00,1.27,OK,null,OS,null,OS,1.1,OK,2.41,BDL,1.93,BDL
2024-02-09 06:00:00,0.62,BDL,null,OS,null,OS,1.25,OK,14.36,OK,1.52,BDL
2024-02-09 07:00:00,2.0,OK,null,OS,null,OS,1.51,OK,22.8,OK,-6.8,OR
2024-02-09 08:00:00,10.77,OK,null,OS,null,OS,1.29,OK,23.14,OK,-6.92,OR
2024-02-09 09:00:00,17.99,OK,null,OS,null,OS,1.22,OK,19.49,OK,-4.23,OR
2024-02-09 10:00:00,23.22,OK,null,OS,null,OS,1.27,OK,31.04,OK,8.28,OK
2024-02-09 11:00:00,35.6,OK,null,OS,null,OS,1.12,OK,32.86,OK,26.08,OK
2024-02-09 12:00:00,40.0,OK,null,OS,null,OS,1.07,OK,16.4,OK,26.07,OK
2024-02-09 13:00:00,42.68,OK,null,OS,null,OS,1.04,OK,18.05,OK,10.81,OK
2024-02-09 14:00:00,42.06,OK,null,OS,null,OS,1.04,OK,14.95,OK,11.84,OK
2024-02-09 15:00:00,38.76,OK,null,OS,null,OS,1.1,OK,29.87,OK,12.9,OK
2024-02-09 16:00:00,36.64,OK,null,OS,null,OS,1.09,OK,16.77,OK,7.02,OK
2024-02-09 17:00:00,33.08,OK,null,OS,null,OS,1.07,OK,24.12,OK,14.49,OK
2024-02-09 18:00:00,31.5,OK,null,OS,null,OS,1.02,OK,24.49,OK,12.95,OK
2024-02-09 19:00:00,29.77,OK,null,OS,null,OS,1.07,OK,15.09,OK,4.98,OK
2024-02-09 20:00:00,27.18,OK,null,OS,null,OS,1.04,OK,13.39,OK,0.78,BDL
2024-02-09 21:00:00,22.84,OK,null,OS,null,OS,1.05,OK,11.99,OK,3.19,BDL
2024-02-09 22:00:00,25.24,OK,null,OS,null,OS,0.99,OK,8.62,OK,5.93,OK
2024-02-09 23:00:00,25.71,OK,null,OS,null,OS,0.99,OK,1.92,BDL,0.77,BDL
2024-02-10 00:00:00,26.22,OK,null,OS,null,OS,1.0,OK,-2.08,BDL,-3.02,BDL
2024-02-10 01:00:00,20.71,OK,null,OS,null,OS,1.04,OK,0.34,BDL,-2.34,BDL
2024-02-10 02:00:00,12.98,OK,null,OS,null,OS,1.11,OK,-1.14,BDL,-1.36,BDL
2024-02-10 03:00:00,11.31,OK,null,OS,null,OS,1.11,OK,5.41,OK,-4.62,OR
2024-02-10 04:00:00,2.19,OK,null,OS,null,OS,1.28,OK,1.7,BDL,-12.73,OR
2024-02-10 05:00:00,0.17,BDL,null,OS,null,OS,1.34,OK,9.71,OK,-4.77,OR
2024-02-10 06:00:00,0.61,BDL,null,OS,null,OS,1.51,OK,16.91,OK,6.42,OK
2024-02-10 07:00:00,6.97,OK,null,OS,null,OS,1.36,OK,20.37,OK,-4.22,OR
2024-02-10 08:00:00,29.7,OK,null,OS,null,OS,1.07,OK,30.72,OK,-9.37,OR
2024-02-10 09:00:00,36.88,OK,null,OS,null,OS,1.02,OK,37.0,OK,20.16,OK
2024-02-10 10:00:00,40.7,OK,null,OS,null,OS,0.98,OK,28.54,OK,18.9,OK
2024-02-10 11:00:00,40.74,OK,null,OS,null,OS,0.99,OK,17.5,OK,16.09,OK
2024-02-10 12:00:00,41.64,OK,null,OS,null,OS,1.0,OK,16.08,OK,14.47,OK
2024-02-10 13:00:00,36.65,OK,null,OS,null,OS,1.07,OK,14.36,OK,20.17,OK
2024-02-10 14:00:00,39.86,OK,null,OS,null,OS,0.99,OK,26.12,OK,9.08,OK
2024-02-10 15:00:00,42.8,OK,null,OS,null,OS,0.96,OK,17.9,OK,5.07,OK
2024-02-10 16:00:00,43.45,OK,null,OS,null,OS,0.94,OK,12.25,OK,-0.7,BDL
2024-02-10 17:00:00,37.57,OK,null,OS,null,OS,1.01,OK,15.02,OK,17.27,OK
2024-02-10 18:00:00,27.08,OK,null,OS,null,OS,1.18,OK,9.36,OK,7.04,OK
2024-02-10 19:00:00,27.81,OK,null,OS,null,OS,1.09,OK,8.24,OK,-0.86,BDL
2024-02-10 20:00:00,25.73,OK,null,OS,null,OS,1.11,OK,-5.09,OR,-5.75,OR
2024-02-10 21:00:00,17.3,OK,null,OS,null,OS,1.11,OK,0.01,BDL,-3.73,BDL
2024-02-10 22:00:00,15.72,OK,null,OS,null,OS,1.15,OK,-3.15,BDL,-0.49,BDL
2024-02-10 23:00:00,17.97,OK,null,OS,null,OS,1.06,OK,-1.78,BDL,-0.86,BDL
2024-02-11 00:00:00,16.53,OK,null,OS,null,OS,1.06,OK,-4.04,OR,-0.76,BDL
2024-02-11 01:00:00,8.18,OK,null,OS,null,OS,1.14,OK,-4.86,OR,-0.0,BDL
2024-02-11 02:00:00,6.87,OK,null,OS,null,OS,1.12,OK,3.86,BDL,1.89,BDL
2024-02-11 03:00:00,14.29,OK,null,OS,null,OS,1.03,OK,0.96,BDL,2.74,BDL
2024-02-11 04:00:00,15.03,OK,null,OS,null,OS,1.01,OK,-7.16,OR,-1.77,BDL
2024-02-11 05:00:00,11.34,OK,null,OS,null,OS,1.04,OK,-5.28,OR,-4.85,OR
2024-02-11 06:00:00,15.26,OK,null,OS,null,OS,1.06,OK,0.83,BDL,-0.83,BDL
2024-02-11 07:00:00,19.69,OK,null,OS,null,OS,1.06,OK,0.84,BDL,-3.95,BDL
2024-02-11 08:00:00,33.02,OK,null,OS,null,OS,0.99,OK,8.74,OK,-14.51,OR
2024-02-11 09:00:00,39.39,OK,null,OS,null,OS,0.93,OK,18.13,OK,-9.62,OR
2024-02-11 10:00:00,45.56,OK,null,OS,null,OS,0.91,OK,34.42,OK,24.54,OK
2024-02-11 11:00:00,46.97,OK,null,OS,null,OS,0.91,OK,21.44,OK,25.47,OK
2024-02-11 12:00:00,47.74,OK,null,OS,null,OS,0.89,OK,17.54,OK,25.57,OK
2024-02-11 13:00:00,48.0,OK,null,OS,null,OS,0.89,OK,7.48,OK,20.82,OK
2024-02-11 14:00:00,47.6,OK,null,OS,null,OS,0.88,OK,4.63,OK,15.43,OK
2024-02-11 15:00:00,47.92,OK,null,OS,null,OS,0.88,OK,12.68,OK,12.02,OK
2024-02-11 16:00:00,46.87,OK,null,OS,null,OS,0.89,OK,9.42,OK,7.26,OK
2024-02-11 17:00:00,29.68,OK,null,OS,null,OS,1.1,OK,5.08,OK,12.81,OK
2024-02-11 18:00:00,1.51,OK,null,OS,null,OS,1.81,OK,28.44,OK,15.9,OK
2024-02-11 19:00:00,1.31,OK,null,OS,null,OS,2.07,OK,31.25,OK,18.3,OK
2024-02-11 20:00:00,1.68,OK,null,OS,null,OS,3.02,OK,36.2,OK,19.97,OK
2024-02-11 21:00:00,19.05,OK,null,OS,null,OS,1.55,OK,68.62,OK,21.78,OK
2024-02-11 22:00:00,36.57,OK,null,OS,null,OS,0.91,OK,2.69,BDL,-4.79,OR
2024-02-11 23:00:00,38.23,OK,null,OS,null,OS,0.9,OK,-3.93,BDL,-7.39,OR
2024-02-12 00:00:00,37.72,OK,null,OS,null,OS,0.9,OK,-8.1,OR,-3.71,BDL
2024-02-12 01:00:00,29.6,OK,null,OS,null,OS,0.94,OK,-5.57,OR,-0.41,BDL
2024-02-12 02:00:00,33.08,OK,null,OS,null,OS,0.91,OK,-2.35,BDL,0.83,BDL
2024-02-12 03:00:00,23.6,OK,null,OS,null,OS,0.95,OK,-3.43,BDL,-1.39,BDL
2024-02-12 04:00:00,30.39,OK,null,OS,null,OS,0.94,OK,-0.53,BDL,-4.22,OR
2024-02-12 05:00:00,13.64,OK,null,OS,null,OS,1.19,OK,-4.26,OR,-6.43,OR
2024-02-12 06:00:00,1.87,OK,null,OS,null,OS,1.58,OK,11.19,OK,-4.78,OR
2024-02-12 07:00:00,7.45,OK,null,OS,null,OS,1.47,OK,24.48,OK,-4.38,OR
2024-02-12 08:00:00,17.84,OK,null,OS,null,OS,1.25,OK,29.37,OK,-8.98,OR
2024-02-12 09:00:00,32.49,OK,null,OS,null,OS,1.1,OK,33.77,OK,5.59,OK
2024-02-12 10:00:00,46.97,OK,null,OS,null,OS,0.93,OK,21.86,OK,35.36,OK
2024-02-12 11:00:00,47.52,OK,null,OS,null,OS,0.96,OK,11.78,OK,18.54,OK
2024-02-12 12:00:00,47.96,OK,null,OS,null,OS,1.04,OK,7.36,OK,14.56,OK
2024-02-12 13:00:00,50.04,OK,null,OS,null,OS,1.08,OK,12.0,OK,19.48,OK
2024-02-12 14:00:00,50.16,OK,null,OS,null,OS,1.16,OK,10.6,OK,29.53,OK
2024-02-12 15:00:00,51.56,OK,null,OS,null,OS,1.05,OK,15.37,OK,18.81,OK
2024-02-12 16:00:00,42.32,OK,null,OS,null,OS,1.2,OK,12.27,OK,13.63,OK
2024-02-12 17:00:00,8.86,OK,null,OS,null,OS,1.81,OK,30.9,OK,19.66,OK
2024-02-12 18:00:00,18.22,OK,null,OS,null,OS,1.38,OK,54.53,OK,13.68,OK
2024-02-12 19:00:00,20.49,OK,null,OS,null,OS,1.22,OK,18.74,OK,2.71,BDL
2024-02-12 20:00:00,25.46,OK,null,OS,null,OS,1.06,OK,14.74,OK,-2.68,BDL
2024-02-12 21:00:00,22.63,OK,null,OS,null,OS,1.03,OK,12.6,OK,5.84,OK
2024-02-12 22:00:00,26.48,OK,null,OS,null,OS,1.01,OK,11.0,OK,11.05,OK
2024-02-12 23:00:00,23.69,OK,null,OS,null,OS,1.03,OK,8.08,OK,-1.61,BDL
2024-02-13 00:00:00,13.53,OK,null,OS,null,OS,1.07,OK,2.49,BDL,-0.84,BDL
2024-02-13 01:00:00,14.97,OK,null,OS,null,OS,0.98,OK,4.06,OK,0.0,BDL
2024-02-13 02:00:00,4.58,OK,null,OS,null,OS,1.05,OK,-1.72,BDL,-2.38,BDL
2024-02-13 03:00:00,6.84,OK,null,OS,null,OS,1.09,OK,4.82,OK,-1.86,BDL
2024-02-13 04:00:00,3.98,OK,null,OS,null,OS,1.09,OK,1.83,BDL,-0.68,BDL
2024-02-13 05:00:00,1.19,OK,null,OS,null,OS,1.18,OK,4.95,OK,0.06,BDL
2024-02-13 06:00:00,2.06,OK,null,OS,null,OS,1.33,OK,15.85,OK,-0.25,BDL
2024-02-13 07:00:00,5.47,OK,null,OS,null,OS,1.49,OK,17.46,OK,-8.61,OR
2024-02-13 08:00:00,16.02,OK,null,OS,null,OS,1.29,OK,31.49,OK,-19.78,OR
2024-02-13 09:00:00,30.66,OK,null,OS,null,OS,1.07,OK,39.37,OK,-6.82,OR
2024-02-13 10:00:00,38.85,OK,null,OS,null,OS,1.02,OK,34.29,OK,41.68,OK
2024-02-13 11:00:00,39.66,OK,null,OS,null,OS,1.12,OK,18.35,OK,22.3,OK
2024-02-13 12:00:00,46.22,OK,null,OS,null,OS,1.13,OK,16.86,OK,35.76,OK
2024-02-13 13:00:00,47.59,OK,null,OS,null,OS,1.15,OK,24.6,OK,19.04,OK
2024-02-13 14:00:00,49.02,OK,null,OS,null,OS,1.11,OK,15.87,OK,18.18,OK
2024-02-13 15:00:00,45.33,OK,null,OS,null,OS,1.1,OK,3.26,BDL,8.95,OK
2024-02-13 16:00:00,40.64,OK,null,OS,null,OS,1.16,OK,18.69,OK,11.96,OK
2024-02-13 17:00:00,29.34,OK,null,OS,null,OS,1.22,OK,24.14,OK,17.1,OK
2024-02-13 18:00:00,20.1,OK,null,OS,null,OS,1.27,OK,28.3,OK,7.37,OK
2024-02-13 19:00:00,14.32,OK,null,OS,null,OS,1.34,OK,40.28,OK,4.21,OK
2024-02-13 20:00:00,10.52,OK,null,OS,null,OS,1.31,OK,41.91,OK,16.32,OK
2024-02-13 21:00:00,7.14,OK,null,OS,null,OS,1.32,OK,30.51,OK,17.94,OK
2024-02-13 22:00:00,2.74,OK,null,OS,null,OS,1.37,OK,22.82,OK,5.31,OK
2024-02-13 23:00:00,0.91,BDL,null,OS,null,OS,1.53,OK,24.47,OK,6.51,OK
2024-02-14 00:00:00,11.86,OK,null,OS,null,OS,1.07,OK,17.92,OK,7.52,OK
2024-02-14 01:00:00,16.07,OK,null,OS,null,OS,1.01,OK,3.19,BDL,4.08,OK
2024-02-14 02:00:00,16.25,OK,null,OS,null,OS,0.99,OK,2.29,BDL,2.51,BDL
2024-02-14 03:00:00,8.09,OK,null,OS,null,OS,1.0,OK,0.67,BDL,-0.12,BDL
2024-02-14 04:00:00,10.64,OK,null,OS,null,OS,0.99,OK,-3.25,BDL,-0.62,BDL
2024-02-14 05:00:00,4.87,OK,null,OS,null,OS,1.1,OK,0.03,BDL,-2.34,BDL
2024-02-14 06:00:00,2.31,OK,null,OS,null,OS,1.37,OK,19.42,OK,-9.99,OR
2024-02-14 07:00:00,7.95,OK,null,OS,null,OS,1.38,OK,16.85,OK,-22.3,OR
2024-02-14 08:00:00,19.68,OK,null,OS,null,OS,1.21,OK,29.44,OK,-16.9,OR
2024-02-14 09:00:00,34.01,OK,null,OS,null,OS,1.05,OK,45.66,OK,21.55,OK
2024-02-14 10:00:00,44.15,OK,null,OS,null,OS,1.05,OK,36.1,OK,32.94,OK
2024-02-14 11:00:00,54.3,OK,null,OS,null,OS,0.99,OK,19.64,OK,22.3,OK
2024-02-14 12:00:00,56.27,OK,null,OS,null,OS,1.04,OK,15.34,OK,31.22,OK
2024-02-14 13:00:00,54.2,OK,null,OS,null,OS,1.14,OK,11.3,OK,18.12,OK
2024-02-14 14:00:00,55.16,OK,null,OS,null,OS,1.13,OK,13.44,OK,26.46,OK
2024-02-14 15:00:00,55.19,OK,null,OS,null,OS,1.14,OK,22.08,OK,19.26,OK
2024-02-14 16:00:00,40.71,OK,null,OS,null,OS,1.34,OK,20.57,OK,15.95,OK
2024-02-14 17:00:00,23.85,OK,null,OS,null,OS,1.55,OK,30.65,OK,18.65,OK
2024-02-14 18:00:00,21.9,OK,null,OS,null,OS,1.22,OK,36.91,OK,6.33,OK
2024-02-14 19:00:00,12.42,OK,null,OS,null,OS,1.45,OK,45.15,OK,18.98,OK
2024-02-14 20:00:00,8.4,OK,null,OS,null,OS,1.54,OK,49.78,OK,24.79,OK
2024-02-14 21:00:00,10.1,OK,null,OS,null,OS,1.44,OK,33.18,OK,11.29,OK
2024-02-14 22:00:00,1.26,OK,null,OS,null,OS,1.77,OK,34.13,OK,-24.18,OR
2024-02-14 23:00:00,0.45,BDL,null,OS,null,OS,1.79,OK,23.67,OK,15.7,OK
2024-02-15 00:00:00,1.79,OK,null,OS,null,OS,1.18,OK,30.82,OK,11.99,OK
2024-02-15 01:00:00,17.67,OK,null,OS,null,OS,0.96,OK,7.29,OK,6.65,OK
2024-02-15 02:00:00,18.23,OK,null,OS,null,OS,0.94,OK,4.09,OK,1.42,BDL
2024-02-15 03:00:00,24.12,OK,null,OS,null,OS,0.92,OK,-4.31,OR,-2.91,BDL
2024-02-15 04:00:00,22.46,OK,null,OS,null,OS,0.95,OK,1.81,BDL,-6.61,OR
2024-02-15 05:00:00,14.69,OK,null,OS,null,OS,1.2,OK,4.88,OK,-6.52,OR
2024-02-15 06:00:00,5.04,OK,null,OS,null,OS,1.25,OK,26.26,OK,-3.49,BDL
2024-02-15 07:00:00,13.03,OK,null,OS,null,OS,1.17,OK,26.85,OK,-1.67,BDL
2024-02-15 08:00:00,20.88,OK,null,OS,null,OS,1.17,OK,26.51,OK,-0.25,BDL
2024-02-15 09:00:00,29.44,OK,null,OS,null,OS,1.11,OK,35.9,OK,18.34,OK
2024-02-15 10:00:00,39.84,OK,null,OS,null,OS,1.07,OK,22.09,OK,29.29,OK
2024-02-15 11:00:00,42.81,OK,null,OS,null,OS,1.13,OK,18.69,OK,-5.73,OR
2024-02-15 12:00:00,52.28,OK,null,OS,null,OS,1.06,OK,14.66,OK,41.73,OK
2024-02-15 13:00:00,46.98,OK,null,OS,null,OS,1.07,OK,9.95,OK,-24.53,OR
2024-02-15 14:00:00,42.22,OK,null,OS,null,OS,1.13,OK,4.55,OK,12.03,OK
2024-02-15 15:00:00,39.34,OK,null,OS,null,OS,1.17,OK,27.38,OK,16.69,OK
2024-02-15 16:00:00,36.4,OK,null,OS,null,OS,1.16,OK,13.04,OK,6.57,OK
2024-02-15 17:00:00,22.21,OK,null,OS,null,OS,1.32,OK,20.4,OK,17.73,OK
2024-02-15 18:00:00,23.55,OK,null,OS,null,OS,1.19,OK,29.98,OK,0.81,BDL
2024-02-15 19:00:00,15.7,OK,null,OS,null,OS,1.29,OK,21.8,OK,-4.11,OR
2024-02-15 20:00:00,5.15,OK,null,OS,null,OS,1.4,OK,41.43,OK,2.13,BDL
2024-02-15 21:00:00,12.99,OK,null,OS,null,OS,1.27,OK,33.13,OK,2.62,BDL
2024-02-15 22:00:00,2.43,OK,null,OS,null,OS,1.56,OK,30.95,OK,2.52,BDL
2024-02-15 23:00:00,1.55,OK,null,OS,null,OS,1.54,OK,33.53,OK,20.31,OK
2024-02-16 00:00:00,16.49,OK,null,OS,null,OS,1.04,OK,20.03,OK,2.32,BDL
2024-02-16 01:00:00,13.98,OK,null,OS,null,OS,0.99,OK,9.43,OK,6.6,OK
2024-02-16 02:00:00,14.57,OK,null,OS,null,OS,0.99,OK,11.18,OK,3.12,BDL
2024-02-16 03:00:00,9.45,OK,null,OS,null,OS,0.96,OK,7.82,OK,1.75,BDL
2024-02-16 04:00:00,8.64,OK,null,OS,null,OS,0.96,OK,0.06,BDL,4.51,OK
2024-02-16 05:00:00,3.66,OK,null,OS,null,OS,1.1,OK,6.97,OK,0.63,BDL
2024-02-16 06:00:00,2.0,OK,null,OS,null,OS,1.4,OK,18.24,OK,-1.96,BDL
2024-02-16 07:00:00,6.53,OK,null,OS,null,OS,1.44,OK,45.11,OK,-5.09,OR
2024-02-16 08:00:00,18.65,OK,null,OS,null,OS,1.16,OK,44.17,OK,-4.8,OR
2024-02-16 09:00:00,32.89,OK,null,OS,null,OS,1.09,OK,35.02,OK,19.72,OK
2024-02-16 10:00:00,40.65,OK,null,OS,null,OS,1.12,OK,15.45,OK,18.16,OK
2024-02-16 11:00:00,40.26,OK,null,OS,null,OS,1.15,OK,8.84,OK,25.33,OK
2024-02-16 12:00:00,43.57,OK,null,OS,null,OS,1.1,OK,21.45,OK,20.46,OK
2024-02-16 13:00:00,46.81,OK,null,OS,null,OS,1.11,OK,21.1,OK,16.86,OK
2024-02-16 14:00:00,47.15,OK,null,OS,null,OS,1.13,OK,18.89,OK,21.08,OK
2024-02-16 15:00:00,44.59,OK,null,OS,null,OS,1.12,OK,20.01,OK,10.9,OK
2024-02-16 16:00:00,38.51,OK,null,OS,null,OS,1.18,OK,16.49,OK,12.86,OK
2024-02-16 17:00:00,26.04,OK,null,OS,null,OS,1.27,OK,20.54,OK,13.21,OK
2024-02-16 18:00:00,19.6,OK,null,OS,null,OS,1.29,OK,32.64,OK,3.7,BDL
2024-02-16 19:00:00,16.7,OK,null,OS,null,OS,1.39,OK,31.79,OK,2.14,BDL
2024-02-16 20:00:00,17.38,OK,null,OS,null,OS,1.33,OK,33.2,OK,9.53,OK
2024-02-16 21:00:00,21.69,OK,null,OS,null,OS,1.22,OK,15.86,OK,4.9,OK
2024-02-16 22:00:00,10.38,OK,null,OS,null,OS,1.37,OK,24.11,OK,4.07,OK
2024-02-16 23:00:00,3.36,OK,null,OS,null,OS,1.41,OK,37.15,OK,13.77,OK
2024-02-17 00:00:00,7.99,OK,null,OS,null,OS,1.43,OK,32.75,OK,12.89,OK
2024-02-17 01:00:00,4.46,OK,null,OS,null,OS,1.42,OK,16.3,OK,7.44,OK
2024-02-17 02:00:00,0.33,BDL,null,OS,null,OS,1.32,OK,20.79,OK,9.25,OK
2024-02-17 03:00:00,0.49,BDL,null,OS,null,OS,1.24,OK,9.96,OK,8.37,OK
2024-02-17 04:00:00,5.37,OK,null,OS,null,OS,1.07,OK,11.71,OK,6.11,OK
2024-02-17 05:00:00,4.5,OK,null,OS,null,OS,1.05,OK,4.76,OK,3.0,BDL
2024-02-17 06:00:00,5.79,OK,null,OS,null,OS,1.1,OK,7.04,OK,-2.52,BDL
2024-02-17 07:00:00,7.97,OK,null,OS,null,OS,1.41,OK,16.62,OK,-7.72,OR
2024-02-17 08:00:00,11.17,OK,null,OS,null,OS,1.76,OK,48.73,OK,-4.44,OR
2024-02-17 09:00:00,24.31,OK,null,OS,null,OS,1.55,OK,52.59,OK,36.32,OK
2024-02-17 10:00:00,35.72,OK,null,OS,null,OS,1.25,OK,20.19,OK,36.29,OK
2024-02-17 11:00:00,42.95,OK,null,OS,null,OS,1.14,OK,24.78,OK,16.21,OK
2024-02-17 12:00:00,47.45,OK,null,OS,null,OS,1.1,OK,18.21,OK,18.23,OK
2024-02-17 13:00:00,49.3,OK,null,OS,null,OS,1.08,OK,10.96,OK,11.26,OK
2024-02-17 14:00:00,48.19,OK,null,OS,null,OS,1.05,OK,8.85,OK,18.47,OK
2024-02-17 15:00:00,48.08,OK,null,OS,null,OS,1.06,OK,23.91,OK,10.82,OK
2024-02-17 16:00:00,46.29,OK,null,OS,null,OS,1.06,OK,11.02,OK,6.43,OK
2024-02-17 17:00:00,28.7,OK,null,OS,null,OS,1.27,OK,17.83,OK,19.83,OK
2024-02-17 18:00:00,30.54,OK,null,OS,null,OS,1.16,OK,33.68,OK,2.41,BDL
2024-02-17 19:00:00,25.01,OK,null,OS,null,OS,1.21,OK,27.44,OK,-1.51,BDL
2024-02-17 20:00:00,25.05,OK,null,OS,null,OS,1.15,OK,25.43,OK,-1.16,BDL
2024-02-17 21:00:00,16.26,OK,null,OS,null,OS,1.28,OK,30.39,OK,0.08,BDL
2024-02-17 22:00:00,5.34,OK,null,OS,null,OS,1.5,OK,35.28,OK,10.49,OK
2024-02-17 23:00:00,0.57,BDL,null,OS,null,OS,1.97,OK,39.36,OK,17.02,OK
2024-02-18 00:00:00,8.89,OK,null,OS,null,OS,1.27,OK,41.44,OK,21.5,OK
2024-02-18 01:00:00,7.31,OK,null,OS,null,OS,1.25,OK,16.57,OK,7.06,OK
2024-02-18 02:00:00,8.09,OK,null,OS,null,OS,1.14,OK,19.25,OK,11.25,OK
2024-02-18 03:00:00,9.49,OK,null,OS,null,OS,1.07,OK,15.71,OK,7.81,OK
2024-02-18 04:00:00,10.66,OK,null,OS,null,OS,1.06,OK,3.45,BDL,3.37,BDL
2024-02-18 05:00:00,7.96,OK,null,OS,null,OS,1.06,OK,7.06,OK,1.87,BDL
2024-02-18 06:00:00,11.06,OK,null,OS,null,OS,1.05,OK,1.01,BDL,1.11,BDL
2024-02-18 07:00:00,17.59,OK,null,OS,null,OS,1.09,OK,6.95,OK,-8.01,OR
2024-02-18 08:00:00,29.54,OK,null,OS,null,OS,1.08,OK,22.49,OK,-23.85,OR
2024-02-18 09:00:00,33.49,OK,null,OS,null,OS,1.08,OK,20.6,OK,1.84,BDL
2024-02-18 10:00:00,44.73,OK,null,OS,null,OS,1.06,OK,17.0,OK,22.69,OK
2024-02-18 11:00:00,55.58,OK,null,OS,null,OS,1.06,OK,4.58,OK,-2.7,BDL
2024-02-18 12:00:00,57.93,OK,null,OS,null,OS,1.03,OK,10.2,OK,8.14,OK
2024-02-18 13:00:00,55.96,OK,null,OS,null,OS,1.06,OK,8.23,OK,22.92,OK
2024-02-18 14:00:00,52.43,OK,null,OS,null,OS,1.02,OK,10.41,OK,14.54,OK
2024-02-18 15:00:00,47.88,OK,null,OS,null,OS,1.0,OK,7.95,OK,12.03,OK
2024-02-18 16:00:00,40.95,OK,null,OS,null,OS,1.09,OK,11.56,OK,7.75,OK
2024-02-18 17:00:00,23.14,OK,null,OS,null,OS,1.37,OK,17.27,OK,8.86,OK
2024-02-18 18:00:00,24.77,OK,null,OS,null,OS,1.21,OK,24.1,OK,3.81,BDL
2024-02-18 19:00:00,21.25,OK,null,OS,null,OS,1.21,OK,30.83,OK,2.63,BDL
2024-02-18 20:00:00,12.94,OK,null,OS,null,OS,1.42,OK,22.11,OK,4.5,OK
2024-02-18 21:00:00,9.27,OK,null,OS,null,OS,1.48,OK,31.73,OK,16.95,OK
2024-02-18 22:00:00,0.91,BDL,null,OS,null,OS,1.64,OK,35.3,OK,15.18,OK
2024-02-18 23:00:00,0.28,BDL,null,OS,null,OS,1.72,OK,40.67,OK,29.79,OK
2024-02-19 00:00:00,0.27,BDL,null,OS,null,OS,1.61,OK,29.11,OK,2.67,BDL
2024-02-19 01:00:00,0.46,BDL,null,OS,null,OS,1.33,OK,19.08,OK,12.67,OK
2024-02-19 02:00:00,5.09,OK,null,OS,null,OS,1.1,OK,23.37,OK,9.18,OK
2024-02-19 03:00:00,10.51,OK,null,OS,null,OS,1.0,OK,7.08,OK,7.67,OK
2024-02-19 04:00:00,8.86,OK,null,OS,null,OS,1.0,OK,-2.11,BDL,-3.66,BDL
2024-02-19 05:00:00,4.09,OK,null,OS,null,OS,1.19,OK,-1.18,BDL,-7.07,OR
2024-02-19 06:00:00,3.5,OK,null,OS,null,OS,1.53,OK,19.81,OK,-9.25,OR
2024-02-19 07:00:00,9.55,OK,null,OS,null,OS,1.4,OK,26.24,OK,-10.8,OR
2024-02-19 08:00:00,25.94,OK,null,OS,null,OS,1.12,OK,31.36,OK,-7.08,OR
2024-02-19 09:00:00,32.22,OK,null,OS,null,OS,1.09,OK,16.53,OK,10.86,OK
2024-02-19 10:00:00,34.64,OK,null,OS,null,OS,1.08,OK,22.64,OK,18.93,OK
2024-02-19 11:00:00,39.87,OK,null,OS,null,OS,1.1,OK,8.64,OK,23.83,OK
2024-02-19 12:00:00,42.53,OK,null,OS,null,OS,1.12,OK,11.59,OK,22.02,OK
2024-02-19 13:00:00,43.01,OK,null,OS,null,OS,1.12,OK,24.35,OK,12.35,OK
2024-02-19 14:00:00,40.03,OK,null,OS,null,OS,1.18,OK,14.22,OK,16.25,OK
2024-02-19 15:00:00,41.53,OK,null,OS,null,OS,1.09,OK,19.86,OK,10.3,OK
2024-02-19 16:00:00,37.49,OK,null,OS,null,OS,1.13,OK,18.94,OK,8.58,OK
2024-02-19 17:00:00,22.23,OK,null,OS,null,OS,1.35,OK,24.82,OK,10.62,OK
2024-02-19 18:00:00,4.03,OK,null,OS,null,OS,1.62,OK,44.23,OK,8.2,OK
2024-02-19 19:00:00,4.0,OK,null,OS,null,OS,1.63,OK,40.37,OK,0.66,BDL
2024-02-19 20:00:00,0.42,BDL,null,OS,null,OS,2.09,OK,41.32,OK,4.26,OK
2024-02-19 21:00:00,0.48,BDL,null,OS,null,OS,2.26,OK,57.07,OK,35.11,OK
2024-02-19 22:00:00,0.57,BDL,null,OS,null,OS,2.14,OK,45.79,OK,32.63,OK
2024-02-19 23:00:00,8.41,OK,null,OS,null,OS,1.15,OK,44.39,OK,20.96,OK
2024-02-20 00:00:00,13.5,OK,null,OS,null,OS,1.03,OK,19.44,OK,14.67,OK
2024-02-20 01:00:00,11.78,OK,null,OS,null,OS,1.0,OK,10.45,OK,6.76,OK
2024-02-20 02:00:00,11.74,OK,null,OS,null,OS,0.97,OK,5.72,OK,0.81,BDL
2024-02-20 03:00:00,15.14,OK,null,OS,null,OS,0.96,OK,2.69,BDL,-1.08,BDL
2024-02-20 04:00:00,18.59,OK,null,OS,null,OS,0.99,OK,-0.21,BDL,-6.79,OR
2024-02-20 05:00:00,3.57,OK,null,OS,null,OS,1.26,OK,10.15,OK,-8.35,OR
2024-02-20 06:00:00,3.44,OK,null,OS,null,OS,1.64,OK,30.96,OK,-1.99,BDL
2024-02-20 07:00:00,11.68,OK,null,OS,null,OS,1.41,OK,32.27,OK,-2.48,BDL
2024-02-20 08:00:00,26.24,OK,null,OS,null,OS,1.11,OK,39.27,OK,-0.86,BDL
2024-02-20 09:00:00,34.67,OK,null,OS,null,OS,1.07,OK,28.26,OK,20.9,OK
2024-02-20 10:00:00,40.88,OK,null,OS,null,OS,1.05,OK,23.27,OK,19.79,OK
2024-02-20 11:00:00,44.81,OK,null,OS,null,OS,1.09,OK,12.93,OK,18.43,OK
2024-02-20 12:00:00,48.34,OK,null,OS,null,OS,1.14,OK,6.61,OK,25.07,OK
2024-02-20 13:00:00,51.21,OK,null,OS,null,OS,1.11,OK,16.46,OK,20.46,OK
2024-02-20 14:00:00,49.18,OK,null,OS,null,OS,1.13,OK,10.32,OK,17.7,OK
2024-02-20 15:00:00,47.36,OK,null,OS,null,OS,1.14,OK,18.43,OK,9.31,OK
2024-02-20 16:00:00,39.47,OK,null,OS,null,OS,1.28,OK,21.0,OK,17.87,OK
2024-02-20 17:00:00,25.84,OK,null,OS,null,OS,1.36,OK,20.28,OK,10.72,OK
2024-02-20 18:00:00,12.45,OK,null,OS,null,OS,1.56,OK,21.31,OK,3.29,BDL
2024-02-20 19:00:00,1.24,OK,null,OS,null,OS,1.9,OK,48.41,OK,-0.04,BDL
2024-02-20 20:00:00,3.14,OK,null,OS,null,OS,2.37,OK,58.39,OK,9.44,OK
2024-02-20 21:00:00,4.34,OK,null,OS,null,OS,2.17,OK,32.24,OK,6.35,OK
2024-02-20 22:00:00,1.98,OK,null,OS,null,OS,2.61,OK,35.89,OK,-0.21,BDL
2024-02-20 23:00:00,1.61,OK,null,OS,null,OS,2.8,OK,47.2,OK,25.56,OK
2024-02-21 00:00:00,1.08,OK,null,OS,null,OS,2.84,OK,67.21,OK,47.38,OK
2024-02-21 01:00:00,1.08,OK,null,OS,null,OS,2.29,OK,64.41,OK,26.89,OK
2024-02-21 02:00:00,7.23,OK,null,OS,null,OS,1.15,OK,30.12,OK,11.28,OK
2024-02-21 03:00:00,18.66,OK,null,OS,null,OS,1.01,OK,6.18,OK,11.1,OK
2024-02-21 04:00:00,14.07,OK,null,OS,null,OS,1.03,OK,8.8,OK,2.28,BDL
2024-02-21 05:00:00,0.5,BDL,null,OS,null,OS,1.19,OK,14.11,OK,0.0,BDL
2024-02-21 06:00:00,1.13,OK,null,OS,null,OS,1.76,OK,38.53,OK,5.81,OK
2024-02-21 07:00:00,16.61,OK,null,OS,null,OS,1.44,OK,43.37,OK,-0.32,BDL
2024-02-21 08:00:00,29.99,OK,null,OS,null,OS,1.11,OK,34.24,OK,3.22,BDL
2024-02-21 09:00:00,30.59,OK,null,OS,null,OS,1.13,OK,21.34,OK,18.25,OK
2024-02-21 10:00:00,35.75,OK,null,OS,null,OS,1.07,OK,9.88,OK,10.46,OK
2024-02-21 11:00:00,34.11,OK,null,OS,null,OS,1.12,OK,8.21,OK,13.73,OK
2024-02-21 12:00:00,36.26,OK,null,OS,null,OS,1.08,OK,15.86,OK,12.09,OK
2024-02-21 13:00:00,36.28,OK,null,OS,null,OS,1.09,OK,7.8,OK,4.83,OK
2024-02-21 14:00:00,34.51,OK,null,OS,null,OS,1.11,OK,11.36,OK,15.13,OK
2024-02-21 15:00:00,31.96,OK,null,OS,null,OS,1.14,OK,23.21,OK,6.38,OK
2024-02-21 16:00:00,26.14,OK,null,OS,null,OS,1.2,OK,14.58,OK,9.5,OK
2024-02-21 17:00:00,15.67,OK,null,OS,null,OS,1.44,OK,18.76,OK,7.58,OK
2024-02-21 18:00:00,8.86,OK,null,OS,null,OS,1.49,OK,22.64,OK,6.26,OK
2024-02-21 19:00:00,12.92,OK,null,OS,null,OS,1.32,OK,28.9,OK,5.48,OK
2024-02-21 20:00:00,15.58,OK,null,OS,null,OS,1.26,OK,17.55,OK,7.07,OK
2024-02-21 21:00:00,13.55,OK,null,OS,null,OS,1.14,OK,25.14,OK,6.47,OK
2024-02-21 22:00:00,19.82,OK,null,OS,null,OS,1.05,OK,12.68,OK,8.64,OK
2024-02-21 23:00:00,15.07,OK,null,OS,null,OS,1.08,OK,13.36,OK,4.85,OK
2024-02-22 00:00:00,14.62,OK,null,OS,null,OS,1.08,OK,14.79,OK,6.48,OK
2024-02-22 01:00:00,7.81,OK,null,OS,null,OS,1.11,OK,11.2,OK,6.36,OK
2024-02-22 02:00:00,10.05,OK,null,OS,null,OS,1.01,OK,5.68,OK,4.78,OK
2024-02-22 03:00:00,10.13,OK,null,OS,null,OS,1.0,OK,0.3,BDL,0.89,BDL
2024-02-22 04:00:00,2.95,OK,null,OS,null,OS,1.02,OK,6.07,OK,-0.03,BDL
2024-02-22 05:00:00,2.55,OK,null,OS,null,OS,1.1,OK,7.32,OK,-0.49,BDL
2024-02-22 06:00:00,1.06,OK,null,OS,null,OS,1.45,OK,18.24,OK,-3.16,BDL
2024-02-22 07:00:00,5.88,OK,null,OS,null,OS,1.41,OK,24.77,OK,-3.86,BDL
2024-02-22 08:00:00,12.66,OK,null,OS,null,OS,1.28,OK,35.8,OK,1.05,BDL
2024-02-22 09:00:00,20.88,OK,null,OS,null,OS,1.22,OK,33.31,OK,22.95,OK
2024-02-22 10:00:00,29.09,OK,null,OS,null,OS,1.2,OK,23.89,OK,5.26,OK
2024-02-22 11:00:00,34.7,OK,null,OS,null,OS,1.19,OK,14.54,OK,30.94,OK
2024-02-22 12:00:00,37.36,OK,null,OS,null,OS,1.1,OK,20.08,OK,13.67,OK
2024-02-22 13:00:00,38.04,OK,null,OS,null,OS,1.19,OK,14.15,OK,15.57,OK
2024-02-22 14:00:00,47.4,OK,null,OS,null,OS,1.1,OK,6.72,OK,9.13,OK
2024-02-22 15:00:00,44.49,OK,null,OS,null,OS,1.06,OK,17.19,OK,20.46,OK
2024-02-22 16:00:00,34.57,OK,null,OS,null,OS,1.18,OK,14.04,OK,13.46,OK
2024-02-22 17:00:00,20.33,OK,null,OS,null,OS,1.28,OK,20.76,OK,8.43,OK
2024-02-22 18:00:00,21.07,OK,null,OS,null,OS,1.2,OK,27.97,OK,4.48,OK
2024-02-22 19:00:00,17.63,OK,null,OS,null,OS,1.25,OK,21.73,OK,0.43,BDL
2024-02-22 20:00:00,19.58,OK,null,OS,null,OS,1.22,OK,19.91,OK,4.05,OK
2024-02-22 21:00:00,15.19,OK,null,OS,null,OS,1.15,OK,18.59,OK,1.08,BDL
2024-02-22 22:00:00,14.01,OK,null,OS,null,OS,1.15,OK,24.56,OK,-0.49,BDL
2024-02-22 23:00:00,19.94,OK,null,OS,null,OS,1.07,OK,12.05,OK,4.95,OK
2024-02-23 00:00:00,22.31,OK,null,OS,null,OS,1.03,OK,7.36,OK,3.6,BDL
2024-02-23 01:00:00,14.05,OK,null,OS,null,OS,1.07,OK,12.39,OK,3.86,BDL
2024-02-23 02:00:00,6.51,OK,null,OS,null,OS,1.06,OK,17.82,OK,9.29,OK
2024-02-23 03:00:00,16.64,OK,null,OS,null,OS,1.06,OK,17.88,OK,18.09,OK
2024-02-23 04:00:00,17.44,OK,null,OS,null,OS,1.08,OK,13.39,OK,13.64,OK
2024-02-23 05:00:00,3.83,OK,null,OS,null,OS,1.23,OK,13.75,OK,6.86,OK
2024-02-23 06:00:00,1.47,OK,null,OS,null,OS,1.76,OK,30.63,OK,8.0,OK
2024-02-23 07:00:00,1.22,OK,null,OS,null,OS,2.23,OK,57.5,OK,8.92,OK
2024-02-23 08:00:00,4.33,OK,null,OS,null,OS,2.14,OK,67.3,OK,16.83,OK
2024-02-23 09:00:00,8.17,OK,null,OS,null,OS,1.7,OK,41.97,OK,17.98,OK
2024-02-23 10:00:00,11.43,OK,null,OS,null,OS,1.71,OK,53.94,OK,17.84,OK
2024-02-23 11:00:00,17.96,OK,null,OS,null,OS,1.68,OK,56.47,OK,14.46,OK
2024-02-23 12:00:00,29.48,OK,null,OS,null,OS,1.25,OK,31.68,OK,19.17,OK
2024-02-23 13:00:00,33.59,OK,null,OS,null,OS,1.23,OK,16.78,OK,11.5,OK
2024-02-23 14:00:00,25.15,OK,null,OS,null,OS,1.03,OK,9.43,OK,9.58,OK
2024-02-23 15:00:00,40.07,OK,null,OS,null,OS,0.35,OK,23.23,OK,10.01,OK
2024-02-23 16:00:00,33.6,OK,null,OS,null,OS,0.48,OK,30.93,OK,12.68,OK
2024-02-23 17:00:00,13.1,OK,null,OS,null,OS,0.72,OK,23.23,OK,18.68,OK
2024-02-23 18:00:00,0.77,BDL,null,OS,null,OS,1.34,OK,54.88,OK,11.25,OK
2024-02-23 19:00:00,0.81,BDL,null,OS,null,OS,1.36,OK,76.87,OK,17.7,OK
2024-02-23 20:00:00,4.25,OK,null,OS,null,OS,0.73,OK,56.66,OK,15.92,OK
2024-02-23 21:00:00,2.27,OK,null,OS,null,OS,0.8,OK,46.19,OK,22.86,OK
2024-02-23 22:00:00,1.9,OK,null,OS,null,OS,0.84,OK,40.81,OK,7.84,OK
2024-02-23 23:00:00,2.68,OK,null,OS,null,OS,0.55,OK,37.57,OK,11.67,OK
2024-02-24 00:00:00,3.4,OK,null,OS,null,OS,0.36,OK,35.0,OK,13.12,OK
2024-02-24 01:00:00,10.58,OK,null,OS,null,OS,0.23,OK,16.42,OK,8.56,OK
2024-02-24 02:00:00,13.06,OK,null,OS,null,OS,0.19,OK,6.79,OK,2.54,BDL
2024-02-24 03:00:00,8.62,OK,null,OS,null,OS,0.23,OK,4.69,OK,0.41,BDL
2024-02-24 04:00:00,10.27,OK,null,OS,null,OS,0.24,OK,5.81,OK,-2.95,BDL
2024-02-24 05:00:00,16.28,OK,null,OS,null,OS,0.21,OK,5.34,OK,-9.71,OR
2024-02-24 06:00:00,16.38,OK,null,OS,null,OS,0.26,OK,12.28,OK,-5.19,OR
2024-02-24 07:00:00,15.58,OK,null,OS,null,OS,0.39,OK,15.35,OK,-1.14,BDL
2024-02-24 08:00:00,25.6,OK,null,OS,null,OS,0.38,OK,25.82,OK,-2.71,BDL
2024-02-24 09:00:00,36.35,OK,null,OS,null,OS,0.25,OK,23.99,OK,22.85,OK
2024-02-24 10:00:00,45.83,OK,null,OS,null,OS,0.2,OK,21.72,OK,17.85,OK
2024-02-24 11:00:00,53.49,OK,null,OS,null,OS,0.18,OK,11.41,OK,14.81,OK
2024-02-24 12:00:00,57.07,OK,null,OS,null,OS,0.21,OK,5.03,OK,18.63,OK
2024-02-24 13:00:00,65.47,OK,null,OS,null,OS,0.32,OK,5.24,OK,17.68,OK
2024-02-24 14:00:00,69.29,OK,null,OS,null,OS,0.3,OK,18.46,OK,22.98,OK
2024-02-24 15:00:00,54.4,OK,null,OS,null,OS,0.26,OK,13.96,OK,18.06,OK
2024-02-24 16:00:00,41.93,OK,null,OS,null,OS,0.36,OK,14.91,OK,6.73,OK
2024-02-24 17:00:00,25.08,OK,null,OS,null,OS,0.57,OK,14.69,OK,13.36,OK
2024-02-24 18:00:00,18.61,OK,null,OS,null,OS,0.56,OK,30.99,OK,4.76,OK
2024-02-24 19:00:00,17.14,OK,null,OS,null,OS,0.59,OK,27.12,OK,0.68,BDL
2024-02-24 20:00:00,13.11,OK,null,OS,null,OS,0.64,OK,26.29,OK,5.83,OK
2024-02-24 21:00:00,10.01,OK,null,OS,null,OS,0.7,OK,50.65,OK,19.42,OK
2024-02-24 22:00:00,23.25,OK,null,OS,null,OS,0.27,OK,31.36,OK,9.86,OK
2024-02-24 23:00:00,11.24,OK,null,OS,null,OS,0.43,OK,23.27,OK,1.22,BDL
2024-02-25 00:00:00,0.86,BDL,null,OS,null,OS,0.71,OK,27.18,OK,5.77,OK
2024-02-25 01:00:00,5.67,OK,null,OS,null,OS,0.55,OK,24.68,OK,11.85,OK
2024-02-25 02:00:00,18.14,OK,null,OS,null,OS,0.22,OK,18.86,OK,6.39,OK
2024-02-25 03:00:00,19.67,OK,null,OS,null,OS,0.18,OK,18.04,OK,3.56,BDL
2024-02-25 04:00:00,15.42,OK,null,OS,null,OS,0.17,OK,20.21,OK,8.22,OK
2024-02-25 05:00:00,17.8,OK,null,OS,null,OS,0.15,OK,13.55,OK,6.85,OK
2024-02-25 06:00:00,24.19,OK,null,OS,null,OS,0.17,OK,15.25,OK,1.21,BDL
2024-02-25 07:00:00,21.8,OK,null,OS,null,OS,0.27,OK,6.71,OK,-1.35,BDL
2024-02-25 08:00:00,26.27,OK,null,OS,null,OS,0.24,OK,7.81,OK,3.86,BDL
2024-02-25 09:00:00,38.21,OK,null,OS,null,OS,0.22,OK,4.48,OK,6.15,OK
2024-02-25 10:00:00,44.11,OK,null,OS,null,OS,0.25,OK,11.57,OK,16.28,OK
2024-02-25 11:00:00,53.34,OK,null,OS,null,OS,0.28,OK,6.46,OK,21.4,OK
2024-02-25 12:00:00,51.97,OK,null,OS,null,OS,0.27,OK,12.38,OK,19.39,OK
2024-02-25 13:00:00,54.87,OK,null,OS,null,OS,0.24,OK,9.77,OK,8.8,OK
2024-02-25 14:00:00,51.14,OK,null,OS,null,OS,0.22,OK,7.07,OK,13.36,OK
2024-02-25 15:00:00,47.97,OK,null,OS,null,OS,0.23,OK,8.78,OK,13.71,OK
2024-02-25 16:00:00,47.01,OK,null,OS,null,OS,0.31,OK,12.91,OK,9.02,OK
2024-02-25 17:00:00,31.85,OK,null,OS,null,OS,0.41,OK,18.22,OK,8.66,OK
2024-02-25 18:00:00,15.44,OK,null,OS,null,OS,0.52,OK,24.27,OK,7.75,OK
2024-02-25 19:00:00,16.91,OK,null,OS,null,OS,0.47,OK,40.18,OK,3.56,BDL
2024-02-25 20:00:00,4.42,OK,null,OS,null,OS,0.8,OK,33.01,OK,5.35,OK
2024-02-25 21:00:00,2.69,OK,null,OS,null,OS,0.72,OK,24.39,OK,17.4,OK
2024-02-25 22:00:00,0.84,BDL,null,OS,null,OS,1.41,OK,28.91,OK,8.24,OK
2024-02-25 23:00:00,0.78,BDL,null,OS,null,OS,1.44,OK,37.9,OK,17.45,OK
2024-02-26 00:00:00,0.43,BDL,null,OS,null,OS,0.72,OK,43.6,OK,15.39,OK
2024-02-26 01:00:00,2.4,OK,null,OS,null,OS,0.38,OK,24.71,OK,15.82,OK
2024-02-26 02:00:00,9.19,OK,null,OS,null,OS,0.2,OK,17.57,OK,5.97,OK
2024-02-26 03:00:00,11.51,OK,null,OS,null,OS,0.15,OK,17.14,OK,8.67,OK
2024-02-26 04:00:00,6.74,OK,null,OS,null,OS,0.18,OK,14.97,OK,8.3,OK
2024-02-26 05:00:00,3.13,OK,null,OS,null,OS,0.34,OK,30.5,OK,14.7,OK
2024-02-26 06:00:00,2.26,OK,null,OS,null,OS,0.62,OK,32.46,OK,4.94,OK
2024-02-26 07:00:00,6.35,OK,null,OS,null,OS,0.61,OK,31.02,OK,2.8,BDL
2024-02-26 08:00:00,14.98,OK,null,OS,null,OS,0.52,OK,27.92,OK,6.48,OK
2024-02-26 09:00:00,29.77,OK,null,OS,null,OS,0.3,OK,23.24,OK,10.48,OK
2024-02-26 10:00:00,32.62,OK,null,OS,null,OS,0.32,OK,16.01,OK,13.94,OK
2024-02-26 11:00:00,36.7,OK,null,OS,null,OS,0.36,OK,11.5,OK,13.28,OK
2024-02-26 12:00:00,36.57,OK,null,OS,null,OS,0.38,OK,13.26,OK,26.34,OK
2024-02-26 13:00:00,37.5,OK,null,OS,null,OS,0.37,OK,10.79,OK,-0.14,BDL
2024-02-26 14:00:00,37.12,OK,null,OS,null,OS,0.37,OK,7.81,OK,3.49,BDL
2024-02-26 15:00:00,37.18,OK,null,OS,null,OS,0.37,OK,14.46,OK,8.75,OK
2024-02-26 16:00:00,31.15,OK,null,OS,null,OS,0.41,OK,18.05,OK,15.4,OK
2024-02-26 17:00:00,27.2,OK,null,OS,null,OS,0.44,OK,23.74,OK,3.52,BDL
2024-02-26 18:00:00,21.95,OK,null,OS,null,OS,0.48,OK,23.71,OK,3.89,BDL
2024-02-26 19:00:00,23.45,OK,null,OS,null,OS,0.38,OK,28.86,OK,2.37,BDL
2024-02-26 20:00:00,25.72,OK,null,OS,null,OS,0.35,OK,17.33,OK,1.32,BDL
2024-02-26 21:00:00,17.01,OK,null,OS,null,OS,0.41,OK,13.02,OK,-0.99,BDL
2024-02-26 22:00:00,1.15,OK,null,OS,null,OS,0.68,OK,24.6,OK,-1.33,BDL
2024-02-26 23:00:00,1.53,OK,null,OS,null,OS,0.71,OK,26.98,OK,5.02,OK
2024-02-27 00:00:00,2.71,OK,null,OS,null,OS,0.31,OK,25.53,OK,9.81,OK
2024-02-27 01:00:00,16.98,OK,null,OS,null,OS,0.21,OK,17.73,OK,10.79,OK
2024-02-27 02:00:00,27.55,OK,null,OS,null,OS,0.16,OK,10.07,OK,3.32,BDL
2024-02-27 03:00:00,31.34,OK,null,OS,null,OS,0.15,OK,5.42,OK,-0.1,BDL
2024-02-27 04:00:00,13.06,OK,null,OS,null,OS,0.29,OK,10.39,OK,4.27,OK
2024-02-27 05:00:00,6.4,OK,null,OS,null,OS,0.46,OK,21.92,OK,22.75,OK
2024-02-27 06:00:00,0.49,BDL,null,OS,null,OS,1.1,OK,35.6,OK,24.6,OK
2024-02-27 07:00:00,2.58,OK,null,OS,null,OS,1.23,OK,69.87,OK,25.5,OK
2024-02-27 08:00:00,13.93,OK,null,OS,null,OS,0.64,OK,33.7,OK,10.69,OK
2024-02-27 09:00:00,12.96,OK,null,OS,null,OS,0.53,OK,27.72,OK,14.29,OK
2024-02-27 10:00:00,19.23,OK,null,OS,null,OS,0.41,OK,21.54,OK,12.14,OK
2024-02-27 11:00:00,31.04,OK,null,OS,null,OS,0.33,OK,17.06,OK,11.2,OK
2024-02-27 12:00:00,25.42,OK,null,OS,null,OS,0.41,OK,13.91,OK,16.01,OK
2024-02-27 13:00:00,19.37,OK,null,OS,null,OS,0.49,OK,20.55,OK,14.17,OK
2024-02-27 14:00:00,10.37,OK,null,OS,null,OS,0.53,OK,16.6,OK,16.94,OK
2024-02-27 15:00:00,2.09,OK,null,OS,null,OS,0.9,OK,13.08,OK,3.77,BDL
2024-02-27 16:00:00,1.42,OK,null,OS,null,OS,0.83,OK,17.38,OK,8.05,OK
2024-02-27 17:00:00,0.2,BDL,null,OS,null,OS,0.93,OK,10.62,OK,16.37,OK
2024-02-27 18:00:00,-0.11,BDL,null,OS,null,OS,1.43,OK,20.94,OK,15.68,OK
2024-02-27 19:00:00,-0.04,BDL,null,OS,null,OS,1.51,OK,23.89,OK,32.17,OK
2024-02-27 20:00:00,-0.1,BDL,null,OS,null,OS,1.67,OK,20.88,OK,25.84,OK
2024-02-27 21:00:00,9.4,OK,null,OS,null,OS,0.44,OK,24.24,OK,12.98,OK
2024-02-27 22:00:00,18.37,OK,null,OS,null,OS,0.18,OK,14.03,OK,12.69,OK
2024-02-27 23:00:00,13.28,OK,null,OS,null,OS,0.24,OK,4.82,OK,7.55,OK
2024-02-28 00:00:00,8.81,OK,null,OS,null,OS,0.28,OK,-4.36,OR,4.15,OK
2024-02-28 01:00:00,2.9,OK,null,OS,null,OS,0.34,OK,3.86,BDL,1.91,BDL
2024-02-28 02:00:00,4.14,OK,null,OS,null,OS,0.28,OK,11.75,OK,7.82,OK
2024-02-28 03:00:00,7.66,OK,null,OS,null,OS,0.24,OK,14.03,OK,14.52,OK
2024-02-28 04:00:00,1.58,OK,null,OS,null,OS,0.4,OK,-1.34,BDL,10.39,OK
2024-02-28 05:00:00,-0.05,BDL,null,OS,null,OS,0.55,OK,3.81,BDL,-16.66,OR
2024-02-28 06:00:00,0.08,BDL,null,OS,null,OS,0.99,OK,20.73,OK,3.27,BDL
2024-02-28 07:00:00,2.27,OK,null,OS,null,OS,0.56,OK,14.53,OK,16.67,OK
2024-02-28 08:00:00,8.48,OK,null,OS,null,OS,0.47,OK,12.1,OK,0.34,BDL
2024-02-28 09:00:00,22.12,OK,null,OS,null,OS,0.3,OK,2.66,BDL,-0.33,BDL
2024-02-28 10:00:00,31.04,OK,null,OS,null,OS,0.24,OK,-6.3,OR,1.93,BDL
2024-02-28 11:00:00,37.42,OK,null,OS,null,OS,0.23,OK,3.13,BDL,1.45,BDL
2024-02-28 12:00:00,36.32,OK,null,OS,null,OS,0.25,OK,4.93,OK,1.63,BDL
2024-02-28 13:00:00,35.24,OK,null,OS,null,OS,0.25,OK,3.54,BDL,3.45,BDL
2024-02-28 14:00:00,36.15,OK,null,OS,null,OS,0.24,OK,9.66,OK,4.55,OK
2024-02-28 15:00:00,34.73,OK,null,OS,null,OS,0.24,OK,9.04,OK,4.89,OK
2024-02-28 16:00:00,31.59,OK,null,OS,null,OS,0.27,OK,10.48,OK,4.94,OK
2024-02-28 17:00:00,24.4,OK,null,OS,null,OS,0.34,OK,10.28,OK,9.33,OK
2024-02-28 18:00:00,15.88,OK,null,OS,null,OS,0.43,OK,12.84,OK,7.94,OK
2024-02-28 19:00:00,14.07,OK,null,OS,null,OS,0.39,OK,18.16,OK,-0.55,BDL
2024-02-28 20:00:00,12.25,OK,null,OS,null,OS,0.33,OK,15.85,OK,-0.34,BDL
2024-02-28 21:00:00,8.89,OK,null,OS,null,OS,0.34,OK,13.37,OK,-0.81,BDL
2024-02-28 22:00:00,5.45,OK,null,OS,null,OS,0.36,OK,20.65,OK,2.74,BDL
2024-02-28 23:00:00,1.92,OK,null,OS,null,OS,0.45,OK,16.53,OK,9.22,OK
2024-02-29 00:00:00,4.93,OK,null,OS,null,OS,0.37,OK,11.43,OK,4.92,OK
2024-02-29 01:00:00,4.42,OK,null,OS,null,OS,0.29,OK,8.15,OK,6.65,OK
