Red Universitaria de Observatorios Atmosfericos (RUOA)
Atmospheric Observatory Hermosillo (erno), Sonora
Lat 29.0814 N, Lon 110.9706 W, Alt 154 masl
Time UTC-7h
Air Quality data
Flags: OK = Reliable data, BDL = Below Detection Limit, OR = Out of Range, OS = Out of Service 
 
Time,O3,O3_flag,SO2,SO2_flag,NO2,NO2_flag,NO,NO_flag,CO,CO_flag,PM10,PM10_flag,PM2.5,PM2.5_flag
yyyy-mm-dd HH:MM:SS,ppb,flag,ppb,flag,ppb,flag,ppb,flag,ppm,flag,ug/m^3,flag,ug/m^3,flag
2024-07-01 00:00:00,7.23,OK,0.03,BDL,null,OS,null,OS,0.08,OK,0.0,BDL,6.71,OK
2024-07-01 01:00:00,7.49,OK,0.0,BDL,null,OS,null,OS,0.07,OK,0.0,BDL,6.13,OK
2024-07-01 02:00:00,6.45,OK,0.01,BDL,null,OS,null,OS,0.08,OK,0.0,BDL,9.35,OK
2024-07-01 03:00:00,6.28,OK,-0.01,BDL,null,OS,null,OS,0.07,OK,0.0,BDL,11.37,OK
2024-07-01 04:00:00,4.78,OK,0.04,BDL,null,OS,null,OS,0.09,OK,0.0,BDL,12.43,OK
2024-07-01 05:00:00,4.06,OK,0.0,BDL,null,OS,null,OS,0.16,OK,0.0,BDL,6.0,OK
2024-07-01 06:00:00,6.49,OK,0.05,BDL,null,OS,null,OS,0.22,OK,0.0,BDL,7.59,OK
2024-07-01 07:00:00,8.87,OK,0.07,BDL,null,OS,null,OS,0.21,OK,0.0,BDL,0.38,BDL
2024-07-01 08:00:00,10.47,OK,0.05,BDL,null,OS,null,OS,0.18,OK,0.0,BDL,2.44,BDL
2024-07-01 09:00:00,16.41,OK,-0.01,BDL,null,OS,null,OS,0.16,OK,0.0,BDL,2.02,BDL
2024-07-01 10:00:00,22.76,OK,0.05,BDL,null,OS,null,OS,0.13,OK,0.0,BDL,12.24,OK
2024-07-01 11:00:00,23.99,OK,0.01,BDL,null,OS,null,OS,0.15,OK,0.0,BDL,13.35,OK
2024-07-01 12:00:00,29.43,OK,0.01,BDL,null,OS,null,OS,0.11,OK,0.0,BDL,21.56,OK
2024-07-01 13:00:00,28.47,OK,-0.02,BDL,null,OS,null,OS,0.11,OK,0.0,BDL,6.9,OK
2024-07-01 14:00:00,27.08,OK,-0.01,BDL,null,OS,null,OS,0.12,OK,0.0,BDL,4.25,OK
2024-07-01 15:00:00,20.05,OK,0.02,BDL,null,OS,null,OS,0.14,OK,0.0,BDL,22.28,OK
2024-07-01 16:00:00,16.3,OK,-0.02,BDL,null,OS,null,OS,0.17,OK,0.0,BDL,16.07,OK
2024-07-01 17:00:00,12.9,OK,0.03,BDL,null,OS,null,OS,0.2,OK,0.0,BDL,7.62,OK
2024-07-01 18:00:00,10.02,OK,0.0,BDL,null,OS,null,OS,0.17,OK,0.0,BDL,13.44,OK
2024-07-01 19:00:00,7.38,OK,0.05,BDL,null,OS,null,OS,0.13,OK,0.0,BDL,4.52,OK
2024-07-01 20:00:00,8.32,OK,0.0,BDL,null,OS,null,OS,0.11,OK,0.0,BDL,3.32,BDL
2024-07-01 21:00:00,7.14,OK,0.0,BDL,null,OS,null,OS,0.11,OK,0.0,BDL,5.49,OK
2024-07-01 22:00:00,5.58,OK,0.03,BDL,null,OS,null,OS,0.09,OK,0.0,BDL,11.03,OK
2024-07-01 23:00:00,8.28,OK,0.05,BDL,null,OS,null,OS,0.07,OK,0.0,BDL,8.94,OK
2024-07-02 00:00:00,13.38,OK,-0.01,BDL,null,OS,null,OS,0.03,BDL,0.0,BDL,-2.37,BDL
2024-07-02 01:00:00,10.7,OK,0.02,BDL,null,OS,null,OS,0.07,OK,0.0,BDL,1.19,BDL
2024-07-02 02:00:00,10.75,OK,0.04,BDL,null,OS,null,OS,0.04,OK,0.0,BDL,2.84,BDL
2024-07-02 03:00:00,12.11,OK,0.01,BDL,null,OS,null,OS,0.07,OK,0.0,BDL,3.71,BDL
2024-07-02 04:00:00,8.71,OK,0.04,BDL,null,OS,null,OS,0.08,OK,0.0,BDL,6.24,OK
2024-07-02 05:00:00,8.16,OK,0.12,BDL,null,OS,null,OS,0.11,OK,0.0,BDL,5.22,OK
2024-07-02 06:00:00,9.23,OK,0.06,BDL,null,OS,null,OS,0.14,OK,0.0,BDL,0.75,BDL
2024-07-02 07:00:00,21.07,OK,0.02,BDL,null,OS,null,OS,0.13,OK,0.0,BDL,0.94,BDL
2024-07-02 08:00:00,23.67,OK,0.03,BDL,null,OS,null,OS,0.12,OK,0.0,BDL,4.22,OK
2024-07-02 09:00:00,30.15,OK,0.02,BDL,null,OS,null,OS,0.12,OK,0.0,BDL,12.16,OK
2024-07-02 10:00:00,27.93,OK,0.01,BDL,null,OS,null,OS,0.1,OK,0.0,BDL,18.25,OK
2024-07-02 11:00:00,28.22,OK,-0.03,BDL,null,OS,null,OS,0.1,OK,0.0,BDL,15.02,OK
2024-07-02 12:00:00,29.37,OK,-0.01,BDL,null,OS,null,OS,0.09,OK,0.0,BDL,15.1,OK
2024-07-02 13:00:00,25.52,OK,0.04,BDL,null,OS,null,OS,0.11,OK,0.0,BDL,16.96,OK
2024-07-02 14:00:00,22.29,OK,0.0,BDL,null,OS,null,OS,0.13,OK,0.0,BDL,17.87,OK
2024-07-02 15:00:00,13.61,OK,0.03,BDL,null,OS,null,OS,0.09,OK,0.0,BDL,22.42,OK
2024-07-02 16:00:00,10.66,OK,0.06,BDL,null,OS,null,OS,0.09,OK,0.0,BDL,11.06,OK
2024-07-02 17:00:00,8.69,OK,0.03,BDL,null,OS,null,OS,0.08,OK,0.0,BDL,9.95,OK
2024-07-02 18:00:00,10.35,OK,0.1,BDL,null,OS,null,OS,0.11,OK,0.0,BDL,6.31,OK
2024-07-02 19:00:00,26.51,OK,0.06,BDL,null,OS,null,OS,0.04,OK,0.0,BDL,4.94,OK
2024-07-02 20:00:00,29.64,OK,0.02,BDL,null,OS,null,OS,0.01,BDL,0.0,BDL,38.07,OK
2024-07-02 21:00:00,32.02,OK,-0.01,BDL,null,OS,null,OS,0.01,BDL,0.0,BDL,2.52,BDL
2024-07-02 22:00:00,31.52,OK,-0.02,BDL,null,OS,null,OS,-0.01,BDL,0.0,BDL,-1.62,BDL
2024-07-02 23:00:00,26.9,OK,0.05,BDL,null,OS,null,OS,-0.01,BDL,0.0,BDL,-3.26,BDL
2024-07-03 00:00:00,23.48,OK,0.01,BDL,null,OS,null,OS,-0.02,BDL,0.0,BDL,-2.47,BDL
2024-07-03 01:00:00,24.01,OK,0.03,BDL,null,OS,null,OS,-0.02,BDL,0.0,BDL,0.45,BDL
2024-07-03 02:00:00,21.42,OK,0.02,BDL,null,OS,null,OS,-0.02,BDL,0.0,BDL,1.19,BDL
2024-07-03 03:00:00,22.96,OK,0.04,BDL,null,OS,null,OS,-0.02,BDL,0.0,BDL,2.75,BDL
2024-07-03 04:00:00,19.79,OK,0.03,BDL,null,OS,null,OS,-0.01,BDL,0.0,BDL,0.69,BDL
2024-07-03 05:00:00,17.14,OK,0.03,BDL,null,OS,null,OS,0.01,BDL,0.0,BDL,0.48,BDL
2024-07-03 06:00:00,17.81,OK,0.05,BDL,null,OS,null,OS,0.04,OK,0.0,BDL,0.75,BDL
2024-07-03 07:00:00,13.44,OK,0.05,BDL,null,OS,null,OS,0.13,OK,0.0,BDL,0.93,BDL
2024-07-03 08:00:00,15.21,OK,0.08,BDL,null,OS,null,OS,0.14,OK,0.0,BDL,14.91,OK
2024-07-03 09:00:00,19.21,OK,0.04,BDL,null,OS,null,OS,0.09,OK,0.0,BDL,4.44,OK
2024-07-03 10:00:00,21.22,OK,0.04,BDL,null,OS,null,OS,0.11,OK,0.0,BDL,7.25,OK
2024-07-03 11:00:00,18.75,OK,-0.02,BDL,null,OS,null,OS,0.1,OK,0.0,BDL,16.89,OK
2024-07-03 12:00:00,24.36,OK,0.03,BDL,null,OS,null,OS,0.1,OK,0.0,BDL,12.33,OK
2024-07-03 13:00:00,24.58,OK,0.03,BDL,null,OS,null,OS,0.1,OK,0.0,BDL,13.11,OK
2024-07-03 14:00:00,22.33,OK,0.0,BDL,null,OS,null,OS,0.11,OK,0.0,BDL,18.92,OK
2024-07-03 15:00:00,18.26,OK,0.03,BDL,null,OS,null,OS,0.13,OK,0.0,BDL,25.13,OK
2024-07-03 16:00:00,17.22,OK,0.03,BDL,null,OS,null,OS,0.12,OK,0.0,BDL,4.75,OK
2024-07-03 17:00:00,12.32,OK,0.07,BDL,null,OS,null,OS,0.13,OK,0.0,BDL,22.09,OK
2024-07-03 18:00:00,8.97,OK,0.06,BDL,null,OS,null,OS,0.1,OK,0.0,BDL,11.33,OK
2024-07-03 19:00:00,7.57,OK,0.09,BDL,null,OS,null,OS,0.13,OK,0.0,BDL,19.88,OK
2024-07-03 20:00:00,16.84,OK,0.01,BDL,null,OS,null,OS,0.07,OK,0.0,BDL,-10.39,OR
2024-07-03 21:00:00,17.88,OK,0.07,BDL,null,OS,null,OS,0.05,OK,0.0,BDL,-9.96,OR
2024-07-03 22:00:00,30.08,OK,0.05,BDL,null,OS,null,OS,0.03,BDL,0.0,BDL,5.02,OK
2024-07-03 23:00:00,18.76,OK,0.02,BDL,null,OS,null,OS,0.02,BDL,0.0,BDL,3.28,BDL
2024-07-04 00:00:00,27.15,OK,0.05,BDL,null,OS,null,OS,-0.01,BDL,0.0,BDL,0.32,BDL
2024-07-04 01:00:00,26.27,OK,-0.01,BDL,null,OS,null,OS,-0.01,BDL,0.0,BDL,3.3,BDL
2024-07-04 02:00:00,23.0,OK,0.03,BDL,null,OS,null,OS,-0.01,BDL,0.0,BDL,14.75,OK
2024-07-04 03:00:00,19.94,OK,0.03,BDL,null,OS,null,OS,-0.02,BDL,0.0,BDL,7.5,OK
2024-07-04 04:00:00,19.21,OK,0.02,BDL,null,OS,null,OS,-0.01,BDL,0.0,BDL,6.57,OK
2024-07-04 05:00:00,16.5,OK,0.03,BDL,null,OS,null,OS,0.02,BDL,0.0,BDL,10.86,OK
2024-07-04 06:00:00,15.35,OK,0.03,BDL,null,OS,null,OS,0.04,OK,0.0,BDL,2.61,BDL
2024-07-04 07:00:00,19.12,OK,0.03,BDL,null,OS,null,OS,0.06,OK,0.0,BDL,-14.77,OR
2024-07-04 08:00:00,18.13,OK,0.05,BDL,null,OS,null,OS,0.04,OK,0.0,BDL,-12.21,OR
2024-07-04 09:00:00,20.32,OK,0.07,BDL,null,OS,null,OS,0.12,OK,0.0,BDL,-9.47,OR
2024-07-04 10:00:00,25.08,OK,0.03,BDL,null,OS,null,OS,0.14,OK,0.0,BDL,-1.62,BDL
2024-07-04 11:00:00,22.54,OK,0.08,BDL,null,OS,null,OS,0.07,OK,0.0,BDL,13.92,OK
2024-07-04 12:00:00,18.18,OK,0.05,BDL,null,OS,null,OS,0.1,OK,0.0,BDL,8.28,OK
2024-07-04 13:00:00,21.38,OK,0.02,BDL,null,OS,null,OS,0.1,OK,0.0,BDL,7.15,OK
2024-07-04 14:00:00,21.74,OK,0.1,BDL,null,OS,null,OS,0.11,OK,0.0,BDL,10.39,OK
2024-07-04 15:00:00,20.35,OK,0.05,BDL,null,OS,null,OS,0.1,OK,0.0,BDL,18.44,OK
2024-07-04 16:00:00,20.2,OK,0.06,BDL,null,OS,null,OS,0.13,OK,0.0,BDL,7.77,OK
2024-07-04 17:00:00,15.69,OK,0.11,BDL,null,OS,null,OS,0.11,OK,0.0,BDL,9.82,OK
2024-07-04 18:00:00,12.77,OK,0.03,BDL,null,OS,null,OS,0.09,OK,0.0,BDL,2.92,BDL
2024-07-04 19:00:00,12.79,OK,0.05,BDL,null,OS,null,OS,0.07,OK,0.0,BDL,3.67,BDL
2024-07-04 20:00:00,13.67,OK,0.07,BDL,null,OS,null,OS,0.1,OK,0.0,BDL,4.07,OK
2024-07-04 21:00:00,10.89,OK,0.06,BDL,null,OS,null,OS,0.07,OK,0.0,BDL,-1.16,BDL
2024-07-04 22:00:00,13.08,OK,0.08,BDL,null,OS,null,OS,0.05,OK,0.0,BDL,0.55,BDL
2024-07-04 23:00:00,16.29,OK,0.07,BDL,null,OS,null,OS,0.05,OK,0.0,BDL,7.25,OK
2024-07-05 00:00:00,16.8,OK,0.07,BDL,null,OS,null,OS,0.02,BDL,0.0,BDL,2.57,BDL
2024-07-05 01:00:00,19.54,OK,0.06,BDL,null,OS,null,OS,-0.01,BDL,0.0,BDL,1.69,BDL
2024-07-05 02:00:00,19.57,OK,0.1,BDL,null,OS,null,OS,-0.04,BDL,0.0,BDL,-0.27,BDL
2024-07-05 03:00:00,19.33,OK,0.06,BDL,null,OS,null,OS,-0.04,BDL,0.0,BDL,-1.51,BDL
2024-07-05 04:00:00,19.46,OK,0.06,BDL,null,OS,null,OS,-0.04,BDL,0.0,BDL,0.39,BDL
2024-07-05 05:00:00,18.79,OK,0.1,BDL,null,OS,null,OS,-0.03,BDL,0.0,BDL,1.63,BDL
2024-07-05 06:00:00,15.33,OK,0.07,BDL,null,OS,null,OS,0.02,BDL,0.0,BDL,-0.44,BDL
2024-07-05 07:00:00,11.8,OK,0.08,BDL,null,OS,null,OS,0.1,OK,0.0,BDL,-2.73,BDL
2024-07-05 08:00:00,12.27,OK,0.09,BDL,null,OS,null,OS,0.19,OK,0.0,BDL,1.53,BDL
2024-07-05 09:00:00,19.01,OK,0.07,BDL,null,OS,null,OS,0.15,OK,0.0,BDL,20.01,OK
2024-07-05 10:00:00,22.64,OK,0.11,BDL,null,OS,null,OS,0.07,OK,0.0,BDL,23.58,OK
2024-07-05 11:00:00,27.48,OK,0.05,BDL,null,OS,null,OS,0.05,OK,0.0,BDL,17.6,OK
2024-07-05 12:00:00,26.8,OK,0.07,BDL,null,OS,null,OS,0.08,OK,0.0,BDL,17.0,OK
2024-07-05 13:00:00,28.39,OK,0.03,BDL,null,OS,null,OS,0.04,OK,0.0,BDL,10.53,OK
2024-07-05 14:00:00,24.94,OK,0.05,BDL,null,OS,null,OS,0.07,OK,0.0,BDL,11.43,OK
2024-07-05 15:00:00,21.64,OK,0.08,BDL,null,OS,null,OS,0.05,OK,0.0,BDL,27.64,OK
2024-07-05 16:00:00,16.84,OK,0.09,BDL,null,OS,null,OS,0.06,OK,0.0,BDL,15.61,OK
2024-07-05 17:00:00,14.56,OK,0.08,BDL,null,OS,null,OS,0.07,OK,0.0,BDL,3.72,BDL
2024-07-05 18:00:00,16.13,OK,0.1,BDL,null,OS,null,OS,0.1,OK,0.0,BDL,-0.85,BDL
2024-07-05 19:00:00,22.98,OK,0.11,BDL,null,OS,null,OS,0.03,BDL,0.0,BDL,15.6,OK
2024-07-05 20:00:00,38.99,OK,0.03,BDL,null,OS,null,OS,-0.02,BDL,0.0,BDL,25.47,OK
2024-07-05 21:00:00,46.43,OK,0.07,BDL,null,OS,null,OS,-0.06,OR,0.0,BDL,1.57,BDL
2024-07-05 22:00:00,49.86,OK,0.04,BDL,null,OS,null,OS,-0.08,OR,0.0,BDL,-8.38,OR
2024-07-05 23:00:00,45.97,OK,0.05,BDL,null,OS,null,OS,-0.07,OR,0.0,BDL,-6.95,OR
2024-07-06 00:00:00,33.72,OK,0.05,BDL,null,OS,null,OS,-0.05,OR,0.0,BDL,1.56,BDL
2024-07-06 01:00:00,29.29,OK,0.04,BDL,null,OS,null,OS,-0.04,BDL,0.0,BDL,4.1,OK
2024-07-06 02:00:00,27.94,OK,0.06,BDL,null,OS,null,OS,-0.04,BDL,0.0,BDL,3.99,BDL
2024-07-06 03:00:00,23.11,OK,0.02,BDL,null,OS,null,OS,-0.03,BDL,0.0,BDL,9.05,OK
2024-07-06 04:00:00,17.26,OK,0.02,BDL,null,OS,null,OS,-0.03,BDL,0.0,BDL,12.86,OK
2024-07-06 05:00:00,20.56,OK,0.03,BDL,null,OS,null,OS,-0.02,BDL,0.0,BDL,5.77,OK
2024-07-06 06:00:00,21.33,OK,0.05,BDL,null,OS,null,OS,-0.01,BDL,0.0,BDL,1.9,BDL
2024-07-06 07:00:00,19.87,OK,0.06,BDL,null,OS,null,OS,0.01,BDL,0.0,BDL,-1.6,BDL
2024-07-06 08:00:00,27.56,OK,0.03,BDL,null,OS,null,OS,0.01,BDL,0.0,BDL,-1.54,BDL
2024-07-06 09:00:00,23.88,OK,0.07,BDL,null,OS,null,OS,0.02,BDL,0.0,BDL,8.82,OK
2024-07-06 10:00:00,24.99,OK,0.09,BDL,null,OS,null,OS,0.06,OK,0.0,BDL,18.11,OK
2024-07-06 11:00:00,35.15,OK,0.06,BDL,null,OS,null,OS,0.07,OK,0.0,BDL,15.79,OK
2024-07-06 12:00:00,36.38,OK,0.05,BDL,null,OS,null,OS,0.06,OK,0.0,BDL,9.34,OK
2024-07-06 13:00:00,35.4,OK,0.06,BDL,null,OS,null,OS,0.05,OK,0.0,BDL,11.15,OK
2024-07-06 14:00:00,32.15,OK,0.04,BDL,null,OS,null,OS,0.07,OK,0.0,BDL,12.91,OK
2024-07-06 15:00:00,27.77,OK,0.02,BDL,null,OS,null,OS,0.06,OK,0.0,BDL,20.36,OK
2024-07-06 16:00:00,22.89,OK,0.02,BDL,null,OS,null,OS,0.05,OK,0.0,BDL,11.1,OK
2024-07-06 17:00:00,14.22,OK,0.1,BDL,null,OS,null,OS,0.02,BDL,0.0,BDL,2.81,BDL
2024-07-06 18:00:00,13.42,OK,0.05,BDL,null,OS,null,OS,0.03,BDL,0.0,BDL,12.77,OK
2024-07-06 19:00:00,14.04,OK,0.1,BDL,null,OS,null,OS,0.05,OK,0.0,BDL,6.51,OK
2024-07-06 20:00:00,14.89,OK,0.11,BDL,null,OS,null,OS,0.07,OK,0.0,BDL,-3.72,BDL
2024-07-06 21:00:00,18.68,OK,0.11,BDL,null,OS,null,OS,0.06,OK,0.0,BDL,-7.21,OR
2024-07-06 22:00:00,23.46,OK,0.13,BDL,null,OS,null,OS,0.02,BDL,0.0,BDL,-6.35,OR
2024-07-06 23:00:00,21.98,OK,0.06,BDL,null,OS,null,OS,-0.0,BDL,0.0,BDL,-1.83,BDL
2024-07-07 00:00:00,20.37,OK,0.01,BDL,null,OS,null,OS,-0.03,BDL,0.0,BDL,6.31,OK
2024-07-07 01:00:00,16.25,OK,0.05,BDL,null,OS,null,OS,-0.02,BDL,0.0,BDL,14.21,OK
2024-07-07 02:00:00,13.06,OK,0.06,BDL,null,OS,null,OS,-0.03,BDL,0.0,BDL,11.17,OK
2024-07-07 03:00:00,15.06,OK,0.0,BDL,null,OS,null,OS,-0.04,BDL,0.0,BDL,11.36,OK
2024-07-07 04:00:00,12.95,OK,0.05,BDL,null,OS,null,OS,-0.02,BDL,0.0,BDL,15.1,OK
2024-07-07 05:00:00,13.32,OK,0.11,BDL,null,OS,null,OS,-0.02,BDL,0.0,BDL,4.27,OK
2024-07-07 06:00:00,16.31,OK,0.05,BDL,null,OS,null,OS,-0.01,BDL,0.0,BDL,-5.65,OR
2024-07-07 07:00:00,20.26,OK,0.07,BDL,null,OS,null,OS,-0.01,BDL,0.0,BDL,-5.42,OR
2024-07-07 08:00:00,24.02,OK,0.02,BDL,null,OS,null,OS,-0.02,BDL,0.0,BDL,-1.27,BDL
2024-07-07 09:00:00,27.48,OK,0.01,BDL,null,OS,null,OS,-0.02,BDL,0.0,BDL,3.07,BDL
2024-07-07 10:00:00,28.87,OK,0.01,BDL,null,OS,null,OS,0.01,BDL,0.0,BDL,12.36,OK
2024-07-07 11:00:00,30.06,OK,0.08,BDL,null,OS,null,OS,0.01,BDL,0.0,BDL,10.09,OK
2024-07-07 12:00:00,24.61,OK,0.1,BDL,null,OS,null,OS,-0.01,BDL,0.0,BDL,16.38,OK
2024-07-07 13:00:00,24.23,OK,0.12,BDL,null,OS,null,OS,-0.02,BDL,0.0,BDL,7.54,OK
2024-07-07 14:00:00,23.52,OK,0.06,BDL,null,OS,null,OS,-0.01,BDL,0.0,BDL,17.23,OK
2024-07-07 15:00:00,21.8,OK,0.07,BDL,null,OS,null,OS,-0.01,BDL,0.0,BDL,11.55,OK
2024-07-07 16:00:00,14.99,OK,0.07,BDL,null,OS,null,OS,-0.01,BDL,0.0,BDL,9.15,OK
2024-07-07 17:00:00,14.08,OK,0.12,BDL,null,OS,null,OS,-0.01,BDL,0.0,BDL,10.87,OK
2024-07-07 18:00:00,12.88,OK,0.12,BDL,null,OS,null,OS,0.0,BDL,0.0,BDL,4.03,OK
2024-07-07 19:00:00,10.63,OK,0.08,BDL,null,OS,null,OS,0.02,BDL,0.0,BDL,3.7,BDL
2024-07-07 20:00:00,10.01,OK,0.12,BDL,null,OS,null,OS,0.01,BDL,0.0,BDL,0.01,BDL
2024-07-07 21:00:00,8.06,OK,0.06,BDL,null,OS,null,OS,0.02,BDL,0.0,BDL,-0.76,BDL
2024-07-07 22:00:00,10.54,OK,0.11,BDL,null,OS,null,OS,0.02,BDL,0.0,BDL,5.74,OK
2024-07-07 23:00:00,14.84,OK,0.11,BDL,null,OS,null,OS,-0.05,OR,0.0,BDL,3.52,BDL
2024-07-08 00:00:00,12.43,OK,0.09,BDL,null,OS,null,OS,-0.04,BDL,0.0,BDL,2.23,BDL
2024-07-08 01:00:00,12.36,OK,0.03,BDL,null,OS,null,OS,-0.06,OR,0.0,BDL,7.72,OK
2024-07-08 02:00:00,11.28,OK,0.07,BDL,null,OS,null,OS,-0.06,OR,0.0,BDL,10.07,OK
2024-07-08 03:00:00,14.38,OK,0.06,BDL,null,OS,null,OS,-0.05,OR,0.0,BDL,18.04,OK
2024-07-08 04:00:00,12.15,OK,0.09,BDL,null,OS,null,OS,-0.04,BDL,0.0,BDL,2.39,BDL
2024-07-08 05:00:00,12.36,OK,0.05,BDL,null,OS,null,OS,-0.01,BDL,0.0,BDL,5.58,OK
2024-07-08 06:00:00,14.95,OK,0.11,BDL,null,OS,null,OS,-0.0,BDL,0.0,BDL,-13.54,OR
2024-07-08 07:00:00,17.99,OK,0.07,BDL,null,OS,null,OS,0.01,BDL,0.0,BDL,-13.82,OR
2024-07-08 08:00:00,20.79,OK,0.09,BDL,null,OS,null,OS,-0.01,BDL,0.0,BDL,0.56,BDL
2024-07-08 09:00:00,23.35,OK,0.12,BDL,null,OS,null,OS,-0.0,BDL,0.0,BDL,12.48,OK
2024-07-08 10:00:00,24.61,OK,0.12,BDL,null,OS,null,OS,-0.02,BDL,0.0,BDL,13.36,OK
2024-07-08 11:00:00,24.3,OK,0.11,BDL,null,OS,null,OS,-0.0,BDL,0.0,BDL,17.17,OK
2024-07-08 12:00:00,23.47,OK,0.11,BDL,null,OS,null,OS,-0.02,BDL,0.0,BDL,7.64,OK
2024-07-08 13:00:00,22.91,OK,0.08,BDL,null,OS,null,OS,-0.02,BDL,0.0,BDL,15.3,OK
2024-07-08 14:00:00,20.1,OK,0.14,BDL,null,OS,null,OS,0.01,BDL,0.0,BDL,17.78,OK
2024-07-08 15:00:00,21.02,OK,0.1,BDL,null,OS,null,OS,0.02,BDL,0.0,BDL,14.88,OK
2024-07-08 16:00:00,16.55,OK,0.11,BDL,null,OS,null,OS,0.02,BDL,0.0,BDL,16.45,OK
2024-07-08 17:00:00,12.74,OK,0.16,BDL,null,OS,null,OS,0.04,OK,0.0,BDL,9.64,OK
2024-07-08 18:00:00,11.44,OK,0.12,BDL,null,OS,null,OS,0.03,BDL,0.0,BDL,4.65,OK
2024-07-08 19:00:00,10.02,OK,0.17,BDL,null,OS,null,OS,0.02,BDL,0.0,BDL,1.32,BDL
2024-07-08 20:00:00,15.43,OK,0.13,BDL,null,OS,null,OS,0.05,OK,0.0,BDL,-0.37,BDL
2024-07-08 21:00:00,17.97,OK,0.13,BDL,null,OS,null,OS,0.02,BDL,0.0,BDL,1.61,BDL
2024-07-08 22:00:00,17.13,OK,0.23,BDL,null,OS,null,OS,-0.03,BDL,0.0,BDL,6.94,OK
2024-07-08 23:00:00,19.41,OK,0.12,BDL,null,OS,null,OS,-0.05,OR,0.0,BDL,3.79,BDL
2024-07-09 00:00:00,19.15,OK,0.08,BDL,null,OS,null,OS,-0.07,OR,0.0,BDL,3.29,BDL
2024-07-09 01:00:00,10.86,OK,0.15,BDL,null,OS,null,OS,-0.07,OR,0.0,BDL,5.51,OK
2024-07-09 02:00:00,13.34,OK,0.08,BDL,null,OS,null,OS,-0.09,OR,0.0,BDL,5.32,OK
2024-07-09 03:00:00,16.07,OK,0.11,BDL,null,OS,null,OS,-0.1,OR,0.0,BDL,2.5,BDL
2024-07-09 04:00:00,9.7,OK,0.12,BDL,null,OS,null,OS,-0.07,OR,0.0,BDL,4.52,OK
2024-07-09 05:00:00,14.45,OK,0.07,BDL,null,OS,null,OS,-0.04,BDL,0.0,BDL,7.46,OK
2024-07-09 06:00:00,16.43,OK,0.16,BDL,null,OS,null,OS,0.02,BDL,0.0,BDL,-2.66,BDL
2024-07-09 07:00:00,21.18,OK,0.14,BDL,null,OS,null,OS,0.01,BDL,0.0,BDL,2.57,BDL
2024-07-09 08:00:00,26.45,OK,0.13,BDL,null,OS,null,OS,-0.01,BDL,0.0,BDL,12.47,OK
2024-07-09 09:00:00,27.85,OK,0.09,BDL,null,OS,null,OS,0.01,BDL,0.0,BDL,15.44,OK
2024-07-09 10:00:00,36.4,OK,0.1,BDL,null,OS,null,OS,-0.01,BDL,0.0,BDL,14.39,OK
2024-07-09 11:00:00,32.7,OK,0.14,BDL,null,OS,null,OS,-0.0,BDL,0.0,BDL,19.37,OK
2024-07-09 12:00:00,27.41,OK,0.15,BDL,null,OS,null,OS,-0.0,BDL,0.0,BDL,21.96,OK
2024-07-09 13:00:00,30.55,OK,0.12,BDL,null,OS,null,OS,0.01,BDL,0.0,BDL,17.58,OK
2024-07-09 14:00:00,30.16,OK,0.13,BDL,null,OS,null,OS,-0.01,BDL,0.0,BDL,22.01,OK
2024-07-09 15:00:00,18.3,OK,0.17,BDL,null,OS,null,OS,0.03,BDL,0.0,BDL,26.56,OK
2024-07-09 16:00:00,15.93,OK,0.1,BDL,null,OS,null,OS,0.04,OK,0.0,BDL,19.4,OK
2024-07-09 17:00:00,14.72,OK,0.1,BDL,null,OS,null,OS,0.07,OK,0.0,BDL,12.05,OK
2024-07-09 18:00:00,15.78,OK,0.11,BDL,null,OS,null,OS,0.1,OK,0.0,BDL,9.98,OK
2024-07-09 19:00:00,34.12,OK,0.07,BDL,null,OS,null,OS,-0.03,BDL,0.0,BDL,1.16,BDL
2024-07-09 20:00:00,41.51,OK,0.08,BDL,null,OS,null,OS,-0.04,BDL,0.0,BDL,-6.83,OR
2024-07-09 21:00:00,39.02,OK,0.16,BDL,null,OS,null,OS,-0.05,OR,0.0,BDL,-3.32,BDL
2024-07-09 22:00:00,36.56,OK,0.12,BDL,null,OS,null,OS,-0.06,OR,0.0,BDL,3.79,BDL
2024-07-09 23:00:00,33.53,OK,0.14,BDL,null,OS,null,OS,-0.05,OR,0.0,BDL,6.26,OK
2024-07-10 00:00:00,33.89,OK,0.09,BDL,null,OS,null,OS,-0.07,OR,0.0,BDL,4.29,OK
2024-07-10 01:00:00,25.05,OK,0.1,BDL,null,OS,null,OS,-0.08,OR,0.0,BDL,5.11,OK
2024-07-10 02:00:00,21.26,OK,0.13,BDL,null,OS,null,OS,-0.06,OR,0.0,BDL,7.98,OK
2024-07-10 03:00:00,21.15,OK,0.1,BDL,null,OS,null,OS,-0.03,BDL,0.0,BDL,9.13,OK
2024-07-10 04:00:00,15.55,OK,0.15,BDL,null,OS,null,OS,-0.03,BDL,0.0,BDL,11.55,OK
2024-07-10 05:00:00,15.84,OK,0.16,BDL,null,OS,null,OS,-0.0,BDL,0.0,BDL,7.47,OK
2024-07-10 06:00:00,20.33,OK,0.16,BDL,null,OS,null,OS,0.05,OK,0.0,BDL,8.24,OK
2024-07-10 07:00:00,24.99,OK,0.13,BDL,null,OS,null,OS,0.03,BDL,0.0,BDL,12.51,OK
2024-07-10 08:00:00,33.97,OK,0.07,BDL,null,OS,null,OS,-0.02,BDL,0.0,BDL,16.36,OK
2024-07-10 09:00:00,32.18,OK,0.09,BDL,null,OS,null,OS,0.03,BDL,0.0,BDL,19.71,OK
2024-07-10 10:00:00,39.63,OK,0.1,BDL,null,OS,null,OS,0.01,BDL,0.0,BDL,18.97,OK
2024-07-10 11:00:00,39.44,OK,0.1,BDL,null,OS,null,OS,0.03,BDL,0.0,BDL,18.79,OK
2024-07-10 12:00:00,38.78,OK,0.12,BDL,null,OS,null,OS,-0.0,BDL,0.0,BDL,16.8,OK
2024-07-10 13:00:00,37.77,OK,0.12,BDL,null,OS,null,OS,0.0,BDL,0.0,BDL,16.6,OK
2024-07-10 14:00:00,32.6,OK,0.11,BDL,null,OS,null,OS,-0.0,BDL,0.0,BDL,23.23,OK
2024-07-10 15:00:00,25.54,OK,0.12,BDL,null,OS,null,OS,0.03,BDL,0.0,BDL,25.5,OK
2024-07-10 16:00:00,15.18,OK,0.17,BDL,null,OS,null,OS,0.03,BDL,0.0,BDL,22.05,OK
2024-07-10 17:00:00,12.35,OK,0.1,BDL,null,OS,null,OS,0.04,OK,0.0,BDL,7.7,OK
2024-07-10 18:00:00,7.8,OK,0.15,BDL,null,OS,null,OS,0.01,BDL,0.0,BDL,4.53,OK
2024-07-10 19:00:00,8.81,OK,0.14,BDL,null,OS,null,OS,0.02,BDL,0.0,BDL,5.9,OK
2024-07-10 20:00:00,9.33,OK,0.17,BDL,null,OS,null,OS,0.04,OK,0.0,BDL,2.0,BDL
2024-07-10 21:00:00,8.68,OK,0.23,BDL,null,OS,null,OS,-0.02,BDL,0.0,BDL,-0.71,BDL
2024-07-10 22:00:00,32.75,OK,0.15,BDL,null,OS,null,OS,-0.05,OR,0.0,BDL,1.86,BDL
2024-07-10 23:00:00,34.11,OK,0.09,BDL,null,OS,null,OS,-0.08,OR,0.0,BDL,8.0,OK
2024-07-11 00:00:00,19.49,OK,0.16,BDL,null,OS,null,OS,-0.05,OR,0.0,BDL,2.52,BDL
2024-07-11 01:00:00,14.77,OK,0.16,BDL,null,OS,null,OS,-0.06,OR,0.0,BDL,-1.74,BDL
2024-07-11 02:00:00,29.18,OK,0.13,BDL,null,OS,null,OS,-0.09,OR,0.0,BDL,2.46,BDL
2024-07-11 03:00:00,28.37,OK,0.1,BDL,null,OS,null,OS,-0.09,OR,0.0,BDL,4.06,OK
2024-07-11 04:00:00,23.06,OK,0.07,BDL,null,OS,null,OS,-0.06,OR,0.0,BDL,5.76,OK
2024-07-11 05:00:00,11.58,OK,0.15,BDL,null,OS,null,OS,0.07,OK,0.0,BDL,6.11,OK
2024-07-11 06:00:00,17.58,OK,0.14,BDL,null,OS,null,OS,0.02,BDL,0.0,BDL,1.57,BDL
2024-07-11 07:00:00,15.85,OK,0.14,BDL,null,OS,null,OS,0.04,OK,0.0,BDL,9.25,OK
2024-07-11 08:00:00,19.48,OK,0.15,BDL,null,OS,null,OS,0.07,OK,0.0,BDL,15.96,OK
2024-07-11 09:00:00,29.67,OK,0.12,BDL,null,OS,null,OS,0.04,OK,0.0,BDL,16.79,OK
2024-07-11 10:00:00,30.91,OK,0.12,BDL,null,OS,null,OS,0.01,BDL,0.0,BDL,23.57,OK
2024-07-11 11:00:00,33.09,OK,0.12,BDL,null,OS,null,OS,-0.0,BDL,0.0,BDL,6.37,OK
2024-07-11 12:00:00,32.12,OK,0.17,BDL,null,OS,null,OS,0.01,BDL,0.0,BDL,21.29,OK
2024-07-11 13:00:00,24.74,OK,0.2,BDL,null,OS,null,OS,0.05,OK,0.0,BDL,21.33,OK
2024-07-11 14:00:00,23.69,OK,0.14,BDL,null,OS,null,OS,0.01,BDL,0.0,BDL,21.69,OK
2024-07-11 15:00:00,20.93,OK,0.17,BDL,null,OS,null,OS,0.02,BDL,0.0,BDL,11.49,OK
2024-07-11 16:00:00,17.34,OK,0.11,BDL,null,OS,null,OS,0.05,OK,0.0,BDL,21.52,OK
2024-07-11 17:00:00,17.52,OK,0.16,BDL,null,OS,null,OS,0.06,OK,0.0,BDL,6.31,OK
2024-07-11 18:00:00,14.92,OK,0.15,BDL,null,OS,null,OS,0.03,BDL,0.0,BDL,8.69,OK
2024-07-11 19:00:00,14.15,OK,0.23,BDL,null,OS,null,OS,0.03,BDL,0.0,BDL,4.44,OK
2024-07-11 20:00:00,28.91,OK,0.14,BDL,null,OS,null,OS,-0.02,BDL,0.0,BDL,125.96,OK
2024-07-11 21:00:00,27.0,OK,0.16,BDL,null,OS,null,OS,-0.02,BDL,0.0,BDL,-4.51,OR
2024-07-11 22:00:00,31.05,OK,0.13,BDL,null,OS,null,OS,-0.06,OR,0.0,BDL,-28.84,OR
2024-07-11 23:00:00,30.75,OK,0.18,BDL,null,OS,null,OS,-0.07,OR,0.0,BDL,-20.02,OR
2024-07-12 00:00:00,22.96,OK,0.12,BDL,null,OS,null,OS,-0.07,OR,0.0,BDL,-9.21,OR
2024-07-12 01:00:00,29.76,OK,0.14,BDL,null,OS,null,OS,-0.09,OR,0.0,BDL,-5.25,OR
2024-07-12 02:00:00,30.75,OK,0.13,BDL,null,OS,null,OS,-0.1,OR,0.0,BDL,-1.66,BDL
2024-07-12 03:00:00,31.59,OK,0.13,BDL,null,OS,null,OS,-0.1,OR,0.0,BDL,3.26,BDL
2024-07-12 04:00:00,28.24,OK,0.16,BDL,null,OS,null,OS,-0.09,OR,0.0,BDL,5.3,OK
2024-07-12 05:00:00,21.63,OK,0.17,BDL,null,OS,null,OS,-0.05,OR,0.0,BDL,2.8,BDL
2024-07-12 06:00:00,24.09,OK,0.12,BDL,null,OS,null,OS,0.0,BDL,0.0,BDL,-2.3,BDL
2024-07-12 07:00:00,29.54,OK,0.13,BDL,null,OS,null,OS,0.02,BDL,0.0,BDL,-2.88,BDL
2024-07-12 08:00:00,33.51,OK,0.12,BDL,null,OS,null,OS,0.01,BDL,0.0,BDL,5.99,OK
2024-07-12 09:00:00,30.61,OK,0.19,BDL,null,OS,null,OS,0.02,BDL,0.0,BDL,15.74,OK
2024-07-12 10:00:00,35.15,OK,0.14,BDL,null,OS,null,OS,0.02,BDL,0.0,BDL,14.03,OK
2024-07-12 11:00:00,35.27,OK,0.11,BDL,null,OS,null,OS,-0.01,BDL,0.0,BDL,16.31,OK
2024-07-12 12:00:00,33.29,OK,0.18,BDL,null,OS,null,OS,-0.01,BDL,0.0,BDL,6.15,OK
2024-07-12 13:00:00,36.94,OK,0.14,BDL,null,OS,null,OS,-0.01,BDL,0.0,BDL,6.48,OK
2024-07-12 14:00:00,42.41,OK,0.18,BDL,null,OS,null,OS,-0.01,BDL,0.0,BDL,11.8,OK
2024-07-12 15:00:00,43.69,OK,0.12,BDL,null,OS,null,OS,-0.03,BDL,0.0,BDL,20.52,OK
2024-07-12 16:00:00,32.97,OK,0.13,BDL,null,OS,null,OS,-0.02,BDL,0.0,BDL,16.62,OK
2024-07-12 17:00:00,18.97,OK,0.14,BDL,null,OS,null,OS,-0.0,BDL,0.0,BDL,14.15,OK
2024-07-12 18:00:00,17.33,OK,0.22,BDL,null,OS,null,OS,0.0,BDL,0.0,BDL,7.55,OK
2024-07-12 19:00:00,12.56,OK,0.15,BDL,null,OS,null,OS,0.01,BDL,0.0,BDL,8.6,OK
2024-07-12 20:00:00,13.44,OK,0.17,BDL,null,OS,null,OS,0.09,OK,0.0,BDL,1.46,BDL
2024-07-12 21:00:00,19.19,OK,0.13,BDL,null,OS,null,OS,0.03,BDL,0.0,BDL,3.91,BDL
2024-07-12 22:00:00,21.6,OK,0.17,BDL,null,OS,null,OS,-0.02,BDL,0.0,BDL,5.51,OK
2024-07-12 23:00:00,19.36,OK,0.14,BDL,null,OS,null,OS,-0.07,OR,0.0,BDL,7.22,OK
2024-07-13 00:00:00,17.55,OK,0.16,BDL,null,OS,null,OS,-0.1,OR,0.0,BDL,6.98,OK
2024-07-13 01:00:00,16.24,OK,0.13,BDL,null,OS,null,OS,-0.08,OR,0.0,BDL,7.68,OK
2024-07-13 02:00:00,13.98,OK,0.1,BDL,null,OS,null,OS,-0.09,OR,0.0,BDL,29.69,OK
2024-07-13 03:00:00,14.19,OK,0.15,BDL,null,OS,null,OS,-0.09,OR,0.0,BDL,8.03,OK
2024-07-13 04:00:00,11.7,OK,0.11,BDL,null,OS,null,OS,-0.09,OR,0.0,BDL,4.55,OK
2024-07-13 05:00:00,19.12,OK,0.13,BDL,null,OS,null,OS,-0.07,OR,0.0,BDL,9.21,OK
2024-07-13 06:00:00,37.21,OK,0.12,BDL,null,OS,null,OS,-0.08,OR,0.0,BDL,-22.54,OR
2024-07-13 07:00:00,32.84,OK,0.14,BDL,null,OS,null,OS,-0.07,OR,0.0,BDL,-22.76,OR
2024-07-13 08:00:00,29.28,OK,0.13,BDL,null,OS,null,OS,-0.05,OR,0.0,BDL,-7.53,OR
2024-07-13 09:00:00,28.71,OK,0.12,BDL,null,OS,null,OS,-0.03,BDL,0.0,BDL,14.65,OK
2024-07-13 10:00:00,31.33,OK,0.11,BDL,null,OS,null,OS,-0.06,OR,0.0,BDL,3.98,BDL
2024-07-13 11:00:00,28.9,OK,0.13,BDL,null,OS,null,OS,-0.04,BDL,0.0,BDL,0.2,BDL
2024-07-13 12:00:00,30.45,OK,0.14,BDL,null,OS,null,OS,-0.04,BDL,0.0,BDL,3.03,BDL
2024-07-13 13:00:00,32.89,OK,0.12,BDL,null,OS,null,OS,-0.04,BDL,0.0,BDL,8.2,OK
2024-07-13 14:00:00,33.88,OK,0.16,BDL,null,OS,null,OS,-0.06,OR,0.0,BDL,17.43,OK
2024-07-13 15:00:00,35.12,OK,0.08,BDL,null,OS,null,OS,-0.06,OR,0.0,BDL,19.39,OK
2024-07-13 16:00:00,15.38,OK,0.18,BDL,null,OS,null,OS,-0.05,OR,0.0,BDL,21.71,OK
2024-07-13 17:00:00,17.21,OK,0.26,BDL,null,OS,null,OS,-0.03,BDL,0.0,BDL,46.66,OK
2024-07-13 18:00:00,22.78,OK,0.14,BDL,null,OS,null,OS,0.02,BDL,0.0,BDL,53.34,OK
2024-07-13 19:00:00,26.6,OK,0.14,BDL,null,OS,null,OS,-0.03,BDL,0.0,BDL,-23.9,OR
2024-07-13 20:00:00,9.97,OK,0.18,BDL,null,OS,null,OS,0.14,OK,0.0,BDL,7.44,OK
2024-07-13 21:00:00,9.14,OK,0.21,BDL,null,OS,null,OS,0.09,OK,0.0,BDL,23.02,OK
2024-07-13 22:00:00,18.27,OK,0.15,BDL,null,OS,null,OS,-0.03,BDL,0.0,BDL,-26.06,OR
2024-07-13 23:00:00,24.37,OK,0.15,BDL,null,OS,null,OS,-0.09,OR,0.0,BDL,-32.98,OR
2024-07-14 00:00:00,22.88,OK,0.1,BDL,null,OS,null,OS,-0.09,OR,0.0,BDL,-15.45,OR
2024-07-14 01:00:00,16.1,OK,0.17,BDL,null,OS,null,OS,-0.08,OR,0.0,BDL,82.39,OK
2024-07-14 02:00:00,17.85,OK,0.13,BDL,null,OS,null,OS,-0.09,OR,0.0,BDL,-45.1,OR
2024-07-14 03:00:00,17.06,OK,0.11,BDL,null,OS,null,OS,-0.09,OR,0.0,BDL,-35.75,OR
2024-07-14 04:00:00,16.78,OK,0.17,BDL,null,OS,null,OS,-0.09,OR,0.0,BDL,-29.21,OR
2024-07-14 05:00:00,15.41,OK,0.14,BDL,null,OS,null,OS,-0.09,OR,0.0,BDL,-14.94,OR
2024-07-14 06:00:00,13.84,OK,0.17,BDL,null,OS,null,OS,-0.07,OR,0.0,BDL,1.41,BDL
2024-07-14 07:00:00,14.23,OK,0.16,BDL,null,OS,null,OS,-0.07,OR,0.0,BDL,-0.46,BDL
2024-07-14 08:00:00,17.16,OK,0.16,BDL,null,OS,null,OS,-0.08,OR,0.0,BDL,-14.77,OR
2024-07-14 09:00:00,15.01,OK,0.13,BDL,null,OS,null,OS,-0.07,OR,0.0,BDL,-18.71,OR
2024-07-14 10:00:00,21.48,OK,0.14,BDL,null,OS,null,OS,-0.1,OR,0.0,BDL,-11.71,OR
2024-07-14 11:00:00,17.77,OK,0.14,BDL,null,OS,null,OS,-0.1,OR,0.0,BDL,0.72,BDL
2024-07-14 12:00:00,18.0,OK,0.16,BDL,null,OS,null,OS,-0.07,OR,0.0,BDL,4.38,OK
2024-07-14 13:00:00,18.27,OK,0.15,BDL,null,OS,null,OS,-0.07,OR,0.0,BDL,11.27,OK
2024-07-14 14:00:00,13.42,OK,0.16,BDL,null,OS,null,OS,-0.09,OR,0.0,BDL,7.19,OK
2024-07-14 15:00:00,14.26,OK,0.1,BDL,null,OS,null,OS,-0.07,OR,0.0,BDL,8.81,OK
2024-07-14 16:00:00,17.45,OK,0.14,BDL,null,OS,null,OS,-0.07,OR,0.0,BDL,4.03,OK
2024-07-14 17:00:00,12.92,OK,0.14,BDL,null,OS,null,OS,-0.02,BDL,0.0,BDL,7.63,OK
2024-07-14 18:00:00,5.29,OK,0.18,BDL,null,OS,null,OS,-0.06,OR,0.0,BDL,34.48,OK
2024-07-14 19:00:00,4.34,OK,0.17,BDL,null,OS,null,OS,-0.06,OR,0.0,BDL,18.46,OK
2024-07-14 20:00:00,3.13,OK,0.18,BDL,null,OS,null,OS,-0.04,BDL,0.0,BDL,32.77,OK
2024-07-14 21:00:00,3.46,OK,0.14,BDL,null,OS,null,OS,-0.02,BDL,0.0,BDL,20.44,OK
2024-07-14 22:00:00,4.01,OK,0.13,BDL,null,OS,null,OS,-0.05,OR,0.0,BDL,10.35,OK
2024-07-14 23:00:00,3.88,OK,0.18,BDL,null,OS,null,OS,-0.07,OR,0.0,BDL,17.02,OK
2024-07-15 00:00:00,4.83,OK,0.12,BDL,null,OS,null,OS,-0.07,OR,0.0,BDL,8.33,OK
2024-07-15 01:00:00,2.16,OK,0.22,BDL,null,OS,null,OS,-0.03,BDL,0.0,BDL,10.76,OK
2024-07-15 02:00:00,2.94,OK,0.18,BDL,null,OS,null,OS,-0.05,OR,0.0,BDL,-3.72,BDL
2024-07-15 03:00:00,2.53,OK,0.13,BDL,null,OS,null,OS,-0.06,OR,0.0,BDL,1.11,BDL
2024-07-15 04:00:00,1.48,OK,0.14,BDL,null,OS,null,OS,-0.07,OR,0.0,BDL,17.28,OK
2024-07-15 05:00:00,3.34,OK,0.14,BDL,null,OS,null,OS,-0.09,OR,0.0,BDL,3.43,BDL
2024-07-15 06:00:00,6.54,OK,0.14,BDL,null,OS,null,OS,-0.09,OR,0.0,BDL,-25.16,OR
2024-07-15 07:00:00,9.17,OK,0.12,BDL,null,OS,null,OS,-0.06,OR,0.0,BDL,-23.53,OR
2024-07-15 08:00:00,12.93,OK,0.14,BDL,null,OS,null,OS,-0.06,OR,0.0,BDL,-11.31,OR
2024-07-15 09:00:00,17.13,OK,0.14,BDL,null,OS,null,OS,-0.02,BDL,0.0,BDL,-1.31,BDL
2024-07-15 10:00:00,13.98,OK,0.13,BDL,null,OS,null,OS,-0.02,BDL,0.0,BDL,11.59,OK
2024-07-15 11:00:00,15.21,OK,0.17,BDL,null,OS,null,OS,-0.07,OR,0.0,BDL,14.83,OK
2024-07-15 12:00:00,17.29,OK,0.15,BDL,null,OS,null,OS,-0.07,OR,0.0,BDL,4.09,OK
2024-07-15 13:00:00,17.14,OK,0.15,BDL,null,OS,null,OS,-0.06,OR,0.0,BDL,-0.08,BDL
2024-07-15 14:00:00,16.09,OK,0.17,BDL,null,OS,null,OS,-0.05,OR,0.0,BDL,6.21,OK
2024-07-15 15:00:00,13.02,OK,0.17,BDL,null,OS,null,OS,-0.03,BDL,0.0,BDL,12.4,OK
2024-07-15 16:00:00,11.08,OK,0.17,BDL,null,OS,null,OS,-0.02,BDL,0.0,BDL,15.06,OK
2024-07-15 17:00:00,9.84,OK,0.18,BDL,null,OS,null,OS,0.05,OK,0.0,BDL,10.75,OK
2024-07-15 18:00:00,29.96,OK,0.17,BDL,null,OS,null,OS,-0.11,OR,0.0,BDL,3.34,BDL
2024-07-15 19:00:00,33.88,OK,0.16,BDL,null,OS,null,OS,-0.1,OR,0.0,BDL,-3.89,BDL
2024-07-15 20:00:00,24.28,OK,0.17,BDL,null,OS,null,OS,-0.09,OR,0.0,BDL,-2.78,BDL
2024-07-15 21:00:00,27.89,OK,0.18,BDL,null,OS,null,OS,-0.13,OR,0.0,BDL,2.01,BDL
2024-07-15 22:00:00,28.5,OK,0.1,BDL,null,OS,null,OS,-0.13,OR,0.0,BDL,9.98,OK
2024-07-15 23:00:00,31.9,OK,0.17,BDL,null,OS,null,OS,-0.15,OR,0.0,BDL,5.27,OK
2024-07-16 00:00:00,33.3,OK,0.16,BDL,null,OS,null,OS,-0.16,OR,0.0,BDL,3.53,BDL
2024-07-16 01:00:00,29.37,OK,0.12,BDL,null,OS,null,OS,-0.15,OR,0.0,BDL,4.95,OK
2024-07-16 02:00:00,26.83,OK,0.16,BDL,null,OS,null,OS,-0.15,OR,0.0,BDL,0.88,BDL
2024-07-16 03:00:00,25.8,OK,0.15,BDL,null,OS,null,OS,-0.15,OR,0.0,BDL,1.59,BDL
2024-07-16 04:00:00,23.05,OK,0.15,BDL,null,OS,null,OS,-0.14,OR,0.0,BDL,4.28,OK
2024-07-16 05:00:00,21.37,OK,0.14,BDL,null,OS,null,OS,-0.12,OR,0.0,BDL,9.09,OK
2024-07-16 06:00:00,21.22,OK,0.17,BDL,null,OS,null,OS,-0.09,OR,0.0,BDL,0.98,BDL
2024-07-16 07:00:00,21.88,OK,0.16,BDL,null,OS,null,OS,-0.09,OR,0.0,BDL,-0.69,BDL
2024-07-16 08:00:00,19.01,OK,0.17,BDL,null,OS,null,OS,-0.08,OR,0.0,BDL,-0.17,BDL
2024-07-16 09:00:00,22.95,OK,0.15,BDL,null,OS,null,OS,-0.06,OR,0.0,BDL,8.47,OK
2024-07-16 10:00:00,21.43,OK,0.16,BDL,null,OS,null,OS,-0.07,OR,0.0,BDL,9.61,OK
2024-07-16 11:00:00,26.74,OK,0.19,BDL,null,OS,null,OS,-0.05,OR,0.0,BDL,21.53,OK
2024-07-16 12:00:00,26.02,OK,0.23,BDL,null,OS,null,OS,-0.08,OR,0.0,BDL,7.96,OK
2024-07-16 13:00:00,19.33,OK,0.15,BDL,null,OS,null,OS,-0.09,OR,0.0,BDL,9.8,OK
2024-07-16 14:00:00,18.54,OK,0.21,BDL,null,OS,null,OS,-0.06,OR,0.0,BDL,16.32,OK
2024-07-16 15:00:00,19.13,OK,0.21,BDL,null,OS,null,OS,-0.1,OR,0.0,BDL,15.41,OK
2024-07-16 16:00:00,15.26,OK,0.16,BDL,null,OS,null,OS,-0.09,OR,0.0,BDL,11.28,OK
2024-07-16 17:00:00,9.96,OK,0.19,BDL,null,OS,null,OS,-0.06,OR,0.0,BDL,7.85,OK
2024-07-16 18:00:00,9.07,OK,0.18,BDL,null,OS,null,OS,-0.09,OR,0.0,BDL,9.2,OK
2024-07-16 19:00:00,9.89,OK,0.17,BDL,null,OS,null,OS,-0.09,OR,0.0,BDL,0.11,BDL
2024-07-16 20:00:00,11.07,OK,0.2,BDL,null,OS,null,OS,-0.08,OR,0.0,BDL,-4.87,OR
2024-07-16 21:00:00,12.78,OK,0.21,BDL,null,OS,null,OS,-0.1,OR,0.0,BDL,-1.94,BDL
2024-07-16 22:00:00,12.34,OK,0.21,BDL,null,OS,null,OS,-0.13,OR,0.0,BDL,2.11,BDL
2024-07-16 23:00:00,11.81,OK,0.18,BDL,null,OS,null,OS,-0.11,OR,0.0,BDL,6.6,OK
2024-07-17 00:00:00,16.94,OK,0.22,BDL,null,OS,null,OS,-0.17,OR,0.0,BDL,5.77,OK
2024-07-17 01:00:00,11.78,OK,0.21,BDL,null,OS,null,OS,-0.11,OR,0.0,BDL,11.55,OK
2024-07-17 02:00:00,16.22,OK,0.2,BDL,null,OS,null,OS,-0.15,OR,0.0,BDL,11.43,OK
2024-07-17 03:00:00,19.49,OK,0.14,BDL,null,OS,null,OS,-0.18,OR,0.0,BDL,4.27,OK
2024-07-17 04:00:00,16.26,OK,0.16,BDL,null,OS,null,OS,-0.17,OR,0.0,BDL,3.37,BDL
2024-07-17 05:00:00,9.39,OK,0.2,BDL,null,OS,null,OS,-0.11,OR,0.0,BDL,2.19,BDL
2024-07-17 06:00:00,15.9,OK,0.22,BDL,null,OS,null,OS,-0.13,OR,0.0,BDL,3.1,BDL
2024-07-17 07:00:00,17.28,OK,0.28,BDL,null,OS,null,OS,-0.15,OR,0.0,BDL,6.89,OK
2024-07-17 08:00:00,15.12,OK,0.33,BDL,null,OS,null,OS,-0.1,OR,0.0,BDL,10.97,OK
2024-07-17 09:00:00,22.58,OK,0.35,BDL,null,OS,null,OS,-0.11,OR,0.0,BDL,19.86,OK
2024-07-17 10:00:00,23.45,OK,0.27,BDL,null,OS,null,OS,-0.12,OR,0.0,BDL,21.22,OK
2024-07-17 11:00:00,25.97,OK,0.21,BDL,null,OS,null,OS,-0.12,OR,0.0,BDL,5.46,OK
2024-07-17 12:00:00,24.15,OK,0.23,BDL,null,OS,null,OS,-0.09,OR,0.0,BDL,13.29,OK
2024-07-17 13:00:00,33.91,OK,0.24,BDL,null,OS,null,OS,-0.12,OR,0.0,BDL,10.42,OK
2024-07-17 14:00:00,34.42,OK,0.19,BDL,null,OS,null,OS,-0.09,OR,0.0,BDL,18.5,OK
2024-07-17 15:00:00,19.51,OK,0.23,BDL,null,OS,null,OS,-0.08,OR,0.0,BDL,21.04,OK
2024-07-17 16:00:00,15.75,OK,0.16,BDL,null,OS,null,OS,-0.08,OR,0.0,BDL,7.99,OK
2024-07-17 17:00:00,11.93,OK,0.23,BDL,null,OS,null,OS,-0.08,OR,0.0,BDL,7.36,OK
2024-07-17 18:00:00,10.59,OK,0.19,BDL,null,OS,null,OS,-0.09,OR,0.0,BDL,9.43,OK
2024-07-17 19:00:00,11.91,OK,0.21,BDL,null,OS,null,OS,-0.1,OR,0.0,BDL,-1.94,BDL
2024-07-17 20:00:00,14.11,OK,0.19,BDL,null,OS,null,OS,-0.12,OR,0.0,BDL,-5.29,OR
2024-07-17 21:00:00,16.6,OK,0.2,BDL,null,OS,null,OS,-0.13,OR,0.0,BDL,-4.67,OR
2024-07-17 22:00:00,18.66,OK,0.19,BDL,null,OS,null,OS,-0.16,OR,0.0,BDL,-4.69,OR
2024-07-17 23:00:00,21.49,OK,0.27,BDL,null,OS,null,OS,-0.2,OR,0.0,BDL,-3.85,BDL
2024-07-18 00:00:00,20.86,OK,0.2,BDL,null,OS,null,OS,-0.2,OR,0.0,BDL,-1.75,BDL
2024-07-18 01:00:00,20.45,OK,0.2,BDL,null,OS,null,OS,-0.2,OR,0.0,BDL,-1.36,BDL
2024-07-18 02:00:00,20.85,OK,0.22,BDL,null,OS,null,OS,-0.2,OR,0.0,BDL,0.2,BDL
2024-07-18 03:00:00,20.44,OK,0.21,BDL,null,OS,null,OS,-0.19,OR,0.0,BDL,3.03,BDL
2024-07-18 04:00:00,19.58,OK,0.26,BDL,null,OS,null,OS,-0.17,OR,0.0,BDL,3.23,BDL
2024-07-18 05:00:00,7.37,OK,0.19,BDL,null,OS,null,OS,-0.08,OR,0.0,BDL,1.81,BDL
2024-07-18 06:00:00,9.58,OK,0.23,BDL,null,OS,null,OS,-0.03,BDL,0.0,BDL,5.93,OK
2024-07-18 07:00:00,17.06,OK,0.3,BDL,null,OS,null,OS,-0.0,BDL,0.0,BDL,14.76,OK
2024-07-18 08:00:00,23.98,OK,0.32,BDL,null,OS,null,OS,-0.04,BDL,0.0,BDL,19.46,OK
2024-07-18 09:00:00,35.44,OK,0.25,BDL,null,OS,null,OS,0.02,BDL,0.0,BDL,21.95,OK
2024-07-18 10:00:00,35.49,OK,0.25,BDL,null,OS,null,OS,-0.02,BDL,0.0,BDL,27.13,OK
2024-07-18 11:00:00,36.4,OK,0.2,BDL,null,OS,null,OS,-0.09,OR,0.0,BDL,19.97,OK
2024-07-18 12:00:00,30.82,OK,0.28,BDL,null,OS,null,OS,-0.07,OR,0.0,BDL,16.38,OK
2024-07-18 13:00:00,28.62,OK,0.22,BDL,null,OS,null,OS,-0.1,OR,0.0,BDL,18.84,OK
2024-07-18 14:00:00,23.57,OK,0.3,BDL,null,OS,null,OS,-0.09,OR,0.0,BDL,15.86,OK
2024-07-18 15:00:00,22.46,OK,0.22,BDL,null,OS,null,OS,-0.08,OR,0.0,BDL,19.28,OK
2024-07-18 16:00:00,16.59,OK,0.22,BDL,null,OS,null,OS,-0.08,OR,0.0,BDL,18.26,OK
2024-07-18 17:00:00,14.73,OK,0.19,BDL,null,OS,null,OS,-0.06,OR,0.0,BDL,7.36,OK
2024-07-18 18:00:00,12.42,OK,0.19,BDL,null,OS,null,OS,-0.04,BDL,0.0,BDL,9.18,OK
2024-07-18 19:00:00,9.41,OK,0.16,BDL,null,OS,null,OS,-0.08,OR,0.0,BDL,4.33,OK
2024-07-18 20:00:00,10.23,OK,0.23,BDL,null,OS,null,OS,-0.09,OR,0.0,BDL,-3.79,BDL
2024-07-18 21:00:00,17.06,OK,0.21,BDL,null,OS,null,OS,-0.13,OR,0.0,BDL,-1.18,BDL
2024-07-18 22:00:00,21.82,OK,0.16,BDL,null,OS,null,OS,-0.12,OR,0.0,BDL,21.81,OK
2024-07-18 23:00:00,16.5,OK,0.18,BDL,null,OS,null,OS,-0.13,OR,0.0,BDL,29.48,OK
2024-07-19 00:00:00,6.9,OK,0.21,BDL,null,OS,null,OS,-0.12,OR,0.0,BDL,-5.49,OR
2024-07-19 01:00:00,8.25,OK,0.23,BDL,null,OS,null,OS,-0.13,OR,0.0,BDL,4.49,OK
2024-07-19 02:00:00,10.44,OK,0.22,BDL,null,OS,null,OS,-0.13,OR,0.0,BDL,1.09,BDL
2024-07-19 03:00:00,16.08,OK,0.16,BDL,null,OS,null,OS,-0.15,OR,0.0,BDL,-0.13,BDL
2024-07-19 04:00:00,16.18,OK,0.18,BDL,null,OS,null,OS,-0.15,OR,0.0,BDL,2.95,BDL
2024-07-19 05:00:00,10.86,OK,0.13,BDL,null,OS,null,OS,-0.12,OR,0.0,BDL,15.05,OK
2024-07-19 06:00:00,13.48,OK,0.2,BDL,null,OS,null,OS,-0.1,OR,0.0,BDL,-10.87,OR
2024-07-19 07:00:00,14.13,OK,0.17,BDL,null,OS,null,OS,-0.07,OR,0.0,BDL,-4.33,OR
2024-07-19 08:00:00,20.04,OK,0.17,BDL,null,OS,null,OS,-0.05,OR,0.0,BDL,-0.73,BDL
2024-07-19 09:00:00,22.31,OK,0.18,BDL,null,OS,null,OS,-0.06,OR,0.0,BDL,-3.86,BDL
2024-07-19 10:00:00,29.28,OK,0.22,BDL,null,OS,null,OS,-0.04,BDL,0.0,BDL,8.82,OK
2024-07-19 11:00:00,30.16,OK,0.25,BDL,null,OS,null,OS,-0.06,OR,0.0,BDL,17.54,OK
2024-07-19 12:00:00,28.86,OK,0.18,BDL,null,OS,null,OS,-0.05,OR,0.0,BDL,10.08,OK
2024-07-19 13:00:00,28.76,OK,0.2,BDL,null,OS,null,OS,-0.06,OR,0.0,BDL,12.05,OK
2024-07-19 14:00:00,26.89,OK,0.16,BDL,null,OS,null,OS,-0.07,OR,0.0,BDL,14.4,OK
2024-07-19 15:00:00,23.56,OK,0.19,BDL,null,OS,null,OS,-0.09,OR,0.0,BDL,14.54,OK
2024-07-19 16:00:00,21.01,OK,0.22,BDL,null,OS,null,OS,-0.07,OR,0.0,BDL,17.53,OK
2024-07-19 17:00:00,18.26,OK,0.16,BDL,null,OS,null,OS,-0.04,BDL,0.0,BDL,11.67,OK
2024-07-19 18:00:00,19.66,OK,0.17,BDL,null,OS,null,OS,-0.04,BDL,0.0,BDL,9.67,OK
2024-07-19 19:00:00,19.33,OK,0.21,BDL,null,OS,null,OS,-0.02,BDL,0.0,BDL,1.24,BDL
2024-07-19 20:00:00,14.8,OK,0.23,BDL,null,OS,null,OS,-0.05,OR,0.0,BDL,-0.22,BDL
2024-07-19 21:00:00,12.44,OK,0.18,BDL,null,OS,null,OS,-0.07,OR,0.0,BDL,-0.1,BDL
2024-07-19 22:00:00,13.83,OK,0.17,BDL,null,OS,null,OS,-0.08,OR,0.0,BDL,2.63,BDL
2024-07-19 23:00:00,15.1,OK,0.21,BDL,null,OS,null,OS,-0.12,OR,0.0,BDL,5.12,OK
2024-07-20 00:00:00,20.7,OK,0.15,BDL,null,OS,null,OS,-0.14,OR,0.0,BDL,6.65,OK
2024-07-20 01:00:00,14.22,OK,0.15,BDL,null,OS,null,OS,-0.12,OR,0.0,BDL,69.53,OK
2024-07-20 02:00:00,18.58,OK,0.21,BDL,null,OS,null,OS,-0.15,OR,0.0,BDL,-29.88,OR
2024-07-20 03:00:00,14.29,OK,0.18,BDL,null,OS,null,OS,-0.14,OR,0.0,BDL,-25.99,OR
2024-07-20 04:00:00,14.39,OK,0.15,BDL,null,OS,null,OS,-0.14,OR,0.0,BDL,-14.35,OR
2024-07-20 05:00:00,12.9,OK,0.12,BDL,null,OS,null,OS,-0.1,OR,0.0,BDL,-5.12,OR
2024-07-20 06:00:00,15.4,OK,0.15,BDL,null,OS,null,OS,-0.11,OR,0.0,BDL,-0.43,BDL
2024-07-20 07:00:00,20.8,OK,0.12,BDL,null,OS,null,OS,-0.11,OR,0.0,BDL,-3.25,BDL
2024-07-20 08:00:00,23.12,OK,0.15,BDL,null,OS,null,OS,-0.11,OR,0.0,BDL,-1.28,BDL
2024-07-20 09:00:00,26.4,OK,0.14,BDL,null,OS,null,OS,-0.11,OR,0.0,BDL,5.61,OK
2024-07-20 10:00:00,37.67,OK,0.16,BDL,null,OS,null,OS,-0.08,OR,0.0,BDL,16.74,OK
2024-07-20 11:00:00,40.03,OK,0.17,BDL,null,OS,null,OS,-0.06,OR,0.0,BDL,13.89,OK
2024-07-20 12:00:00,38.89,OK,0.16,BDL,null,OS,null,OS,-0.08,OR,0.0,BDL,14.48,OK
2024-07-20 13:00:00,32.71,OK,0.15,BDL,null,OS,null,OS,-0.08,OR,0.0,BDL,18.69,OK
2024-07-20 14:00:00,30.37,OK,0.18,BDL,null,OS,null,OS,-0.08,OR,0.0,BDL,13.87,OK
2024-07-20 15:00:00,28.62,OK,0.2,BDL,null,OS,null,OS,-0.1,OR,0.0,BDL,18.22,OK
2024-07-20 16:00:00,21.48,OK,0.2,BDL,null,OS,null,OS,-0.11,OR,0.0,BDL,13.11,OK
2024-07-20 17:00:00,18.69,OK,0.12,BDL,null,OS,null,OS,-0.11,OR,0.0,BDL,8.57,OK
2024-07-20 18:00:00,11.58,OK,0.17,BDL,null,OS,null,OS,-0.11,OR,0.0,BDL,25.78,OK
2024-07-20 19:00:00,11.05,OK,0.2,BDL,null,OS,null,OS,-0.08,OR,0.0,BDL,0.09,BDL
2024-07-20 20:00:00,11.33,OK,0.16,BDL,null,OS,null,OS,-0.08,OR,0.0,BDL,0.83,BDL
2024-07-20 21:00:00,11.84,OK,0.2,BDL,null,OS,null,OS,-0.09,OR,0.0,BDL,0.9,BDL
2024-07-20 22:00:00,14.6,OK,0.23,BDL,null,OS,null,OS,-0.1,OR,0.0,BDL,0.21,BDL
2024-07-20 23:00:00,14.71,OK,0.16,BDL,null,OS,null,OS,-0.12,OR,0.0,BDL,2.89,BDL
2024-07-21 00:00:00,29.55,OK,0.21,BDL,null,OS,null,OS,-0.17,OR,0.0,BDL,5.43,OK
2024-07-21 01:00:00,31.17,OK,0.18,BDL,null,OS,null,OS,-0.17,OR,0.0,BDL,3.14,BDL
2024-07-21 02:00:00,26.23,OK,0.19,BDL,null,OS,null,OS,-0.16,OR,0.0,BDL,1.62,BDL
2024-07-21 03:00:00,28.32,OK,0.19,BDL,null,OS,null,OS,-0.17,OR,0.0,BDL,4.83,OK
2024-07-21 04:00:00,25.18,OK,0.19,BDL,null,OS,null,OS,-0.18,OR,0.0,BDL,5.32,OK
2024-07-21 05:00:00,23.07,OK,0.15,BDL,null,OS,null,OS,-0.16,OR,0.0,BDL,17.45,OK
2024-07-21 06:00:00,25.45,OK,0.16,BDL,null,OS,null,OS,-0.16,OR,0.0,BDL,9.4,OK
2024-07-21 07:00:00,26.43,OK,0.17,BDL,null,OS,null,OS,-0.15,OR,0.0,BDL,2.46,BDL
2024-07-21 08:00:00,27.87,OK,0.18,BDL,null,OS,null,OS,-0.14,OR,0.0,BDL,2.55,BDL
2024-07-21 09:00:00,30.75,OK,0.19,BDL,null,OS,null,OS,-0.14,OR,0.0,BDL,-6.43,OR
2024-07-21 10:00:00,31.78,OK,0.23,BDL,null,OS,null,OS,-0.15,OR,0.0,BDL,-7.31,OR
2024-07-21 11:00:00,27.18,OK,0.13,BDL,null,OS,null,OS,-0.15,OR,0.0,BDL,4.88,OK
2024-07-21 12:00:00,26.34,OK,0.17,BDL,null,OS,null,OS,-0.15,OR,0.0,BDL,16.97,OK
2024-07-21 13:00:00,41.73,OK,0.16,BDL,null,OS,null,OS,-0.13,OR,0.0,BDL,4.59,OK
2024-07-21 14:00:00,44.49,OK,0.18,BDL,null,OS,null,OS,-0.11,OR,0.0,BDL,20.91,OK
2024-07-21 15:00:00,30.25,OK,0.15,BDL,null,OS,null,OS,-0.08,OR,0.0,BDL,16.21,OK
2024-07-21 16:00:00,27.0,OK,0.2,BDL,null,OS,null,OS,-0.13,OR,0.0,BDL,13.53,OK
2024-07-21 17:00:00,13.27,OK,0.2,BDL,null,OS,null,OS,-0.15,OR,0.0,BDL,12.71,OK
2024-07-21 18:00:00,11.56,OK,0.19,BDL,null,OS,null,OS,-0.13,OR,0.0,BDL,8.57,OK
2024-07-21 19:00:00,10.36,OK,0.14,BDL,null,OS,null,OS,-0.13,OR,0.0,BDL,4.03,OK
2024-07-21 20:00:00,11.86,OK,0.21,BDL,null,OS,null,OS,-0.13,OR,0.0,BDL,3.3,BDL
2024-07-21 21:00:00,18.72,OK,0.19,BDL,null,OS,null,OS,-0.14,OR,0.0,BDL,4.0,OK
2024-07-21 22:00:00,22.15,OK,0.2,BDL,null,OS,null,OS,-0.14,OR,0.0,BDL,2.45,BDL
2024-07-21 23:00:00,14.97,OK,0.15,BDL,null,OS,null,OS,-0.16,OR,0.0,BDL,0.98,BDL
2024-07-22 00:00:00,19.67,OK,0.18,BDL,null,OS,null,OS,-0.17,OR,0.0,BDL,6.46,OK
2024-07-22 01:00:00,26.26,OK,0.12,BDL,null,OS,null,OS,-0.18,OR,0.0,BDL,7.12,OK
2024-07-22 02:00:00,28.35,OK,0.18,BDL,null,OS,null,OS,-0.18,OR,0.0,BDL,3.95,BDL
2024-07-22 03:00:00,24.56,OK,0.15,BDL,null,OS,null,OS,-0.18,OR,0.0,BDL,5.89,OK
2024-07-22 04:00:00,19.95,OK,0.15,BDL,null,OS,null,OS,-0.17,OR,0.0,BDL,5.35,OK
2024-07-22 05:00:00,20.83,OK,0.18,BDL,null,OS,null,OS,-0.16,OR,0.0,BDL,5.27,OK
2024-07-22 06:00:00,22.65,OK,0.14,BDL,null,OS,null,OS,-0.14,OR,0.0,BDL,2.69,BDL
2024-07-22 07:00:00,19.47,OK,0.17,BDL,null,OS,null,OS,-0.13,OR,0.0,BDL,-0.67,BDL
2024-07-22 08:00:00,24.3,OK,0.2,BDL,null,OS,null,OS,-0.1,OR,0.0,BDL,0.63,BDL
2024-07-22 09:00:00,25.72,OK,0.19,BDL,null,OS,null,OS,-0.11,OR,0.0,BDL,3.7,BDL
2024-07-22 10:00:00,30.3,OK,0.21,BDL,null,OS,null,OS,-0.09,OR,0.0,BDL,16.73,OK
2024-07-22 11:00:00,47.11,OK,0.19,BDL,null,OS,null,OS,-0.04,BDL,0.0,BDL,16.6,OK
2024-07-22 12:00:00,39.02,OK,0.15,BDL,null,OS,null,OS,-0.08,OR,0.0,BDL,18.45,OK
2024-07-22 13:00:00,40.8,OK,0.22,BDL,null,OS,null,OS,-0.09,OR,0.0,BDL,12.55,OK
2024-07-22 14:00:00,24.99,OK,0.26,BDL,null,OS,null,OS,-0.12,OR,0.0,BDL,17.82,OK
2024-07-22 15:00:00,23.35,OK,0.21,BDL,null,OS,null,OS,-0.12,OR,0.0,BDL,10.79,OK
2024-07-22 16:00:00,19.06,OK,0.16,BDL,null,OS,null,OS,-0.11,OR,0.0,BDL,20.18,OK
2024-07-22 17:00:00,13.56,OK,0.22,BDL,null,OS,null,OS,-0.11,OR,0.0,BDL,5.35,OK
2024-07-22 18:00:00,31.17,OK,0.19,BDL,null,OS,null,OS,-0.09,OR,0.0,BDL,3.67,BDL
2024-07-22 19:00:00,30.85,OK,0.17,BDL,null,OS,null,OS,-0.09,OR,0.0,BDL,5.58,OK
2024-07-22 20:00:00,29.32,OK,0.21,BDL,null,OS,null,OS,-0.1,OR,0.0,BDL,-1.2,BDL
2024-07-22 21:00:00,29.51,OK,0.15,BDL,null,OS,null,OS,-0.13,OR,0.0,BDL,-4.89,OR
2024-07-22 22:00:00,34.74,OK,0.21,BDL,null,OS,null,OS,-0.17,OR,0.0,BDL,0.72,BDL
2024-07-22 23:00:00,33.7,OK,0.17,BDL,null,OS,null,OS,-0.18,OR,0.0,BDL,5.42,OK
2024-07-23 00:00:00,31.12,OK,0.17,BDL,null,OS,null,OS,-0.14,OR,0.0,BDL,5.48,OK
2024-07-23 01:00:00,30.85,OK,0.16,BDL,null,OS,null,OS,-0.19,OR,0.0,BDL,2.35,BDL
2024-07-23 02:00:00,27.16,OK,0.17,BDL,null,OS,null,OS,-0.17,OR,0.0,BDL,3.96,BDL
2024-07-23 03:00:00,24.29,OK,0.19,BDL,null,OS,null,OS,-0.16,OR,0.0,BDL,8.79,OK
2024-07-23 04:00:00,18.86,OK,0.18,BDL,null,OS,null,OS,-0.16,OR,0.0,BDL,14.32,OK
2024-07-23 05:00:00,15.47,OK,0.16,BDL,null,OS,null,OS,-0.14,OR,0.0,BDL,10.96,OK
2024-07-23 06:00:00,15.47,OK,0.25,BDL,null,OS,null,OS,-0.12,OR,0.0,BDL,-3.11,BDL
2024-07-23 07:00:00,17.87,OK,0.24,BDL,null,OS,null,OS,-0.12,OR,0.0,BDL,-2.61,BDL
2024-07-23 08:00:00,21.78,OK,0.22,BDL,null,OS,null,OS,-0.12,OR,0.0,BDL,1.91,BDL
2024-07-23 09:00:00,26.93,OK,0.21,BDL,null,OS,null,OS,-0.1,OR,0.0,BDL,4.61,OK
2024-07-23 10:00:00,32.34,OK,0.21,BDL,null,OS,null,OS,-0.09,OR,0.0,BDL,18.47,OK
2024-07-23 11:00:00,37.39,OK,0.19,BDL,null,OS,null,OS,-0.1,OR,0.0,BDL,12.43,OK
2024-07-23 12:00:00,43.58,OK,0.21,BDL,null,OS,null,OS,-0.1,OR,0.0,BDL,15.67,OK
2024-07-23 13:00:00,45.0,OK,0.2,BDL,null,OS,null,OS,-0.1,OR,0.0,BDL,16.91,OK
2024-07-23 14:00:00,50.42,OK,0.22,BDL,null,OS,null,OS,-0.1,OR,0.0,BDL,19.96,OK
2024-07-23 15:00:00,16.7,OK,0.22,BDL,null,OS,null,OS,-0.1,OR,0.0,BDL,23.68,OK
2024-07-23 16:00:00,11.07,OK,0.23,BDL,null,OS,null,OS,-0.12,OR,0.0,BDL,16.88,OK
2024-07-23 17:00:00,12.84,OK,0.18,BDL,null,OS,null,OS,-0.11,OR,0.0,BDL,3.53,BDL
2024-07-23 18:00:00,12.01,OK,0.21,BDL,null,OS,null,OS,-0.09,OR,0.0,BDL,12.81,OK
2024-07-23 19:00:00,9.26,OK,0.19,BDL,null,OS,null,OS,-0.11,OR,0.0,BDL,11.8,OK
2024-07-23 20:00:00,7.65,OK,0.21,BDL,null,OS,null,OS,-0.12,OR,0.0,BDL,17.71,OK
2024-07-23 21:00:00,10.52,OK,0.25,BDL,null,OS,null,OS,-0.13,OR,0.0,BDL,4.37,OK
2024-07-23 22:00:00,12.58,OK,0.19,BDL,null,OS,null,OS,-0.14,OR,0.0,BDL,11.2,OK
2024-07-23 23:00:00,14.43,OK,0.2,BDL,null,OS,null,OS,-0.15,OR,0.0,BDL,3.35,BDL
2024-07-24 00:00:00,11.45,OK,0.14,BDL,null,OS,null,OS,-0.19,OR,0.0,BDL,21.13,OK
2024-07-24 01:00:00,14.98,OK,0.18,BDL,null,OS,null,OS,-0.2,OR,0.0,BDL,-10.63,OR
2024-07-24 02:00:00,16.88,OK,0.21,BDL,null,OS,null,OS,-0.23,OR,0.0,BDL,-4.01,OR
2024-07-24 03:00:00,12.71,OK,0.17,BDL,null,OS,null,OS,-0.21,OR,0.0,BDL,14.31,OK
2024-07-24 04:00:00,16.63,OK,0.26,BDL,null,OS,null,OS,-0.19,OR,0.0,BDL,13.05,OK
2024-07-24 05:00:00,26.06,OK,0.18,BDL,null,OS,null,OS,-0.16,OR,0.0,BDL,0.01,BDL
2024-07-24 06:00:00,25.91,OK,0.31,BDL,null,OS,null,OS,-0.15,OR,0.0,BDL,-5.43,OR
2024-07-24 07:00:00,31.54,OK,0.19,BDL,null,OS,null,OS,-0.14,OR,0.0,BDL,-7.47,OR
2024-07-24 08:00:00,31.94,OK,0.18,BDL,null,OS,null,OS,-0.16,OR,0.0,BDL,-4.82,OR
2024-07-24 09:00:00,31.03,OK,0.2,BDL,null,OS,null,OS,-0.17,OR,0.0,BDL,-1.57,BDL
2024-07-24 10:00:00,32.76,OK,0.22,BDL,null,OS,null,OS,-0.14,OR,0.0,BDL,6.01,OK
2024-07-24 11:00:00,28.85,OK,0.17,BDL,null,OS,null,OS,-0.11,OR,0.0,BDL,18.05,OK
2024-07-24 12:00:00,41.07,OK,0.23,BDL,null,OS,null,OS,-0.11,OR,0.0,BDL,15.63,OK
2024-07-24 13:00:00,38.93,OK,0.17,BDL,null,OS,null,OS,-0.12,OR,0.0,BDL,23.24,OK
2024-07-24 14:00:00,32.31,OK,0.2,BDL,null,OS,null,OS,-0.09,OR,0.0,BDL,12.04,OK
2024-07-24 15:00:00,17.62,OK,0.27,BDL,null,OS,null,OS,-0.13,OR,0.0,BDL,23.06,OK
2024-07-24 16:00:00,13.79,OK,0.24,BDL,null,OS,null,OS,-0.13,OR,0.0,BDL,10.37,OK
2024-07-24 17:00:00,12.54,OK,0.19,BDL,null,OS,null,OS,-0.13,OR,0.0,BDL,9.24,OK
2024-07-24 18:00:00,11.13,OK,0.19,BDL,null,OS,null,OS,-0.12,OR,0.0,BDL,13.18,OK
2024-07-24 19:00:00,10.62,OK,0.22,BDL,null,OS,null,OS,-0.12,OR,0.0,BDL,8.38,OK
2024-07-24 20:00:00,8.04,OK,0.22,BDL,null,OS,null,OS,-0.14,OR,0.0,BDL,10.88,OK
2024-07-24 21:00:00,9.41,OK,0.28,BDL,null,OS,null,OS,-0.15,OR,0.0,BDL,14.96,OK
2024-07-24 22:00:00,15.2,OK,0.25,BDL,null,OS,null,OS,-0.16,OR,0.0,BDL,7.18,OK
2024-07-24 23:00:00,16.46,OK,0.2,BDL,null,OS,null,OS,-0.17,OR,0.0,BDL,7.96,OK
2024-07-25 00:00:00,15.82,OK,0.23,BDL,null,OS,null,OS,-0.19,OR,0.0,BDL,11.37,OK
2024-07-25 01:00:00,18.96,OK,0.15,BDL,null,OS,null,OS,-0.2,OR,0.0,BDL,9.56,OK
2024-07-25 02:00:00,22.49,OK,0.24,BDL,null,OS,null,OS,-0.22,OR,0.0,BDL,1.47,BDL
2024-07-25 03:00:00,11.28,OK,0.17,BDL,null,OS,null,OS,-0.22,OR,0.0,BDL,-1.3,BDL
2024-07-25 04:00:00,15.44,OK,0.17,BDL,null,OS,null,OS,-0.2,OR,0.0,BDL,5.13,OK
2024-07-25 05:00:00,16.12,OK,0.22,BDL,null,OS,null,OS,-0.18,OR,0.0,BDL,13.85,OK
2024-07-25 06:00:00,16.8,OK,0.19,BDL,null,OS,null,OS,-0.14,OR,0.0,BDL,-5.21,OR
2024-07-25 07:00:00,19.61,OK,0.21,BDL,null,OS,null,OS,-0.12,OR,0.0,BDL,-4.12,OR
2024-07-25 08:00:00,21.14,OK,0.18,BDL,null,OS,null,OS,-0.1,OR,0.0,BDL,-0.33,BDL
2024-07-25 09:00:00,29.35,OK,0.2,BDL,null,OS,null,OS,-0.07,OR,0.0,BDL,14.68,OK
2024-07-25 10:00:00,35.85,OK,0.2,BDL,null,OS,null,OS,-0.09,OR,0.0,BDL,14.62,OK
2024-07-25 11:00:00,40.04,OK,0.18,BDL,null,OS,null,OS,-0.11,OR,0.0,BDL,19.34,OK
2024-07-25 12:00:00,40.76,OK,0.18,BDL,null,OS,null,OS,-0.09,OR,0.0,BDL,8.39,OK
2024-07-25 13:00:00,36.0,OK,0.22,BDL,null,OS,null,OS,-0.12,OR,0.0,BDL,22.54,OK
2024-07-25 14:00:00,33.7,OK,0.17,BDL,null,OS,null,OS,-0.11,OR,0.0,BDL,21.96,OK
2024-07-25 15:00:00,37.18,OK,0.18,BDL,null,OS,null,OS,-0.12,OR,0.0,BDL,14.88,OK
2024-07-25 16:00:00,26.85,OK,0.17,BDL,null,OS,null,OS,-0.05,OR,0.0,BDL,23.62,OK
2024-07-25 17:00:00,23.31,OK,0.21,BDL,null,OS,null,OS,-0.09,OR,0.0,BDL,11.42,OK
2024-07-25 18:00:00,17.16,OK,0.22,BDL,null,OS,null,OS,-0.11,OR,0.0,BDL,-0.67,BDL
2024-07-25 19:00:00,18.98,OK,0.19,BDL,null,OS,null,OS,-0.09,OR,0.0,BDL,0.66,BDL
2024-07-25 20:00:00,18.61,OK,0.22,BDL,null,OS,null,OS,-0.13,OR,0.0,BDL,1.06,BDL
2024-07-25 21:00:00,14.83,OK,0.23,BDL,null,OS,null,OS,-0.14,OR,0.0,BDL,2.0,BDL
2024-07-25 22:00:00,15.19,OK,0.19,BDL,null,OS,null,OS,-0.16,OR,0.0,BDL,3.11,BDL
2024-07-25 23:00:00,17.02,OK,0.21,BDL,null,OS,null,OS,-0.18,OR,0.0,BDL,4.89,OK
2024-07-26 00:00:00,14.68,OK,0.19,BDL,null,OS,null,OS,-0.19,OR,0.0,BDL,8.27,OK
2024-07-26 01:00:00,13.6,OK,0.19,BDL,null,OS,null,OS,-0.19,OR,0.0,BDL,6.0,OK
2024-07-26 02:00:00,15.55,OK,0.21,BDL,null,OS,null,OS,-0.21,OR,0.0,BDL,1.85,BDL
2024-07-26 03:00:00,17.38,OK,0.18,BDL,null,OS,null,OS,-0.22,OR,0.0,BDL,3.17,BDL
2024-07-26 04:00:00,17.87,OK,0.26,BDL,null,OS,null,OS,-0.2,OR,0.0,BDL,3.63,BDL
2024-07-26 05:00:00,13.16,OK,0.23,BDL,null,OS,null,OS,-0.16,OR,0.0,BDL,3.14,BDL
2024-07-26 06:00:00,10.45,OK,0.23,BDL,null,OS,null,OS,-0.09,OR,0.0,BDL,23.14,OK
2024-07-26 07:00:00,13.98,OK,0.17,BDL,null,OS,null,OS,-0.11,OR,0.0,BDL,2.71,BDL
2024-07-26 08:00:00,17.43,OK,0.15,BDL,null,OS,null,OS,-0.12,OR,0.0,BDL,-4.48,OR
2024-07-26 09:00:00,28.88,OK,0.23,BDL,null,OS,null,OS,-0.19,OR,0.0,BDL,-0.07,BDL
2024-07-26 10:00:00,26.75,OK,0.19,BDL,null,OS,null,OS,-0.17,OR,0.0,BDL,10.83,OK
2024-07-26 11:00:00,34.15,OK,0.2,BDL,null,OS,null,OS,-0.12,OR,0.0,BDL,22.92,OK
2024-07-26 12:00:00,29.78,OK,0.19,BDL,null,OS,null,OS,-0.07,OR,0.0,BDL,7.68,OK
2024-07-26 13:00:00,24.08,OK,0.28,BDL,null,OS,null,OS,-0.05,OR,0.0,BDL,7.33,OK
2024-07-26 14:00:00,26.96,OK,0.2,BDL,null,OS,null,OS,-0.1,OR,0.0,BDL,5.73,OK
2024-07-26 15:00:00,28.38,OK,0.2,BDL,null,OS,null,OS,-0.1,OR,0.0,BDL,22.17,OK
2024-07-26 16:00:00,25.3,OK,0.19,BDL,null,OS,null,OS,-0.09,OR,0.0,BDL,16.55,OK
2024-07-26 17:00:00,19.91,OK,0.25,BDL,null,OS,null,OS,-0.03,BDL,0.0,BDL,16.03,OK
2024-07-26 18:00:00,18.37,OK,0.27,BDL,null,OS,null,OS,-0.05,OR,0.0,BDL,10.58,OK
2024-07-26 19:00:00,18.23,OK,0.24,BDL,null,OS,null,OS,-0.11,OR,0.0,BDL,7.51,OK
2024-07-26 20:00:00,12.51,OK,0.22,BDL,null,OS,null,OS,-0.08,OR,0.0,BDL,5.76,OK
2024-07-26 21:00:00,9.87,OK,0.26,BDL,null,OS,null,OS,-0.12,OR,0.0,BDL,2.5,BDL
2024-07-26 22:00:00,10.85,OK,0.23,BDL,null,OS,null,OS,-0.14,OR,0.0,BDL,2.21,BDL
2024-07-26 23:00:00,15.02,OK,0.21,BDL,null,OS,null,OS,-0.17,OR,0.0,BDL,2.19,BDL
2024-07-27 00:00:00,11.13,OK,0.2,BDL,null,OS,null,OS,-0.15,OR,0.0,BDL,5.63,OK
2024-07-27 01:00:00,13.02,OK,0.23,BDL,null,OS,null,OS,-0.15,OR,0.0,BDL,6.63,OK
2024-07-27 02:00:00,9.84,OK,0.24,BDL,null,OS,null,OS,-0.16,OR,0.0,BDL,14.3,OK
2024-07-27 03:00:00,11.12,OK,0.23,BDL,null,OS,null,OS,-0.18,OR,0.0,BDL,10.99,OK
2024-07-27 04:00:00,12.54,OK,0.19,BDL,null,OS,null,OS,-0.2,OR,0.0,BDL,4.44,OK
2024-07-27 05:00:00,13.47,OK,0.18,BDL,null,OS,null,OS,-0.2,OR,0.0,BDL,10.65,OK
2024-07-27 06:00:00,16.37,OK,0.27,BDL,null,OS,null,OS,-0.18,OR,0.0,BDL,-3.15,BDL
2024-07-27 07:00:00,23.19,OK,0.18,BDL,null,OS,null,OS,-0.18,OR,0.0,BDL,0.49,BDL
2024-07-27 08:00:00,29.35,OK,0.21,BDL,null,OS,null,OS,-0.17,OR,0.0,BDL,5.87,OK
2024-07-27 09:00:00,32.7,OK,0.29,BDL,null,OS,null,OS,-0.18,OR,0.0,BDL,10.42,OK
2024-07-27 10:00:00,30.7,OK,0.21,BDL,null,OS,null,OS,-0.16,OR,0.0,BDL,16.25,OK
2024-07-27 11:00:00,32.69,OK,0.21,BDL,null,OS,null,OS,-0.18,OR,0.0,BDL,16.82,OK
2024-07-27 12:00:00,27.58,OK,0.22,BDL,null,OS,null,OS,-0.16,OR,0.0,BDL,9.78,OK
2024-07-27 13:00:00,23.98,OK,0.23,BDL,null,OS,null,OS,-0.17,OR,0.0,BDL,15.62,OK
2024-07-27 14:00:00,23.09,OK,0.31,BDL,null,OS,null,OS,-0.16,OR,0.0,BDL,22.75,OK
2024-07-27 15:00:00,17.69,OK,0.28,BDL,null,OS,null,OS,-0.18,OR,0.0,BDL,26.04,OK
2024-07-27 16:00:00,28.1,OK,0.23,BDL,null,OS,null,OS,-0.14,OR,0.0,BDL,21.28,OK
2024-07-27 17:00:00,25.23,OK,0.24,BDL,null,OS,null,OS,-0.13,OR,0.0,BDL,9.62,OK
2024-07-27 18:00:00,19.47,OK,0.27,BDL,null,OS,null,OS,-0.12,OR,0.0,BDL,10.93,OK
2024-07-27 19:00:00,17.48,OK,0.24,BDL,null,OS,null,OS,-0.11,OR,0.0,BDL,-5.77,OR
2024-07-27 20:00:00,16.68,OK,0.23,BDL,null,OS,null,OS,-0.13,OR,0.0,BDL,41.4,OK
2024-07-27 21:00:00,24.18,OK,0.25,BDL,null,OS,null,OS,-0.19,OR,0.0,BDL,10.03,OK
2024-07-27 22:00:00,25.82,OK,0.24,BDL,null,OS,null,OS,-0.19,OR,0.0,BDL,-0.66,BDL
2024-07-27 23:00:00,26.15,OK,0.23,BDL,null,OS,null,OS,-0.2,OR,0.0,BDL,-2.35,BDL
2024-07-28 00:00:00,24.45,OK,0.25,BDL,null,OS,null,OS,-0.21,OR,0.0,BDL,1.52,BDL
2024-07-28 01:00:00,17.11,OK,0.22,BDL,null,OS,null,OS,-0.16,OR,0.0,BDL,5.67,OK
2024-07-28 02:00:00,15.18,OK,0.24,BDL,null,OS,null,OS,-0.19,OR,0.0,BDL,13.83,OK
2024-07-28 03:00:00,14.41,OK,0.25,BDL,null,OS,null,OS,-0.2,OR,0.0,BDL,15.84,OK
2024-07-28 04:00:00,13.24,OK,0.24,BDL,null,OS,null,OS,-0.2,OR,0.0,BDL,4.51,OK
2024-07-28 05:00:00,14.02,OK,0.25,BDL,null,OS,null,OS,-0.19,OR,0.0,BDL,9.47,OK
2024-07-28 06:00:00,12.02,OK,0.24,BDL,null,OS,null,OS,-0.18,OR,0.0,BDL,4.24,OK
2024-07-28 07:00:00,17.33,OK,0.22,BDL,null,OS,null,OS,-0.18,OR,0.0,BDL,2.87,BDL
2024-07-28 08:00:00,25.98,OK,0.25,BDL,null,OS,null,OS,-0.21,OR,0.0,BDL,1.41,BDL
2024-07-28 09:00:00,30.78,OK,0.23,BDL,null,OS,null,OS,-0.21,OR,0.0,BDL,3.93,BDL
2024-07-28 10:00:00,30.83,OK,0.26,BDL,null,OS,null,OS,-0.22,OR,0.0,BDL,11.23,OK
2024-07-28 11:00:00,32.01,OK,0.19,BDL,null,OS,null,OS,-0.22,OR,0.0,BDL,15.04,OK
2024-07-28 12:00:00,31.54,OK,0.26,BDL,null,OS,null,OS,-0.23,OR,0.0,BDL,17.22,OK
2024-07-28 13:00:00,30.87,OK,0.24,BDL,null,OS,null,OS,-0.23,OR,0.0,BDL,14.04,OK
2024-07-28 14:00:00,23.45,OK,0.22,BDL,null,OS,null,OS,-0.21,OR,0.0,BDL,20.73,OK
2024-07-28 15:00:00,21.19,OK,0.25,BDL,null,OS,null,OS,-0.19,OR,0.0,BDL,18.06,OK
2024-07-28 16:00:00,14.11,OK,0.23,BDL,null,OS,null,OS,-0.2,OR,0.0,BDL,23.14,OK
2024-07-28 17:00:00,14.7,OK,0.22,BDL,null,OS,null,OS,-0.18,OR,0.0,BDL,11.42,OK
2024-07-28 18:00:00,12.53,OK,0.26,BDL,null,OS,null,OS,-0.18,OR,0.0,BDL,9.45,OK
2024-07-28 19:00:00,10.08,OK,0.24,BDL,null,OS,null,OS,-0.17,OR,0.0,BDL,6.84,OK
2024-07-28 20:00:00,11.24,OK,0.21,BDL,null,OS,null,OS,-0.15,OR,0.0,BDL,3.59,BDL
2024-07-28 21:00:00,15.24,OK,0.26,BDL,null,OS,null,OS,-0.18,OR,0.0,BDL,5.23,OK
2024-07-28 22:00:00,22.9,OK,0.22,BDL,null,OS,null,OS,-0.2,OR,0.0,BDL,82.73,OK
2024-07-28 23:00:00,24.78,OK,0.18,BDL,null,OS,null,OS,-0.21,OR,0.0,BDL,5.27,OK
2024-07-29 00:00:00,24.03,OK,0.24,BDL,null,OS,null,OS,-0.22,OR,0.0,BDL,3.15,BDL
2024-07-29 01:00:00,21.54,OK,0.21,BDL,null,OS,null,OS,-0.22,OR,0.0,BDL,-4.4,OR
2024-07-29 02:00:00,16.2,OK,0.23,BDL,null,OS,null,OS,-0.21,OR,0.0,BDL,-12.54,OR
2024-07-29 03:00:00,21.84,OK,0.26,BDL,null,OS,null,OS,-0.23,OR,0.0,BDL,-9.95,OR
2024-07-29 04:00:00,23.79,OK,0.24,BDL,null,OS,null,OS,-0.24,OR,0.0,BDL,-9.71,OR
2024-07-29 05:00:00,19.93,OK,0.15,BDL,null,OS,null,OS,-0.21,OR,0.0,BDL,-7.86,OR
2024-07-29 06:00:00,19.78,OK,0.21,BDL,null,OS,null,OS,-0.13,OR,0.0,BDL,-1.86,BDL
2024-07-29 07:00:00,24.07,OK,0.27,BDL,null,OS,null,OS,-0.19,OR,0.0,BDL,-7.83,OR
2024-07-29 08:00:00,29.78,OK,0.22,BDL,null,OS,null,OS,-0.2,OR,0.0,BDL,-11.41,OR
2024-07-29 09:00:00,31.13,OK,0.3,BDL,null,OS,null,OS,-0.2,OR,0.0,BDL,-0.54,BDL
2024-07-29 10:00:00,29.77,OK,0.27,BDL,null,OS,null,OS,-0.18,OR,0.0,BDL,12.8,OK
2024-07-29 11:00:00,32.02,OK,0.26,BDL,null,OS,null,OS,-0.16,OR,0.0,BDL,19.46,OK
2024-07-29 12:00:00,35.43,OK,0.26,BDL,null,OS,null,OS,-0.16,OR,0.0,BDL,33.0,OK
2024-07-29 13:00:00,32.41,OK,0.27,BDL,null,OS,null,OS,-0.16,OR,0.0,BDL,19.18,OK
2024-07-29 14:00:00,30.6,OK,0.22,BDL,null,OS,null,OS,-0.17,OR,0.0,BDL,24.18,OK
2024-07-29 15:00:00,26.91,OK,0.23,BDL,null,OS,null,OS,-0.17,OR,0.0,BDL,31.42,OK
2024-07-29 16:00:00,17.12,OK,0.29,BDL,null,OS,null,OS,-0.15,OR,0.0,BDL,29.01,OK
2024-07-29 17:00:00,11.66,OK,0.2,BDL,null,OS,null,OS,-0.16,OR,0.0,BDL,27.84,OK
2024-07-29 18:00:00,9.68,OK,0.29,BDL,null,OS,null,OS,-0.16,OR,0.0,BDL,26.62,OK
2024-07-29 19:00:00,9.84,OK,0.29,BDL,null,OS,null,OS,-0.14,OR,0.0,BDL,6.27,OK
2024-07-29 20:00:00,10.35,OK,0.26,BDL,null,OS,null,OS,-0.16,OR,0.0,BDL,10.73,OK
2024-07-29 21:00:00,9.1,OK,0.26,BDL,null,OS,null,OS,-0.17,OR,0.0,BDL,2.67,BDL
2024-07-29 22:00:00,28.61,OK,0.33,BDL,null,OS,null,OS,-0.22,OR,0.0,BDL,18.92,OK
2024-07-29 23:00:00,21.29,OK,0.23,BDL,null,OS,null,OS,-0.24,OR,0.0,BDL,6.81,OK
2024-07-30 00:00:00,35.02,OK,0.29,BDL,null,OS,null,OS,-0.24,OR,0.0,BDL,-5.38,OR
2024-07-30 01:00:00,31.83,OK,0.22,BDL,null,OS,null,OS,-0.24,OR,0.0,BDL,5.59,OK
2024-07-30 02:00:00,34.21,OK,0.23,BDL,null,OS,null,OS,-0.25,OR,0.0,BDL,2.38,BDL
2024-07-30 03:00:00,26.82,OK,0.26,BDL,null,OS,null,OS,-0.25,OR,0.0,BDL,-7.7,OR
2024-07-30 04:00:00,24.17,OK,0.22,BDL,null,OS,null,OS,-0.23,OR,0.0,BDL,-3.28,BDL
2024-07-30 05:00:00,21.35,OK,0.24,BDL,null,OS,null,OS,-0.19,OR,0.0,BDL,-1.17,BDL
2024-07-30 06:00:00,29.46,OK,0.28,BDL,null,OS,null,OS,-0.2,OR,0.0,BDL,-5.03,OR
2024-07-30 07:00:00,30.37,OK,0.25,BDL,null,OS,null,OS,-0.19,OR,0.0,BDL,-2.53,BDL
2024-07-30 08:00:00,33.38,OK,0.26,BDL,null,OS,null,OS,-0.2,OR,0.0,BDL,5.67,OK
2024-07-30 09:00:00,39.42,OK,0.24,BDL,null,OS,null,OS,-0.21,OR,0.0,BDL,3.38,BDL
2024-07-30 10:00:00,34.46,OK,0.28,BDL,null,OS,null,OS,-0.21,OR,0.0,BDL,9.05,OK
2024-07-30 11:00:00,38.32,OK,0.26,BDL,null,OS,null,OS,-0.15,OR,0.0,BDL,18.86,OK
2024-07-30 12:00:00,42.57,OK,0.27,BDL,null,OS,null,OS,-0.15,OR,0.0,BDL,21.92,OK
2024-07-30 13:00:00,44.85,OK,0.25,BDL,null,OS,null,OS,-0.16,OR,0.0,BDL,22.39,OK
2024-07-30 14:00:00,41.28,OK,0.27,BDL,null,OS,null,OS,-0.2,OR,0.0,BDL,18.84,OK
2024-07-30 15:00:00,36.26,OK,0.25,BDL,null,OS,null,OS,-0.12,OR,0.0,BDL,26.78,OK
2024-07-30 16:00:00,24.93,OK,0.31,BDL,null,OS,null,OS,-0.14,OR,0.0,BDL,7.68,OK
2024-07-30 17:00:00,16.68,OK,0.23,BDL,null,OS,null,OS,-0.14,OR,0.0,BDL,2.95,BDL
2024-07-30 18:00:00,13.65,OK,0.25,BDL,null,OS,null,OS,-0.14,OR,0.0,BDL,14.55,OK
2024-07-30 19:00:00,11.72,OK,0.26,BDL,null,OS,null,OS,-0.16,OR,0.0,BDL,5.81,OK
2024-07-30 20:00:00,11.18,OK,0.21,BDL,null,OS,null,OS,-0.18,OR,0.0,BDL,1.31,BDL
2024-07-30 21:00:00,9.81,OK,0.25,BDL,null,OS,null,OS,-0.19,OR,0.0,BDL,-0.98,BDL
2024-07-30 22:00:00,11.38,OK,0.2,BDL,null,OS,null,OS,-0.19,OR,0.0,BDL,5.11,OK
2024-07-30 23:00:00,11.77,OK,0.28,BDL,null,OS,null,OS,-0.2,OR,0.0,BDL,30.86,OK
2024-07-31 00:00:00,8.14,OK,0.26,BDL,null,OS,null,OS,-0.17,OR,0.0,BDL,25.36,OK
