Red Universitaria de Observatorios Atmosfericos (RUOA)
Atmospheric Observatory Hermosillo (erno), Sonora
Lat 29.0814 N, Lon 110.9706 W, Alt 154 masl
Time UTC-7h
Air Quality data
Flags: OK = Reliable data, BDL = Below Detection Limit, OR = Out of Range, OS = Out of Service 
 
Time,O3,O3_flag,SO2,SO2_flag,NO2,NO2_flag,NO,NO_flag,CO,CO_flag,PM10,PM10_flag,PM2.5,PM2.5_flag
yyyy-mm-dd HH:MM:SS,ppb,flag,ppb,flag,ppb,flag,ppb,flag,ppm,flag,ug/m^3,flag,ug/m^3,flag
2024-11-01 00:00:00,8.54,OK,0.53,BDL,null,OS,null,OS,0.25,OK,89.89,OK,8.04,OK
2024-11-01 01:00:00,14.04,OK,0.48,BDL,null,OS,null,OS,0.18,OK,55.91,OK,14.83,OK
2024-11-01 02:00:00,19.17,OK,0.51,BDL,null,OS,null,OS,0.13,OK,42.35,OK,3.12,BDL
2024-11-01 03:00:00,13.8,OK,0.4,BDL,null,OS,null,OS,0.09,OK,40.23,OK,4.88,OK
2024-11-01 04:00:00,15.73,OK,0.42,BDL,null,OS,null,OS,0.09,OK,41.91,OK,6.23,OK
2024-11-01 05:00:00,8.97,OK,0.48,BDL,null,OS,null,OS,0.22,OK,54.07,OK,2.27,BDL
2024-11-01 06:00:00,4.98,OK,0.61,BDL,null,OS,null,OS,0.43,OK,68.16,OK,4.66,OK
2024-11-01 07:00:00,9.73,OK,0.62,BDL,null,OS,null,OS,0.52,OK,93.32,OK,6.38,OK
2024-11-01 08:00:00,27.27,OK,0.52,BDL,null,OS,null,OS,0.3,OK,74.76,OK,12.19,OK
2024-11-01 09:00:00,35.05,OK,0.48,BDL,null,OS,null,OS,0.27,OK,71.8,OK,23.38,OK
2024-11-01 10:00:00,38.94,OK,0.67,BDL,null,OS,null,OS,0.28,OK,58.96,OK,19.29,OK
2024-11-01 11:00:00,44.14,OK,0.66,BDL,null,OS,null,OS,0.27,OK,65.6,OK,25.98,OK
2024-11-01 12:00:00,45.85,OK,0.5,BDL,null,OS,null,OS,0.24,OK,47.71,OK,23.52,OK
2024-11-01 13:00:00,42.22,OK,0.46,BDL,null,OS,null,OS,0.28,OK,39.44,OK,12.6,OK
2024-11-01 14:00:00,44.96,OK,0.43,BDL,null,OS,null,OS,0.24,OK,40.74,OK,17.37,OK
2024-11-01 15:00:00,38.3,OK,0.4,BDL,null,OS,null,OS,0.29,OK,26.5,OK,15.59,OK
2024-11-01 16:00:00,23.38,OK,0.5,BDL,null,OS,null,OS,0.52,OK,43.29,OK,7.58,OK
2024-11-01 17:00:00,7.36,OK,0.59,BDL,null,OS,null,OS,0.79,OK,79.32,OK,12.64,OK
2024-11-01 18:00:00,1.85,OK,0.91,BDL,null,OS,null,OS,0.97,OK,111.15,OK,5.35,OK
2024-11-01 19:00:00,5.11,OK,0.73,BDL,null,OS,null,OS,0.72,OK,182.53,OK,24.0,OK
2024-11-01 20:00:00,2.47,OK,0.6,BDL,null,OS,null,OS,0.65,OK,157.24,OK,24.51,OK
2024-11-01 21:00:00,0.49,BDL,0.82,BDL,null,OS,null,OS,0.87,OK,145.06,OK,14.17,OK
2024-11-01 22:00:00,0.35,BDL,0.91,BDL,null,OS,null,OS,1.32,OK,132.11,OK,24.09,OK
2024-11-01 23:00:00,2.39,OK,0.79,BDL,null,OS,null,OS,0.82,OK,170.0,OK,25.96,OK
2024-11-02 00:00:00,7.24,OK,0.49,BDL,null,OS,null,OS,0.26,OK,84.7,OK,14.41,OK
2024-11-02 01:00:00,12.9,OK,0.52,BDL,null,OS,null,OS,0.18,OK,61.52,OK,6.06,OK
2024-11-02 02:00:00,14.23,OK,0.88,BDL,null,OS,null,OS,0.18,OK,44.74,OK,19.56,OK
2024-11-02 03:00:00,18.11,OK,0.47,BDL,null,OS,null,OS,0.1,OK,50.51,OK,1.81,BDL
2024-11-02 04:00:00,18.12,OK,0.4,BDL,null,OS,null,OS,0.11,OK,28.13,OK,1.73,BDL
2024-11-02 05:00:00,9.39,OK,0.4,BDL,null,OS,null,OS,0.16,OK,27.26,OK,6.19,OK
2024-11-02 06:00:00,8.27,OK,0.47,BDL,null,OS,null,OS,0.21,OK,38.08,OK,6.53,OK
2024-11-02 07:00:00,13.43,OK,0.55,BDL,null,OS,null,OS,0.26,OK,60.49,OK,3.43,BDL
2024-11-02 08:00:00,22.06,OK,0.55,BDL,null,OS,null,OS,0.28,OK,70.45,OK,5.35,OK
2024-11-02 09:00:00,33.6,OK,0.45,BDL,null,OS,null,OS,0.26,OK,75.48,OK,21.29,OK
2024-11-02 10:00:00,39.05,OK,0.43,BDL,null,OS,null,OS,0.26,OK,35.22,OK,10.97,OK
2024-11-02 11:00:00,39.13,OK,0.41,BDL,null,OS,null,OS,0.27,OK,38.81,OK,26.3,OK
2024-11-02 12:00:00,40.91,OK,0.43,BDL,null,OS,null,OS,0.29,OK,43.28,OK,22.48,OK
2024-11-02 13:00:00,39.09,OK,0.41,BDL,null,OS,null,OS,0.28,OK,24.91,OK,11.46,OK
2024-11-02 14:00:00,36.04,OK,0.37,BDL,null,OS,null,OS,0.34,OK,34.27,OK,18.79,OK
2024-11-02 15:00:00,33.48,OK,0.39,BDL,null,OS,null,OS,0.34,OK,37.6,OK,17.24,OK
2024-11-02 16:00:00,30.85,OK,0.36,BDL,null,OS,null,OS,0.34,OK,56.77,OK,10.43,OK
2024-11-02 17:00:00,27.29,OK,0.37,BDL,null,OS,null,OS,0.35,OK,45.99,OK,10.79,OK
2024-11-02 18:00:00,26.0,OK,0.32,BDL,null,OS,null,OS,0.38,OK,39.5,OK,2.09,BDL
2024-11-02 19:00:00,24.69,OK,0.3,BDL,null,OS,null,OS,0.42,OK,31.91,OK,7.4,OK
2024-11-02 20:00:00,22.99,OK,0.29,BDL,null,OS,null,OS,0.45,OK,28.97,OK,11.12,OK
2024-11-02 21:00:00,22.73,OK,0.29,BDL,null,OS,null,OS,0.43,OK,27.14,OK,14.05,OK
2024-11-02 22:00:00,22.79,OK,0.28,BDL,null,OS,null,OS,0.42,OK,38.73,OK,10.84,OK
2024-11-02 23:00:00,19.13,OK,0.28,BDL,null,OS,null,OS,0.43,OK,28.04,OK,4.45,OK
2024-11-03 00:00:00,15.75,OK,0.28,BDL,null,OS,null,OS,0.47,OK,44.86,OK,7.64,OK
2024-11-03 01:00:00,20.24,OK,0.25,BDL,null,OS,null,OS,0.39,OK,27.96,OK,5.98,OK
2024-11-03 02:00:00,22.65,OK,0.21,BDL,null,OS,null,OS,0.38,OK,34.16,OK,4.8,OK
2024-11-03 03:00:00,24.0,OK,0.17,BDL,null,OS,null,OS,0.32,OK,28.46,OK,10.71,OK
2024-11-03 04:00:00,21.39,OK,0.26,BDL,null,OS,null,OS,0.33,OK,22.87,OK,5.64,OK
2024-11-03 05:00:00,26.93,OK,0.23,BDL,null,OS,null,OS,0.32,OK,27.13,OK,4.75,OK
2024-11-03 06:00:00,31.11,OK,0.24,BDL,null,OS,null,OS,0.33,OK,20.59,OK,2.42,BDL
2024-11-03 07:00:00,39.22,OK,0.24,BDL,null,OS,null,OS,0.31,OK,23.13,OK,-1.71,BDL
2024-11-03 08:00:00,40.75,OK,0.24,BDL,null,OS,null,OS,0.29,OK,9.97,OK,-4.05,OR
2024-11-03 09:00:00,40.97,OK,0.25,BDL,null,OS,null,OS,0.3,OK,36.06,OK,0.52,BDL
2024-11-03 10:00:00,39.75,OK,0.27,BDL,null,OS,null,OS,0.3,OK,39.25,OK,9.68,OK
2024-11-03 11:00:00,40.44,OK,0.24,BDL,null,OS,null,OS,0.3,OK,21.05,OK,7.54,OK
2024-11-03 12:00:00,39.67,OK,0.23,BDL,null,OS,null,OS,0.3,OK,34.31,OK,12.34,OK
2024-11-03 13:00:00,39.31,OK,0.28,BDL,null,OS,null,OS,0.29,OK,32.38,OK,9.89,OK
2024-11-03 14:00:00,38.68,OK,0.25,BDL,null,OS,null,OS,0.28,OK,58.98,OK,7.73,OK
2024-11-03 15:00:00,37.49,OK,0.27,BDL,null,OS,null,OS,0.28,OK,58.08,OK,24.97,OK
2024-11-03 16:00:00,35.04,OK,0.3,BDL,null,OS,null,OS,0.3,OK,73.01,OK,10.44,OK
2024-11-03 17:00:00,32.21,OK,0.28,BDL,null,OS,null,OS,0.33,OK,69.78,OK,6.08,OK
2024-11-03 18:00:00,33.1,OK,0.17,BDL,null,OS,null,OS,0.32,OK,88.6,OK,4.96,OK
2024-11-03 19:00:00,29.43,OK,0.31,BDL,null,OS,null,OS,0.37,OK,63.96,OK,0.2,BDL
2024-11-03 20:00:00,27.19,OK,0.28,BDL,null,OS,null,OS,0.41,OK,58.72,OK,-0.84,BDL
2024-11-03 21:00:00,29.51,OK,0.23,BDL,null,OS,null,OS,0.35,OK,49.9,OK,0.22,BDL
2024-11-03 22:00:00,33.49,OK,0.33,BDL,null,OS,null,OS,0.27,OK,24.55,OK,-1.28,BDL
2024-11-03 23:00:00,33.12,OK,0.33,BDL,null,OS,null,OS,0.26,OK,19.82,OK,-0.64,BDL
2024-11-04 00:00:00,29.62,OK,0.28,BDL,null,OS,null,OS,0.25,OK,16.06,OK,3.25,BDL
2024-11-04 01:00:00,29.27,OK,0.28,BDL,null,OS,null,OS,0.25,OK,25.11,OK,3.46,BDL
2024-11-04 02:00:00,27.45,OK,0.24,BDL,null,OS,null,OS,0.25,OK,18.63,OK,4.29,OK
2024-11-04 03:00:00,27.23,OK,0.31,BDL,null,OS,null,OS,0.25,OK,25.33,OK,3.25,BDL
2024-11-04 04:00:00,23.99,OK,0.28,BDL,null,OS,null,OS,0.26,OK,29.12,OK,4.74,OK
2024-11-04 05:00:00,11.32,OK,0.34,BDL,null,OS,null,OS,0.42,OK,25.86,OK,8.12,OK
2024-11-04 06:00:00,4.84,OK,0.45,BDL,null,OS,null,OS,0.71,OK,53.74,OK,6.8,OK
2024-11-04 07:00:00,13.51,OK,0.4,BDL,null,OS,null,OS,0.59,OK,66.49,OK,11.27,OK
2024-11-04 08:00:00,23.77,OK,0.5,BDL,null,OS,null,OS,0.59,OK,73.35,OK,15.59,OK
2024-11-04 09:00:00,34.06,OK,0.48,BDL,null,OS,null,OS,0.49,OK,59.52,OK,26.81,OK
2024-11-04 10:00:00,39.24,OK,0.36,BDL,null,OS,null,OS,0.35,OK,46.09,OK,16.0,OK
2024-11-04 11:00:00,40.71,OK,0.39,BDL,null,OS,null,OS,0.28,OK,31.54,OK,10.86,OK
2024-11-04 12:00:00,40.51,OK,0.3,BDL,null,OS,null,OS,0.27,OK,16.13,OK,9.22,OK
2024-11-04 13:00:00,40.02,OK,0.3,BDL,null,OS,null,OS,0.27,OK,14.99,OK,10.43,OK
2024-11-04 14:00:00,38.94,OK,0.33,BDL,null,OS,null,OS,0.27,OK,17.33,OK,14.12,OK
2024-11-04 15:00:00,35.7,OK,0.37,BDL,null,OS,null,OS,0.29,OK,34.27,OK,9.88,OK
2024-11-04 16:00:00,26.27,OK,0.39,BDL,null,OS,null,OS,0.42,OK,37.03,OK,6.65,OK
2024-11-04 17:00:00,16.28,OK,0.43,BDL,null,OS,null,OS,0.53,OK,51.07,OK,8.3,OK
2024-11-04 18:00:00,23.36,OK,0.36,BDL,null,OS,null,OS,0.32,OK,34.14,OK,0.94,BDL
2024-11-04 19:00:00,12.77,OK,0.42,BDL,null,OS,null,OS,0.41,OK,93.74,OK,-2.43,BDL
2024-11-04 20:00:00,5.46,OK,0.46,BDL,null,OS,null,OS,0.47,OK,137.94,OK,2.38,BDL
2024-11-04 21:00:00,5.61,OK,0.53,BDL,null,OS,null,OS,0.46,OK,131.05,OK,32.38,OK
2024-11-04 22:00:00,12.52,OK,0.4,BDL,null,OS,null,OS,0.38,OK,84.83,OK,8.6,OK
2024-11-04 23:00:00,17.42,OK,0.41,BDL,null,OS,null,OS,0.24,OK,47.12,OK,5.33,OK
2024-11-05 00:00:00,29.7,OK,0.39,BDL,null,OS,null,OS,0.17,OK,47.83,OK,5.38,OK
2024-11-05 01:00:00,30.17,OK,0.35,BDL,null,OS,null,OS,0.15,OK,22.56,OK,6.18,OK
2024-11-05 02:00:00,24.62,OK,0.23,BDL,null,OS,null,OS,0.15,OK,3.27,BDL,6.25,OK
2024-11-05 03:00:00,23.4,OK,0.31,BDL,null,OS,null,OS,0.15,OK,21.71,OK,1.85,BDL
2024-11-05 04:00:00,20.13,OK,0.33,BDL,null,OS,null,OS,0.19,OK,19.77,OK,0.82,BDL
2024-11-05 05:00:00,11.88,OK,0.45,BDL,null,OS,null,OS,0.29,OK,26.6,OK,1.25,BDL
2024-11-05 06:00:00,12.59,OK,0.66,BDL,null,OS,null,OS,0.51,OK,42.38,OK,1.3,BDL
2024-11-05 07:00:00,32.44,OK,0.53,BDL,null,OS,null,OS,0.25,OK,48.3,OK,0.6,BDL
2024-11-05 08:00:00,37.8,OK,0.46,BDL,null,OS,null,OS,0.22,OK,44.59,OK,4.97,OK
2024-11-05 09:00:00,39.75,OK,0.44,BDL,null,OS,null,OS,0.22,OK,50.78,OK,16.66,OK
2024-11-05 10:00:00,42.95,OK,0.35,BDL,null,OS,null,OS,0.22,OK,28.16,OK,10.76,OK
2024-11-05 11:00:00,42.57,OK,0.36,BDL,null,OS,null,OS,0.3,OK,22.69,OK,16.8,OK
2024-11-05 12:00:00,42.78,OK,0.3,BDL,null,OS,null,OS,0.3,OK,39.74,OK,30.9,OK
2024-11-05 13:00:00,43.4,OK,0.42,BDL,null,OS,null,OS,0.34,OK,27.26,OK,17.77,OK
2024-11-05 14:00:00,47.04,OK,0.35,BDL,null,OS,null,OS,0.33,OK,35.74,OK,19.94,OK
2024-11-05 15:00:00,42.01,OK,0.39,BDL,null,OS,null,OS,0.41,OK,28.77,OK,12.99,OK
2024-11-05 16:00:00,33.59,OK,0.39,BDL,null,OS,null,OS,0.52,OK,51.65,OK,15.67,OK
2024-11-05 17:00:00,18.0,OK,0.82,BDL,null,OS,null,OS,0.9,OK,75.24,OK,4.68,OK
2024-11-05 18:00:00,24.76,OK,0.46,BDL,null,OS,null,OS,0.47,OK,63.41,OK,0.43,BDL
2024-11-05 19:00:00,12.49,OK,0.46,BDL,null,OS,null,OS,0.61,OK,48.69,OK,2.86,BDL
2024-11-05 20:00:00,17.17,OK,0.51,BDL,null,OS,null,OS,0.52,OK,76.95,OK,5.22,OK
2024-11-05 21:00:00,21.94,OK,0.41,BDL,null,OS,null,OS,0.43,OK,46.95,OK,4.73,OK
2024-11-05 22:00:00,9.82,OK,0.43,BDL,null,OS,null,OS,0.52,OK,50.35,OK,3.95,BDL
2024-11-05 23:00:00,22.54,OK,0.39,BDL,null,OS,null,OS,0.28,OK,48.14,OK,5.32,OK
2024-11-06 00:00:00,29.0,OK,0.41,BDL,null,OS,null,OS,0.23,OK,35.31,OK,5.87,OK
2024-11-06 01:00:00,28.59,OK,0.34,BDL,null,OS,null,OS,0.2,OK,27.39,OK,2.41,BDL
2024-11-06 02:00:00,20.02,OK,0.34,BDL,null,OS,null,OS,0.23,OK,29.84,OK,5.9,OK
2024-11-06 03:00:00,17.02,OK,0.31,BDL,null,OS,null,OS,0.19,OK,26.62,OK,7.31,OK
2024-11-06 04:00:00,13.44,OK,0.3,BDL,null,OS,null,OS,0.18,OK,26.47,OK,1.88,BDL
2024-11-06 05:00:00,7.02,OK,0.34,BDL,null,OS,null,OS,0.27,OK,32.88,OK,-0.69,BDL
2024-11-06 06:00:00,5.34,OK,0.5,BDL,null,OS,null,OS,0.44,OK,45.35,OK,-1.42,BDL
2024-11-06 07:00:00,10.3,OK,0.62,BDL,null,OS,null,OS,0.51,OK,67.63,OK,-0.59,BDL
2024-11-06 08:00:00,23.19,OK,0.61,BDL,null,OS,null,OS,0.4,OK,98.55,OK,15.35,OK
2024-11-06 09:00:00,34.85,OK,0.56,BDL,null,OS,null,OS,0.33,OK,68.28,OK,17.55,OK
2024-11-06 10:00:00,42.93,OK,0.36,BDL,null,OS,null,OS,0.3,OK,36.46,OK,20.71,OK
2024-11-06 11:00:00,44.95,OK,0.33,BDL,null,OS,null,OS,0.31,OK,33.92,OK,12.9,OK
2024-11-06 12:00:00,43.03,OK,0.35,BDL,null,OS,null,OS,0.34,OK,32.07,OK,20.61,OK
2024-11-06 13:00:00,41.86,OK,0.4,BDL,null,OS,null,OS,0.34,OK,42.54,OK,9.3,OK
2024-11-06 14:00:00,39.24,OK,0.33,BDL,null,OS,null,OS,0.37,OK,44.85,OK,13.57,OK
2024-11-06 15:00:00,37.8,OK,0.3,BDL,null,OS,null,OS,0.39,OK,43.16,OK,12.08,OK
2024-11-06 16:00:00,33.94,OK,0.37,BDL,null,OS,null,OS,0.43,OK,50.44,OK,9.71,OK
2024-11-06 17:00:00,27.09,OK,0.43,BDL,null,OS,null,OS,0.46,OK,35.32,OK,6.21,OK
2024-11-06 18:00:00,23.59,OK,0.33,BDL,null,OS,null,OS,0.47,OK,63.48,OK,3.34,BDL
2024-11-06 19:00:00,22.4,OK,0.38,BDL,null,OS,null,OS,0.42,OK,65.59,OK,4.33,OK
2024-11-06 20:00:00,21.96,OK,0.35,BDL,null,OS,null,OS,0.42,OK,50.96,OK,3.36,BDL
2024-11-06 21:00:00,17.23,OK,0.32,BDL,null,OS,null,OS,0.42,OK,58.25,OK,15.14,OK
2024-11-06 22:00:00,15.85,OK,0.37,BDL,null,OS,null,OS,0.4,OK,52.86,OK,7.31,OK
2024-11-06 23:00:00,21.36,OK,0.34,BDL,null,OS,null,OS,0.33,OK,57.1,OK,6.07,OK
2024-11-07 00:00:00,25.09,OK,0.33,BDL,null,OS,null,OS,0.26,OK,42.12,OK,9.65,OK
2024-11-07 01:00:00,19.79,OK,0.33,BDL,null,OS,null,OS,0.26,OK,38.75,OK,3.39,BDL
2024-11-07 02:00:00,16.19,OK,0.31,BDL,null,OS,null,OS,0.26,OK,47.73,OK,6.97,OK
2024-11-07 03:00:00,13.42,OK,0.34,BDL,null,OS,null,OS,0.22,OK,45.94,OK,8.12,OK
2024-11-07 04:00:00,4.91,OK,0.3,BDL,null,OS,null,OS,0.27,OK,37.91,OK,7.61,OK
2024-11-07 05:00:00,0.35,BDL,0.55,BDL,null,OS,null,OS,0.5,OK,61.78,OK,6.56,OK
2024-11-07 06:00:00,3.34,OK,0.58,BDL,null,OS,null,OS,0.5,OK,74.52,OK,4.3,OK
2024-11-07 07:00:00,9.92,OK,0.6,BDL,null,OS,null,OS,0.51,OK,78.13,OK,0.47,BDL
2024-11-07 08:00:00,14.17,OK,0.58,BDL,null,OS,null,OS,0.52,OK,54.47,OK,6.64,OK
2024-11-07 09:00:00,20.62,OK,0.53,BDL,null,OS,null,OS,0.54,OK,100.31,OK,19.97,OK
2024-11-07 10:00:00,31.59,OK,0.49,BDL,null,OS,null,OS,0.4,OK,100.52,OK,19.23,OK
2024-11-07 11:00:00,40.02,OK,0.37,BDL,null,OS,null,OS,0.32,OK,60.68,OK,23.1,OK
2024-11-07 12:00:00,38.91,OK,0.29,BDL,null,OS,null,OS,0.23,OK,24.96,OK,16.5,OK
2024-11-07 13:00:00,36.5,OK,0.32,BDL,null,OS,null,OS,0.27,OK,38.94,OK,9.88,OK
2024-11-07 14:00:00,35.47,OK,0.32,BDL,null,OS,null,OS,0.25,OK,5.03,OK,7.01,OK
2024-11-07 15:00:00,32.2,OK,0.4,BDL,null,OS,null,OS,0.31,OK,25.37,OK,9.06,OK
2024-11-07 16:00:00,18.11,OK,0.45,BDL,null,OS,null,OS,0.51,OK,34.23,OK,5.98,OK
2024-11-07 17:00:00,18.47,OK,0.39,BDL,null,OS,null,OS,0.4,OK,37.72,OK,7.87,OK
2024-11-07 18:00:00,11.91,OK,0.43,BDL,null,OS,null,OS,0.4,OK,53.53,OK,0.71,BDL
2024-11-07 19:00:00,17.57,OK,0.35,BDL,null,OS,null,OS,0.31,OK,71.2,OK,-1.66,BDL
2024-11-07 20:00:00,25.31,OK,0.36,BDL,null,OS,null,OS,0.23,OK,53.11,OK,1.69,BDL
2024-11-07 21:00:00,28.65,OK,0.36,BDL,null,OS,null,OS,0.2,OK,34.15,OK,1.0,BDL
2024-11-07 22:00:00,21.48,OK,0.36,BDL,null,OS,null,OS,0.27,OK,45.68,OK,-1.55,BDL
2024-11-07 23:00:00,36.27,OK,0.3,BDL,null,OS,null,OS,0.13,OK,26.96,OK,2.08,BDL
2024-11-08 00:00:00,36.82,OK,0.33,BDL,null,OS,null,OS,0.11,OK,23.36,OK,1.96,BDL
2024-11-08 01:00:00,32.16,OK,0.3,BDL,null,OS,null,OS,0.11,OK,23.51,OK,-3.03,BDL
2024-11-08 02:00:00,35.04,OK,0.29,BDL,null,OS,null,OS,0.1,OK,13.76,OK,-1.47,BDL
2024-11-08 03:00:00,34.71,OK,0.34,BDL,null,OS,null,OS,0.1,OK,17.23,OK,-1.2,BDL
2024-11-08 04:00:00,25.7,OK,0.33,BDL,null,OS,null,OS,0.14,OK,0.51,BDL,-2.5,BDL
2024-11-08 05:00:00,11.19,OK,0.43,BDL,null,OS,null,OS,0.31,OK,42.32,OK,-0.89,BDL
2024-11-08 06:00:00,11.78,OK,0.47,BDL,null,OS,null,OS,0.44,OK,47.12,OK,-2.14,BDL
2024-11-08 07:00:00,31.33,OK,0.42,BDL,null,OS,null,OS,0.25,OK,29.38,OK,-8.53,OR
2024-11-08 08:00:00,37.21,OK,0.4,BDL,null,OS,null,OS,0.2,OK,43.56,OK,-1.11,BDL
2024-11-08 09:00:00,40.08,OK,0.38,BDL,null,OS,null,OS,0.18,OK,24.5,OK,12.55,OK
2024-11-08 10:00:00,44.94,OK,0.4,BDL,null,OS,null,OS,0.16,OK,19.24,OK,3.87,BDL
2024-11-08 11:00:00,45.79,OK,0.34,BDL,null,OS,null,OS,0.17,OK,4.02,OK,10.58,OK
2024-11-08 12:00:00,44.75,OK,0.38,BDL,null,OS,null,OS,0.19,OK,23.57,OK,18.29,OK
2024-11-08 13:00:00,43.39,OK,0.39,BDL,null,OS,null,OS,0.25,OK,19.8,OK,16.86,OK
2024-11-08 14:00:00,38.85,OK,0.53,BDL,null,OS,null,OS,0.33,OK,30.73,OK,23.76,OK
2024-11-08 15:00:00,36.48,OK,0.52,BDL,null,OS,null,OS,0.31,OK,25.81,OK,12.91,OK
2024-11-08 16:00:00,21.52,OK,0.64,BDL,null,OS,null,OS,0.44,OK,43.67,OK,10.1,OK
2024-11-08 17:00:00,3.41,OK,0.71,BDL,null,OS,null,OS,0.81,OK,74.39,OK,8.34,OK
2024-11-08 18:00:00,0.61,BDL,2.66,OK,null,OS,null,OS,0.86,OK,88.77,OK,6.67,OK
2024-11-08 19:00:00,1.14,OK,2.28,OK,null,OS,null,OS,1.77,OK,144.96,OK,23.2,OK
2024-11-08 20:00:00,1.09,OK,2.39,OK,null,OS,null,OS,1.81,OK,186.39,OK,44.75,OK
2024-11-08 21:00:00,1.16,OK,1.86,OK,null,OS,null,OS,1.89,OK,214.91,OK,67.31,OK
2024-11-08 22:00:00,5.72,OK,0.63,BDL,null,OS,null,OS,0.42,OK,183.28,OK,26.26,OK
2024-11-08 23:00:00,15.57,OK,0.51,BDL,null,OS,null,OS,0.21,OK,57.33,OK,10.83,OK
2024-11-09 00:00:00,14.99,OK,0.36,BDL,null,OS,null,OS,0.19,OK,37.76,OK,4.76,OK
2024-11-09 01:00:00,11.18,OK,0.48,BDL,null,OS,null,OS,0.21,OK,23.5,OK,2.63,BDL
2024-11-09 02:00:00,17.84,OK,0.42,BDL,null,OS,null,OS,0.17,OK,18.93,OK,1.8,BDL
2024-11-09 03:00:00,17.58,OK,0.36,BDL,null,OS,null,OS,0.17,OK,14.7,OK,-0.79,BDL
2024-11-09 04:00:00,16.21,OK,0.36,BDL,null,OS,null,OS,0.18,OK,4.3,OK,-2.54,BDL
2024-11-09 05:00:00,12.25,OK,0.4,BDL,null,OS,null,OS,0.23,OK,13.94,OK,-3.34,BDL
2024-11-09 06:00:00,10.48,OK,0.43,BDL,null,OS,null,OS,0.29,OK,13.17,OK,-4.78,OR
2024-11-09 07:00:00,11.06,OK,0.6,BDL,null,OS,null,OS,0.39,OK,49.89,OK,-9.02,OR
2024-11-09 08:00:00,16.9,OK,0.61,BDL,null,OS,null,OS,0.43,OK,110.9,OK,0.64,BDL
2024-11-09 09:00:00,21.29,OK,0.66,BDL,null,OS,null,OS,0.52,OK,89.43,OK,30.86,OK
2024-11-09 10:00:00,29.11,OK,0.61,BDL,null,OS,null,OS,0.49,OK,68.72,OK,35.59,OK
2024-11-09 11:00:00,33.46,OK,0.64,BDL,null,OS,null,OS,0.43,OK,84.15,OK,30.02,OK
2024-11-09 12:00:00,40.0,OK,0.6,BDL,null,OS,null,OS,0.37,OK,55.58,OK,25.07,OK
2024-11-09 13:00:00,43.38,OK,0.61,BDL,null,OS,null,OS,0.34,OK,44.43,OK,21.17,OK
2024-11-09 14:00:00,45.68,OK,0.52,BDL,null,OS,null,OS,0.31,OK,24.89,OK,17.11,OK
2024-11-09 15:00:00,41.43,OK,0.47,BDL,null,OS,null,OS,0.37,OK,27.63,OK,16.75,OK
2024-11-09 16:00:00,18.14,OK,0.6,BDL,null,OS,null,OS,0.67,OK,44.81,OK,11.37,OK
2024-11-09 17:00:00,2.98,OK,0.96,BDL,null,OS,null,OS,1.19,OK,67.65,OK,15.03,OK
2024-11-09 18:00:00,0.97,BDL,1.53,OK,null,OS,null,OS,1.49,OK,176.23,OK,18.58,OK
2024-11-09 19:00:00,2.75,OK,1.24,OK,null,OS,null,OS,0.74,OK,116.34,OK,19.15,OK
2024-11-09 20:00:00,5.04,OK,0.92,BDL,null,OS,null,OS,0.73,OK,140.69,OK,16.69,OK
2024-11-09 21:00:00,8.09,OK,0.54,BDL,null,OS,null,OS,0.59,OK,119.23,OK,21.03,OK
2024-11-09 22:00:00,0.8,BDL,1.02,OK,null,OS,null,OS,1.19,OK,98.47,OK,19.93,OK
2024-11-09 23:00:00,9.15,OK,0.58,BDL,null,OS,null,OS,0.43,OK,127.32,OK,28.11,OK
2024-11-10 00:00:00,14.78,OK,0.42,BDL,null,OS,null,OS,0.25,OK,79.18,OK,10.36,OK
2024-11-10 01:00:00,17.63,OK,0.43,BDL,null,OS,null,OS,0.21,OK,51.57,OK,9.95,OK
2024-11-10 02:00:00,19.57,OK,0.38,BDL,null,OS,null,OS,0.19,OK,28.31,OK,2.83,BDL
2024-11-10 03:00:00,18.08,OK,0.48,BDL,null,OS,null,OS,0.19,OK,24.12,OK,1.26,BDL
2024-11-10 04:00:00,16.56,OK,0.36,BDL,null,OS,null,OS,0.19,OK,30.94,OK,3.48,BDL
2024-11-10 05:00:00,14.09,OK,0.39,BDL,null,OS,null,OS,0.21,OK,21.02,OK,1.81,BDL
2024-11-10 06:00:00,14.15,OK,0.39,BDL,null,OS,null,OS,0.25,OK,13.66,OK,-2.61,BDL
2024-11-10 07:00:00,21.4,OK,0.5,BDL,null,OS,null,OS,0.28,OK,25.91,OK,-8.98,OR
2024-11-10 08:00:00,26.52,OK,0.56,BDL,null,OS,null,OS,0.32,OK,50.0,OK,-4.41,OR
2024-11-10 09:00:00,33.92,OK,0.5,BDL,null,OS,null,OS,0.34,OK,53.0,OK,20.97,OK
2024-11-10 10:00:00,42.56,OK,0.49,BDL,null,OS,null,OS,0.31,OK,42.58,OK,26.03,OK
2024-11-10 11:00:00,48.21,OK,0.49,BDL,null,OS,null,OS,0.3,OK,27.85,OK,25.74,OK
2024-11-10 12:00:00,53.0,OK,0.6,BDL,null,OS,null,OS,0.32,OK,46.45,OK,35.47,OK
2024-11-10 13:00:00,50.88,OK,0.51,BDL,null,OS,null,OS,0.32,OK,37.38,OK,14.88,OK
2024-11-10 14:00:00,49.25,OK,0.49,BDL,null,OS,null,OS,0.33,OK,36.22,OK,17.96,OK
2024-11-10 15:00:00,45.52,OK,0.49,BDL,null,OS,null,OS,0.39,OK,17.81,OK,8.4,OK
2024-11-10 16:00:00,31.06,OK,0.47,BDL,null,OS,null,OS,0.53,OK,50.36,OK,15.48,OK
2024-11-10 17:00:00,9.67,OK,0.71,BDL,null,OS,null,OS,0.98,OK,66.55,OK,5.04,OK
2024-11-10 18:00:00,2.67,OK,1.0,OK,null,OS,null,OS,1.2,OK,151.24,OK,16.5,OK
2024-11-10 19:00:00,13.8,OK,0.49,BDL,null,OS,null,OS,0.57,OK,124.21,OK,19.58,OK
2024-11-10 20:00:00,11.89,OK,0.44,BDL,null,OS,null,OS,0.62,OK,73.96,OK,6.3,OK
2024-11-10 21:00:00,0.4,BDL,0.6,BDL,null,OS,null,OS,0.9,OK,80.14,OK,23.46,OK
2024-11-10 22:00:00,2.37,OK,0.59,BDL,null,OS,null,OS,0.82,OK,95.18,OK,24.21,OK
2024-11-10 23:00:00,11.85,OK,0.58,BDL,null,OS,null,OS,0.38,OK,109.97,OK,21.26,OK
2024-11-11 00:00:00,17.65,OK,0.39,BDL,null,OS,null,OS,0.25,OK,52.76,OK,14.64,OK
2024-11-11 01:00:00,15.95,OK,0.37,BDL,null,OS,null,OS,0.23,OK,52.09,OK,6.29,OK
2024-11-11 02:00:00,14.38,OK,0.37,BDL,null,OS,null,OS,0.22,OK,33.64,OK,7.31,OK
2024-11-11 03:00:00,17.3,OK,0.32,BDL,null,OS,null,OS,0.21,OK,36.3,OK,4.17,OK
2024-11-11 04:00:00,14.33,OK,0.29,BDL,null,OS,null,OS,0.22,OK,34.17,OK,-0.23,BDL
2024-11-11 05:00:00,4.31,OK,0.37,BDL,null,OS,null,OS,0.31,OK,32.65,OK,1.83,BDL
2024-11-11 06:00:00,3.72,OK,0.53,BDL,null,OS,null,OS,0.43,OK,64.42,OK,2.61,BDL
2024-11-11 07:00:00,8.39,OK,0.62,BDL,null,OS,null,OS,0.52,OK,71.57,OK,-0.03,BDL
2024-11-11 08:00:00,18.1,OK,0.54,BDL,null,OS,null,OS,0.51,OK,81.16,OK,0.81,BDL
2024-11-11 09:00:00,27.58,OK,0.59,BDL,null,OS,null,OS,0.49,OK,98.12,OK,29.73,OK
2024-11-11 10:00:00,34.6,OK,0.63,BDL,null,OS,null,OS,0.53,OK,64.6,OK,26.56,OK
2024-11-11 11:00:00,38.89,OK,0.55,BDL,null,OS,null,OS,0.52,OK,48.84,OK,27.94,OK
2024-11-11 12:00:00,41.11,OK,0.58,BDL,null,OS,null,OS,0.45,OK,75.71,OK,32.37,OK
2024-11-11 13:00:00,45.98,OK,0.49,BDL,null,OS,null,OS,0.43,OK,54.33,OK,18.56,OK
2024-11-11 14:00:00,40.8,OK,0.4,BDL,null,OS,null,OS,0.41,OK,38.28,OK,10.36,OK
2024-11-11 15:00:00,30.36,OK,0.56,BDL,null,OS,null,OS,0.46,OK,57.04,OK,12.99,OK
2024-11-11 16:00:00,21.84,OK,0.53,BDL,null,OS,null,OS,0.58,OK,67.39,OK,13.77,OK
2024-11-11 17:00:00,2.14,OK,0.77,BDL,null,OS,null,OS,0.97,OK,95.69,OK,8.21,OK
2024-11-11 18:00:00,7.36,OK,0.56,BDL,null,OS,null,OS,0.79,OK,138.78,OK,12.6,OK
2024-11-11 19:00:00,7.31,OK,0.58,BDL,null,OS,null,OS,0.83,OK,123.33,OK,19.1,OK
2024-11-11 20:00:00,21.74,OK,0.4,BDL,null,OS,null,OS,0.51,OK,94.14,OK,8.65,OK
2024-11-11 21:00:00,5.96,OK,0.49,BDL,null,OS,null,OS,0.79,OK,64.88,OK,6.6,OK
2024-11-11 22:00:00,2.53,OK,0.53,BDL,null,OS,null,OS,0.8,OK,82.98,OK,7.14,OK
2024-11-11 23:00:00,18.74,OK,0.48,BDL,null,OS,null,OS,0.37,OK,70.08,OK,12.54,OK
2024-11-12 00:00:00,21.81,OK,0.42,BDL,null,OS,null,OS,0.3,OK,54.36,OK,4.3,OK
2024-11-12 01:00:00,18.54,OK,0.4,BDL,null,OS,null,OS,0.28,OK,34.63,OK,10.36,OK
2024-11-12 02:00:00,14.13,OK,0.38,BDL,null,OS,null,OS,0.26,OK,30.25,OK,4.51,OK
2024-11-12 03:00:00,14.98,OK,0.37,BDL,null,OS,null,OS,0.23,OK,23.29,OK,-0.05,BDL
2024-11-12 04:00:00,13.08,OK,0.33,BDL,null,OS,null,OS,0.24,OK,34.09,OK,0.58,BDL
2024-11-12 05:00:00,10.0,OK,0.32,BDL,null,OS,null,OS,0.34,OK,24.7,OK,-2.31,BDL
2024-11-12 06:00:00,4.94,OK,0.5,BDL,null,OS,null,OS,0.45,OK,57.11,OK,-3.01,BDL
2024-11-12 07:00:00,12.82,OK,0.48,BDL,null,OS,null,OS,0.46,OK,86.45,OK,-2.49,BDL
2024-11-12 08:00:00,24.18,OK,0.51,BDL,null,OS,null,OS,0.41,OK,94.16,OK,-0.26,BDL
2024-11-12 09:00:00,33.79,OK,0.48,BDL,null,OS,null,OS,0.43,OK,76.14,OK,24.46,OK
2024-11-12 10:00:00,38.82,OK,0.6,BDL,null,OS,null,OS,0.46,OK,72.06,OK,25.09,OK
2024-11-12 11:00:00,42.8,OK,0.41,BDL,null,OS,null,OS,0.46,OK,50.3,OK,24.76,OK
2024-11-12 12:00:00,42.98,OK,0.52,BDL,null,OS,null,OS,0.45,OK,39.88,OK,35.25,OK
2024-11-12 13:00:00,42.69,OK,0.53,BDL,null,OS,null,OS,0.42,OK,49.74,OK,16.89,OK
2024-11-12 14:00:00,37.12,OK,0.52,BDL,null,OS,null,OS,0.45,OK,38.15,OK,12.29,OK
2024-11-12 15:00:00,31.64,OK,0.6,BDL,null,OS,null,OS,0.49,OK,19.46,OK,16.12,OK
2024-11-12 16:00:00,20.37,OK,1.13,OK,null,OS,null,OS,0.62,OK,43.37,OK,13.35,OK
2024-11-12 17:00:00,16.09,OK,4.94,OK,null,OS,null,OS,0.69,OK,70.17,OK,7.51,OK
2024-11-12 18:00:00,20.1,OK,1.0,OK,null,OS,null,OS,0.55,OK,44.4,OK,4.71,OK
2024-11-12 19:00:00,12.54,OK,0.53,BDL,null,OS,null,OS,0.75,OK,61.62,OK,4.47,OK
2024-11-12 20:00:00,8.48,OK,0.5,BDL,null,OS,null,OS,0.64,OK,83.33,OK,11.6,OK
2024-11-12 21:00:00,7.71,OK,0.5,BDL,null,OS,null,OS,0.63,OK,76.48,OK,5.71,OK
2024-11-12 22:00:00,1.55,OK,0.58,BDL,null,OS,null,OS,0.76,OK,82.95,OK,4.7,OK
2024-11-12 23:00:00,7.35,OK,0.51,BDL,null,OS,null,OS,0.57,OK,87.6,OK,17.95,OK
2024-11-13 00:00:00,19.79,OK,0.44,BDL,null,OS,null,OS,0.34,OK,42.27,OK,7.59,OK
2024-11-13 01:00:00,14.1,OK,0.38,BDL,null,OS,null,OS,0.31,OK,38.18,OK,4.68,OK
2024-11-13 02:00:00,14.54,OK,0.37,BDL,null,OS,null,OS,0.31,OK,28.72,OK,2.68,BDL
2024-11-13 03:00:00,16.49,OK,0.37,BDL,null,OS,null,OS,0.29,OK,45.64,OK,3.29,BDL
2024-11-13 04:00:00,20.94,OK,0.31,BDL,null,OS,null,OS,0.28,OK,38.74,OK,2.28,BDL
2024-11-13 05:00:00,12.92,OK,0.35,BDL,null,OS,null,OS,0.39,OK,39.19,OK,0.4,BDL
2024-11-13 06:00:00,6.67,OK,0.48,BDL,null,OS,null,OS,0.56,OK,68.07,OK,0.43,BDL
2024-11-13 07:00:00,12.49,OK,0.54,BDL,null,OS,null,OS,0.56,OK,88.23,OK,1.3,BDL
2024-11-13 08:00:00,17.32,OK,0.61,BDL,null,OS,null,OS,0.59,OK,94.78,OK,14.98,OK
2024-11-13 09:00:00,24.44,OK,0.67,BDL,null,OS,null,OS,0.55,OK,72.92,OK,19.06,OK
2024-11-13 10:00:00,29.79,OK,0.6,BDL,null,OS,null,OS,0.66,OK,96.35,OK,37.32,OK
2024-11-13 11:00:00,38.1,OK,0.55,BDL,null,OS,null,OS,0.53,OK,89.45,OK,31.0,OK
2024-11-13 12:00:00,40.96,OK,0.59,BDL,null,OS,null,OS,0.5,OK,63.38,OK,27.48,OK
2024-11-13 13:00:00,44.36,OK,0.46,BDL,null,OS,null,OS,0.42,OK,40.7,OK,17.9,OK
2024-11-13 14:00:00,39.36,OK,0.41,BDL,null,OS,null,OS,0.45,OK,37.37,OK,14.49,OK
2024-11-13 15:00:00,28.19,OK,0.43,BDL,null,OS,null,OS,0.57,OK,7.98,OK,17.24,OK
2024-11-13 16:00:00,8.41,OK,0.78,BDL,null,OS,null,OS,1.14,OK,51.58,OK,13.78,OK
2024-11-13 17:00:00,0.72,BDL,1.49,OK,null,OS,null,OS,1.51,OK,102.84,OK,13.43,OK
2024-11-13 18:00:00,1.9,OK,1.18,OK,null,OS,null,OS,1.0,OK,118.43,OK,1.94,BDL
2024-11-13 19:00:00,4.5,OK,0.92,BDL,null,OS,null,OS,0.83,OK,109.01,OK,5.62,OK
2024-11-13 20:00:00,3.83,OK,0.92,BDL,null,OS,null,OS,0.78,OK,132.85,OK,12.61,OK
2024-11-13 21:00:00,0.54,BDL,0.77,BDL,null,OS,null,OS,0.82,OK,118.81,OK,24.75,OK
2024-11-13 22:00:00,0.34,BDL,0.88,BDL,null,OS,null,OS,1.07,OK,113.39,OK,18.1,OK
2024-11-13 23:00:00,3.83,OK,0.55,BDL,null,OS,null,OS,0.46,OK,104.76,OK,20.39,OK
2024-11-14 00:00:00,4.05,OK,0.48,BDL,null,OS,null,OS,0.36,OK,80.0,OK,17.48,OK
2024-11-14 01:00:00,10.01,OK,0.38,BDL,null,OS,null,OS,0.3,OK,56.69,OK,14.89,OK
2024-11-14 02:00:00,14.81,OK,0.37,BDL,null,OS,null,OS,0.28,OK,48.34,OK,5.1,OK
2024-11-14 03:00:00,16.43,OK,0.32,BDL,null,OS,null,OS,0.26,OK,34.62,OK,1.89,BDL
2024-11-14 04:00:00,13.85,OK,0.3,BDL,null,OS,null,OS,0.27,OK,25.34,OK,2.73,BDL
2024-11-14 05:00:00,1.8,OK,0.44,BDL,null,OS,null,OS,0.44,OK,43.35,OK,0.55,BDL
2024-11-14 06:00:00,1.9,OK,0.7,BDL,null,OS,null,OS,0.72,OK,82.2,OK,-0.48,BDL
2024-11-14 07:00:00,7.38,OK,0.71,BDL,null,OS,null,OS,0.59,OK,107.37,OK,-3.14,BDL
2024-11-14 08:00:00,17.55,OK,0.71,BDL,null,OS,null,OS,0.56,OK,122.13,OK,4.77,OK
2024-11-14 09:00:00,22.19,OK,0.6,BDL,null,OS,null,OS,0.62,OK,106.86,OK,28.18,OK
2024-11-14 10:00:00,27.17,OK,0.6,BDL,null,OS,null,OS,0.66,OK,96.58,OK,40.76,OK
2024-11-14 11:00:00,35.3,OK,0.51,BDL,null,OS,null,OS,0.52,OK,103.24,OK,35.23,OK
2024-11-14 12:00:00,42.26,OK,0.69,BDL,null,OS,null,OS,0.48,OK,81.91,OK,26.6,OK
2024-11-14 13:00:00,44.26,OK,0.77,BDL,null,OS,null,OS,0.49,OK,61.76,OK,33.62,OK
2024-11-14 14:00:00,41.87,OK,0.73,BDL,null,OS,null,OS,0.49,OK,55.15,OK,20.64,OK
2024-11-14 15:00:00,36.95,OK,0.68,BDL,null,OS,null,OS,0.5,OK,64.34,OK,19.1,OK
2024-11-14 16:00:00,9.09,OK,0.82,BDL,null,OS,null,OS,0.94,OK,80.8,OK,18.86,OK
2024-11-14 17:00:00,2.62,OK,0.91,BDL,null,OS,null,OS,1.15,OK,137.47,OK,13.68,OK
2024-11-14 18:00:00,3.78,OK,0.92,BDL,null,OS,null,OS,1.16,OK,151.4,OK,10.39,OK
2024-11-14 19:00:00,8.25,OK,0.54,BDL,null,OS,null,OS,0.77,OK,136.98,OK,16.36,OK
2024-11-14 20:00:00,3.59,OK,0.49,BDL,null,OS,null,OS,0.83,OK,79.04,OK,10.26,OK
2024-11-14 21:00:00,5.3,OK,0.43,BDL,null,OS,null,OS,0.92,OK,89.8,OK,8.54,OK
2024-11-14 22:00:00,0.18,BDL,0.71,BDL,null,OS,null,OS,1.08,OK,113.78,OK,14.9,OK
2024-11-14 23:00:00,11.03,OK,0.47,BDL,null,OS,null,OS,0.51,OK,106.89,OK,23.7,OK
2024-11-15 00:00:00,7.92,OK,0.51,BDL,null,OS,null,OS,0.48,OK,65.0,OK,1.34,BDL
2024-11-15 01:00:00,7.61,OK,0.48,BDL,null,OS,null,OS,0.37,OK,74.48,OK,9.9,OK
2024-11-15 02:00:00,14.45,OK,0.48,BDL,null,OS,null,OS,0.31,OK,49.05,OK,10.28,OK
2024-11-15 03:00:00,11.76,OK,0.45,BDL,null,OS,null,OS,0.29,OK,51.13,OK,11.55,OK
2024-11-15 04:00:00,9.54,OK,0.39,BDL,null,OS,null,OS,0.31,OK,44.56,OK,8.15,OK
2024-11-15 05:00:00,6.1,OK,0.41,BDL,null,OS,null,OS,0.37,OK,48.25,OK,-0.92,BDL
2024-11-15 06:00:00,4.06,OK,0.56,BDL,null,OS,null,OS,0.53,OK,59.29,OK,-2.51,BDL
2024-11-15 07:00:00,8.36,OK,0.75,BDL,null,OS,null,OS,0.54,OK,85.65,OK,-0.06,BDL
2024-11-15 08:00:00,16.34,OK,0.61,BDL,null,OS,null,OS,0.57,OK,111.7,OK,8.46,OK
2024-11-15 09:00:00,28.08,OK,0.5,BDL,null,OS,null,OS,0.56,OK,84.88,OK,18.83,OK
2024-11-15 10:00:00,38.55,OK,0.43,BDL,null,OS,null,OS,0.48,OK,76.76,OK,29.54,OK
2024-11-15 11:00:00,40.81,OK,0.36,BDL,null,OS,null,OS,0.47,OK,54.42,OK,19.18,OK
2024-11-15 12:00:00,40.13,OK,0.38,BDL,null,OS,null,OS,0.54,OK,49.22,OK,19.39,OK
2024-11-15 13:00:00,39.77,OK,0.4,BDL,null,OS,null,OS,0.53,OK,53.44,OK,16.56,OK
2024-11-15 14:00:00,40.46,OK,0.37,BDL,null,OS,null,OS,0.53,OK,66.6,OK,16.63,OK
2024-11-15 15:00:00,38.25,OK,0.36,BDL,null,OS,null,OS,0.5,OK,57.07,OK,10.42,OK
2024-11-15 16:00:00,26.45,OK,0.42,BDL,null,OS,null,OS,0.6,OK,60.1,OK,6.86,OK
2024-11-15 17:00:00,16.89,OK,0.96,BDL,null,OS,null,OS,0.72,OK,69.96,OK,9.06,OK
2024-11-15 18:00:00,19.89,OK,0.68,BDL,null,OS,null,OS,0.65,OK,91.77,OK,14.71,OK
2024-11-15 19:00:00,14.22,OK,0.53,BDL,null,OS,null,OS,0.7,OK,81.79,OK,10.49,OK
2024-11-15 20:00:00,13.55,OK,0.44,BDL,null,OS,null,OS,0.69,OK,92.06,OK,6.92,OK
2024-11-15 21:00:00,18.01,OK,0.37,BDL,null,OS,null,OS,0.65,OK,71.63,OK,4.68,OK
2024-11-15 22:00:00,17.49,OK,0.44,BDL,null,OS,null,OS,0.62,OK,75.51,OK,16.06,OK
2024-11-15 23:00:00,20.21,OK,0.29,BDL,null,OS,null,OS,0.64,OK,64.58,OK,20.62,OK
2024-11-16 00:00:00,18.12,OK,0.31,BDL,null,OS,null,OS,0.57,OK,46.17,OK,16.18,OK
2024-11-16 01:00:00,19.44,OK,0.29,BDL,null,OS,null,OS,0.54,OK,50.44,OK,16.57,OK
2024-11-16 02:00:00,22.23,OK,0.29,BDL,null,OS,null,OS,0.49,OK,38.96,OK,7.37,OK
2024-11-16 03:00:00,23.07,OK,0.25,BDL,null,OS,null,OS,0.45,OK,39.68,OK,12.16,OK
2024-11-16 04:00:00,9.02,OK,0.25,BDL,null,OS,null,OS,0.52,OK,49.97,OK,12.51,OK
2024-11-16 05:00:00,0.11,BDL,0.39,BDL,null,OS,null,OS,0.54,OK,70.92,OK,9.8,OK
2024-11-16 06:00:00,1.46,OK,0.7,BDL,null,OS,null,OS,0.71,OK,68.22,OK,6.3,OK
2024-11-16 07:00:00,5.66,OK,0.53,BDL,null,OS,null,OS,0.75,OK,78.07,OK,0.51,BDL
2024-11-16 08:00:00,20.83,OK,0.49,BDL,null,OS,null,OS,0.72,OK,95.61,OK,13.31,OK
2024-11-16 09:00:00,38.23,OK,0.35,BDL,null,OS,null,OS,0.47,OK,43.85,OK,18.83,OK
2024-11-16 10:00:00,39.91,OK,0.38,BDL,null,OS,null,OS,0.48,OK,23.41,OK,4.28,OK
2024-11-16 11:00:00,38.56,OK,0.37,BDL,null,OS,null,OS,0.5,OK,32.06,OK,7.25,OK
2024-11-16 12:00:00,38.44,OK,0.31,BDL,null,OS,null,OS,0.51,OK,35.87,OK,14.55,OK
2024-11-16 13:00:00,38.96,OK,0.28,BDL,null,OS,null,OS,0.49,OK,26.33,OK,6.48,OK
2024-11-16 14:00:00,39.83,OK,0.29,BDL,null,OS,null,OS,0.48,OK,18.13,OK,12.08,OK
2024-11-16 15:00:00,37.41,OK,0.37,BDL,null,OS,null,OS,0.47,OK,31.31,OK,11.2,OK
2024-11-16 16:00:00,34.52,OK,0.27,BDL,null,OS,null,OS,0.49,OK,32.23,OK,7.87,OK
2024-11-16 17:00:00,30.39,OK,0.32,BDL,null,OS,null,OS,0.54,OK,41.18,OK,5.61,OK
2024-11-16 18:00:00,30.44,OK,0.31,BDL,null,OS,null,OS,0.57,OK,33.86,OK,3.81,BDL
2024-11-16 19:00:00,26.77,OK,0.33,BDL,null,OS,null,OS,0.57,OK,51.14,OK,0.95,BDL
2024-11-16 20:00:00,34.95,OK,0.25,BDL,null,OS,null,OS,0.44,OK,36.0,OK,5.54,OK
2024-11-16 21:00:00,27.18,OK,0.25,BDL,null,OS,null,OS,0.55,OK,30.79,OK,8.91,OK
2024-11-16 22:00:00,24.76,OK,0.25,BDL,null,OS,null,OS,0.54,OK,42.71,OK,6.1,OK
2024-11-16 23:00:00,24.55,OK,0.21,BDL,null,OS,null,OS,0.47,OK,34.22,OK,9.59,OK
2024-11-17 00:00:00,18.52,OK,0.24,BDL,null,OS,null,OS,0.49,OK,35.48,OK,3.97,BDL
2024-11-17 01:00:00,11.08,OK,0.28,BDL,null,OS,null,OS,0.62,OK,41.69,OK,4.33,OK
2024-11-17 02:00:00,22.97,OK,0.26,BDL,null,OS,null,OS,0.46,OK,52.92,OK,9.28,OK
2024-11-17 03:00:00,19.37,OK,0.28,BDL,null,OS,null,OS,0.51,OK,27.09,OK,7.4,OK
2024-11-17 04:00:00,23.09,OK,0.19,BDL,null,OS,null,OS,0.49,OK,50.33,OK,17.12,OK
2024-11-17 05:00:00,4.93,OK,0.41,BDL,null,OS,null,OS,0.56,OK,32.3,OK,9.77,OK
2024-11-17 06:00:00,11.21,OK,0.29,BDL,null,OS,null,OS,0.53,OK,38.66,OK,6.51,OK
2024-11-17 07:00:00,20.27,OK,0.34,BDL,null,OS,null,OS,0.47,OK,25.72,OK,-2.85,BDL
2024-11-17 08:00:00,23.33,OK,0.28,BDL,null,OS,null,OS,0.5,OK,49.1,OK,-1.83,BDL
2024-11-17 09:00:00,27.24,OK,0.25,BDL,null,OS,null,OS,0.46,OK,60.86,OK,24.39,OK
2024-11-17 10:00:00,29.82,OK,0.21,BDL,null,OS,null,OS,0.48,OK,43.16,OK,16.75,OK
2024-11-17 11:00:00,34.37,OK,0.19,BDL,null,OS,null,OS,0.48,OK,-1.72,BDL,3.7,BDL
2024-11-17 12:00:00,35.96,OK,0.19,BDL,null,OS,null,OS,0.5,OK,-15.53,OR,-5.51,OR
2024-11-17 13:00:00,37.77,OK,0.24,BDL,null,OS,null,OS,0.5,OK,2.56,BDL,-5.23,OR
2024-11-17 14:00:00,40.22,OK,0.2,BDL,null,OS,null,OS,0.46,OK,12.21,OK,-6.04,OR
2024-11-17 15:00:00,37.16,OK,0.19,BDL,null,OS,null,OS,0.51,OK,45.93,OK,5.65,OK
2024-11-17 16:00:00,28.91,OK,0.2,BDL,null,OS,null,OS,0.58,OK,26.8,OK,12.58,OK
2024-11-17 17:00:00,23.07,OK,0.22,BDL,null,OS,null,OS,0.62,OK,36.18,OK,21.08,OK
2024-11-17 18:00:00,12.31,OK,0.32,BDL,null,OS,null,OS,0.78,OK,35.9,OK,20.94,OK
2024-11-17 19:00:00,1.4,OK,0.35,BDL,null,OS,null,OS,1.02,OK,43.97,OK,18.71,OK
2024-11-17 20:00:00,0.46,BDL,0.59,BDL,null,OS,null,OS,1.38,OK,56.69,OK,28.3,OK
2024-11-17 21:00:00,0.42,BDL,0.34,BDL,null,OS,null,OS,0.88,OK,44.62,OK,27.71,OK
2024-11-17 22:00:00,8.37,OK,0.2,BDL,null,OS,null,OS,0.61,OK,18.63,OK,14.44,OK
2024-11-17 23:00:00,7.09,OK,0.21,BDL,null,OS,null,OS,0.63,OK,18.55,OK,7.93,OK
2024-11-18 00:00:00,8.81,OK,0.27,BDL,null,OS,null,OS,0.6,OK,15.6,OK,9.75,OK
2024-11-18 01:00:00,9.13,OK,0.2,BDL,null,OS,null,OS,0.56,OK,13.68,OK,9.47,OK
2024-11-18 02:00:00,6.25,OK,0.12,BDL,null,OS,null,OS,0.54,OK,19.0,OK,3.1,BDL
2024-11-18 03:00:00,7.7,OK,0.17,BDL,null,OS,null,OS,0.53,OK,58.74,OK,-37.79,OR
2024-11-18 04:00:00,18.1,OK,0.23,BDL,null,OS,null,OS,0.51,OK,6.79,OK,-30.74,OR
2024-11-18 05:00:00,16.47,OK,0.2,BDL,null,OS,null,OS,0.53,OK,9.0,OK,11.03,OK
2024-11-18 06:00:00,15.58,OK,0.21,BDL,null,OS,null,OS,0.56,OK,-8.18,OR,2.53,BDL
2024-11-18 07:00:00,19.49,OK,0.23,BDL,null,OS,null,OS,0.56,OK,3.15,BDL,-11.25,OR
2024-11-18 08:00:00,30.62,OK,0.24,BDL,null,OS,null,OS,0.48,OK,28.65,OK,-8.36,OR
2024-11-18 09:00:00,35.65,OK,0.26,BDL,null,OS,null,OS,0.46,OK,34.38,OK,5.27,OK
2024-11-18 10:00:00,39.62,OK,0.2,BDL,null,OS,null,OS,0.46,OK,28.26,OK,18.39,OK
2024-11-18 11:00:00,44.62,OK,0.21,BDL,null,OS,null,OS,0.46,OK,21.55,OK,10.92,OK
2024-11-18 12:00:00,47.19,OK,0.24,BDL,null,OS,null,OS,0.48,OK,20.52,OK,23.58,OK
2024-11-18 13:00:00,48.59,OK,0.24,BDL,null,OS,null,OS,0.48,OK,24.13,OK,16.09,OK
2024-11-18 14:00:00,47.85,OK,0.22,BDL,null,OS,null,OS,0.5,OK,16.42,OK,22.18,OK
2024-11-18 15:00:00,45.54,OK,0.22,BDL,null,OS,null,OS,0.52,OK,24.52,OK,16.71,OK
2024-11-18 16:00:00,31.75,OK,0.32,BDL,null,OS,null,OS,0.63,OK,32.39,OK,14.37,OK
2024-11-18 17:00:00,11.03,OK,0.43,BDL,null,OS,null,OS,0.94,OK,45.84,OK,11.57,OK
2024-11-18 18:00:00,10.65,OK,0.5,BDL,null,OS,null,OS,0.77,OK,50.29,OK,0.53,BDL
2024-11-18 19:00:00,0.35,BDL,0.61,BDL,null,OS,null,OS,1.22,OK,90.59,OK,14.39,OK
2024-11-18 20:00:00,0.49,BDL,0.76,BDL,null,OS,null,OS,1.64,OK,120.04,OK,27.98,OK
2024-11-18 21:00:00,0.74,BDL,0.95,BDL,null,OS,null,OS,1.81,OK,129.7,OK,26.34,OK
2024-11-18 22:00:00,9.69,OK,0.39,BDL,null,OS,null,OS,0.64,OK,91.86,OK,18.77,OK
2024-11-18 23:00:00,18.48,OK,0.28,BDL,null,OS,null,OS,0.46,OK,23.32,OK,6.41,OK
2024-11-19 00:00:00,18.51,OK,0.21,BDL,null,OS,null,OS,0.43,OK,25.45,OK,7.04,OK
2024-11-19 01:00:00,15.44,OK,0.2,BDL,null,OS,null,OS,0.42,OK,11.74,OK,3.87,BDL
2024-11-19 02:00:00,15.51,OK,0.2,BDL,null,OS,null,OS,0.43,OK,16.68,OK,-2.46,BDL
2024-11-19 03:00:00,17.12,OK,0.2,BDL,null,OS,null,OS,0.42,OK,-0.71,BDL,-4.76,OR
2024-11-19 04:00:00,16.78,OK,0.2,BDL,null,OS,null,OS,0.43,OK,21.42,OK,-4.13,OR
2024-11-19 05:00:00,11.91,OK,0.21,BDL,null,OS,null,OS,0.51,OK,-7.98,OR,-6.91,OR
2024-11-19 06:00:00,6.68,OK,0.36,BDL,null,OS,null,OS,0.75,OK,8.75,OK,-9.33,OR
2024-11-19 07:00:00,12.37,OK,0.4,BDL,null,OS,null,OS,0.63,OK,41.56,OK,-11.2,OR
2024-11-19 08:00:00,16.03,OK,0.41,BDL,null,OS,null,OS,0.66,OK,57.7,OK,-6.71,OR
2024-11-19 09:00:00,30.44,OK,0.35,BDL,null,OS,null,OS,0.54,OK,68.01,OK,22.82,OK
2024-11-19 10:00:00,37.88,OK,0.3,BDL,null,OS,null,OS,0.51,OK,23.65,OK,30.58,OK
2024-11-19 11:00:00,40.0,OK,0.31,BDL,null,OS,null,OS,0.63,OK,48.62,OK,24.65,OK
2024-11-19 12:00:00,40.22,OK,0.36,BDL,null,OS,null,OS,0.66,OK,36.0,OK,34.75,OK
2024-11-19 13:00:00,39.71,OK,0.34,BDL,null,OS,null,OS,0.6,OK,40.81,OK,12.98,OK
2024-11-19 14:00:00,37.38,OK,0.43,BDL,null,OS,null,OS,0.58,OK,35.1,OK,27.3,OK
2024-11-19 15:00:00,30.44,OK,0.36,BDL,null,OS,null,OS,0.59,OK,40.14,OK,13.01,OK
2024-11-19 16:00:00,10.73,OK,0.55,BDL,null,OS,null,OS,0.87,OK,57.98,OK,16.34,OK
2024-11-19 17:00:00,1.32,OK,1.04,OK,null,OS,null,OS,1.56,OK,80.38,OK,8.27,OK
2024-11-19 18:00:00,0.4,BDL,1.27,OK,null,OS,null,OS,1.58,OK,135.57,OK,19.91,OK
2024-11-19 19:00:00,0.42,BDL,1.38,OK,null,OS,null,OS,1.83,OK,146.62,OK,21.48,OK
2024-11-19 20:00:00,0.28,BDL,1.03,OK,null,OS,null,OS,1.6,OK,150.82,OK,30.86,OK
2024-11-19 21:00:00,0.29,BDL,0.87,BDL,null,OS,null,OS,1.23,OK,104.25,OK,28.55,OK
2024-11-19 22:00:00,3.42,OK,0.51,BDL,null,OS,null,OS,0.61,OK,67.57,OK,8.82,OK
2024-11-19 23:00:00,8.46,OK,0.35,BDL,null,OS,null,OS,0.49,OK,47.62,OK,10.06,OK
2024-11-20 00:00:00,16.21,OK,0.27,BDL,null,OS,null,OS,0.4,OK,29.36,OK,8.27,OK
2024-11-20 01:00:00,16.89,OK,0.26,BDL,null,OS,null,OS,0.39,OK,24.29,OK,2.77,BDL
2024-11-20 02:00:00,15.39,OK,0.26,BDL,null,OS,null,OS,0.26,OK,22.77,OK,0.62,BDL
2024-11-20 03:00:00,21.08,OK,0.24,BDL,null,OS,null,OS,0.31,OK,23.64,OK,0.36,BDL
2024-11-20 04:00:00,15.36,OK,0.23,BDL,null,OS,null,OS,0.43,OK,14.38,OK,-1.0,BDL
2024-11-20 05:00:00,7.96,OK,0.23,BDL,null,OS,null,OS,0.52,OK,44.09,OK,-1.06,BDL
2024-11-20 06:00:00,4.18,OK,0.39,BDL,null,OS,null,OS,0.73,OK,31.69,OK,0.1,BDL
2024-11-20 07:00:00,10.05,OK,0.48,BDL,null,OS,null,OS,0.71,OK,38.69,OK,-5.21,OR
2024-11-20 08:00:00,20.36,OK,0.43,BDL,null,OS,null,OS,0.57,OK,64.63,OK,-6.53,OR
2024-11-20 09:00:00,26.3,OK,0.44,BDL,null,OS,null,OS,0.59,OK,50.13,OK,17.44,OK
2024-11-20 10:00:00,25.48,OK,0.64,BDL,null,OS,null,OS,0.91,OK,61.09,OK,33.66,OK
2024-11-20 11:00:00,35.25,OK,0.67,BDL,null,OS,null,OS,0.84,OK,81.92,OK,33.45,OK
2024-11-20 12:00:00,39.02,OK,0.69,BDL,null,OS,null,OS,0.73,OK,60.02,OK,26.33,OK
2024-11-20 13:00:00,40.08,OK,0.69,BDL,null,OS,null,OS,0.61,OK,50.01,OK,21.18,OK
2024-11-20 14:00:00,32.77,OK,0.48,BDL,null,OS,null,OS,0.64,OK,55.01,OK,21.99,OK
2024-11-20 15:00:00,26.05,OK,0.82,BDL,null,OS,null,OS,0.73,OK,24.55,OK,13.8,OK
2024-11-20 16:00:00,8.59,OK,0.77,BDL,null,OS,null,OS,0.97,OK,54.49,OK,14.44,OK
2024-11-20 17:00:00,0.71,BDL,1.22,OK,null,OS,null,OS,1.48,OK,124.76,OK,13.51,OK
2024-11-20 18:00:00,1.16,OK,1.78,OK,null,OS,null,OS,1.43,OK,141.32,OK,19.74,OK
2024-11-20 19:00:00,0.71,BDL,1.26,OK,null,OS,null,OS,1.1,OK,119.15,OK,11.54,OK
2024-11-20 20:00:00,0.43,BDL,1.2,OK,null,OS,null,OS,1.48,OK,120.77,OK,27.16,OK
2024-11-20 21:00:00,2.06,OK,0.95,BDL,null,OS,null,OS,1.28,OK,113.73,OK,22.85,OK
2024-11-20 22:00:00,7.45,OK,0.5,BDL,null,OS,null,OS,0.72,OK,87.51,OK,16.1,OK
2024-11-20 23:00:00,0.24,BDL,0.85,BDL,null,OS,null,OS,1.12,OK,109.28,OK,18.35,OK
2024-11-21 00:00:00,0.2,BDL,0.62,BDL,null,OS,null,OS,0.88,OK,84.59,OK,17.34,OK
2024-11-21 01:00:00,8.39,OK,0.53,BDL,null,OS,null,OS,0.56,OK,68.5,OK,14.99,OK
2024-11-21 02:00:00,22.46,OK,0.32,BDL,null,OS,null,OS,0.4,OK,30.07,OK,0.48,BDL
2024-11-21 03:00:00,25.1,OK,0.24,BDL,null,OS,null,OS,0.39,OK,24.27,OK,-3.17,BDL
2024-11-21 04:00:00,22.27,OK,0.28,BDL,null,OS,null,OS,0.39,OK,32.36,OK,-0.57,BDL
2024-11-21 05:00:00,5.86,OK,0.51,BDL,null,OS,null,OS,0.57,OK,32.74,OK,2.44,BDL
2024-11-21 06:00:00,1.11,OK,0.87,BDL,null,OS,null,OS,1.11,OK,71.68,OK,5.92,OK
2024-11-21 07:00:00,5.02,OK,0.84,BDL,null,OS,null,OS,1.04,OK,111.92,OK,5.18,OK
2024-11-21 08:00:00,11.12,OK,0.67,BDL,null,OS,null,OS,0.81,OK,100.46,OK,22.15,OK
2024-11-21 09:00:00,18.01,OK,0.64,BDL,null,OS,null,OS,0.87,OK,107.14,OK,21.27,OK
2024-11-21 10:00:00,28.13,OK,0.7,BDL,null,OS,null,OS,0.85,OK,83.73,OK,25.72,OK
2024-11-21 11:00:00,39.75,OK,0.74,BDL,null,OS,null,OS,0.93,OK,94.78,OK,39.05,OK
2024-11-21 12:00:00,48.19,OK,0.73,BDL,null,OS,null,OS,0.9,OK,92.08,OK,28.21,OK
2024-11-21 13:00:00,46.57,OK,0.7,BDL,null,OS,null,OS,0.83,OK,69.8,OK,34.79,OK
2024-11-21 14:00:00,44.76,OK,0.77,BDL,null,OS,null,OS,0.7,OK,64.97,OK,25.65,OK
2024-11-21 15:00:00,36.55,OK,0.53,BDL,null,OS,null,OS,0.67,OK,42.24,OK,19.69,OK
2024-11-21 16:00:00,8.05,OK,0.91,BDL,null,OS,null,OS,1.3,OK,53.63,OK,10.41,OK
2024-11-21 17:00:00,1.78,OK,1.17,OK,null,OS,null,OS,1.32,OK,85.05,OK,7.87,OK
2024-11-21 18:00:00,1.17,OK,3.4,OK,null,OS,null,OS,1.23,OK,99.7,OK,4.98,OK
2024-11-21 19:00:00,0.57,BDL,1.42,OK,null,OS,null,OS,1.25,OK,121.25,OK,10.26,OK
2024-11-21 20:00:00,0.59,BDL,1.01,OK,null,OS,null,OS,1.29,OK,131.34,OK,28.41,OK
2024-11-21 21:00:00,0.48,BDL,1.2,OK,null,OS,null,OS,1.9,OK,148.25,OK,24.93,OK
2024-11-21 22:00:00,0.67,BDL,1.26,OK,null,OS,null,OS,1.66,OK,179.47,OK,38.42,OK
2024-11-21 23:00:00,5.22,OK,0.46,BDL,null,OS,null,OS,0.7,OK,92.75,OK,17.62,OK
2024-11-22 00:00:00,13.12,OK,0.49,BDL,null,OS,null,OS,0.51,OK,55.41,OK,2.4,BDL
2024-11-22 01:00:00,9.26,OK,0.37,BDL,null,OS,null,OS,0.49,OK,38.2,OK,2.85,BDL
2024-11-22 02:00:00,14.38,OK,0.29,BDL,null,OS,null,OS,0.46,OK,43.62,OK,4.52,OK
2024-11-22 03:00:00,16.12,OK,0.36,BDL,null,OS,null,OS,0.42,OK,22.96,OK,4.27,OK
2024-11-22 04:00:00,17.31,OK,0.27,BDL,null,OS,null,OS,0.42,OK,24.47,OK,3.53,BDL
2024-11-22 05:00:00,11.36,OK,0.28,BDL,null,OS,null,OS,0.48,OK,22.85,OK,0.75,BDL
2024-11-22 06:00:00,7.21,OK,0.44,BDL,null,OS,null,OS,0.6,OK,56.6,OK,-0.88,BDL
2024-11-22 07:00:00,10.18,OK,0.58,BDL,null,OS,null,OS,0.71,OK,89.8,OK,-0.88,BDL
2024-11-22 08:00:00,16.77,OK,0.63,BDL,null,OS,null,OS,0.74,OK,95.97,OK,14.75,OK
2024-11-22 09:00:00,22.39,OK,0.53,BDL,null,OS,null,OS,0.78,OK,89.27,OK,32.96,OK
2024-11-22 10:00:00,29.64,OK,0.55,BDL,null,OS,null,OS,0.78,OK,81.08,OK,32.0,OK
2024-11-22 11:00:00,37.14,OK,0.62,BDL,null,OS,null,OS,0.78,OK,70.59,OK,28.13,OK
2024-11-22 12:00:00,39.91,OK,0.7,BDL,null,OS,null,OS,0.73,OK,61.6,OK,29.81,OK
2024-11-22 13:00:00,42.64,OK,0.89,BDL,null,OS,null,OS,0.7,OK,78.92,OK,25.45,OK
2024-11-22 14:00:00,37.73,OK,0.62,BDL,null,OS,null,OS,0.71,OK,44.55,OK,18.9,OK
2024-11-22 15:00:00,31.8,OK,0.53,BDL,null,OS,null,OS,0.71,OK,64.68,OK,12.47,OK
2024-11-22 16:00:00,9.56,OK,0.73,BDL,null,OS,null,OS,1.12,OK,63.16,OK,15.07,OK
2024-11-22 17:00:00,1.34,OK,0.98,BDL,null,OS,null,OS,1.33,OK,143.89,OK,21.05,OK
2024-11-22 18:00:00,-78.75,OR,1.14,OK,null,OS,null,OS,1.43,OK,154.41,OK,18.69,OK
2024-11-22 19:00:00,2.0,OK,0.89,BDL,null,OS,null,OS,1.39,OK,146.0,OK,19.53,OK
2024-11-22 20:00:00,3.02,OK,0.66,BDL,null,OS,null,OS,0.98,OK,102.38,OK,18.68,OK
2024-11-22 21:00:00,0.22,BDL,0.81,BDL,null,OS,null,OS,1.43,OK,119.56,OK,37.97,OK
2024-11-22 22:00:00,2.49,OK,0.64,BDL,null,OS,null,OS,0.97,OK,132.55,OK,20.11,OK
2024-11-22 23:00:00,5.32,OK,0.52,BDL,null,OS,null,OS,0.67,OK,100.82,OK,15.73,OK
2024-11-23 00:00:00,6.22,OK,0.44,BDL,null,OS,null,OS,0.57,OK,80.0,OK,16.94,OK
2024-11-23 01:00:00,11.88,OK,0.34,BDL,null,OS,null,OS,0.5,OK,56.12,OK,8.46,OK
2024-11-23 02:00:00,10.04,OK,0.31,BDL,null,OS,null,OS,0.46,OK,34.93,OK,10.46,OK
2024-11-23 03:00:00,11.4,OK,0.32,BDL,null,OS,null,OS,0.43,OK,38.17,OK,2.39,BDL
2024-11-23 04:00:00,11.28,OK,0.28,BDL,null,OS,null,OS,0.43,OK,27.49,OK,0.1,BDL
2024-11-23 05:00:00,7.83,OK,0.28,BDL,null,OS,null,OS,0.45,OK,30.79,OK,2.94,BDL
2024-11-23 06:00:00,6.77,OK,0.4,BDL,null,OS,null,OS,0.53,OK,38.64,OK,3.54,BDL
2024-11-23 07:00:00,10.65,OK,0.44,BDL,null,OS,null,OS,0.59,OK,52.34,OK,2.39,BDL
2024-11-23 08:00:00,17.65,OK,0.54,BDL,null,OS,null,OS,0.64,OK,82.25,OK,2.81,BDL
2024-11-23 09:00:00,30.3,OK,0.47,BDL,null,OS,null,OS,0.58,OK,76.14,OK,23.9,OK
2024-11-23 10:00:00,37.21,OK,0.5,BDL,null,OS,null,OS,0.63,OK,78.16,OK,30.91,OK
2024-11-23 11:00:00,42.57,OK,0.52,BDL,null,OS,null,OS,0.64,OK,61.59,OK,21.13,OK
2024-11-23 12:00:00,48.7,OK,0.44,BDL,null,OS,null,OS,0.66,OK,51.8,OK,37.49,OK
2024-11-23 13:00:00,47.58,OK,0.45,BDL,null,OS,null,OS,0.57,OK,41.47,OK,18.02,OK
2024-11-23 14:00:00,46.41,OK,0.39,BDL,null,OS,null,OS,0.57,OK,32.38,OK,20.54,OK
2024-11-23 15:00:00,41.55,OK,0.42,BDL,null,OS,null,OS,0.62,OK,53.32,OK,12.19,OK
2024-11-23 16:00:00,22.79,OK,0.41,BDL,null,OS,null,OS,0.76,OK,52.19,OK,13.05,OK
2024-11-23 17:00:00,3.32,OK,0.64,BDL,null,OS,null,OS,1.18,OK,90.7,OK,11.08,OK
2024-11-23 18:00:00,1.12,OK,0.81,BDL,null,OS,null,OS,1.46,OK,121.65,OK,3.41,BDL
2024-11-23 19:00:00,0.72,BDL,1.28,OK,null,OS,null,OS,1.99,OK,122.64,OK,13.54,OK
2024-11-23 20:00:00,1.28,OK,2.15,OK,null,OS,null,OS,3.46,OK,220.06,OK,59.15,OK
2024-11-23 21:00:00,1.13,OK,2.2,OK,null,OS,null,OS,3.33,OK,213.84,OK,49.65,OK
2024-11-23 22:00:00,1.18,OK,2.36,OK,null,OS,null,OS,2.89,OK,160.0,OK,32.93,OK
2024-11-23 23:00:00,0.65,BDL,1.46,OK,null,OS,null,OS,1.53,OK,188.58,OK,51.73,OK
2024-11-24 00:00:00,1.46,OK,1.01,OK,null,OS,null,OS,0.78,OK,162.54,OK,48.62,OK
2024-11-24 01:00:00,6.62,OK,0.55,BDL,null,OS,null,OS,0.59,OK,105.83,OK,20.25,OK
2024-11-24 02:00:00,9.4,OK,0.45,BDL,null,OS,null,OS,0.51,OK,53.96,OK,3.52,BDL
2024-11-24 03:00:00,13.65,OK,0.37,BDL,null,OS,null,OS,0.45,OK,50.17,OK,2.89,BDL
2024-11-24 04:00:00,14.32,OK,0.46,BDL,null,OS,null,OS,0.43,OK,37.61,OK,8.13,OK
2024-11-24 05:00:00,13.78,OK,0.44,BDL,null,OS,null,OS,0.45,OK,36.89,OK,7.29,OK
2024-11-24 06:00:00,14.03,OK,0.43,BDL,null,OS,null,OS,0.47,OK,31.81,OK,4.53,OK
2024-11-24 07:00:00,16.57,OK,0.5,BDL,null,OS,null,OS,0.54,OK,34.14,OK,4.24,OK
2024-11-24 08:00:00,27.41,OK,0.47,BDL,null,OS,null,OS,0.55,OK,45.01,OK,1.07,BDL
2024-11-24 09:00:00,35.87,OK,0.49,BDL,null,OS,null,OS,0.54,OK,44.15,OK,12.1,OK
2024-11-24 10:00:00,42.09,OK,0.43,BDL,null,OS,null,OS,0.53,OK,46.08,OK,22.76,OK
2024-11-24 11:00:00,44.68,OK,0.46,BDL,null,OS,null,OS,0.54,OK,29.35,OK,11.48,OK
2024-11-24 12:00:00,48.83,OK,0.39,BDL,null,OS,null,OS,0.55,OK,37.78,OK,30.98,OK
2024-11-24 13:00:00,49.5,OK,0.4,BDL,null,OS,null,OS,0.56,OK,39.25,OK,27.8,OK
2024-11-24 14:00:00,43.41,OK,0.38,BDL,null,OS,null,OS,0.6,OK,29.44,OK,5.79,OK
2024-11-24 15:00:00,35.69,OK,0.48,BDL,null,OS,null,OS,0.7,OK,2.72,BDL,7.36,OK
2024-11-24 16:00:00,24.27,OK,0.43,BDL,null,OS,null,OS,0.85,OK,24.32,OK,8.23,OK
2024-11-24 17:00:00,15.3,OK,0.45,BDL,null,OS,null,OS,0.93,OK,47.79,OK,8.99,OK
2024-11-24 18:00:00,3.07,OK,0.73,BDL,null,OS,null,OS,1.22,OK,76.67,OK,5.46,OK
2024-11-24 19:00:00,1.25,OK,0.7,BDL,null,OS,null,OS,1.19,OK,142.38,OK,21.47,OK
2024-11-24 20:00:00,3.17,OK,0.43,BDL,null,OS,null,OS,1.04,OK,97.41,OK,15.5,OK
2024-11-24 21:00:00,2.1,OK,0.54,BDL,null,OS,null,OS,1.07,OK,88.95,OK,13.44,OK
2024-11-24 22:00:00,0.02,BDL,0.69,BDL,null,OS,null,OS,1.49,OK,94.87,OK,23.16,OK
2024-11-24 23:00:00,1.52,OK,0.65,BDL,null,OS,null,OS,0.91,OK,112.33,OK,24.07,OK
2024-11-25 00:00:00,12.89,OK,0.42,BDL,null,OS,null,OS,0.57,OK,86.17,OK,19.36,OK
2024-11-25 01:00:00,14.28,OK,0.41,BDL,null,OS,null,OS,0.52,OK,40.09,OK,7.84,OK
2024-11-25 02:00:00,17.04,OK,0.36,BDL,null,OS,null,OS,0.47,OK,28.09,OK,2.17,BDL
2024-11-25 03:00:00,20.26,OK,0.42,BDL,null,OS,null,OS,0.44,OK,38.92,OK,-0.5,BDL
2024-11-25 04:00:00,15.5,OK,0.45,BDL,null,OS,null,OS,0.47,OK,20.93,OK,2.32,BDL
2024-11-25 05:00:00,6.81,OK,0.37,BDL,null,OS,null,OS,0.53,OK,17.99,OK,9.54,OK
2024-11-25 06:00:00,6.8,OK,0.48,BDL,null,OS,null,OS,0.62,OK,55.73,OK,3.89,BDL
2024-11-25 07:00:00,11.87,OK,0.54,BDL,null,OS,null,OS,0.68,OK,54.58,OK,3.1,BDL
2024-11-25 08:00:00,18.77,OK,0.53,BDL,null,OS,null,OS,0.63,OK,67.92,OK,5.14,OK
2024-11-25 09:00:00,24.83,OK,0.5,BDL,null,OS,null,OS,0.61,OK,65.27,OK,16.35,OK
2024-11-25 10:00:00,35.4,OK,0.42,BDL,null,OS,null,OS,0.56,OK,45.39,OK,22.5,OK
2024-11-25 11:00:00,31.85,OK,0.42,BDL,null,OS,null,OS,0.69,OK,42.15,OK,21.1,OK
2024-11-25 12:00:00,33.98,OK,0.49,BDL,null,OS,null,OS,0.68,OK,49.49,OK,30.05,OK
2024-11-25 13:00:00,34.19,OK,0.63,BDL,null,OS,null,OS,0.73,OK,58.71,OK,16.88,OK
2024-11-25 14:00:00,27.17,OK,0.58,BDL,null,OS,null,OS,0.85,OK,53.55,OK,22.48,OK
2024-11-25 15:00:00,18.68,OK,0.71,BDL,null,OS,null,OS,1.06,OK,83.19,OK,9.93,OK
2024-11-25 16:00:00,4.16,OK,0.89,BDL,null,OS,null,OS,1.39,OK,78.62,OK,11.78,OK
2024-11-25 17:00:00,0.4,BDL,1.0,OK,null,OS,null,OS,1.71,OK,83.19,OK,14.35,OK
2024-11-25 18:00:00,0.57,BDL,1.75,OK,null,OS,null,OS,2.43,OK,134.49,OK,9.91,OK
2024-11-25 19:00:00,0.38,BDL,0.97,BDL,null,OS,null,OS,1.28,OK,159.4,OK,23.02,OK
2024-11-25 20:00:00,3.25,OK,0.64,BDL,null,OS,null,OS,0.95,OK,117.0,OK,22.8,OK
2024-11-25 21:00:00,0.25,BDL,0.89,BDL,null,OS,null,OS,1.48,OK,99.3,OK,21.5,OK
2024-11-25 22:00:00,0.2,BDL,1.0,OK,null,OS,null,OS,1.57,OK,136.91,OK,25.11,OK
2024-11-25 23:00:00,2.85,OK,0.57,BDL,null,OS,null,OS,0.79,OK,102.66,OK,15.7,OK
2024-11-26 00:00:00,3.65,OK,0.41,BDL,null,OS,null,OS,0.67,OK,64.11,OK,17.12,OK
2024-11-26 01:00:00,10.54,OK,0.32,BDL,null,OS,null,OS,0.56,OK,39.24,OK,9.88,OK
2024-11-26 02:00:00,19.02,OK,0.29,BDL,null,OS,null,OS,0.48,OK,26.16,OK,5.88,OK
2024-11-26 03:00:00,18.01,OK,0.28,BDL,null,OS,null,OS,0.48,OK,21.11,OK,1.48,BDL
2024-11-26 04:00:00,16.59,OK,0.27,BDL,null,OS,null,OS,0.47,OK,14.52,OK,1.43,BDL
2024-11-26 05:00:00,10.83,OK,0.24,BDL,null,OS,null,OS,0.57,OK,33.99,OK,1.47,BDL
2024-11-26 06:00:00,5.46,OK,0.37,BDL,null,OS,null,OS,0.69,OK,46.95,OK,2.11,BDL
2024-11-26 07:00:00,6.45,OK,0.48,BDL,null,OS,null,OS,0.81,OK,65.93,OK,3.9,BDL
2024-11-26 08:00:00,7.53,OK,0.55,BDL,null,OS,null,OS,0.85,OK,63.97,OK,7.23,OK
2024-11-26 09:00:00,10.58,OK,0.58,BDL,null,OS,null,OS,0.85,OK,85.18,OK,16.33,OK
2024-11-26 10:00:00,18.97,OK,0.66,BDL,null,OS,null,OS,1.11,OK,85.51,OK,29.12,OK
2024-11-26 11:00:00,28.94,OK,0.66,BDL,null,OS,null,OS,1.57,OK,126.65,OK,56.72,OK
2024-11-26 12:00:00,34.54,OK,0.72,BDL,null,OS,null,OS,1.09,OK,130.08,OK,28.55,OK
2024-11-26 13:00:00,35.61,OK,0.61,BDL,null,OS,null,OS,0.78,OK,84.71,OK,28.9,OK
2024-11-26 14:00:00,33.08,OK,0.52,BDL,null,OS,null,OS,0.72,OK,82.72,OK,25.45,OK
2024-11-26 15:00:00,31.27,OK,0.84,BDL,null,OS,null,OS,0.74,OK,62.8,OK,5.81,OK
2024-11-26 16:00:00,8.05,OK,0.92,BDL,null,OS,null,OS,1.1,OK,77.8,OK,12.23,OK
2024-11-26 17:00:00,0.41,BDL,1.09,OK,null,OS,null,OS,1.64,OK,107.1,OK,13.32,OK
2024-11-26 18:00:00,0.75,BDL,2.34,OK,null,OS,null,OS,2.76,OK,183.28,OK,27.57,OK
2024-11-26 19:00:00,1.01,OK,3.37,OK,null,OS,null,OS,3.31,OK,328.16,OK,49.82,OK
2024-11-26 20:00:00,0.49,BDL,2.1,OK,null,OS,null,OS,2.83,OK,233.63,OK,36.76,OK
2024-11-26 21:00:00,0.43,BDL,1.8,OK,null,OS,null,OS,2.54,OK,169.81,OK,45.4,OK
2024-11-26 22:00:00,-0.07,BDL,1.07,OK,null,OS,null,OS,1.27,OK,151.53,OK,33.47,OK
2024-11-26 23:00:00,6.3,OK,0.55,BDL,null,OS,null,OS,0.67,OK,88.23,OK,19.72,OK
2024-11-27 00:00:00,11.52,OK,0.42,BDL,null,OS,null,OS,0.56,OK,33.93,OK,4.93,OK
2024-11-27 01:00:00,10.68,OK,0.36,BDL,null,OS,null,OS,0.56,OK,31.22,OK,-15.97,OR
2024-11-27 02:00:00,11.7,OK,0.29,BDL,null,OS,null,OS,0.53,OK,40.05,OK,-16.19,OR
2024-11-27 03:00:00,12.84,OK,0.37,BDL,null,OS,null,OS,0.52,OK,21.24,OK,9.89,OK
2024-11-27 04:00:00,14.02,OK,0.34,BDL,null,OS,null,OS,0.52,OK,24.49,OK,5.08,OK
2024-11-27 05:00:00,6.11,OK,0.39,BDL,null,OS,null,OS,0.59,OK,31.99,OK,5.33,OK
2024-11-27 06:00:00,2.09,OK,0.46,BDL,null,OS,null,OS,0.73,OK,55.38,OK,5.26,OK
2024-11-27 07:00:00,3.69,OK,0.51,BDL,null,OS,null,OS,0.85,OK,81.77,OK,4.33,OK
2024-11-27 08:00:00,6.56,OK,0.57,BDL,null,OS,null,OS,0.83,OK,99.19,OK,6.59,OK
2024-11-27 09:00:00,14.49,OK,0.5,BDL,null,OS,null,OS,0.86,OK,91.65,OK,18.73,OK
2024-11-27 10:00:00,25.48,OK,0.46,BDL,null,OS,null,OS,0.77,OK,81.0,OK,20.82,OK
2024-11-27 11:00:00,31.24,OK,0.52,BDL,null,OS,null,OS,0.81,OK,68.87,OK,37.33,OK
2024-11-27 12:00:00,32.94,OK,0.52,BDL,null,OS,null,OS,0.78,OK,69.89,OK,22.16,OK
2024-11-27 13:00:00,34.47,OK,0.63,BDL,null,OS,null,OS,0.74,OK,69.18,OK,24.71,OK
2024-11-27 14:00:00,30.17,OK,0.51,BDL,null,OS,null,OS,0.74,OK,47.67,OK,15.5,OK
2024-11-27 15:00:00,24.99,OK,0.46,BDL,null,OS,null,OS,0.76,OK,42.06,OK,9.19,OK
2024-11-27 16:00:00,15.1,OK,0.42,BDL,null,OS,null,OS,0.88,OK,70.93,OK,8.87,OK
2024-11-27 17:00:00,7.52,OK,0.92,BDL,null,OS,null,OS,0.95,OK,105.43,OK,9.35,OK
2024-11-27 18:00:00,2.3,OK,1.0,OK,null,OS,null,OS,1.11,OK,118.69,OK,25.8,OK
2024-11-27 19:00:00,0.74,BDL,0.83,BDL,null,OS,null,OS,1.26,OK,128.97,OK,9.37,OK
2024-11-27 20:00:00,-0.12,BDL,0.72,BDL,null,OS,null,OS,1.41,OK,105.98,OK,23.79,OK
2024-11-27 21:00:00,-0.11,BDL,0.68,BDL,null,OS,null,OS,1.36,OK,100.72,OK,3.35,BDL
2024-11-27 22:00:00,0.17,BDL,0.9,BDL,null,OS,null,OS,1.68,OK,91.3,OK,17.26,OK
2024-11-27 23:00:00,0.05,BDL,0.74,BDL,null,OS,null,OS,1.27,OK,109.47,OK,27.05,OK
2024-11-28 00:00:00,1.21,OK,0.51,BDL,null,OS,null,OS,0.83,OK,104.3,OK,15.15,OK
2024-11-28 01:00:00,1.4,OK,0.48,BDL,null,OS,null,OS,0.72,OK,58.79,OK,14.81,OK
2024-11-28 02:00:00,0.2,BDL,0.45,BDL,null,OS,null,OS,0.79,OK,52.4,OK,17.51,OK
2024-11-28 03:00:00,1.3,OK,0.44,BDL,null,OS,null,OS,0.81,OK,89.95,OK,24.32,OK
2024-11-28 04:00:00,1.46,OK,0.27,BDL,null,OS,null,OS,0.59,OK,28.08,OK,5.87,OK
2024-11-28 05:00:00,0.84,BDL,0.34,BDL,null,OS,null,OS,0.61,OK,25.7,OK,-0.89,BDL
2024-11-28 06:00:00,0.45,BDL,0.48,BDL,null,OS,null,OS,0.85,OK,65.83,OK,2.2,BDL
2024-11-28 07:00:00,1.05,OK,0.62,BDL,null,OS,null,OS,0.98,OK,72.87,OK,8.72,OK
2024-11-28 08:00:00,2.28,OK,0.53,BDL,null,OS,null,OS,0.87,OK,57.42,OK,10.49,OK
2024-11-28 09:00:00,2.24,OK,0.67,BDL,null,OS,null,OS,1.02,OK,113.07,OK,16.71,OK
2024-11-28 10:00:00,4.42,OK,0.62,BDL,null,OS,null,OS,1.09,OK,129.37,OK,19.17,OK
2024-11-28 11:00:00,6.52,OK,0.71,BDL,null,OS,null,OS,1.1,OK,123.33,OK,27.98,OK
2024-11-28 12:00:00,10.83,OK,0.62,BDL,null,OS,null,OS,1.17,OK,99.23,OK,22.8,OK
2024-11-28 13:00:00,9.47,OK,0.73,BDL,null,OS,null,OS,1.3,OK,124.61,OK,28.59,OK
2024-11-28 14:00:00,12.25,OK,1.45,OK,null,OS,null,OS,1.06,OK,128.79,OK,26.77,OK
2024-11-28 15:00:00,13.47,OK,1.02,OK,null,OS,null,OS,0.86,OK,93.98,OK,18.28,OK
2024-11-28 16:00:00,1.44,OK,1.09,OK,null,OS,null,OS,1.54,OK,79.26,OK,14.43,OK
2024-11-28 17:00:00,0.33,BDL,1.52,OK,null,OS,null,OS,2.22,OK,119.78,OK,17.86,OK
2024-11-28 18:00:00,-0.05,BDL,1.01,OK,null,OS,null,OS,1.81,OK,163.35,OK,26.25,OK
2024-11-28 19:00:00,0.44,BDL,0.61,BDL,null,OS,null,OS,1.31,OK,119.76,OK,11.0,OK
2024-11-28 20:00:00,-0.03,BDL,0.56,BDL,null,OS,null,OS,1.2,OK,108.08,OK,25.99,OK
2024-11-28 21:00:00,-0.22,BDL,0.55,BDL,null,OS,null,OS,1.34,OK,103.91,OK,19.21,OK
2024-11-28 22:00:00,0.02,BDL,0.73,BDL,null,OS,null,OS,1.53,OK,103.64,OK,14.06,OK
2024-11-28 23:00:00,-0.05,BDL,0.53,BDL,null,OS,null,OS,1.3,OK,104.17,OK,32.3,OK
2024-11-29 00:00:00,-0.09,BDL,0.47,BDL,null,OS,null,OS,1.16,OK,96.61,OK,30.03,OK
2024-11-29 01:00:00,-0.02,BDL,0.46,BDL,null,OS,null,OS,1.0,OK,67.7,OK,21.18,OK
2024-11-29 02:00:00,0.02,BDL,0.54,BDL,null,OS,null,OS,0.96,OK,66.79,OK,15.8,OK
2024-11-29 03:00:00,-0.03,BDL,0.55,BDL,null,OS,null,OS,0.98,OK,65.64,OK,17.13,OK
2024-11-29 04:00:00,0.08,BDL,0.56,BDL,null,OS,null,OS,1.08,OK,88.24,OK,23.9,OK
2024-11-29 05:00:00,-0.01,BDL,0.58,BDL,null,OS,null,OS,1.09,OK,83.0,OK,24.97,OK
2024-11-29 06:00:00,0.49,BDL,0.62,BDL,null,OS,null,OS,1.11,OK,88.68,OK,13.71,OK
2024-11-29 07:00:00,0.82,BDL,0.77,BDL,null,OS,null,OS,1.38,OK,93.24,OK,7.72,OK
2024-11-29 08:00:00,0.66,BDL,1.2,OK,null,OS,null,OS,2.02,OK,123.21,OK,27.41,OK
2024-11-29 09:00:00,1.7,OK,1.22,OK,null,OS,null,OS,2.08,OK,194.96,OK,37.67,OK
2024-11-29 10:00:00,7.32,OK,0.93,BDL,null,OS,null,OS,1.72,OK,152.06,OK,32.77,OK
2024-11-29 11:00:00,16.82,OK,0.62,BDL,null,OS,null,OS,1.13,OK,130.34,OK,29.68,OK
2024-11-29 12:00:00,22.93,OK,0.51,BDL,null,OS,null,OS,0.98,OK,104.68,OK,34.04,OK
2024-11-29 13:00:00,28.73,OK,0.6,BDL,null,OS,null,OS,0.81,OK,54.82,OK,7.06,OK
2024-11-29 14:00:00,21.44,OK,0.63,BDL,null,OS,null,OS,0.89,OK,47.27,OK,14.66,OK
2024-11-29 15:00:00,16.43,OK,0.79,BDL,null,OS,null,OS,0.89,OK,57.94,OK,10.22,OK
2024-11-29 16:00:00,2.59,OK,1.39,OK,null,OS,null,OS,1.54,OK,67.37,OK,8.92,OK
2024-11-29 17:00:00,0.35,BDL,1.33,OK,null,OS,null,OS,1.7,OK,94.76,OK,12.9,OK
2024-11-29 18:00:00,0.28,BDL,1.07,OK,null,OS,null,OS,1.74,OK,128.73,OK,16.09,OK
2024-11-29 19:00:00,0.04,BDL,1.18,OK,null,OS,null,OS,1.65,OK,160.13,OK,23.02,OK
2024-11-29 20:00:00,1.84,OK,0.8,BDL,null,OS,null,OS,1.08,OK,177.12,OK,21.57,OK
2024-11-29 21:00:00,9.32,OK,0.45,BDL,null,OS,null,OS,0.83,OK,77.7,OK,11.48,OK
2024-11-29 22:00:00,1.42,OK,0.48,BDL,null,OS,null,OS,1.0,OK,65.22,OK,16.82,OK
2024-11-29 23:00:00,-0.0,BDL,0.68,BDL,null,OS,null,OS,1.35,OK,79.89,OK,8.26,OK
2024-11-30 00:00:00,0.0,BDL,0.85,BDL,null,OS,null,OS,1.46,OK,84.16,OK,4.97,OK
